0,1
What is 64122066803 plus 64504208004?,128626274807
What is 5658844 plus 4125365?,9784209
What is 34587202534 plus 44999054523?,79586257057
What is 312220 plus 374145?,686365
What is 5842625 plus 5440913?,11283538
What is 5563 plus 7534?,13097
What is 2764975 plus 4797541?,7562516
What is 3387866184 plus 2092689742?,5480555926
What is 66836570 plus 68447209?,135283779
What is 794752144383691 plus 450933195774018?,1245685340157709
What is 37318591 plus 40173603?,77492194
What is 461 plus 116?,577
What is 453948045212 plus 685048688209?,1138996733421
What is 4185971 plus 4205009?,8390980
What is 22290554749919 plus 51393965260193?,73684520010112
What is 82449957617973 plus 86085458750750?,168535416368723
What is 87771 plus 17083?,104854
What is 454842214 plus 436875703?,891717917
What is 225805887332567 plus 804106460430268?,1029912347762835
What is 9914 plus 9219?,19133
What is 9910926 plus 8440898?,18351824
What is 11488603127216 plus 49121301133800?,60609904261016
What is 39139493793 plus 87516470360?,126655964153
What is 42250844014 plus 20720138863?,62970982877
What is 5583297 plus 9010084?,14593381
What is 97 plus 45?,142
What is 332 plus 294?,626
What is 997692403 plus 780039733?,1777732136
What is 23688 plus 82178?,105866
What is 46259877666660 plus 37820244728551?,84080122395211
What is 69137387906854 plus 19093103263537?,88230491170391
What is 510 plus 260?,770
What is 314608 plus 106640?,421248
What is 2831 plus 4001?,6832
What is 19340170887148 plus 10174284274114?,29514455161262
What is 112514994236971 plus 328025283851227?,440540278088198
What is 147540 plus 708774?,856314
What is 299911 plus 712710?,1012621
What is 383337 plus 428336?,811673
What is 979 plus 776?,1755
What is 27027 plus 24248?,51275
What is 92 plus 29?,121
What is 4204122288144 plus 7365412710841?,11569534998985
What is 679 plus 657?,1336
What is 2027663 plus 2089048?,4116711
What is 270410 plus 511641?,782051
What is 678383031925 plus 279316646630?,957699678555
What is 6791622981763 plus 2222756346971?,9014379328734
What is 11471265548 plus 45127780531?,56599046079
What is 8955 plus 5095?,14050
What is 26224 plus 23020?,49244
What is 377 plus 381?,758
What is 2358766000 plus 6368196201?,8726962201
What is 7395539463151 plus 4330987190231?,11726526653382
What is 109 plus 652?,761
What is 69423854225385 plus 77843747007284?,147267601232669
What is 273519599843820 plus 736858915432616?,1010378515276436
What is 958033566884 plus 359673149715?,1317706716599
What is 239206334536493 plus 225576717351567?,464783051888060
What is 190884914521235 plus 829435583155988?,1020320497677223
What is 9896804633225 plus 2823589828036?,12720394461261
What is 78553 plus 94176?,172729
What is 336195133 plus 397606418?,733801551
What is 701457822198116 plus 622562815555153?,1324020637753269
What is 5515788 plus 6739612?,12255400
What is 9550178992177 plus 8220265295621?,17770444287798
What is 9802205459 plus 3445897850?,13248103309
What is 66472 plus 18567?,85039
What is 233647 plus 804040?,1037687
What is 47721612502 plus 96159008999?,143880621501
What is 539179231919 plus 702833268779?,1242012500698
What is 988 plus 818?,1806
What is 217180357501685 plus 122765688631696?,339946046133381
What is 809382 plus 743630?,1553012
What is 1325 plus 3664?,4989
What is 859 plus 790?,1649
What is 135403800 plus 628435845?,763839645
What is 709372120087 plus 348855243434?,1058227363521
What is 2497 plus 1132?,3629
What is 7223496443 plus 1176747548?,8400243991
What is 85 plus 72?,157
What is 652660 plus 519012?,1171672
What is 83468936823184 plus 75604207596689?,159073144419873
What is 528262786858 plus 229708881858?,757971668716
What is 88906832386285 plus 96119900599584?,185026732985869
What is 264072265641 plus 292175799559?,556248065200
What is 5064 plus 2062?,7126
What is 2401866 plus 5637554?,8039420
What is 490275 plus 714187?,1204462
What is 2690161418898 plus 1917910007629?,4608071426527
What is 6804561551 plus 3340265349?,10144826900
What is 780077976333 plus 679196392592?,1459274368925
What is 611298 plus 465632?,1076930
What is 645150399750560 plus 260454880723552?,905605280474112
What is 289 plus 357?,646
What is 4650710344 plus 8922003585?,13572713929
What is 156003513170913 plus 113566613817607?,269570126988520
What is 6777558 plus 4911579?,11689137
What is 1980014 plus 3973096?,5953110
What is 6228 plus 1422?,7650
What is 7651 plus 9242?,16893
What is 5715834539 plus 9150201882?,14866036421
What is 66742550471 plus 92641767292?,159384317763
What is 49 plus 93?,142
What is 44 plus 60?,104
What is 45781785568 plus 65997211227?,111778996795
What is 1849634419911 plus 5876077954252?,7725712374163
What is 608657659286505 plus 277089890157163?,885747549443668
What is 31857323871708 plus 97758971189389?,129616295061097
What is 68839363 plus 60277972?,129117335
What is 12616510267 plus 86152087997?,98768598264
What is 11 plus 45?,56
What is 730379735 plus 457626986?,1188006721
What is 2282365614 plus 3307246673?,5589612287
What is 94276901920135 plus 54465060508033?,148741962428168
What is 222940 plus 317055?,539995
What is 82413 plus 92027?,174440
What is 59341 plus 76678?,136019
What is 261 plus 480?,741
What is 34126370522076 plus 58179150919030?,92305521441106
What is 283602894153545 plus 399754620146678?,683357514300223
What is 609273 plus 279268?,888541
What is 442412602494 plus 549727997779?,992140600273
What is 413 plus 185?,598
What is 4269618 plus 8539461?,12809079
What is 41 plus 20?,61
What is 8550918077564 plus 8526066345257?,17076984422821
What is 57 plus 77?,134
What is 427 plus 587?,1014
What is 62596 plus 93151?,155747
What is 492257970999217 plus 989829307218605?,1482087278217822
What is 47730 plus 74348?,122078
What is 202345194721778 plus 420894508638552?,623239703360330
What is 34448985295891 plus 74728697973544?,109177683269435
What is 45 plus 52?,97
What is 1288797 plus 3991617?,5280414
What is 702079329481707 plus 218141438623546?,920220768105253
What is 6214225207 plus 6110672417?,12324897624
What is 95620858 plus 37474155?,133095013
What is 61790 plus 47249?,109039
What is 74732454559 plus 96107722646?,170840177205
What is 6286029795 plus 9159686665?,15445716460
What is 3891 plus 4691?,8582
What is 99016 plus 35674?,134690
What is 1973480516232 plus 5734057698026?,7707538214258
What is 281 plus 130?,411
What is 787798567 plus 489773456?,1277572023
What is 286179079 plus 142457830?,428636909
What is 531200272091 plus 970800004088?,1502000276179
What is 4390005915 plus 2690275090?,7080281005
What is 97984837907 plus 37643466916?,135628304823
What is 929642838936892 plus 353192726227504?,1282835565164396
What is 951440740 plus 360582451?,1312023191
What is 848531 plus 356021?,1204552
What is 154025 plus 366337?,520362
What is 453806998576 plus 343613682635?,797420681211
What is 31480 plus 96372?,127852
What is 3264796808576 plus 5573361232267?,8838158040843
What is 895613780965663 plus 922729569185922?,1818343350151585
What is 10485572605 plus 60900640135?,71386212740
What is 4852105642 plus 5288012829?,10140118471
What is 2332230039 plus 6005151922?,8337381961
What is 444618168382320 plus 394373104968289?,838991273350609
What is 3851391 plus 3377681?,7229072
What is 766768625935 plus 692214852397?,1458983478332
What is 58389 plus 15245?,73634
What is 1775 plus 3008?,4783
What is 556659 plus 510991?,1067650
What is 6800852483 plus 6544570073?,13345422556
What is 885144123169168 plus 748447371610889?,1633591494780057
What is 41000 plus 80086?,121086
What is 6739424938 plus 8337198440?,15076623378
What is 427 plus 904?,1331
What is 31649368300 plus 32628246608?,64277614908
What is 14 plus 55?,69
What is 853 plus 924?,1777
What is 259 plus 774?,1033
What is 305642274 plus 512795117?,818437391
What is 5078643794 plus 6987376487?,12066020281
What is 7656845218878 plus 8610108429436?,16266953648314
What is 8517493060853 plus 7025623630666?,15543116691519
What is 92933 plus 53357?,146290
What is 33080208004276 plus 18686069886271?,51766277890547
What is 81725257748 plus 31706668692?,113431926440
What is 70375215 plus 85366971?,155742186
What is 913255 plus 896912?,1810167
What is 726482 plus 971490?,1697972
What is 252154063046123 plus 807845391662588?,1059999454708711
What is 69497179 plus 46170057?,115667236
What is 38 plus 17?,55
What is 6575703771351 plus 2642211068619?,9217914839970
What is 68439 plus 22712?,91151
What is 8266544960 plus 6824111943?,15090656903
What is 52972091 plus 49448511?,102420602
What is 5892200092 plus 7401202485?,13293402577
What is 451722359293 plus 350183590287?,801905949580
What is 501311216775234 plus 827860920648719?,1329172137423953
What is 417581110 plus 428598092?,846179202
What is 8436083555 plus 7074970844?,15511054399
What is 12863 plus 46693?,59556
What is 99483 plus 18475?,117958
What is 297106577 plus 376165201?,673271778
What is 828 plus 930?,1758
What is 124001769 plus 871027497?,995029266
What is 49 plus 47?,96
What is 91 plus 15?,106
What is 697071426340424 plus 921033184819028?,1618104611159452
What is 628390531929527 plus 866622868717647?,1495013400647174
What is 8744729574 plus 6873602735?,15618332309
What is 423111539767 plus 658818103795?,1081929643562
What is 30543678 plus 65970476?,96514154
What is 453 plus 599?,1052
What is 48286871 plus 92883812?,141170683
What is 14921581215896 plus 73934067344608?,88855648560504
What is 89710 plus 47659?,137369
What is 844686 plus 683493?,1528179
What is 6196541984877 plus 4079218679746?,10275760664623
What is 54010068 plus 77356706?,131366774
What is 6531 plus 9246?,15777
What is 96430 plus 82960?,179390
What is 7500 plus 3147?,10647
What is 8848640 plus 9300013?,18148653
What is 5374775729061 plus 4857050669367?,10231826398428
What is 9805936 plus 6093372?,15899308
What is 89100914 plus 77999226?,167100140
What is 77952773458 plus 58176868349?,136129641807
What is 7435248452480 plus 8222964255233?,15658212707713
What is 48517822360290 plus 45361953250574?,93879775610864
What is 162356006 plus 483485582?,645841588
What is 5249622 plus 3864332?,9113954
What is 25450919090 plus 19583732636?,45034651726
What is 71480 plus 41357?,112837
What is 885108828485 plus 366339242461?,1251448070946
What is 64775710791132 plus 48595566391254?,113371277182386
What is 294509524594566 plus 412643130720232?,707152655314798
What is 679919002 plus 495364293?,1175283295
What is 2402391016957 plus 7878435859737?,10280826876694
What is 283346679 plus 199603748?,482950427
What is 82092 plus 73229?,155321
What is 49 plus 51?,100
What is 6677901828 plus 6838750339?,13516652167
What is 740185114690290 plus 214537047371356?,954722162061646
What is 97731851 plus 17398944?,115130795
What is 927412745337572 plus 517833216118941?,1445245961456513
What is 2600464229 plus 7253575277?,9854039506
What is 11686123 plus 28780185?,40466308
What is 371865841976411 plus 122237360911989?,494103202888400
What is 925485242980600 plus 992497531224870?,1917982774205470
What is 450049 plus 943104?,1393153
What is 50057488 plus 86716038?,136773526
What is 2762 plus 9708?,12470
What is 31558 plus 60755?,92313
What is 94 plus 68?,162
What is 13 plus 57?,70
What is 917102616173 plus 358165514889?,1275268131062
What is 5962679283 plus 5412339193?,11375018476
What is 5655 plus 2715?,8370
What is 77962 plus 34651?,112613
What is 663721457524 plus 898044847431?,1561766304955
What is 825 plus 478?,1303
What is 93426 plus 57951?,151377
What is 3555077441 plus 7814281807?,11369359248
What is 44893481 plus 33126439?,78019920
What is 4247033 plus 4803310?,9050343
What is 822 plus 225?,1047
What is 756111164 plus 627243266?,1383354430
What is 64912270 plus 31029902?,95942172
What is 41328 plus 48724?,90052
What is 87913 plus 71939?,159852
What is 980 plus 333?,1313
What is 284242 plus 701716?,985958
What is 71 plus 77?,148
What is 6958 plus 2625?,9583
What is 4999367491151 plus 5938075518953?,10937443010104
What is 946154531 plus 393594455?,1339748986
What is 98127779 plus 20714579?,118842358
What is 92719271 plus 62149406?,154868677
What is 80371355771 plus 66714531151?,147085886922
What is 670 plus 713?,1383
What is 752079 plus 394929?,1147008
What is 49 plus 92?,141
What is 4334635305 plus 8978520848?,13313156153
What is 51944110 plus 89593626?,141537736
What is 25888 plus 81226?,107114
What is 16714 plus 40770?,57484
What is 1998025506703 plus 8385643900461?,10383669407164
What is 7024752 plus 3304991?,10329743
What is 6323724154 plus 9901050136?,16224774290
What is 453 plus 502?,955
What is 414678 plus 917340?,1332018
What is 67 plus 44?,111
What is 5915 plus 3096?,9011
What is 4473426 plus 1073020?,5546446
What is 382531 plus 244567?,627098
What is 405847 plus 934945?,1340792
What is 17 plus 69?,86
What is 9597556 plus 1925768?,11523324
What is 27924420434 plus 71485926252?,99410346686
What is 500462540469151 plus 979238529810388?,1479701070279539
What is 4269208 plus 6867639?,11136847
What is 442728399 plus 946311814?,1389040213
What is 809538374368222 plus 371152700198196?,1180691074566418
What is 2598394 plus 3040674?,5639068
What is 5487 plus 9090?,14577
What is 34690203302 plus 73565257674?,108255460976
What is 46096 plus 38962?,85058
What is 5249 plus 9264?,14513
What is 3998875 plus 4357370?,8356245
What is 96300168299193 plus 45157380142226?,141457548441419
What is 4659 plus 4070?,8729
What is 665799 plus 882129?,1547928
What is 23261453720 plus 91451551914?,114713005634
What is 6682514857 plus 8866094962?,15548609819
What is 83607611387 plus 85257112384?,168864723771
What is 53492084015 plus 26423059246?,79915143261
What is 31 plus 14?,45
What is 75670 plus 29098?,104768
What is 40410207336 plus 15000826033?,55411033369
What is 253605245754 plus 700654403338?,954259649092
What is 574132677 plus 218726967?,792859644
What is 211524406975208 plus 627579073972461?,839103480947669
What is 1401417519153 plus 4822496774692?,6223914293845
What is 44 plus 24?,68
What is 83840326 plus 79255461?,163095787
What is 92380519035 plus 99597620681?,191978139716
What is 14 plus 33?,47
What is 7775158902560 plus 6589857147012?,14365016049572
What is 854857079 plus 373393611?,1228250690
What is 28244179 plus 39829581?,68073760
What is 3840059 plus 6034064?,9874123
What is 90153606 plus 10926928?,101080534
What is 152504 plus 662464?,814968
What is 7689664143 plus 2023559318?,9713223461
What is 74466054 plus 35864351?,110330405
What is 973140 plus 957035?,1930175
What is 98285069392081 plus 85666040457536?,183951109849617
What is 54207 plus 25040?,79247
What is 5848890364 plus 5309748791?,11158639155
What is 47559 plus 36407?,83966
What is 95152802 plus 57201029?,152353831
What is 2170491465848 plus 1409695924239?,3580187390087
What is 547450612831 plus 314303111362?,861753724193
What is 24755 plus 61026?,85781
What is 4782005207 plus 8491027740?,13273032947
What is 8026867290 plus 6531593369?,14558460659
What is 53161555 plus 53996069?,107157624
What is 22885301 plus 14842988?,37728289
What is 28 plus 50?,78
What is 54508 plus 20236?,74744
What is 5466728 plus 9465553?,14932281
What is 64289714 plus 65220878?,129510592
What is 6458292894 plus 7431481934?,13889774828
What is 297529892 plus 199849309?,497379201
What is 50195 plus 58218?,108413
What is 9020874855915 plus 4773837633683?,13794712489598
What is 381113811 plus 939414239?,1320528050
What is 6137 plus 5278?,11415
What is 4907517 plus 7291998?,12199515
What is 252691780441 plus 855928595235?,1108620375676
What is 36526537 plus 70552145?,107078682
What is 34 plus 61?,95
What is 5151 plus 3021?,8172
What is 51819807859504 plus 23268388288573?,75088196148077
What is 3751443 plus 5293488?,9044931
What is 71855708937226 plus 47863874529653?,119719583466879
What is 44590342 plus 58402983?,102993325
What is 148950421465854 plus 586548952990935?,735499374456789
What is 31882 plus 90205?,122087
What is 82323 plus 46531?,128854
What is 60 plus 30?,90
What is 18376233376857 plus 60479943150741?,78856176527598
What is 4967 plus 7085?,12052
What is 114187682670 plus 294172285132?,408359967802
What is 139841519035 plus 248862860590?,388704379625
What is 19 plus 38?,57
What is 8411132341147 plus 2552170343351?,10963302684498
What is 3305968623 plus 2771674636?,6077643259
What is 835 plus 353?,1188
What is 700283427 plus 655127973?,1355411400
What is 17255 plus 19070?,36325
What is 785955961789246 plus 647815246368469?,1433771208157715
What is 1588859 plus 9778921?,11367780
What is 8258188906513 plus 7735174646476?,15993363552989
What is 8913688311610 plus 4772777440389?,13686465751999
What is 45576413075464 plus 90408872548268?,135985285623732
What is 65659 plus 93006?,158665
What is 93 plus 79?,172
What is 4843319698 plus 1710944593?,6554264291
What is 52471079819800 plus 76724984102623?,129196063922423
What is 602068452 plus 889632336?,1491700788
What is 61685 plus 19888?,81573
What is 59 plus 61?,120
What is 127780577 plus 367292623?,495073200
What is 807533282468665 plus 796837917389191?,1604371199857856
What is 83191692886942 plus 77825712647177?,161017405534119
What is 3486232106 plus 4639373074?,8125605180
What is 40 plus 65?,105
What is 19413385254 plus 65266650585?,84680035839
What is 36 plus 70?,106
What is 72260 plus 74444?,146704
What is 882958688 plus 618327297?,1501285985
What is 488616812 plus 516928075?,1005544887
What is 30177 plus 15041?,45218
What is 457499 plus 644608?,1102107
What is 95372705 plus 37426614?,132799319
What is 1627241310476 plus 8355771820070?,9983013130546
What is 54 plus 68?,122
What is 6580329311445 plus 2711805762284?,9292135073729
What is 9733 plus 3180?,12913
What is 153 plus 742?,895
What is 920922 plus 286717?,1207639
What is 51325573600 plus 38272977421?,89598551021
What is 393838967601479 plus 953874543354321?,1347713510955800
What is 38233526 plus 84981404?,123214930
What is 26 plus 15?,41
What is 76844663192804 plus 68836407280943?,145681070473747
What is 14900624 plus 74228216?,89128840
What is 39319889296725 plus 24534621379478?,63854510676203
What is 9790 plus 7592?,17382
What is 802809760864666 plus 305883737499236?,1108693498363902
What is 842 plus 233?,1075
What is 914504078989629 plus 163656598976670?,1078160677966299
What is 480253626610667 plus 136174333668319?,616427960278986
What is 29698777 plus 32215226?,61914003
What is 839079 plus 473330?,1312409
What is 1716504126402 plus 8409042875707?,10125547002109
What is 39407235403 plus 36386907706?,75794143109
What is 398628 plus 330346?,728974
What is 97240206898269 plus 81523586261693?,178763793159962
What is 268 plus 190?,458
What is 3695318110848 plus 6817338762540?,10512656873388
What is 94803101723 plus 76885242053?,171688343776
What is 209868760878 plus 352302911939?,562171672817
What is 931884968953 plus 263328802819?,1195213771772
What is 46188 plus 63676?,109864
What is 43724367 plus 65396813?,109121180
What is 5672 plus 1631?,7303
What is 8193991334 plus 6217727929?,14411719263
What is 4090913 plus 6642852?,10733765
What is 246932598 plus 252178963?,499111561
What is 57598465069 plus 60646387331?,118244852400
What is 2193075796460 plus 2224322547957?,4417398344417
What is 215079 plus 947780?,1162859
What is 423715233 plus 935338499?,1359053732
What is 75705841733 plus 87876962085?,163582803818
What is 2847 plus 2747?,5594
What is 51002470031664 plus 92097798683229?,143100268714893
What is 4898777395 plus 7822843453?,12721620848
What is 512485088 plus 452103401?,964588489
What is 5629049 plus 5491420?,11120469
What is 65312018977393 plus 67287253653333?,132599272630726
What is 139063351 plus 600774976?,739838327
What is 1101160893 plus 6890173505?,7991334398
What is 84044 plus 61247?,145291
What is 6282743452499 plus 4883350750555?,11166094203054
What is 17727743 plus 47062069?,64789812
What is 62575205 plus 54040266?,116615471
What is 56849232079 plus 50223868960?,107073101039
What is 644810 plus 661886?,1306696
What is 38388932014004 plus 38755296906013?,77144228920017
What is 6557064 plus 3857451?,10414515
What is 46326063529068 plus 19955922978809?,66281986507877
What is 28305 plus 36102?,64407
What is 72665637 plus 78568704?,151234341
What is 40027199 plus 38307140?,78334339
What is 55172 plus 43938?,99110
What is 236124589731 plus 870036634928?,1106161224659
What is 328 plus 845?,1173
What is 81806968 plus 88441985?,170248953
What is 802951297655 plus 204690088852?,1007641386507
What is 932395526 plus 941583374?,1873978900
What is 39713450891728 plus 80544488187159?,120257939078887
What is 35897657 plus 96202695?,132100352
What is 952 plus 478?,1430
What is 469445780449963 plus 432466288045408?,901912068495371
What is 87247 plus 37258?,124505
What is 895702 plus 805136?,1700838
What is 4007215765365 plus 8302813774055?,12310029539420
What is 794 plus 316?,1110
What is 1994736398008 plus 5003566407750?,6998302805758
What is 1317201 plus 7115488?,8432689
What is 27022735 plus 64242169?,91264904
What is 514 plus 671?,1185
What is 11 plus 50?,61
What is 2947872 plus 7307653?,10255525
What is 2150223507 plus 5423380164?,7573603671
What is 240588 plus 596219?,836807
What is 217390190 plus 339993634?,557383824
What is 55589564 plus 57692341?,113281905
What is 21384 plus 32471?,53855
What is 2976 plus 5945?,8921
What is 732663206944 plus 867968785542?,1600631992486
What is 83345 plus 81889?,165234
What is 1220539 plus 9152795?,10373334
What is 192331650 plus 328281557?,520613207
What is 549633564878 plus 530886666185?,1080520231063
What is 936181030761056 plus 173365424107415?,1109546454868471
What is 71772205 plus 13990654?,85762859
What is 46406207 plus 93497743?,139903950
What is 17 plus 62?,79
What is 44561826958 plus 52142287439?,96704114397
What is 4128256 plus 5665682?,9793938
What is 68410013058195 plus 73589963525068?,141999976583263
What is 2603 plus 5011?,7614
What is 86784173146 plus 34699633850?,121483806996
What is 72607348261733 plus 98941730671654?,171549078933387
What is 22885 plus 88877?,111762
What is 512134577716241 plus 222339192486328?,734473770202569
What is 7352119097 plus 7469195879?,14821314976
What is 39 plus 81?,120
What is 440 plus 173?,613
What is 57162845527 plus 18131057566?,75293903093
What is 131 plus 439?,570
What is 1505718734 plus 3153865956?,4659584690
What is 239389978 plus 781258532?,1020648510
What is 28946922776 plus 52618548566?,81565471342
What is 37521112622687 plus 30349486515435?,67870599138122
What is 7547885 plus 9466779?,17014664
What is 79607662 plus 72124501?,151732163
What is 403376968678 plus 763950320713?,1167327289391
What is 66086653 plus 96496062?,162582715
What is 8448293308 plus 8820152470?,17268445778
What is 769615218 plus 985718231?,1755333449
What is 953833579 plus 213109206?,1166942785
What is 126706874268 plus 795189936778?,921896811046
What is 90882534 plus 57720577?,148603111
What is 691481996999622 plus 584342121027447?,1275824118027069
What is 1319891155519 plus 9860768486082?,11180659641601
What is 5405720083 plus 6361331065?,11767051148
What is 8023 plus 2272?,10295
What is 7544621688978 plus 2985743360570?,10530365049548
What is 743926 plus 706002?,1449928
What is 203021 plus 361471?,564492
What is 676825325464 plus 787839411253?,1464664736717
What is 3235 plus 3302?,6537
What is 70600922 plus 18177344?,88778266
What is 9931156366 plus 1007181440?,10938337806
What is 9246402784 plus 5741942470?,14988345254
What is 65 plus 52?,117
What is 53 plus 93?,146
What is 16062794610044 plus 79976988059140?,96039782669184
What is 33089 plus 41237?,74326
What is 1477 plus 2251?,3728
What is 4388828653375 plus 7444126657717?,11832955311092
What is 8977684515 plus 5907732661?,14885417176
What is 1969 plus 6084?,8053
What is 598940782888668 plus 587112715706966?,1186053498595634
What is 78968322 plus 40122430?,119090752
What is 93079870726802 plus 21469436516676?,114549307243478
What is 84251265477 plus 13283718682?,97534984159
What is 5338397096 plus 8925048426?,14263445522
What is 2228712 plus 2349989?,4578701
What is 544056004168605 plus 414191950152257?,958247954320862
What is 2558030 plus 7672404?,10230434
What is 6600309478 plus 1066108944?,7666418422
What is 87049490 plus 69954951?,157004441
What is 12 plus 70?,82
What is 92356 plus 63357?,155713
What is 164297 plus 577256?,741553
What is 552233008470 plus 935353367481?,1487586375951
What is 78 plus 58?,136
What is 72158377009174 plus 48205660555997?,120364037565171
What is 28 plus 22?,50
What is 3997119546 plus 7480358217?,11477477763
What is 93972984481128 plus 49359765641705?,143332750122833
What is 77281231745931 plus 42767803977320?,120049035723251
What is 461483 plus 518533?,980016
What is 2249534214205 plus 6201489838581?,8451024052786
What is 8345 plus 6642?,14987
What is 271 plus 978?,1249
What is 46013844510 plus 38831535023?,84845379533
What is 12794 plus 72733?,85527
What is 168 plus 524?,692
What is 438839200 plus 990462615?,1429301815
What is 791876193551585 plus 565976421709067?,1357852615260652
What is 880482 plus 816657?,1697139
What is 536565 plus 339537?,876102
What is 5444905 plus 7913035?,13357940
What is 40007820171225 plus 95283313173670?,135291133344895
What is 69719 plus 82400?,152119
What is 3604253755051 plus 8985381636157?,12589635391208
What is 1782 plus 3456?,5238
What is 157695106 plus 824869427?,982564533
What is 850001059 plus 734130708?,1584131767
What is 2795711 plus 8913410?,11709121
What is 955130983243 plus 237263462017?,1192394445260
What is 389226044711192 plus 244774977038302?,634001021749494
What is 9941786596230 plus 7761064652615?,17702851248845
What is 96008895 plus 26537646?,122546541
What is 1363678731982 plus 9995842827790?,11359521559772
What is 4562 plus 3428?,7990
What is 22515003496 plus 26379429135?,48894432631
What is 498035 plus 122753?,620788
What is 1272780 plus 2541689?,3814469
What is 8629379924437 plus 8175180514885?,16804560439322
What is 13485083196 plus 90683867670?,104168950866
What is 224418 plus 111859?,336277
What is 380128797 plus 878156439?,1258285236
What is 176352194629809 plus 626282883295208?,802635077925017
What is 81358351 plus 87886570?,169244921
What is 656403592120122 plus 580887708281065?,1237291300401187
What is 55662542 plus 68925169?,124587711
What is 97728 plus 77943?,175671
What is 48078359 plus 38196122?,86274481
What is 132017168433780 plus 223041019940062?,355058188373842
What is 86027826 plus 63136372?,149164198
What is 693158492872 plus 230652073784?,923810566656
What is 76128 plus 82068?,158196
What is 877 plus 523?,1400
What is 1346847945566 plus 7692789306808?,9039637252374
What is 778 plus 510?,1288
What is 919690787494 plus 808422738841?,1728113526335
What is 176045191546022 plus 587051453382037?,763096644928059
What is 1253404 plus 2460976?,3714380
What is 5064768 plus 9007765?,14072533
What is 5436 plus 3456?,8892
What is 337 plus 592?,929
What is 493998400 plus 475884540?,969882940
What is 301417197677206 plus 424858229100832?,726275426778038
What is 202 plus 244?,446
What is 418813 plus 192836?,611649
What is 18204959 plus 99624958?,117829917
What is 95391231640315 plus 11423894901213?,106815126541528
What is 68432523658481 plus 78077098824053?,146509622482534
What is 4886 plus 9521?,14407
What is 9071886917 plus 6667251012?,15739137929
What is 342924826 plus 836902942?,1179827768
What is 8634336040520 plus 2626511513589?,11260847554109
What is 901780 plus 350141?,1251921
What is 86484474724 plus 53186138330?,139670613054
What is 459018362 plus 714437510?,1173455872
What is 789783447251519 plus 181174998225668?,970958445477187
What is 726 plus 740?,1466
What is 8308892 plus 2616057?,10924949
What is 13 plus 72?,85
What is 16245226489 plus 20212437462?,36457663951
What is 158815 plus 859902?,1018717
What is 452668632707868 plus 195803587263260?,648472219971128
What is 69387487166419 plus 51761909885857?,121149397052276
What is 87888916 plus 15144362?,103033278
What is 6466537812 plus 3595747946?,10062285758
What is 206623 plus 445892?,652515
What is 27 plus 34?,61
What is 4975 plus 1093?,6068
What is 866801124806069 plus 429758756246298?,1296559881052367
What is 276 plus 756?,1032
What is 2828 plus 7698?,10526
What is 84 plus 71?,155
What is 8535485 plus 2401166?,10936651
What is 41648815174 plus 22845209537?,64494024711
What is 34726 plus 90292?,125018
What is 445683 plus 614953?,1060636
What is 2434228 plus 5188527?,7622755
What is 170 plus 597?,767
What is 774396251093 plus 332942137695?,1107338388788
What is 602755026129 plus 279668917719?,882423943848
What is 4679648 plus 7364528?,12044176
What is 9300 plus 8775?,18075
What is 475504025 plus 196569141?,672073166
What is 232138 plus 916387?,1148525
What is 115691950824 plus 105107658572?,220799609396
What is 9767352879369 plus 2242525594005?,12009878473374
What is 746 plus 679?,1425
What is 98 plus 18?,116
What is 9426 plus 8316?,17742
What is 460 plus 771?,1231
What is 539770 plus 463278?,1003048
What is 53113236283 plus 72397595474?,125510831757
What is 50208155930104 plus 60565388413037?,110773544343141
What is 16679265 plus 78497227?,95176492
What is 83281803636178 plus 94718321107041?,178000124743219
What is 64119945775 plus 54576227519?,118696173294
What is 24003724965 plus 50597787614?,74601512579
What is 1606224311000 plus 6995981427706?,8602205738706
What is 618542011939 plus 109309876756?,727851888695
What is 586 plus 632?,1218
What is 104419 plus 515015?,619434
What is 36948 plus 70799?,107747
What is 742568 plus 883031?,1625599
What is 50 plus 52?,102
What is 593551 plus 215404?,808955
What is 4715219581 plus 8039352175?,12754571756
What is 70255035584907 plus 21379286772225?,91634322357132
What is 3680928 plus 5551412?,9232340
What is 855880146 plus 101325769?,957205915
What is 80101920834 plus 68827588475?,148929509309
What is 90 plus 68?,158
What is 81 plus 71?,152
What is 2530 plus 5204?,7734
What is 855870172 plus 910358279?,1766228451
What is 33359272 plus 13323345?,46682617
What is 545065188 plus 223677861?,768743049
What is 92735293554205 plus 99945940304445?,192681233858650
What is 397722028 plus 958796572?,1356518600
What is 87204127 plus 25482174?,112686301
What is 5615447 plus 9960901?,15576348
What is 382495545127 plus 611347420503?,993842965630
What is 59 plus 56?,115
What is 109602856450 plus 985298369438?,1094901225888
What is 3782606059170 plus 9140066887015?,12922672946185
What is 449702397 plus 840697089?,1290399486
What is 63481246519 plus 74711164977?,138192411496
What is 5502600021 plus 8619404379?,14122004400
What is 5858 plus 2955?,8813
What is 10088384680780 plus 17580888944353?,27669273625133
What is 83 plus 44?,127
What is 216608890 plus 711798790?,928407680
What is 34 plus 90?,124
What is 2697112719 plus 5058245578?,7755358297
What is 81015984730 plus 53670025572?,134686010302
What is 5593 plus 8845?,14438
What is 692 plus 950?,1642
What is 215 plus 468?,683
What is 9950081 plus 5019072?,14969153
What is 257249342597069 plus 427873613883810?,685122956480879
What is 8851 plus 1923?,10774
What is 203098890654 plus 850824300984?,1053923191638
What is 9512435187 plus 5016999974?,14529435161
What is 65621953 plus 44235081?,109857034
What is 77 plus 43?,120
What is 8156299620223 plus 4325724332846?,12482023953069
What is 4590 plus 3952?,8542
What is 976068603 plus 696145689?,1672214292
What is 924 plus 541?,1465
What is 37360574572641 plus 99636934318290?,136997508890931
What is 54542188995614 plus 34104103984388?,88646292980002
What is 6386824 plus 6730564?,13117388
What is 7870837787 plus 1044564526?,8915402313
What is 12471 plus 57744?,70215
What is 88484013299455 plus 41053333566839?,129537346866294
What is 519789117775 plus 360345143119?,880134260894
What is 563876 plus 181301?,745177
What is 603650389508535 plus 804964235748452?,1408614625256987
What is 123687696 plus 265191275?,388878971
What is 2440218 plus 3510461?,5950679
What is 72 plus 36?,108
What is 65054257 plus 94339574?,159393831
What is 39886779 plus 13016535?,52903314
What is 199198123363369 plus 549496589105656?,748694712469025
What is 3490680798563 plus 4672764719421?,8163445517984
What is 3459677 plus 1159505?,4619182
What is 2595675 plus 1848259?,4443934
What is 70200 plus 15818?,86018
What is 20024 plus 12828?,32852
What is 5403709722438 plus 2804731929874?,8208441652312
What is 237310 plus 584880?,822190
What is 961872 plus 228430?,1190302
What is 5489 plus 3117?,8606
What is 63253 plus 86923?,150176
What is 475065548 plus 227428358?,702493906
What is 509147 plus 811507?,1320654
What is 4179208640587 plus 6162896595814?,10342105236401
What is 201 plus 118?,319
What is 9869096087 plus 4373607674?,14242703761
What is 868 plus 544?,1412
What is 21829497686740 plus 25787322225745?,47616819912485
What is 161921 plus 822029?,983950
What is 7183928434257 plus 6715268048072?,13899196482329
What is 12574437 plus 48555694?,61130131
What is 97447646009704 plus 98015331929971?,195462977939675
What is 204233706580 plus 239953355143?,444187061723
What is 844445873006 plus 552789306281?,1397235179287
What is 561969820 plus 297446280?,859416100
What is 10 plus 16?,26
What is 5257929749604 plus 5870318174852?,11128247924456
What is 211500747 plus 100941486?,312442233
What is 3102080 plus 8451120?,11553200
What is 6520532136802 plus 9350369773259?,15870901910061
What is 6383876 plus 1362141?,7746017
What is 82222825485 plus 15763550191?,97986375676
What is 505840721666908 plus 456735541459923?,962576263126831
What is 5890954 plus 8676121?,14567075
What is 61382023 plus 55888043?,117270066
What is 46 plus 87?,133
What is 455744220565964 plus 889248417106712?,1344992637672676
What is 2122319729251 plus 4835000823251?,6957320552502
What is 21470 plus 30530?,52000
What is 39 plus 33?,72
What is 380927661145 plus 496382109138?,877309770283
What is 7114044 plus 7959450?,15073494
What is 3016138517 plus 4908533163?,7924671680
What is 496048 plus 728836?,1224884
What is 3472608380 plus 4876968359?,8349576739
What is 37939729 plus 31792171?,69731900
What is 4344561805 plus 5486218896?,9830780701
What is 46 plus 58?,104
What is 73796411279 plus 26792615680?,100589026959
What is 8299208979 plus 3687247336?,11986456315
What is 6067344825 plus 3981689384?,10049034209
What is 810382152409 plus 884866100447?,1695248252856
What is 30361226364 plus 64791127813?,95152354177
What is 244 plus 705?,949
What is 8527901515388 plus 5898573923883?,14426475439271
What is 4990463142 plus 7074143397?,12064606539
What is 56661612544745 plus 15189055667290?,71850668212035
What is 6210321012 plus 4668035272?,10878356284
What is 812737187208 plus 887538473926?,1700275661134
What is 9467 plus 2619?,12086
What is 88 plus 99?,187
What is 237173 plus 584704?,821877
What is 8671 plus 1641?,10312
What is 56 plus 89?,145
What is 958 plus 914?,1872
What is 38421045 plus 29379891?,67800936
What is 81539491 plus 11466099?,93005590
What is 57 plus 83?,140
What is 71365878 plus 78003978?,149369856
What is 1789711607448 plus 5908374967809?,7698086575257
What is 29142853726197 plus 79550945385597?,108693799111794
What is 13212884 plus 74540194?,87753078
What is 3941 plus 5336?,9277
What is 13 plus 92?,105
What is 36760 plus 16607?,53367
What is 47600412 plus 53616315?,101216727
What is 690 plus 734?,1424
What is 84201605 plus 14784302?,98985907
What is 3665296 plus 4291079?,7956375
What is 16554 plus 95281?,111835
What is 86426372 plus 99992876?,186419248
What is 2910452359 plus 9718491944?,12628944303
What is 32174780177 plus 66506555224?,98681335401
What is 25 plus 64?,89
What is 608260891 plus 897670312?,1505931203
What is 8361 plus 6556?,14917
What is 636 plus 304?,940
What is 309 plus 343?,652
What is 1624589586712 plus 2082547654458?,3707137241170
What is 84517 plus 36905?,121422
What is 3991927266280 plus 8675927402745?,12667854669025
What is 25010381871 plus 82283368733?,107293750604
What is 550 plus 991?,1541
What is 926395 plus 609539?,1535934
What is 604295036 plus 511170547?,1115465583
What is 196 plus 221?,417
What is 68253438 plus 36844732?,105098170
What is 7171383532714 plus 1418436324717?,8589819857431
What is 206282165143 plus 423600618964?,629882784107
What is 12489999 plus 99138262?,111628261
What is 6453126749110 plus 2686379234236?,9139505983346
What is 24099 plus 61118?,85217
What is 645 plus 787?,1432
What is 744088357293 plus 470035466686?,1214123823979
What is 168 plus 104?,272
What is 899572753029 plus 695066716705?,1594639469734
What is 640779 plus 914147?,1554926
What is 40833008304 plus 73571314315?,114404322619
What is 22679117 plus 11650594?,34329711
What is 14305078836 plus 46735676617?,61040755453
What is 453356 plus 789740?,1243096
What is 85691 plus 51698?,137389
What is 317102699940100 plus 566922823078773?,884025523018873
What is 4992610 plus 5098376?,10090986
What is 11 plus 43?,54
What is 69596555873125 plus 92988432764931?,162584988638056
What is 1179507748922 plus 8053698046920?,9233205795842
What is 714957 plus 144106?,859063
What is 76010056945 plus 43216155968?,119226212913
What is 7608073010 plus 8838309902?,16446382912
What is 55542529781173 plus 72350338925871?,127892868707044
What is 41767079303 plus 41635868757?,83402948060
What is 323773148899649 plus 982215751713741?,1305988900613390
What is 98798148412524 plus 84533279226644?,183331427639168
What is 931370 plus 222459?,1153829
What is 523231656419 plus 240740309305?,763971965724
What is 35100408589860 plus 96324712279923?,131425120869783
What is 849517462411559 plus 375037633475825?,1224555095887384
What is 37767762230997 plus 28842382593569?,66610144824566
What is 841105653305 plus 957437565311?,1798543218616
What is 24546137 plus 84845936?,109392073
What is 230910 plus 128724?,359634
What is 26205204 plus 46479167?,72684371
What is 518408 plus 162823?,681231
What is 80171020 plus 71915477?,152086497
What is 98961760 plus 54419627?,153381387
What is 60886802069 plus 94017762134?,154904564203
What is 885135426901618 plus 213124496906094?,1098259923807712
What is 303769427631 plus 109115254997?,412884682628
What is 2627871 plus 6272614?,8900485
What is 7192 plus 5963?,13155
What is 94322 plus 15407?,109729
What is 19916446 plus 41922446?,61838892
What is 85007 plus 75025?,160032
What is 6280203828622 plus 2633410962896?,8913614791518
What is 11991291422279 plus 40150545249720?,52141836671999
What is 45 plus 98?,143
What is 67250721769 plus 88426734225?,155677455994
What is 846432 plus 670316?,1516748
What is 19 plus 59?,78
What is 288831870 plus 364221415?,653053285
What is 1972 plus 7147?,9119
What is 6252581660717 plus 7383172099399?,13635753760116
What is 7401375 plus 3148511?,10549886
What is 38147039 plus 72796675?,110943714
What is 103831782996 plus 701135870889?,804967653885
What is 927422 plus 292927?,1220349
What is 45357500439 plus 92585748320?,137943248759
What is 414640233 plus 970703209?,1385343442
What is 92503308443 plus 87233382517?,179736690960
What is 5756388 plus 1099264?,6855652
What is 97113465356 plus 26660582420?,123774047776
What is 3953267865 plus 6543777418?,10497045283
What is 30913527 plus 49466139?,80379666
What is 720341 plus 355889?,1076230
What is 16065 plus 73281?,89346
What is 29909 plus 74133?,104042
What is 56230072876407 plus 46854373015434?,103084445891841
What is 4678808457 plus 9884489183?,14563297640
What is 2243694 plus 2725392?,4969086
What is 3644615 plus 1760089?,5404704
What is 93211076870858 plus 47639178699618?,140850255570476
What is 64095002 plus 19188535?,83283537
What is 554332002709701 plus 724630073341135?,1278962076050836
What is 760486 plus 715703?,1476189
What is 7506153576 plus 8592515164?,16098668740
What is 8689728440 plus 5698172870?,14387901310
What is 57227877748095 plus 81447891929367?,138675769677462
What is 7324 plus 4023?,11347
What is 19 plus 85?,104
What is 735302 plus 669258?,1404560
What is 28 plus 89?,117
What is 12 plus 22?,34
What is 202469 plus 867228?,1069697
What is 2271482046073 plus 4318425165630?,6589907211703
What is 889407511 plus 520969980?,1410377491
What is 395068862647 plus 560983639759?,956052502406
What is 458110 plus 334362?,792472
What is 2816192626903 plus 3302594273070?,6118786899973
What is 20 plus 46?,66
What is 49 plus 20?,69
What is 881124356014 plus 711027279762?,1592151635776
What is 99500169471107 plus 63970401557691?,163470571028798
What is 75143679583632 plus 63065746453943?,138209426037575
What is 7670391657 plus 5131161731?,12801553388
What is 52741096957702 plus 29230697023964?,81971793981666
What is 7069 plus 8645?,15714
What is 608984669 plus 753842794?,1362827463
What is 38899022149 plus 15003867866?,53902890015
What is 234095945 plus 520546184?,754642129
What is 20 plus 88?,108
What is 7564731436 plus 5319492228?,12884223664
What is 1891963282791 plus 3908801807478?,5800765090269
What is 12551439 plus 10488363?,23039802
What is 8560 plus 7312?,15872
What is 55842592473156 plus 37051466027551?,92894058500707
What is 37621 plus 93224?,130845
What is 1619601 plus 7452108?,9071709
What is 31 plus 42?,73
What is 8526 plus 2971?,11497
What is 759770001454684 plus 207192343745773?,966962345200457
What is 5107684654 plus 7779994615?,12887679269
What is 49951 plus 50269?,100220
What is 6209230495 plus 8520542238?,14729772733
What is 321804 plus 115642?,437446
What is 3507 plus 8035?,11542
What is 12977430 plus 18528380?,31505810
What is 5179810216 plus 7576582631?,12756392847
What is 717 plus 827?,1544
What is 2953546911193 plus 7536207916332?,10489754827525
What is 58250209 plus 65463604?,123713813
What is 22291850546363 plus 79714620110854?,102006470657217
What is 9507073969969 plus 8151308195011?,17658382164980
What is 4016790 plus 1258919?,5275709
What is 981732343095481 plus 460270949732142?,1442003292827623
What is 663597007540 plus 877410703313?,1541007710853
What is 8892 plus 7441?,16333
What is 25096560757 plus 42796358216?,67892918973
What is 6812 plus 8290?,15102
What is 5299 plus 8030?,13329
What is 560976 plus 352099?,913075
What is 907 plus 260?,1167
What is 2407540 plus 4011989?,6419529
What is 9494718627 plus 4168049401?,13662768028
What is 762 plus 626?,1388
What is 95 plus 33?,128
What is 104494686507799 plus 289316332045981?,393811018553780
What is 4591 plus 9541?,14132
What is 675216335800 plus 308091885843?,983308221643
What is 800 plus 159?,959
What is 634223753969 plus 924097689321?,1558321443290
What is 597336 plus 153878?,751214
What is 515531 plus 841336?,1356867
What is 65190779 plus 51838897?,117029676
What is 6997194866 plus 4082651128?,11079845994
What is 987212025906 plus 286853326199?,1274065352105
What is 26800036121484 plus 67923216884288?,94723253005772
What is 4367749 plus 8211709?,12579458
What is 21204 plus 72208?,93412
What is 798619617823067 plus 331094153246944?,1129713771070011
What is 247058963267 plus 102229367895?,349288331162
What is 116452845 plus 671781389?,788234234
What is 33521536582 plus 33702304857?,67223841439
What is 59 plus 85?,144
What is 419829521247297 plus 364429495273859?,784259016521156
What is 316554 plus 988044?,1304598
What is 6000723 plus 7356558?,13357281
What is 19918 plus 63257?,83175
What is 16798292 plus 10640297?,27438589
What is 337642720198868 plus 354464179583637?,692106899782505
What is 9099691395724 plus 6945890008526?,16045581404250
What is 326122351 plus 761494829?,1087617180
What is 9328742532 plus 7900610554?,17229353086
What is 655 plus 278?,933
What is 758 plus 118?,876
What is 729255529840543 plus 678604836591273?,1407860366431816
What is 126859 plus 826830?,953689
What is 1524620947 plus 3602821618?,5127442565
What is 9289 plus 8584?,17873
What is 6776829553150 plus 5148546005674?,11925375558824
What is 65504967963851 plus 76524046043416?,142029014007267
What is 347194813750096 plus 406288672780994?,753483486531090
What is 87657730716 plus 38770910888?,126428641604
What is 125899297919552 plus 607547224662879?,733446522582431
What is 59653809272 plus 19979470893?,79633280165
What is 29583925683129 plus 21409854661563?,50993780344692
What is 84122160693860 plus 44161980654967?,128284141348827
What is 756023664449 plus 427634035422?,1183657699871
What is 15 plus 57?,72
What is 877421046 plus 107082444?,984503490
What is 978987112314167 plus 705886632565762?,1684873744879929
What is 611760402955 plus 252096190265?,863856593220
What is 769417799039290 plus 864390537677634?,1633808336716924
What is 991 plus 150?,1141
What is 853400546890 plus 251778123367?,1105178670257
What is 807814647 plus 725197595?,1533012242
What is 586338534474392 plus 317204826715180?,903543361189572
What is 18338044726154 plus 41073136188000?,59411180914154
What is 4984484 plus 3773679?,8758163
What is 84610669728202 plus 31861774032635?,116472443760837
What is 1062026 plus 1841444?,2903470
What is 93 plus 54?,147
What is 8420868256 plus 2462615582?,10883483838
What is 33 plus 97?,130
What is 75251056843188 plus 52597396216364?,127848453059552
What is 83385 plus 12210?,95595
What is 5435638214 plus 7343027156?,12778665370
What is 3728627390725 plus 3865608894545?,7594236285270
What is 468478615249 plus 843575684692?,1312054299941
What is 35209750 plus 31024791?,66234541
What is 717190419 plus 259160990?,976351409
What is 972973229 plus 271665597?,1244638826
What is 32492528711887 plus 70447280683768?,102939809395655
What is 1735856852036 plus 3474179123321?,5210035975357
What is 584 plus 562?,1146
What is 990466381821 plus 185167014436?,1175633396257
What is 2508922329330 plus 4145386018303?,6654308347633
What is 304 plus 862?,1166
What is 90790692 plus 14963466?,105754158
What is 277 plus 631?,908
What is 18913427681462 plus 69809367819023?,88722795500485
What is 73116 plus 84119?,157235
What is 24953814497 plus 78338985209?,103292799706
What is 385556905 plus 560096743?,945653648
What is 238555653985 plus 216194845112?,454750499097
What is 71 plus 95?,166
What is 619488131735 plus 948072561792?,1567560693527
What is 575 plus 524?,1099
What is 5440171 plus 5989535?,11429706
What is 9641 plus 4695?,14336
What is 61 plus 20?,81
What is 5117741886946 plus 5405468692340?,10523210579286
What is 682716 plus 288904?,971620
What is 9772084934 plus 5924296311?,15696381245
What is 83 plus 88?,171
What is 5403188483324 plus 6719708283862?,12122896767186
What is 1647 plus 7324?,8971
What is 53523 plus 83704?,137227
What is 2868 plus 3673?,6541
What is 563 plus 534?,1097
What is 44622464 plus 49136983?,93759447
What is 765375 plus 858749?,1624124
What is 5753736 plus 9463086?,15216822
What is 49 plus 84?,133
What is 455957882 plus 651158694?,1107116576
What is 1407 plus 3765?,5172
What is 403 plus 575?,978
What is 107522078812 plus 454404039668?,561926118480
What is 66 plus 18?,84
What is 94516739708 plus 92025232262?,186541971970
What is 55066 plus 42798?,97864
What is 6113584755156 plus 2877792136384?,8991376891540
What is 206311947299920 plus 493433388686531?,699745335986451
What is 16470143695962 plus 75418440114081?,91888583810043
What is 5901823 plus 5612590?,11514413
What is 297265202 plus 454045378?,751310580
What is 848 plus 665?,1513
What is 9576 plus 5244?,14820
What is 5118549 plus 1124728?,6243277
What is 642679025010 plus 905623625142?,1548302650152
What is 5945 plus 4275?,10220
What is 6083923620470 plus 4761368071723?,10845291692193
What is 842 plus 252?,1094
What is 9050055 plus 9880820?,18930875
What is 1154862 plus 7866625?,9021487
What is 14788603923 plus 57525816662?,72314420585
What is 63 plus 38?,101
What is 130948 plus 409778?,540726
What is 9974085295 plus 5454040838?,15428126133
What is 1354746390 plus 8989226567?,10343972957
What is 7627506791 plus 9631108844?,17258615635
What is 871346 plus 468342?,1339688
What is 641200486 plus 242253977?,883454463
What is 112 plus 669?,781
What is 2236120391 plus 2224744076?,4460864467
What is 220525906347713 plus 519216732772928?,739742639120641
What is 298619338994690 plus 781755115272731?,1080374454267421
What is 33138880888544 plus 48845850927676?,81984731816220
What is 707726617 plus 214060233?,921786850
What is 711160745904950 plus 212436147508773?,923596893413723
What is 86733539826326 plus 61593154790897?,148326694617223
What is 547 plus 118?,665
What is 514351847420828 plus 475136938291904?,989488785712732
What is 5901882 plus 4403645?,10305527
What is 7876 plus 8949?,16825
What is 9646 plus 7018?,16664
What is 4824560 plus 3851603?,8676163
What is 43661124301426 plus 57582468867762?,101243593169188
What is 2991298665 plus 2552361406?,5543660071
What is 909723852683 plus 827592952600?,1737316805283
What is 195311 plus 866598?,1061909
What is 3521 plus 8420?,11941
What is 6425264156926 plus 7246226093712?,13671490250638
What is 251350098016 plus 721291494929?,972641592945
What is 646888683303061 plus 494045729182815?,1140934412485876
What is 947559708530723 plus 651559691642293?,1599119400173016
What is 165306762 plus 572785255?,738092017
What is 747205412761278 plus 764312656184205?,1511518068945483
What is 154284502773 plus 716374599674?,870659102447
What is 14825 plus 81180?,96005
What is 831361183395419 plus 344342860300169?,1175704043695588
What is 5302018189 plus 3368731004?,8670749193
What is 75711 plus 94877?,170588
What is 500 plus 921?,1421
What is 64 plus 26?,90
What is 630292852906208 plus 715760821307181?,1346053674213389
What is 542 plus 974?,1516
What is 95150097275 plus 29869888765?,125019986040
What is 37 plus 78?,115
What is 1002492135 plus 1884921978?,2887414113
What is 34385758502892 plus 17728066754821?,52113825257713
What is 896378 plus 492584?,1388962
What is 62094 plus 56219?,118313
What is 167528461 plus 532540516?,700068977
What is 8375699194 plus 8638732114?,17014431308
What is 82441365958 plus 84328592967?,166769958925
What is 793108595 plus 458295319?,1251403914
What is 84 plus 50?,134
What is 7133 plus 9471?,16604
What is 3408 plus 5883?,9291
What is 37565745116 plus 69182410887?,106748156003
What is 2147371156 plus 5382861372?,7530232528
What is 929412057463243 plus 254239561994746?,1183651619457989
What is 327682017 plus 974185621?,1301867638
What is 433676413603 plus 307976749147?,741653162750
What is 90118 plus 61672?,151790
What is 886367736748838 plus 159616686178865?,1045984422927703
What is 962071 plus 425250?,1387321
What is 200651721 plus 636347020?,836998741
What is 7171300 plus 2896591?,10067891
What is 624319695619 plus 834693542021?,1459013237640
What is 99180 plus 97821?,197001
What is 4809 plus 1381?,6190
What is 1635892 plus 2662252?,4298144
What is 522704 plus 486220?,1008924
What is 6366730463340 plus 7824237444464?,14190967907804
What is 5638137976889 plus 8639200249381?,14277338226270
What is 372 plus 235?,607
What is 79436042224631 plus 74996837845220?,154432880069851
What is 236300 plus 860425?,1096725
What is 8454010 plus 7069230?,15523240
What is 35907316698471 plus 65155743561070?,101063060259541
What is 5550701 plus 4164847?,9715548
What is 68035323448717 plus 17452154394194?,85487477842911
What is 53989155785 plus 96421464128?,150410619913
What is 3838482 plus 9624562?,13463044
What is 5206518511718 plus 8068567337835?,13275085849553
What is 67 plus 95?,162
What is 90201 plus 12610?,102811
What is 744098382178 plus 713186748421?,1457285130599
What is 659 plus 378?,1037
What is 7373 plus 2051?,9424
What is 665124096 plus 701437239?,1366561335
What is 2281064152 plus 1887008690?,4168072842
What is 588483255 plus 300372521?,888855776
What is 517670085827796 plus 782637910661076?,1300307996488872
What is 3020699 plus 2069651?,5090350
What is 764264801256 plus 924835186353?,1689099987609
What is 761 plus 767?,1528
What is 8982386369 plus 2854121672?,11836508041
What is 54898731243 plus 59868100980?,114766832223
What is 42452 plus 96744?,139196
What is 676529273913 plus 955758718206?,1632287992119
What is 125416022380 plus 241888495836?,367304518216
What is 800 plus 704?,1504
What is 950821054559 plus 549946656059?,1500767710618
What is 959627 plus 529140?,1488767
What is 7027125122122 plus 2885040228086?,9912165350208
What is 23104916976 plus 75774172357?,98879089333
What is 6822 plus 1843?,8665
What is 2284 plus 6640?,8924
What is 8673280608 plus 5184152150?,13857432758
What is 1054395 plus 2570854?,3625249
What is 904030433386 plus 882588157888?,1786618591274
What is 290802559 plus 274496566?,565299125
What is 8188188775519 plus 9698604901233?,17886793676752
What is 50 plus 84?,134
What is 419498 plus 438108?,857606
What is 3046887 plus 8302908?,11349795
What is 974156 plus 265336?,1239492
What is 9357180696 plus 8076663066?,17433843762
What is 670 plus 832?,1502
What is 37258729020731 plus 56921581823375?,94180310844106
What is 843178857 plus 218463923?,1061642780
What is 462732476218 plus 395568506244?,858300982462
What is 708023983434581 plus 807166857450132?,1515190840884713
What is 4907 plus 7924?,12831
What is 37032721 plus 49456959?,86489680
What is 3217139265 plus 9271676340?,12488815605
What is 8884 plus 9743?,18627
What is 5552 plus 6617?,12169
What is 6331 plus 7922?,14253
What is 529721294 plus 719084005?,1248805299
What is 8183096519113 plus 8425120048501?,16608216567614
What is 4012573 plus 4960636?,8973209
What is 7375816320695 plus 9959769378625?,17335585699320
What is 3128332 plus 4284650?,7412982
What is 40543627595 plus 21438476840?,61982104435
What is 5153689043 plus 3796228382?,8949917425
What is 279086 plus 405135?,684221
What is 493027547 plus 398093062?,891120609
What is 6175 plus 5238?,11413
What is 155659683302275 plus 934202990342403?,1089862673644678
What is 93932587015 plus 38878329897?,132810916912
What is 2106 plus 9767?,11873
What is 848080433491665 plus 542003533240159?,1390083966731824
What is 965476541335353 plus 215859295791045?,1181335837126398
What is 270131925085 plus 380743879614?,650875804699
What is 81137492768 plus 19685997519?,100823490287
What is 162343 plus 678299?,840642
What is 88430206 plus 30628199?,119058405
What is 445268 plus 925496?,1370764
What is 92 plus 57?,149
What is 28788 plus 42275?,71063
What is 39783 plus 34284?,74067
What is 95766857 plus 15178231?,110945088
What is 3175789173901 plus 4815468474373?,7991257648274
What is 3218475027 plus 4080207142?,7298682169
What is 5068778 plus 3738874?,8807652
What is 1200 plus 8897?,10097
What is 658457990 plus 222850454?,881308444
What is 6830449686944 plus 2905082105560?,9735531792504
What is 877408418063508 plus 116715936989755?,994124355053263
What is 7788266 plus 5360975?,13149241
What is 1940424205797 plus 2126269271686?,4066693477483
What is 69079667582488 plus 52113991995512?,121193659578000
What is 67794218569506 plus 83689885020481?,151484103589987
What is 86 plus 58?,144
What is 2348356216 plus 7139860436?,9488216652
What is 74041407221 plus 33412818442?,107454225663
What is 323989854900 plus 488555811717?,812545666617
What is 6911169 plus 3024444?,9935613
What is 79050 plus 62733?,141783
What is 77991323575 plus 21385751418?,99377074993
What is 9225529394947 plus 4644754412358?,13870283807305
What is 1830537 plus 6756494?,8587031
What is 2074719 plus 6550928?,8625647
What is 8915 plus 6576?,15491
What is 367 plus 840?,1207
What is 8664448648900 plus 1896242938639?,10560691587539
What is 8073590072 plus 8368322093?,16441912165
What is 299293772 plus 328532151?,627825923
What is 5997402347 plus 1690726445?,7688128792
What is 652309347262 plus 910164429393?,1562473776655
What is 19 plus 66?,85
What is 83 plus 68?,151
What is 9568405 plus 8207233?,17775638
What is 46842 plus 53335?,100177
What is 31410548424 plus 44643910457?,76054458881
What is 5875785 plus 8740231?,14616016
What is 35122623944201 plus 87156609218912?,122279233163113
What is 93603304289957 plus 93304313443128?,186907617733085
What is 630 plus 659?,1289
What is 72773494 plus 57348405?,130121899
What is 56280513314 plus 67703449856?,123983963170
What is 933387 plus 815413?,1748800
What is 395775557 plus 883080866?,1278856423
What is 532121603317 plus 305261854641?,837383457958
What is 840 plus 792?,1632
What is 19728 plus 45903?,65631
What is 168214485 plus 947150405?,1115364890
What is 8346983448 plus 5355527538?,13702510986
What is 42690 plus 74964?,117654
What is 1563 plus 4656?,6219
What is 96258090 plus 76503038?,172761128
What is 35780298 plus 60035679?,95815977
What is 97980 plus 37847?,135827
What is 43559505875507 plus 69822604420573?,113382110296080
What is 825311613 plus 315723797?,1141035410
What is 3604478735 plus 5280928575?,8885407310
What is 330 plus 187?,517
What is 57753259 plus 35085089?,92838348
What is 1812417 plus 3914506?,5726923
What is 896083770246 plus 404358727669?,1300442497915
What is 45854 plus 12310?,58164
What is 5134910 plus 2880457?,8015367
What is 35980022 plus 24033669?,60013691
What is 6485268338 plus 9731291232?,16216559570
What is 752 plus 547?,1299
What is 109356 plus 576361?,685717
What is 18084335775091 plus 22497662916300?,40581998691391
What is 894425076 plus 567675397?,1462100473
What is 160 plus 388?,548
What is 1738465032589 plus 6591771496610?,8330236529199
What is 4820766288 plus 7034828830?,11855595118
What is 29 plus 84?,113
What is 793578512131 plus 423044066335?,1216622578466
What is 2351 plus 5550?,7901
What is 5998240176 plus 3919524595?,9917764771
What is 195952 plus 480671?,676623
What is 9303315569915 plus 4368120314557?,13671435884472
What is 570628 plus 165791?,736419
What is 849986877529216 plus 870061222340064?,1720048099869280
What is 83 plus 29?,112
What is 965942378 plus 962755597?,1928697975
What is 7590264 plus 5925383?,13515647
What is 8139091 plus 8701603?,16840694
What is 514021571671007 plus 775034639052363?,1289056210723370
What is 3924326 plus 8494602?,12418928
What is 800297131 plus 101242296?,901539427
What is 18 plus 66?,84
What is 86 plus 23?,109
What is 883344 plus 677859?,1561203
What is 247815151280581 plus 647965917329710?,895781068610291
What is 89 plus 82?,171
What is 88218978791 plus 22992131420?,111211110211
What is 90 plus 11?,101
What is 379971840944273 plus 170686680737820?,550658521682093
What is 103 plus 683?,786
What is 85526 plus 61030?,146556
What is 693875902160 plus 239880619356?,933756521516
What is 9362373631383 plus 9113654235853?,18476027867236
What is 351581 plus 794315?,1145896
What is 323914582922 plus 956218982871?,1280133565793
What is 59217 plus 61898?,121115
What is 146198 plus 103923?,250121
What is 9231465 plus 9504121?,18735586
What is 4358336067032 plus 3996742322218?,8355078389250
What is 54929249777977 plus 56798521105021?,111727770882998
What is 570780470 plus 173091196?,743871666
What is 718291 plus 212407?,930698
What is 882541601906445 plus 244453361249545?,1126994963155990
What is 572 plus 237?,809
What is 741126 plus 193417?,934543
What is 30174684619 plus 90909358661?,121084043280
What is 3963124750530 plus 9360725451819?,13323850202349
What is 813273831 plus 775123821?,1588397652
What is 57425420582876 plus 89170794099659?,146596214682535
What is 665713327 plus 303074870?,968788197
What is 6531 plus 3183?,9714
What is 75641233326431 plus 49088798859507?,124730032185938
What is 426317933 plus 722952419?,1149270352
What is 67311 plus 17507?,84818
What is 1159 plus 1469?,2628
What is 558052591 plus 644386196?,1202438787
What is 11474429018 plus 53450832307?,64925261325
What is 8446814640640 plus 6170691365301?,14617506005941
What is 12785 plus 40226?,53011
What is 1545 plus 5750?,7295
What is 910979502539603 plus 597003037976710?,1507982540516313
What is 4070733845 plus 2384337689?,6455071534
What is 135652869299 plus 778917486832?,914570356131
What is 11457107773676 plus 91818471348571?,103275579122247
What is 50002128785491 plus 52209023576495?,102211152361986
What is 854679767 plus 377814737?,1232494504
What is 734187975549 plus 928135031388?,1662323006937
What is 77438 plus 18209?,95647
What is 15637 plus 73909?,89546
What is 8787918107938 plus 9767019071029?,18554937178967
What is 713 plus 137?,850
What is 2877636 plus 5458372?,8336008
What is 45502409000212 plus 11510087556884?,57012496557096
What is 50 plus 76?,126
What is 494232 plus 934812?,1429044
What is 244194 plus 982670?,1226864
What is 578398218 plus 853634141?,1432032359
What is 858910706043534 plus 253773567179673?,1112684273223207
What is 295791813696764 plus 576007141028902?,871798954725666
What is 41079627577 plus 20789252225?,61868879802
What is 165516727 plus 191887398?,357404125
What is 53185704887 plus 13752267272?,66937972159
What is 7947099842 plus 9507510688?,17454610530
What is 8889791469654 plus 6955191798216?,15844983267870
What is 21431 plus 92193?,113624
What is 610290377492836 plus 763635197192530?,1373925574685366
What is 795042209725687 plus 848677812981831?,1643720022707518
What is 4090 plus 2777?,6867
What is 138522 plus 310380?,448902
What is 40489 plus 69541?,110030
What is 43432474 plus 87220061?,130652535
What is 81 plus 52?,133
What is 1880053 plus 2289367?,4169420
What is 925589 plus 542744?,1468333
What is 3000526 plus 4581199?,7581725
What is 92 plus 23?,115
What is 6726031 plus 4872560?,11598591
What is 69673712072480 plus 91834412916876?,161508124989356
What is 377 plus 743?,1120
What is 28430153272108 plus 98635913019636?,127066066291744
What is 1242209 plus 4960352?,6202561
What is 6627889 plus 9225032?,15852921
What is 33012703 plus 31614399?,64627102
What is 47244745909332 plus 51604803497535?,98849549406867
What is 3557028 plus 7794023?,11351051
What is 93857057390 plus 23807397887?,117664455277
What is 17586526671220 plus 26049613826283?,43636140497503
What is 942322308186 plus 830633360140?,1772955668326
What is 29113133 plus 68172538?,97285671
What is 1244677739 plus 9676022049?,10920699788
What is 8613681 plus 4400045?,13013726
What is 22560 plus 32711?,55271
What is 713524823 plus 671992964?,1385517787
What is 6535 plus 1428?,7963
What is 9004 plus 5986?,14990
What is 33604275065 plus 49835107401?,83439382466
What is 3111393 plus 2018132?,5129525
What is 427624168 plus 895418386?,1323042554
What is 5691400826 plus 9461358627?,15152759453
What is 23835207691 plus 76343228179?,100178435870
What is 78893253822824 plus 56332868379093?,135226122201917
What is 9504352 plus 4895080?,14399432
What is 5731563 plus 6736865?,12468428
What is 1525357532905 plus 1802022659643?,3327380192548
What is 82636630 plus 87329513?,169966143
What is 8827124140238 plus 3026721981292?,11853846121530
What is 6142 plus 1872?,8014
What is 30 plus 11?,41
What is 3498077196872 plus 9815352722479?,13313429919351
What is 9485 plus 8785?,18270
What is 1106677 plus 9734440?,10841117
What is 16442759718 plus 97045029822?,113487789540
What is 39 plus 41?,80
What is 31068529991404 plus 86145130587127?,117213660578531
What is 31 plus 26?,57
What is 735 plus 223?,958
What is 96036756152331 plus 40427452304285?,136464208456616
What is 507907 plus 547782?,1055689
What is 903 plus 593?,1496
What is 447 plus 860?,1307
What is 91288967638 plus 37763705638?,129052673276
What is 8453412188 plus 3467922656?,11921334844
What is 324 plus 293?,617
What is 570 plus 791?,1361
What is 90 plus 63?,153
What is 26191979695139 plus 10665460723214?,36857440418353
What is 9575649126 plus 7934291699?,17509940825
What is 716266951 plus 578443670?,1294710621
What is 571991 plus 403054?,975045
What is 208812 plus 130108?,338920
What is 9446820 plus 6064379?,15511199
What is 79034 plus 17150?,96184
What is 93192122282440 plus 77746429918064?,170938552200504
What is 7149 plus 2073?,9222
What is 878170579 plus 709264315?,1587434894
What is 4291441466137 plus 4028754481628?,8320195947765
What is 5588274521 plus 3468692102?,9056966623
What is 80153421 plus 99317343?,179470764
What is 1492798388259 plus 3521431795681?,5014230183940
What is 69826443295709 plus 96198042272898?,166024485568607
What is 48704277476732 plus 97869782863077?,146574060339809
What is 6445 plus 8593?,15038
What is 36490 plus 21801?,58291
What is 4923 plus 2430?,7353
What is 83 plus 85?,168
What is 2838948 plus 2925561?,5764509
What is 188212909651 plus 717650658386?,905863568037
What is 868349730 plus 645953503?,1514303233
What is 6909352522 plus 4476330153?,11385682675
What is 50255 plus 31251?,81506
What is 8499436586555 plus 2037354804689?,10536791391244
What is 918212 plus 256383?,1174595
What is 553 plus 286?,839
What is 215579503635303 plus 326299046175497?,541878549810800
What is 920 plus 806?,1726
What is 640 plus 689?,1329
What is 997926671818392 plus 235292245238813?,1233218917057205
What is 750105608067066 plus 368235555911271?,1118341163978337
What is 52713665276 plus 93136776318?,145850441594
What is 712061935 plus 794764743?,1506826678
What is 101454 plus 455589?,557043
What is 62125 plus 45641?,107766
What is 3027264836 plus 9481246790?,12508511626
What is 73042 plus 69224?,142266
What is 73159274053309 plus 98787920564670?,171947194617979
What is 6810 plus 9905?,16715
What is 599819 plus 682023?,1281842
What is 930816 plus 634061?,1564877
What is 249 plus 118?,367
What is 4269803 plus 9826488?,14096291
What is 26699018697 plus 40598369882?,67297388579
What is 787 plus 171?,958
What is 10903 plus 89027?,99930
What is 638836300417749 plus 599313628427742?,1238149928845491
What is 6122585838 plus 6160324724?,12282910562
What is 100 plus 587?,687
What is 6811853705418 plus 2021205079405?,8833058784823
What is 25681673797 plus 25266085672?,50947759469
What is 720123050 plus 473515275?,1193638325
What is 1294384839 plus 9762119367?,11056504206
What is 3188327250 plus 8054922597?,11243249847
What is 1139712343868 plus 8854933087204?,9994645431072
What is 134856675 plus 734084007?,868940682
What is 1913 plus 7063?,8976
What is 213356 plus 199843?,413199
What is 4950181 plus 7418903?,12369084
What is 127401200287 plus 981551746277?,1108952946564
What is 9608 plus 6552?,16160
What is 40182 plus 15536?,55718
What is 90356225 plus 96000519?,186356744
What is 266 plus 738?,1004
What is 66300253781 plus 41401750229?,107702004010
What is 38150240336 plus 86542857229?,124693097565
What is 4493952 plus 5746817?,10240769
What is 6778694 plus 5067777?,11846471
What is 44907199 plus 22576407?,67483606
What is 46771593667262 plus 33214374627000?,79985968294262
What is 17923669 plus 75460807?,93384476
What is 7443820 plus 4549185?,11993005
What is 93154 plus 60566?,153720
What is 8506444 plus 7860978?,16367422
What is 802129938174 plus 377806355576?,1179936293750
What is 26332640178 plus 73673926909?,100006567087
What is 96095495 plus 11354768?,107450263
What is 92918615058300 plus 29910697025620?,122829312083920
What is 83138215570 plus 77016729221?,160154944791
What is 43918532192617 plus 29237614593229?,73156146785846
What is 19758540765 plus 78060956510?,97819497275
What is 9772445465876 plus 3896904823530?,13669350289406
What is 493636818715 plus 210274650999?,703911469714
What is 5530676466121 plus 4980277163273?,10510953629394
What is 4528602 plus 8420941?,12949543
What is 74216064 plus 63521086?,137737150
What is 19656150589865 plus 69483505076103?,89139655665968
What is 21027279677 plus 87872048708?,108899328385
What is 13899562304079 plus 49164083383587?,63063645687666
What is 65480785 plus 32232788?,97713573
What is 124093815356044 plus 254513903423802?,378607718779846
What is 999 plus 100?,1099
What is 730 plus 684?,1414
What is 5038 plus 6293?,11331
What is 2441794629241 plus 5049953959197?,7491748588438
What is 367208 plus 492400?,859608
What is 7950325689316 plus 4490530437926?,12440856127242
What is 2263 plus 2898?,5161
What is 47 plus 88?,135
What is 122 plus 951?,1073
What is 7091459 plus 5611353?,12702812
What is 839 plus 382?,1221
What is 110606761396729 plus 198560642148649?,309167403545378
What is 289712956387 plus 420329484098?,710042440485
What is 3824 plus 6024?,9848
What is 6166135399518 plus 4833257955479?,10999393354997
What is 584982065459547 plus 632539301828767?,1217521367288314
What is 8840576242744 plus 3203791132267?,12044367375011
What is 869874221014 plus 549012091018?,1418886312032
What is 370795892 plus 127825724?,498621616
What is 8942230299 plus 2742809542?,11685039841
What is 2043 plus 4499?,6542
What is 51624 plus 70081?,121705
What is 2100677302169 plus 9031240176471?,11131917478640
What is 90 plus 81?,171
What is 7611 plus 3307?,10918
What is 4087551054126 plus 2478302543422?,6565853597548
What is 425140729 plus 380344529?,805485258
What is 1791930 plus 9229380?,11021310
What is 73 plus 28?,101
What is 86189007 plus 35725984?,121914991
What is 411975550605 plus 974040225949?,1386015776554
What is 96563 plus 90134?,186697
What is 7310 plus 2324?,9634
What is 56704377620968 plus 95896815564429?,152601193185397
What is 2035 plus 6337?,8372
What is 409 plus 228?,637
What is 732548 plus 153331?,885879
What is 73 plus 69?,142
What is 382143771 plus 299424238?,681568009
What is 8103540354 plus 1306408953?,9409949307
What is 695 plus 428?,1123
What is 133653 plus 440050?,573703
What is 8948 plus 6575?,15523
What is 57517125 plus 37826599?,95343724
What is 50779118 plus 39138684?,89917802
What is 44900187927070 plus 97399313846894?,142299501773964
What is 4397867670 plus 5352911076?,9750778746
What is 53685109 plus 17913062?,71598171
What is 577592191671 plus 894528799937?,1472120991608
What is 95025687774 plus 55087579620?,150113267394
What is 1178932 plus 3016940?,4195872
What is 813886 plus 397649?,1211535
What is 69867334 plus 64864613?,134731947
What is 45237116017 plus 80478091533?,125715207550
What is 331252544134 plus 115182238799?,446434782933
What is 66692018 plus 17420097?,84112115
What is 3914595090 plus 8863886749?,12778481839
What is 79141715193197 plus 46384123915956?,125525839109153
What is 665652 plus 550224?,1215876
What is 33086888 plus 87961584?,121048472
What is 60453524869499 plus 21001317838117?,81454842707616
What is 1924 plus 8736?,10660
What is 18682981 plus 29825607?,48508588
What is 51721646989 plus 39555156007?,91276802996
What is 739 plus 216?,955
What is 880457218571686 plus 213236889388893?,1093694107960579
What is 11130 plus 98595?,109725
What is 2343370961934 plus 7860044872796?,10203415834730
What is 7832178144297 plus 9104857922582?,16937036066879
What is 80149368 plus 41990104?,122139472
What is 63412 plus 80698?,144110
What is 460393263 plus 991043342?,1451436605
What is 2087478260 plus 2797231130?,4884709390
What is 6857368292 plus 8189242668?,15046610960
What is 573043421755 plus 771916195741?,1344959617496
What is 345402 plus 460676?,806078
What is 886769101680 plus 641677424649?,1528446526329
What is 20270 plus 18480?,38750
What is 982417746619 plus 433250165892?,1415667912511
What is 80352077470 plus 39959713254?,120311790724
What is 93252645 plus 75513634?,168766279
What is 80274541957023 plus 82758029581185?,163032571538208
What is 6850172318654 plus 2104753257667?,8954925576321
What is 5732 plus 5948?,11680
What is 589 plus 224?,813
What is 676175396 plus 125024654?,801200050
What is 64756 plus 47278?,112034
What is 543839 plus 666553?,1210392
What is 31996797245 plus 39187153971?,71183951216
What is 822 plus 885?,1707
What is 99680226 plus 38954719?,138634945
What is 5082184 plus 5132562?,10214746
What is 27514 plus 59764?,87278
What is 609405660 plus 827765850?,1437171510
What is 352222271 plus 778468245?,1130690516
What is 1049317353 plus 7463803371?,8513120724
What is 569927898014741 plus 735801178947830?,1305729076962571
What is 279742883982838 plus 208469428696233?,488212312679071
What is 956671454839 plus 776923557487?,1733595012326
What is 87 plus 11?,98
What is 899409 plus 890096?,1789505
What is 6375826277 plus 5421928843?,11797755120
What is 9762652 plus 3823314?,13585966
What is 99381570958 plus 60873485003?,160255055961
What is 684510360629083 plus 643439654042140?,1327950014671223
What is 1038 plus 3979?,5017
What is 27 plus 60?,87
What is 3243724151545 plus 9832808172490?,13076532324035
What is 27359 plus 71274?,98633
What is 5959 plus 6570?,12529
What is 18808735 plus 52475016?,71283751
What is 3051 plus 7246?,10297
What is 2600830009476 plus 4502333188324?,7103163197800
What is 269222381486 plus 328647076784?,597869458270
What is 6408 plus 8899?,15307
What is 26548559572633 plus 59225608473208?,85774168045841
What is 6880421997372 plus 7214759643846?,14095181641218
What is 800 plus 291?,1091
What is 863926 plus 978926?,1842852
What is 46906 plus 22139?,69045
What is 179605084 plus 330286923?,509892007
What is 205433 plus 299854?,505287
What is 630676586007 plus 988485993728?,1619162579735
What is 181498182310 plus 461327980685?,642826162995
What is 535 plus 657?,1192
What is 6013 plus 2971?,8984
What is 74209 plus 15954?,90163
What is 8717326985 plus 6823152362?,15540479347
What is 666560964 plus 928841411?,1595402375
What is 34009907 plus 47031399?,81041306
What is 921907046243 plus 116072308070?,1037979354313
What is 4683 plus 7088?,11771
What is 925 plus 576?,1501
What is 71541445957 plus 68794173994?,140335619951
What is 922576985 plus 630401648?,1552978633
What is 63076219 plus 65742638?,128818857
What is 10693 plus 10295?,20988
What is 7350271526526 plus 5743231649163?,13093503175689
What is 2222083216246 plus 7558307935359?,9780391151605
What is 71855 plus 97233?,169088
What is 15 plus 93?,108
What is 66555594 plus 83210774?,149766368
What is 368823 plus 813275?,1182098
What is 7222 plus 1148?,8370
What is 842 plus 115?,957
What is 4518187 plus 7099426?,11617613
What is 448559799470915 plus 952276291139104?,1400836090610019
What is 77 plus 87?,164
What is 4107828 plus 7103718?,11211546
What is 15687 plus 85462?,101149
What is 37 plus 10?,47
What is 5368154322 plus 6785164368?,12153318690
What is 36985 plus 58972?,95957
What is 73763532853 plus 79493326645?,153256859498
What is 13420847683 plus 55897861282?,69318708965
What is 4250666 plus 8254292?,12504958
What is 145188 plus 241503?,386691
What is 56887 plus 64054?,120941
What is 3114919487 plus 2799877033?,5914796520
What is 686 plus 882?,1568
What is 17035125091 plus 35485082240?,52520207331
What is 10245649 plus 44017704?,54263353
What is 54 plus 69?,123
What is 226689 plus 840177?,1066866
What is 30 plus 78?,108
What is 37403786601 plus 12737043061?,50140829662
What is 91587817946162 plus 80159107258444?,171746925204606
What is 27536666504 plus 79121941351?,106658607855
What is 882245 plus 800506?,1682751
What is 39419171 plus 21478824?,60897995
What is 427349683947 plus 468719891047?,896069574994
What is 2825896013 plus 9508690558?,12334586571
What is 190 plus 442?,632
What is 296537 plus 700892?,997429
What is 41616081948109 plus 52983341912919?,94599423861028
What is 1171190 plus 4884238?,6055428
What is 60215 plus 50915?,111130
What is 322853720 plus 187442701?,510296421
What is 29432 plus 78758?,108190
What is 879173 plus 371441?,1250614
What is 513267 plus 804887?,1318154
What is 65072948 plus 19609543?,84682491
What is 714699245 plus 328162420?,1042861665
What is 5385416699543 plus 7799835470117?,13185252169660
What is 67408 plus 65220?,132628
What is 28284236447 plus 89023739576?,117307976023
What is 54137564936 plus 77335072233?,131472637169
What is 7744491360608 plus 3927788723334?,11672280083942
What is 19290 plus 75063?,94353
What is 91661126396 plus 65368767267?,157029893663
What is 764 plus 421?,1185
What is 524 plus 898?,1422
What is 568072 plus 533918?,1101990
What is 807137 plus 864792?,1671929
What is 3960 plus 5271?,9231
What is 38983 plus 70579?,109562
What is 327100761 plus 725404883?,1052505644
What is 86624202 plus 75474716?,162098918
What is 266538037660717 plus 279447955091756?,545985992752473
What is 3773950 plus 5717887?,9491837
What is 3881854 plus 8950100?,12831954
What is 318820714 plus 759467077?,1078287791
What is 344995126069 plus 896656098827?,1241651224896
What is 78 plus 15?,93
What is 42091 plus 65606?,107697
What is 3882437 plus 3615613?,7498050
What is 192857174 plus 542667245?,735524419
What is 85897532754761 plus 26932582731933?,112830115486694
What is 838265 plus 986475?,1824740
What is 305689574938 plus 443228167055?,748917741993
What is 75 plus 11?,86
What is 4645021604 plus 6938484828?,11583506432
What is 45 plus 14?,59
What is 5571 plus 4814?,10385
What is 122094722944836 plus 970609178025274?,1092703900970110
What is 2022 plus 1582?,3604
What is 294092 plus 825248?,1119340
What is 46 plus 22?,68
What is 205683839333039 plus 340588655071924?,546272494404963
What is 96428473743 plus 73573381550?,170001855293
What is 3034830298 plus 9477706241?,12512536539
What is 78516771488 plus 23076363561?,101593135049
What is 87498 plus 71104?,158602
What is 8428537 plus 8891370?,17319907
What is 34753 plus 54214?,88967
What is 9149783 plus 7511739?,16661522
What is 4412597795753 plus 1546686449102?,5959284244855
What is 48 plus 71?,119
What is 7548830420459 plus 1078280729388?,8627111149847
What is 9731 plus 8724?,18455
What is 757921181 plus 104651815?,862572996
What is 5279762092887 plus 2305556800126?,7585318893013
What is 8151965509580 plus 2064636400386?,10216601909966
What is 2960072940597 plus 6126436995480?,9086509936077
What is 8656563219175 plus 3939446287345?,12596009506520
What is 92192233253820 plus 47886222339537?,140078455593357
What is 6147157 plus 3802138?,9949295
What is 376984288 plus 329788502?,706772790
What is 31392921 plus 49416332?,80809253
What is 52058395904682 plus 45828685205251?,97887081109933
What is 10 plus 46?,56
What is 19991 plus 65580?,85571
What is 34786087456 plus 51900067983?,86686155439
What is 33 plus 28?,61
What is 1744516427578 plus 3726483975607?,5471000403185
What is 956 plus 605?,1561
What is 8593938013 plus 3523196093?,12117134106
What is 62811556 plus 51323076?,114134632
What is 57307 plus 25120?,82427
What is 33 plus 98?,131
What is 39 plus 48?,87
What is 91282052 plus 76071408?,167353460
What is 634676774 plus 897430124?,1532106898
What is 85803057706903 plus 85193687644997?,170996745351900
What is 512 plus 693?,1205
What is 900383202918 plus 412225581042?,1312608783960
What is 633 plus 652?,1285
What is 926 plus 581?,1507
What is 249 plus 862?,1111
What is 2398157730871 plus 9233269111571?,11631426842442
What is 5361 plus 5871?,11232
What is 73 plus 72?,145
What is 132399908744 plus 763208083735?,895607992479
What is 371 plus 703?,1074
What is 46229703 plus 50108333?,96338036
What is 338038659 plus 426065724?,764104383
What is 22606508417 plus 31602722216?,54209230633
What is 24 plus 84?,108
What is 69491 plus 88704?,158195
What is 46898985607 plus 12518128819?,59417114426
What is 3955235 plus 2531649?,6486884
What is 809628375 plus 802044742?,1611673117
What is 377042465 plus 153430689?,530473154
What is 64 plus 88?,152
What is 95 plus 85?,180
What is 306 plus 533?,839
What is 2185453896 plus 2527898508?,4713352404
What is 545778331250 plus 618335829903?,1164114161153
What is 2838 plus 3572?,6410
What is 424 plus 290?,714
What is 18668560911218 plus 64015646648780?,82684207559998
What is 606068072486 plus 751551374664?,1357619447150
What is 15561200226080 plus 47913136242790?,63474336468870
What is 912 plus 130?,1042
What is 749 plus 591?,1340
What is 20776085352 plus 44050567954?,64826653306
What is 4472184 plus 9142575?,13614759
What is 605300501299 plus 850123169396?,1455423670695
What is 67 plus 67?,134
What is 544257696479 plus 895825744400?,1440083440879
What is 74951272946 plus 26067401229?,101018674175
What is 773944501167296 plus 562739099777088?,1336683600944384
What is 94047199410161 plus 18055414361542?,112102613771703
What is 914947906 plus 902099114?,1817047020
What is 694456614 plus 978675690?,1673132304
What is 5844908881143 plus 7521845572688?,13366754453831
What is 30639763409164 plus 42620058050056?,73259821459220
What is 68750578440 plus 70638915756?,139389494196
What is 64976 plus 53405?,118381
What is 934828 plus 141580?,1076408
What is 23 plus 79?,102
What is 723685 plus 306856?,1030541
What is 548229 plus 362244?,910473
What is 7366921 plus 3716724?,11083645
What is 76 plus 53?,129
What is 579209758428075 plus 791558156653101?,1370767915081176
What is 4239192394271 plus 4760938113819?,9000130508090
What is 829117 plus 599745?,1428862
What is 63223932266249 plus 73334200131262?,136558132397511
What is 943214 plus 269406?,1212620
What is 281 plus 496?,777
What is 9306274261 plus 4317646614?,13623920875
What is 310 plus 639?,949
What is 1348205473437 plus 4191511016346?,5539716489783
What is 7715734947 plus 5671156818?,13386891765
What is 4337109 plus 6891084?,11228193
What is 7425048 plus 7273177?,14698225
What is 64 plus 76?,140
What is 898920 plus 818875?,1717795
What is 9279 plus 5974?,15253
What is 312917419 plus 387759934?,700677353
What is 320200026442 plus 366411656232?,686611682674
What is 71 plus 35?,106
What is 475817239511188 plus 717087472799449?,1192904712310637
What is 778424946 plus 405931123?,1184356069
What is 33810057036341 plus 58799246371135?,92609303407476
What is 58285441 plus 92238273?,150523714
What is 3595040023802 plus 6859146896103?,10454186919905
What is 60851 plus 11198?,72049
What is 80143056 plus 33511667?,113654723
What is 1176076469749 plus 3782883751361?,4958960221110
What is 576713980 plus 286180145?,862894125
What is 97933200296 plus 42373354020?,140306554316
What is 462651 plus 411071?,873722
What is 33138596696 plus 50663734876?,83802331572
What is 78643260740857 plus 35717011959712?,114360272700569
What is 1465 plus 4828?,6293
What is 470992 plus 200496?,671488
What is 115790 plus 868223?,984013
What is 7042 plus 4772?,11814
What is 1331 plus 9040?,10371
What is 83550 plus 64018?,147568
What is 9566701 plus 8696141?,18262842
What is 57152092051941 plus 36627990089499?,93780082141440
What is 5877119026219 plus 9642179085049?,15519298111268
What is 5525470 plus 6912462?,12437932
What is 79153941790716 plus 98910134767707?,178064076558423
What is 686430064241008 plus 472942236649313?,1159372300890321
What is 32 plus 86?,118
What is 8967860145 plus 4364685385?,13332545530
What is 22570 plus 24959?,47529
What is 2912533 plus 5103838?,8016371
What is 6042361905896 plus 6383140562191?,12425502468087
What is 85560 plus 16638?,102198
What is 14677693745 plus 50687250193?,65364943938
What is 742611211877620 plus 728904518128995?,1471515730006615
What is 4106820 plus 2800466?,6907286
What is 232253735 plus 995655213?,1227908948
What is 96844549990 plus 97482340240?,194326890230
What is 3446 plus 1259?,4705
What is 529042707387 plus 513357758670?,1042400466057
What is 3620271 plus 6183071?,9803342
What is 6589 plus 3153?,9742
What is 43523963941 plus 63443208828?,106967172769
What is 5616851526275 plus 9169390798199?,14786242324474
What is 647393 plus 582463?,1229856
What is 401695620 plus 390986303?,792681923
What is 241559695156045 plus 461708943696476?,703268638852521
What is 512787882 plus 727502183?,1240290065
What is 204 plus 702?,906
What is 152577520 plus 163473481?,316051001
What is 374992 plus 746756?,1121748
What is 33503 plus 96770?,130273
What is 2923024533 plus 3708624377?,6631648910
What is 620 plus 154?,774
What is 295934234836273 plus 811066469786621?,1107000704622894
What is 35232355768 plus 11836906597?,47069262365
What is 11 plus 45?,56
What is 289 plus 907?,1196
What is 65424819 plus 72662310?,138087129
What is 163192954 plus 528125779?,691318733
What is 587346 plus 970530?,1557876
What is 97 plus 43?,140
What is 74162 plus 56499?,130661
What is 611487122094 plus 753763774516?,1365250896610
What is 30604561 plus 15265235?,45869796
What is 478758278 plus 706031986?,1184790264
What is 35597935455 plus 26847017887?,62444953342
What is 1946 plus 4486?,6432
What is 6039 plus 9830?,15869
What is 96615773630 plus 80669845806?,177285619436
What is 89075034996554 plus 99799894860385?,188874929856939
What is 70684936484520 plus 25167485043449?,95852421527969
What is 798701551 plus 664982313?,1463683864
What is 9789020520666 plus 3794149670837?,13583170191503
What is 9330922 plus 2857598?,12188520
What is 7753990868856 plus 1260989483779?,9014980352635
What is 9753122326 plus 8070957394?,17824079720
What is 431 plus 826?,1257
What is 766300401188901 plus 555094853555958?,1321395254744859
What is 7708 plus 9050?,16758
What is 69118269981313 plus 51097490790253?,120215760771566
What is 1069693193513 plus 3368732826134?,4438426019647
What is 33589770434 plus 37405680203?,70995450637
What is 57058 plus 74749?,131807
What is 49219620417 plus 50960553808?,100180174225
What is 863334820 plus 315385848?,1178720668
What is 120434877982412 plus 496455807837074?,616890685819486
What is 81 plus 46?,127
What is 56341813 plus 87346333?,143688146
What is 582 plus 490?,1072
What is 620024738811 plus 903988581993?,1524013320804
What is 4523 plus 4312?,8835
What is 5845670571018 plus 8012497886827?,13858168457845
What is 9463696789 plus 5323468538?,14787165327
What is 11336578660033 plus 78080128887660?,89416707547693
What is 7941706731 plus 9157440957?,17099147688
What is 421290188534169 plus 913741040365977?,1335031228900146
What is 7352 plus 4417?,11769
What is 4395626 plus 8079628?,12475254
What is 661056188 plus 304536883?,965593071
What is 566871658272 plus 310580066596?,877451724868
What is 853859438786437 plus 450198580843290?,1304058019629727
What is 277932161 plus 222617949?,500550110
What is 29583 plus 25735?,55318
What is 99705428395059 plus 63355443820316?,163060872215375
What is 636158414843 plus 922148861097?,1558307275940
What is 2259681440009 plus 1169858470419?,3429539910428
What is 911996 plus 712574?,1624570
What is 283 plus 605?,888
What is 4820 plus 6841?,11661
What is 37443 plus 25587?,63030
What is 87689041155 plus 61650074657?,149339115812
What is 9247 plus 9095?,18342
What is 1991760 plus 1858297?,3850057
What is 3666311437 plus 7080764139?,10747075576
What is 7684 plus 9694?,17378
What is 99294750856 plus 62746277021?,162041027877
What is 925 plus 647?,1572
What is 7732451639 plus 1111275244?,8843726883
What is 282 plus 215?,497
What is 607981358693 plus 756197542308?,1364178901001
What is 8037 plus 3502?,11539
What is 970131731003090 plus 234665473278644?,1204797204281734
What is 94753615414 plus 37654820295?,132408435709
What is 11 plus 89?,100
What is 7420 plus 5037?,12457
What is 45935 plus 74599?,120534
What is 7212586063 plus 4678479113?,11891065176
What is 856283 plus 370923?,1227206
What is 5146692 plus 1444169?,6590861
What is 435 plus 463?,898
What is 709886 plus 949797?,1659683
What is 450671968 plus 289938098?,740610066
What is 8248076035417 plus 6861203088025?,15109279123442
What is 94 plus 61?,155
What is 83998851 plus 65129979?,149128830
What is 187 plus 782?,969
What is 233 plus 636?,869
What is 49236109923 plus 79735410102?,128971520025
What is 96588 plus 67509?,164097
What is 61833040225 plus 29904504124?,91737544349
What is 84526858 plus 15246658?,99773516
What is 62956087 plus 60576267?,123532354
What is 744 plus 601?,1345
What is 7564 plus 3539?,11103
What is 5824768289 plus 3010356937?,8835125226
What is 8603805902413 plus 3327388784799?,11931194687212
What is 314491507 plus 381802276?,696293783
What is 317896192 plus 792715136?,1110611328
What is 20201 plus 52227?,72428
What is 4173796586 plus 2748063463?,6921860049
What is 386715 plus 541986?,928701
What is 933248594787 plus 885860186345?,1819108781132
What is 8584 plus 2489?,11073
What is 214473 plus 541632?,756105
What is 39121695773108 plus 90243524534929?,129365220308037
What is 2229193703 plus 5945352887?,8174546590
What is 99 plus 93?,192
What is 38125 plus 25437?,63562
What is 63 plus 97?,160
What is 7395483017603 plus 7548417111787?,14943900129390
What is 53692646 plus 34397947?,88090593
What is 664 plus 334?,998
What is 39616328379549 plus 33062914330414?,72679242709963
What is 344222836465862 plus 325991520336171?,670214356802033
What is 75549125741 plus 55777788851?,131326914592
What is 728878 plus 372358?,1101236
What is 59 plus 45?,104
What is 89799573605 plus 44426829459?,134226403064
What is 2015302112 plus 6284550839?,8299852951
What is 744853 plus 617014?,1361867
What is 1581386655 plus 6100801573?,7682188228
What is 276689881829131 plus 426182585430098?,702872467259229
What is 479808100587714 plus 606737827114286?,1086545927702000
What is 8559487221 plus 7026254868?,15585742089
What is 30724065 plus 10636513?,41360578
What is 37358109 plus 24964152?,62322261
What is 4317306153 plus 5088972823?,9406278976
What is 31079 plus 93147?,124226
What is 7897 plus 3898?,11795
What is 6328919 plus 8098695?,14427614
What is 74394370387 plus 64313751273?,138708121660
What is 59517290 plus 66876825?,126394115
What is 21218562 plus 41220287?,62438849
What is 5020 plus 8664?,13684
What is 99271133142639 plus 78651352853766?,177922485996405
What is 211302 plus 255105?,466407
What is 88 plus 70?,158
What is 65565539339 plus 87948406548?,153513945887
What is 635219860554900 plus 951423646130291?,1586643506685191
What is 36414747486 plus 28090699255?,64505446741
What is 816913862 plus 487240591?,1304154453
What is 7582066159 plus 8480791318?,16062857477
What is 8097999 plus 2025318?,10123317
What is 1165176 plus 3710509?,4875685
What is 488 plus 377?,865
What is 83391156547778 plus 94126557533528?,177517714081306
What is 32227415922 plus 99638970864?,131866386786
What is 263 plus 315?,578
What is 7654296468 plus 3327469915?,10981766383
What is 72271518 plus 17851990?,90123508
What is 22655022231787 plus 57659409778661?,80314432010448
What is 370218315454 plus 949481657566?,1319699973020
What is 899710594 plus 471533810?,1371244404
What is 894031780656207 plus 328157803638138?,1222189584294345
What is 617638 plus 916564?,1534202
What is 634616641881798 plus 933701182004278?,1568317823886076
What is 654194 plus 703487?,1357681
What is 514487879 plus 647503677?,1161991556
What is 178904073131961 plus 119195921725228?,298099994857189
What is 338827376748494 plus 186437956662301?,525265333410795
What is 1560546 plus 8521886?,10082432
What is 23323995547173 plus 87065170872726?,110389166419899
What is 916272 plus 211111?,1127383
What is 4692 plus 7732?,12424
What is 8691899746185 plus 5814485902862?,14506385649047
What is 5839 plus 2064?,7903
What is 84 plus 59?,143
What is 99871793469333 plus 98457993562100?,198329787031433
What is 894 plus 833?,1727
What is 1507 plus 1029?,2536
What is 873851 plus 877342?,1751193
What is 119993303929 plus 557525751721?,677519055650
What is 27 plus 86?,113
What is 92067519037979 plus 94809199046459?,186876718084438
What is 97675436447 plus 71105651576?,168781088023
What is 2536900465404 plus 1247670078128?,3784570543532
What is 28 plus 33?,61
What is 59851 plus 82006?,141857
What is 67242 plus 60622?,127864
What is 69622 plus 12374?,81996
What is 422897280933398 plus 385047431079900?,807944712013298
What is 506982728054806 plus 982372458805448?,1489355186860254
What is 21 plus 93?,114
What is 23458483 plus 90151662?,113610145
What is 431984 plus 603626?,1035610
What is 4473663 plus 7791039?,12264702
What is 10013742 plus 12279961?,22293703
What is 568116613 plus 157137084?,725253697
What is 171330107 plus 163648587?,334978694
What is 502759571471264 plus 884477341722164?,1387236913193428
What is 13559 plus 14918?,28477
What is 91526 plus 97018?,188544
What is 9499553013 plus 2378763398?,11878316411
What is 810002247355168 plus 654413259844116?,1464415507199284
What is 53512 plus 37516?,91028
What is 737812293 plus 773969411?,1511781704
What is 2914 plus 9966?,12880
What is 976539 plus 337181?,1313720
What is 461295853 plus 134352338?,595648191
What is 8050671862103 plus 1355373808858?,9406045670961
What is 838982417960 plus 844866251516?,1683848669476
What is 342107543896044 plus 323837727017662?,665945270913706
What is 476241948 plus 890353881?,1366595829
What is 84753207 plus 58148163?,142901370
What is 781551889642 plus 727296943545?,1508848833187
What is 714101111 plus 833126550?,1547227661
What is 413 plus 165?,578
What is 5261404432 plus 5646346640?,10907751072
What is 479415345717 plus 584597568393?,1064012914110
What is 3738718 plus 7926907?,11665625
What is 14457241 plus 85100957?,99558198
What is 3925416 plus 4006301?,7931717
What is 26115766680 plus 82192038244?,108307804924
What is 496492 plus 333670?,830162
What is 400 plus 597?,997
What is 506101727624653 plus 461511023067374?,967612750692027
What is 95259981663 plus 91744672133?,187004653796
What is 865451309083 plus 790917009322?,1656368318405
What is 1008958480296 plus 5016479388826?,6025437869122
What is 9966591043 plus 1602820745?,11569411788
What is 5116415 plus 5644316?,10760731
What is 6172 plus 6922?,13094
What is 895676349 plus 434949186?,1330625535
What is 77607945 plus 38318945?,115926890
What is 402928754943722 plus 419771067367178?,822699822310900
What is 7124 plus 9100?,16224
What is 8448067 plus 8113624?,16561691
What is 57892448 plus 63868521?,121760969
What is 5861 plus 3495?,9356
What is 45926 plus 65845?,111771
What is 31733740223902 plus 11801843067640?,43535583291542
What is 7534 plus 2110?,9644
What is 314252536438 plus 292396669485?,606649205923
What is 7319270 plus 3672365?,10991635
What is 680760808157 plus 144884033501?,825644841658
What is 81012972 plus 42023149?,123036121
What is 890872598784 plus 997414013033?,1888286611817
What is 5865 plus 7187?,13052
What is 749 plus 802?,1551
What is 53164 plus 59571?,112735
What is 689657232548 plus 682695537727?,1372352770275
What is 1665708776553 plus 8834191738721?,10499900515274
What is 8865 plus 6771?,15636
What is 991534120 plus 889075987?,1880610107
What is 59665990 plus 36994793?,96660783
What is 970979600575570 plus 139250548267785?,1110230148843355
What is 31022587888476 plus 69361549174939?,100384137063415
What is 37 plus 99?,136
What is 39379 plus 77298?,116677
What is 57062280676 plus 64732213090?,121794493766
What is 82 plus 36?,118
What is 140202602531648 plus 873887356814604?,1014089959346252
What is 3117007 plus 2522268?,5639275
What is 660626776289257 plus 135602469298890?,796229245588147
What is 562647419460113 plus 192362913334876?,755010332794989
What is 902629326947426 plus 774549388627473?,1677178715574899
What is 9878063902490 plus 9893462502349?,19771526404839
What is 3663780 plus 9792340?,13456120
What is 681565398373 plus 605623837088?,1287189235461
What is 56564 plus 86673?,143237
What is 6453 plus 8567?,15020
What is 46229 plus 68788?,115017
What is 10379 plus 81920?,92299
What is 284303 plus 872890?,1157193
What is 132450 plus 979333?,1111783
What is 8168401 plus 5346225?,13514626
What is 8969633129416 plus 9749324782617?,18718957912033
What is 983025 plus 128873?,1111898
What is 343420183622167 plus 526662475610205?,870082659232372
What is 7660356646 plus 5071736346?,12732092992
What is 7699 plus 7776?,15475
What is 1798418134806 plus 6759508449107?,8557926583913
What is 57601451714550 plus 16342774302622?,73944226017172
What is 4872384147 plus 8282608142?,13154992289
What is 26 plus 67?,93
What is 7931 plus 5906?,13837
What is 67910490 plus 91459921?,159370411
What is 2763200479429 plus 8677491483795?,11440691963224
What is 68 plus 95?,163
What is 58410815188 plus 54629226551?,113040041739
What is 142664563 plus 462669712?,605334275
What is 42711593 plus 79339814?,122051407
What is 6414 plus 8478?,14892
What is 3558569570 plus 2600520327?,6159089897
What is 919528446701528 plus 588742794842105?,1508271241543633
What is 1125270174 plus 2551832548?,3677102722
What is 6021953 plus 9476964?,15498917
What is 47842 plus 95006?,142848
What is 723 plus 322?,1045
What is 4510260567625 plus 9580051869457?,14090312437082
What is 18723039743582 plus 77589845977060?,96312885720642
What is 79471295 plus 10100207?,89571502
What is 37484812 plus 53228160?,90712972
What is 3514126526 plus 8842605823?,12356732349
What is 414 plus 802?,1216
What is 429601 plus 201318?,630919
What is 757964 plus 446636?,1204600
What is 578 plus 977?,1555
What is 44539 plus 94835?,139374
What is 40259 plus 72287?,112546
What is 64 plus 10?,74
What is 458719626847 plus 497439231095?,956158857942
What is 971665645987968 plus 312618678638042?,1284284324626010
What is 3115 plus 8113?,11228
What is 33789 plus 85336?,119125
What is 85222040074 plus 33707007841?,118929047915
What is 4029201345 plus 2450506568?,6479707913
What is 209152955150 plus 456974632339?,666127587489
What is 706490632 plus 580492333?,1286982965
What is 874880525899080 plus 158464456052949?,1033344981952029
What is 99473840274 plus 14573221896?,114047062170
What is 36454462 plus 86271760?,122726222
What is 6672580218 plus 1164270328?,7836850546
What is 89 plus 98?,187
What is 205 plus 865?,1070
What is 93 plus 45?,138
What is 749921194367030 plus 967121233192129?,1717042427559159
What is 3559927153 plus 2494287062?,6054214215
What is 26 plus 70?,96
What is 8863533 plus 6338337?,15201870
What is 5969466929044 plus 3734494831980?,9703961761024
What is 583915 plus 888796?,1472711
What is 330138584 plus 434501618?,764640202
What is 65310338448764 plus 52437429136941?,117747767585705
What is 2953048156 plus 2695827544?,5648875700
What is 100373281853 plus 466017769382?,566391051235
What is 5462739 plus 5318539?,10781278
What is 802 plus 368?,1170
What is 911987075932 plus 754732033374?,1666719109306
What is 4329964 plus 6306104?,10636068
What is 516118496 plus 107479426?,623597922
What is 6316 plus 8007?,14323
What is 98679 plus 28845?,127524
What is 1632 plus 6213?,7845
What is 5269091342 plus 8680194338?,13949285680
What is 9277815998169 plus 4698169536994?,13975985535163
What is 88588 plus 39334?,127922
What is 553023153740 plus 140993640713?,694016794453
What is 35212 plus 72871?,108083
What is 36716925937502 plus 73604926965087?,110321852902589
What is 4773 plus 4435?,9208
What is 8167521415 plus 9030474422?,17197995837
What is 184564138052 plus 163085091005?,347649229057
What is 96 plus 13?,109
What is 610387198 plus 831222687?,1441609885
What is 42 plus 12?,54
What is 270434 plus 476817?,747251
What is 374337958 plus 832693451?,1207031409
What is 253 plus 184?,437
What is 677 plus 392?,1069
What is 6419 plus 6697?,13116
What is 36868288567 plus 66773982066?,103642270633
What is 534 plus 766?,1300
What is 87099426173944 plus 72457517373735?,159556943547679
What is 79171171579428 plus 73865997346116?,153037168925544
What is 30686841638631 plus 95154735943277?,125841577581908
What is 4695205550 plus 7853349468?,12548555018
What is 7536551782967 plus 1992674836759?,9529226619726
What is 9120902826 plus 4905718861?,14026621687
What is 892 plus 267?,1159
What is 1088780518 plus 5605512154?,6694292672
What is 25135 plus 54238?,79373
What is 918874600 plus 867723608?,1786598208
What is 703610563894916 plus 421319536837173?,1124930100732089
What is 87 plus 80?,167
What is 707330392578 plus 238487274490?,945817667068
What is 90718456 plus 17623143?,108341599
What is 369 plus 949?,1318
What is 8918239464 plus 9647961816?,18566201280
What is 56407866290 plus 41879619670?,98287485960
What is 819 plus 748?,1567
What is 467 plus 604?,1071
What is 55601702504573 plus 41179316233456?,96781018738029
What is 36587889959933 plus 40471536893610?,77059426853543
What is 890211300 plus 724529594?,1614740894
What is 90379671554 plus 72928043922?,163307715476
What is 76947997293 plus 36357417763?,113305415056
What is 426204712214820 plus 499851018125116?,926055730339936
What is 4043402932 plus 8683201250?,12726604182
What is 8389974872 plus 3034655098?,11424629970
What is 9013 plus 1556?,10569
What is 80959784839 plus 95833574021?,176793358860
What is 598884423 plus 728617537?,1327501960
What is 13 plus 78?,91
What is 1522923234155 plus 5538569821500?,7061493055655
What is 8363693612181 plus 5142500333272?,13506193945453
What is 5939561 plus 2429646?,8369207
What is 90162 plus 84929?,175091
What is 552408868 plus 699103445?,1251512313
What is 460950850035 plus 773819230291?,1234770080326
What is 9793 plus 8979?,18772
What is 5128225 plus 2556721?,7684946
What is 7579 plus 3895?,11474
What is 798204938720306 plus 490585297045898?,1288790235766204
What is 834111672650 plus 499149650772?,1333261323422
What is 8348 plus 6647?,14995
What is 8626 plus 7115?,15741
What is 393446368 plus 937711668?,1331158036
What is 9192 plus 9194?,18386
What is 3903940 plus 4983034?,8886974
What is 2723 plus 6532?,9255
What is 1731665605 plus 4635686980?,6367352585
What is 56179598841 plus 87209100359?,143388699200
What is 973660337582 plus 982945246408?,1956605583990
What is 243 plus 431?,674
What is 8116356302 plus 7834028276?,15950384578
What is 2416620676 plus 1884694518?,4301315194
What is 53 plus 48?,101
What is 33 plus 28?,61
What is 387087418979269 plus 507394375248056?,894481794227325
What is 55433825796 plus 62206293017?,117640118813
What is 992705578975 plus 183013827270?,1175719406245
What is 6105 plus 2821?,8926
What is 828 plus 276?,1104
What is 7496 plus 9305?,16801
What is 658946 plus 333801?,992747
What is 467958 plus 359723?,827681
What is 9700662473 plus 4979555952?,14680218425
What is 427144002 plus 329532380?,756676382
What is 155830 plus 309737?,465567
What is 67 plus 13?,80
What is 538347213878 plus 661437639055?,1199784852933
What is 694904822907 plus 215756792546?,910661615453
What is 9630 plus 4522?,14152
What is 900390 plus 743668?,1644058
What is 93273388908346 plus 82917053311983?,176190442220329
What is 82290738 plus 96635766?,178926504
What is 21469249779912 plus 15026154819964?,36495404599876
What is 568688525661583 plus 842503959256627?,1411192484918210
What is 8456631 plus 7720155?,16176786
What is 3716074788051 plus 1978061317457?,5694136105508
What is 3777665159 plus 2197533355?,5975198514
What is 5161804275 plus 2585681403?,7747485678
What is 66306529956184 plus 77870308385614?,144176838341798
What is 9091116717770 plus 3505171724675?,12596288442445
What is 1580 plus 3276?,4856
What is 99531518485 plus 26437750750?,125969269235
What is 8308 plus 4481?,12789
What is 272822011569255 plus 281547906600397?,554369918169652
What is 605621731669 plus 684213797386?,1289835529055
What is 61018 plus 53164?,114182
What is 83 plus 66?,149
What is 846279762797688 plus 961861100250422?,1808140863048110
What is 70 plus 20?,90
What is 15140010750 plus 79155973946?,94295984696
What is 8734 plus 4031?,12765
What is 108160202 plus 445517661?,553677863
What is 26 plus 45?,71
What is 417479453608 plus 140958424492?,558437878100
What is 9412 plus 9618?,19030
What is 2599098355 plus 2294997672?,4894096027
What is 5201817 plus 2707408?,7909225
What is 81622472 plus 71670858?,153293330
What is 965553404847219 plus 855391995639950?,1820945400487169
What is 21416 plus 18574?,39990
What is 60155972 plus 51090281?,111246253
What is 569 plus 237?,806
What is 285900 plus 768457?,1054357
What is 840115160 plus 439657695?,1279772855
What is 995206692142 plus 795329225126?,1790535917268
What is 57217884148420 plus 11801861615419?,69019745763839
What is 207245242885017 plus 612467860271563?,819713103156580
What is 489277 plus 384426?,873703
What is 7394 plus 3139?,10533
What is 7325628 plus 2549321?,9874949
What is 312831335783 plus 349126263206?,661957598989
What is 1511 plus 7356?,8867
What is 167 plus 588?,755
What is 6913340686 plus 2400352132?,9313692818
What is 7815824195455 plus 6037116439460?,13852940634915
What is 5497816956914 plus 7652456784009?,13150273740923
What is 40505 plus 17592?,58097
What is 50 plus 11?,61
What is 541509 plus 386361?,927870
What is 547570151904214 plus 472717741404398?,1020287893308612
What is 4408063233598 plus 1586986742346?,5995049975944
What is 354 plus 532?,886
What is 5116788 plus 9694893?,14811681
What is 844725104 plus 524591643?,1369316747
What is 273901496511610 plus 980089322710164?,1253990819221774
What is 7960377 plus 3690357?,11650734
What is 2858 plus 6155?,9013
What is 879468593855 plus 789889563827?,1669358157682
What is 2961603 plus 3375386?,6336989
What is 90846491 plus 38109367?,128955858
What is 813748637 plus 234180245?,1047928882
What is 6804413104868 plus 1579134851474?,8383547956342
What is 38343 plus 52907?,91250
What is 582435552657 plus 742173154526?,1324608707183
What is 641912 plus 395587?,1037499
What is 917549933 plus 478115735?,1395665668
What is 2527468 plus 8268969?,10796437
What is 40901 plus 86984?,127885
What is 2098220 plus 8572974?,10671194
What is 5464 plus 6027?,11491
What is 28486803 plus 87488434?,115975237
What is 159 plus 988?,1147
What is 1092 plus 1451?,2543
What is 9591 plus 8295?,17886
What is 8640875379672 plus 5898334574247?,14539209953919
What is 28976487645664 plus 65040422965581?,94016910611245
What is 18 plus 20?,38
What is 57039 plus 96100?,153139
What is 60 plus 21?,81
What is 88201412545567 plus 97741495021437?,185942907567004
What is 680479935330576 plus 254631162437536?,935111097768112
What is 33 plus 66?,99
What is 816041 plus 706627?,1522668
What is 249128 plus 841051?,1090179
What is 568421802534 plus 906239995765?,1474661798299
What is 911649278323 plus 877317964399?,1788967242722
What is 53234410627713 plus 96091955554330?,149326366182043
What is 75742148643057 plus 50444496099008?,126186644742065
What is 83 plus 59?,142
What is 817520 plus 756955?,1574475
What is 43939129 plus 72622123?,116561252
What is 62721025 plus 89296508?,152017533
What is 25297 plus 68991?,94288
What is 823550 plus 383504?,1207054
What is 11 plus 51?,62
What is 3916 plus 1571?,5487
What is 9381523029823 plus 4987295309116?,14368818338939
What is 24 plus 46?,70
What is 587819069752330 plus 387158682965807?,974977752718137
What is 878060673 plus 683243204?,1561303877
What is 8197837 plus 8389619?,16587456
What is 62041106866 plus 48824171291?,110865278157
What is 43815387 plus 21242579?,65057966
What is 8357 plus 7929?,16286
What is 79338 plus 84921?,164259
What is 73781 plus 14284?,88065
What is 60 plus 82?,142
What is 71805507291346 plus 55664805300101?,127470312591447
What is 638344673030156 plus 358079443513290?,996424116543446
What is 811456969 plus 140650221?,952107190
What is 9327588009180 plus 8476243670660?,17803831679840
What is 81360235573995 plus 99979865925124?,181340101499119
What is 7755325926928 plus 1535134930094?,9290460857022
What is 157309869 plus 184506831?,341816700
What is 811 plus 146?,957
What is 9974543 plus 2194021?,12168564
What is 630037687714 plus 194096070761?,824133758475
What is 11242446 plus 57450535?,68692981
What is 8490781089196 plus 1755349398877?,10246130488073
What is 77639 plus 70698?,148337
What is 24 plus 31?,55
What is 5206841 plus 4521019?,9727860
What is 499871227 plus 539013813?,1038885040
What is 6177378259 plus 2077342861?,8254721120
What is 345181886622741 plus 478727192315714?,823909078938455
What is 9419987311 plus 6567993649?,15987980960
What is 137 plus 664?,801
What is 573659224604 plus 310806151088?,884465375692
What is 53855787799 plus 38396618690?,92252406489
What is 50728374218 plus 16297344354?,67025718572
What is 935 plus 874?,1809
What is 8480853633 plus 3671771807?,12152625440
What is 68385015900711 plus 82806866813613?,151191882714324
What is 73718146762 plus 71741020371?,145459167133
What is 298 plus 221?,519
What is 219872988364491 plus 979026304453283?,1198899292817774
What is 11 plus 43?,54
What is 4000762190437 plus 6729683944787?,10730446135224
What is 6048701571 plus 8290655574?,14339357145
What is 16623874 plus 35427206?,52051080
What is 506903296474 plus 116112355236?,623015651710
What is 97017335920 plus 35429521775?,132446857695
What is 9866059 plus 5995478?,15861537
What is 335159824899027 plus 994875968429783?,1330035793328810
What is 906513842 plus 771267732?,1677781574
What is 470768599294 plus 528712024972?,999480624266
What is 22 plus 92?,114
What is 19038679083492 plus 79238018375198?,98276697458690
What is 8507 plus 6773?,15280
What is 48714157349 plus 66321881568?,115036038917
What is 9743711592754 plus 5233684954924?,14977396547678
What is 27 plus 16?,43
What is 60657530588611 plus 63870073531614?,124527604120225
What is 731390165 plus 740895871?,1472286036
What is 9381473 plus 9340166?,18721639
What is 99258156945 plus 68957366390?,168215523335
What is 57661760 plus 72735623?,130397383
What is 266635200785 plus 252394024247?,519029225032
What is 491236056 plus 739788846?,1231024902
What is 180810411 plus 114781295?,295591706
What is 377871969503 plus 276201388652?,654073358155
What is 910601083130 plus 508164928420?,1418766011550
What is 846 plus 651?,1497
What is 61373 plus 57066?,118439
What is 952094169 plus 221495318?,1173589487
What is 982 plus 627?,1609
What is 90784844 plus 82139114?,172923958
What is 48888677176582 plus 95513779575535?,144402456752117
What is 48201815973241 plus 36188067185739?,84389883158980
What is 23175 plus 34391?,57566
What is 8833283297871 plus 5644604065408?,14477887363279
What is 17729718 plus 86444923?,104174641
What is 5040 plus 3851?,8891
What is 40568207356075 plus 32632995092432?,73201202448507
What is 168694489302028 plus 358910095054253?,527604584356281
What is 4615842 plus 2824177?,7440019
What is 850024336 plus 215940685?,1065965021
What is 5091 plus 6125?,11216
What is 30287786079394 plus 89254651585540?,119542437664934
What is 14 plus 98?,112
What is 2403291002182 plus 5912163636693?,8315454638875
What is 28113 plus 62743?,90856
What is 6791380951 plus 6681812101?,13473193052
What is 725705576 plus 602975201?,1328680777
What is 153084230 plus 510704811?,663789041
What is 8899270 plus 4656353?,13555623
What is 715209 plus 709068?,1424277
What is 69051532508 plus 42527829348?,111579361856
What is 134 plus 241?,375
What is 7562021 plus 3947085?,11509106
What is 35 plus 18?,53
What is 4871 plus 2827?,7698
What is 33360355943 plus 43143136500?,76503492443
What is 21912356090491 plus 32020873748148?,53933229838639
What is 48072848859 plus 32809901121?,80882749980
What is 950259532187466 plus 126045184946441?,1076304717133907
What is 679 plus 295?,974
What is 205 plus 331?,536
What is 9774605248418 plus 1469256344726?,11243861593144
What is 56183382124 plus 34113671484?,90297053608
What is 45422732 plus 57663772?,103086504
What is 683978815 plus 219444104?,903422919
What is 695116 plus 547772?,1242888
What is 76415999006 plus 15167505923?,91583504929
What is 817 plus 330?,1147
What is 83645 plus 31767?,115412
What is 592991552967 plus 885059347322?,1478050900289
What is 98114698 plus 34437692?,132552390
What is 50120 plus 50126?,100246
What is 7842370 plus 8560917?,16403287
What is 943564 plus 442418?,1385982
What is 79 plus 65?,144
What is 99 plus 99?,198
What is 6702277 plus 9148554?,15850831
What is 818 plus 568?,1386
What is 71 plus 78?,149
What is 350640 plus 235632?,586272
What is 95974001563 plus 42679535597?,138653537160
What is 831760608072099 plus 910708092833291?,1742468700905390
What is 194663263830 plus 367237906322?,561901170152
What is 211141283901939 plus 325086342661068?,536227626563007
What is 97520726 plus 51064024?,148584750
What is 181790247143486 plus 403417984616015?,585208231759501
What is 847354648994996 plus 284109261471184?,1131463910466180
What is 863568434 plus 749024136?,1612592570
What is 7544978821 plus 5432382926?,12977361747
What is 512575 plus 806440?,1319015
What is 782922494832 plus 124525348151?,907447842983
What is 5801 plus 8181?,13982
What is 28 plus 47?,75
What is 736855 plus 326613?,1063468
What is 3815333 plus 7029756?,10845089
What is 88769846866 plus 95345238752?,184115085618
What is 9803768448 plus 8318914695?,18122683143
What is 286672404 plus 614793859?,901466263
What is 371550 plus 905581?,1277131
What is 198366 plus 636573?,834939
What is 44634509093017 plus 78317626332575?,122952135425592
What is 666 plus 675?,1341
What is 88070068446201 plus 73934444285577?,162004512731778
What is 12429657494527 plus 82461289794853?,94890947289380
What is 71990315997 plus 11794757237?,83785073234
What is 92390854415828 plus 56140237949302?,148531092365130
What is 71554074 plus 48504702?,120058776
What is 5460024591653 plus 9155129124257?,14615153715910
What is 53380946718607 plus 88817986994594?,142198933713201
What is 33370134 plus 64324040?,97694174
What is 992411355 plus 828807116?,1821218471
What is 6765513469 plus 8697336674?,15462850143
What is 5886 plus 3058?,8944
What is 58 plus 92?,150
What is 94819822852 plus 14696469934?,109516292786
What is 825742052921577 plus 311471957119779?,1137214010041356
What is 825082048865 plus 264699646110?,1089781694975
What is 33182 plus 94039?,127221
What is 695452229 plus 968431642?,1663883871
What is 3133387808 plus 1206356986?,4339744794
What is 781 plus 260?,1041
What is 90300175 plus 37094807?,127394982
What is 91379 plus 78870?,170249
What is 543707602081 plus 860569597329?,1404277199410
What is 236892765 plus 459505208?,696397973
What is 9801 plus 3333?,13134
What is 110087961771221 plus 625656608144426?,735744569915647
What is 2064312241191 plus 6212220451528?,8276532692719
What is 70502 plus 72872?,143374
What is 26616245954109 plus 56119207889676?,82735453843785
What is 95 plus 26?,121
What is 8132193574 plus 8558417737?,16690611311
What is 63 plus 69?,132
What is 49826 plus 98294?,148120
What is 5302917649833 plus 2113713502843?,7416631152676
What is 69434765111555 plus 67452701460744?,136887466572299
What is 20521535 plus 61491960?,82013495
What is 69812 plus 65737?,135549
What is 6431 plus 8468?,14899
What is 95926788912435 plus 67706023385307?,163632812297742
What is 3804 plus 6005?,9809
What is 6637403567763 plus 8196023745792?,14833427313555
What is 204508223229 plus 359571082155?,564079305384
What is 43409401480 plus 86854691120?,130264092600
What is 5852 plus 1705?,7557
What is 821864733636 plus 537263383969?,1359128117605
What is 582777573272041 plus 708653459108639?,1291431032380680
What is 86944880920 plus 90078214890?,177023095810
What is 290274340906 plus 811005740863?,1101280081769
What is 88 plus 59?,147
What is 230779 plus 821390?,1052169
What is 69538354 plus 45161987?,114700341
What is 76213203450 plus 83461975213?,159675178663
What is 6999873495 plus 7917667323?,14917540818
What is 3738 plus 3267?,7005
What is 71909906 plus 30717966?,102627872
What is 25386514017889 plus 59741527420837?,85128041438726
What is 54183282358305 plus 15032861820789?,69216144179094
What is 994610920164 plus 952338011080?,1946948931244
What is 947529857023506 plus 226941644061829?,1174471501085335
What is 5915 plus 9702?,15617
What is 7420161580124 plus 5637911306702?,13058072886826
What is 61 plus 51?,112
What is 3477848 plus 4295447?,7773295
What is 5376370136355 plus 5466128802617?,10842498938972
What is 699001141 plus 888307361?,1587308502
What is 73935 plus 40639?,114574
What is 73527472 plus 97801305?,171328777
What is 7617800589866 plus 5748369409686?,13366169999552
What is 218 plus 142?,360
What is 82511762708 plus 12790334708?,95302097416
What is 42053326 plus 20509717?,62563043
What is 386 plus 785?,1171
What is 236023155240 plus 412019378763?,648042534003
What is 339 plus 113?,452
What is 30976448927 plus 10575049552?,41551498479
What is 760028577081020 plus 664091659782850?,1424120236863870
What is 457 plus 382?,839
What is 769495946599039 plus 695742538754543?,1465238485353582
What is 33 plus 48?,81
What is 17033 plus 18912?,35945
What is 4540 plus 8729?,13269
What is 77589 plus 53026?,130615
What is 34112 plus 72237?,106349
What is 802525824 plus 577935489?,1380461313
What is 3581478 plus 9157996?,12739474
What is 6207 plus 8394?,14601
What is 39579809384 plus 22452467204?,62032276588
What is 57453644 plus 20128366?,77582010
What is 374657998714174 plus 955080041451467?,1329738040165641
What is 62000678100307 plus 35382134082406?,97382812182713
What is 851159699617 plus 834858046813?,1686017746430
What is 4979 plus 3064?,8043
What is 9151638677136 plus 4980029983297?,14131668660433
What is 43671467563337 plus 93513093657654?,137184561220991
What is 36439 plus 49928?,86367
What is 25002856181524 plus 24390582312660?,49393438494184
What is 23617953 plus 69680817?,93298770
What is 7208855559920 plus 2847274235389?,10056129795309
What is 564158 plus 777257?,1341415
What is 57 plus 14?,71
What is 7112 plus 1451?,8563
What is 414575735044 plus 319726142821?,734301877865
What is 1862823 plus 3814585?,5677408
What is 74759494030297 plus 26709877290551?,101469371320848
What is 7780652 plus 7486585?,15267237
What is 85084381 plus 96372881?,181457262
What is 79979 plus 28820?,108799
What is 976211626602 plus 635689877090?,1611901503692
What is 980669742350 plus 528179184892?,1508848927242
What is 74947344 plus 58921340?,133868684
What is 37083572753317 plus 61722548351015?,98806121104332
What is 707483243 plus 181090241?,888573484
What is 7881870519417 plus 9331201000141?,17213071519558
What is 41124541171 plus 26250863724?,67375404895
What is 6803785 plus 4431186?,11234971
What is 887543042206886 plus 863523661109918?,1751066703316804
What is 52171173781733 plus 14954033080201?,67125206861934
What is 21 plus 13?,34
What is 32643324370 plus 51619918711?,84263243081
What is 95403 plus 85535?,180938
What is 84170343 plus 96252906?,180423249
What is 90431099507111 plus 90245040208814?,180676139715925
What is 139765870 plus 123435847?,263201717
What is 6245890 plus 8202862?,14448752
What is 6882 plus 5427?,12309
What is 85806834 plus 37079720?,122886554
What is 406772857193061 plus 901506979087700?,1308279836280761
What is 25256972152 plus 24486092755?,49743064907
What is 4955236692 plus 6780525300?,11735761992
What is 31708369 plus 41660326?,73368695
What is 540373770 plus 488739519?,1029113289
What is 541194383596380 plus 154502230606791?,695696614203171
What is 16280872470 plus 69671441570?,85952314040
What is 94058254551 plus 82098802963?,176157057514
What is 939703941844 plus 432014040133?,1371717981977
What is 4090153785046 plus 9459850208634?,13550003993680
What is 45834294560 plus 67719475629?,113553770189
What is 7349167 plus 5052994?,12402161
What is 356 plus 286?,642
What is 9239694293 plus 3412930830?,12652625123
What is 6481599921882 plus 2304474561984?,8786074483866
What is 69 plus 13?,82
What is 32 plus 21?,53
What is 91967307 plus 83492531?,175459838
What is 72 plus 54?,126
What is 1130226840 plus 3188324143?,4318550983
What is 5541182736458 plus 8311039456007?,13852222192465
What is 45664 plus 92149?,137813
What is 458565337971 plus 813654683007?,1272220020978
What is 821722704424 plus 298659775698?,1120382480122
What is 5241050753839 plus 8736767158148?,13977817911987
What is 2373605 plus 8761700?,11135305
What is 1610439752 plus 5937784859?,7548224611
What is 928326523 plus 416624583?,1344951106
What is 720624870 plus 710558797?,1431183667
What is 19318648 plus 85931806?,105250454
What is 91999988269034 plus 65322966842039?,157322955111073
What is 1443416067 plus 2154974006?,3598390073
What is 958108815165 plus 863583586817?,1821692401982
What is 88787466006259 plus 31198273548033?,119985739554292
What is 2690488 plus 8364592?,11055080
What is 6747843600 plus 8172197552?,14920041152
What is 72 plus 51?,123
What is 713 plus 735?,1448
What is 8104109519091 plus 8485303521019?,16589413040110
What is 408061 plus 100321?,508382
What is 43 plus 60?,103
What is 6446950 plus 5383013?,11829963
What is 144519026 plus 154136972?,298655998
What is 52852 plus 22507?,75359
What is 3011809870 plus 9967963959?,12979773829
What is 658040114016 plus 449243179811?,1107283293827
What is 29 plus 26?,55
What is 725054946029799 plus 848335265697399?,1573390211727198
What is 4163385709288 plus 3869213521536?,8032599230824
What is 79014180612 plus 48333494011?,127347674623
What is 44 plus 66?,110
What is 94597973 plus 25283159?,119881132
What is 75467751 plus 94971883?,170439634
What is 5365640416 plus 3096794809?,8462435225
What is 559 plus 137?,696
What is 7892238410 plus 4798880920?,12691119330
What is 88839038798 plus 36405063683?,125244102481
What is 6517764374 plus 9117596909?,15635361283
What is 767584 plus 714905?,1482489
What is 33873309134843 plus 94249843907879?,128123153042722
What is 758 plus 701?,1459
What is 29536 plus 61526?,91062
What is 71071932359266 plus 54645605585157?,125717537944423
What is 80064628474270 plus 77717325511470?,157781953985740
What is 6627662955 plus 1246367242?,7874030197
What is 934 plus 939?,1873
What is 152230359 plus 955143344?,1107373703
What is 8795428525883 plus 5696684526623?,14492113052506
What is 425936 plus 505385?,931321
What is 14975814806299 plus 98838291864139?,113814106670438
What is 3708 plus 2244?,5952
What is 7106717519 plus 4945082160?,12051799679
What is 5674642738853 plus 9841413356183?,15516056095036
What is 6847864933608 plus 7546138605815?,14394003539423
What is 360454296051742 plus 226061537352133?,586515833403875
What is 213587648753531 plus 726606763872869?,940194412626400
What is 2920606616 plus 3275540175?,6196146791
What is 987965 plus 713231?,1701196
What is 3284712874307 plus 1047659001414?,4332371875721
What is 2439858 plus 2507261?,4947119
What is 80634217216972 plus 27590719591646?,108224936808618
What is 42135852067782 plus 73395748987131?,115531601054913
What is 76 plus 73?,149
What is 9306738097983 plus 3718139899442?,13024877997425
What is 5135775 plus 5998213?,11133988
What is 6595360953 plus 6283717400?,12879078353
What is 83960 plus 66759?,150719
What is 5518307417 plus 4189939362?,9708246779
What is 593725 plus 883740?,1477465
What is 4992 plus 7754?,12746
What is 266016 plus 781981?,1047997
What is 569925 plus 536523?,1106448
What is 595319744154659 plus 524855021335710?,1120174765490369
What is 445213 plus 870256?,1315469
What is 133612466 plus 143272825?,276885291
What is 43138 plus 60477?,103615
What is 6404569 plus 6697091?,13101660
What is 35723 plus 76963?,112686
What is 6158595948 plus 1435738671?,7594334619
What is 2077 plus 4870?,6947
What is 6898285358901 plus 2636400874810?,9534686233711
What is 67 plus 94?,161
What is 12112120346 plus 22111859161?,34223979507
What is 9935225 plus 4312260?,14247485
What is 655542141536 plus 212582882851?,868125024387
What is 64513571759395 plus 16837564546085?,81351136305480
What is 1712349111002 plus 2560648696455?,4272997807457
What is 97 plus 98?,195
What is 46609155169983 plus 61708816256260?,108317971426243
What is 695067881491 plus 417746851702?,1112814733193
What is 96556502634902 plus 37853372482623?,134409875117525
What is 3988 plus 9069?,13057
What is 68170 plus 15985?,84155
What is 94099 plus 53251?,147350
What is 5339522 plus 8315301?,13654823
What is 261728765094231 plus 236021731796847?,497750496891078
What is 662600 plus 508919?,1171519
What is 755849826023 plus 280961209278?,1036811035301
What is 7970 plus 1494?,9464
What is 407904 plus 961132?,1369036
What is 285873 plus 218259?,504132
What is 1085 plus 5480?,6565
What is 2425271 plus 5158100?,7583371
What is 79027 plus 74459?,153486
What is 612060 plus 874118?,1486178
What is 330703218 plus 227916968?,558620186
What is 291766634648 plus 144030783811?,435797418459
What is 970600433112 plus 642905389231?,1613505822343
What is 59899 plus 72486?,132385
What is 8324700537947 plus 6367235324838?,14691935862785
What is 2995027927 plus 3153552631?,6148580558
What is 2294 plus 9848?,12142
What is 4711185306 plus 1134385548?,5845570854
What is 9111749431142 plus 4142478578791?,13254228009933
What is 38736136931 plus 68712210081?,107448347012
What is 7655 plus 7836?,15491
What is 38586160458613 plus 23938480840744?,62524641299357
What is 9276316 plus 4755434?,14031750
What is 8913727093480 plus 8726542017259?,17640269110739
What is 367439 plus 819388?,1186827
What is 153333812540 plus 424409767177?,577743579717
What is 636 plus 402?,1038
What is 407106092 plus 326436718?,733542810
What is 377418 plus 875954?,1253372
What is 1406457267680 plus 1127421650448?,2533878918128
What is 214553787856 plus 374342835349?,588896623205
What is 4541273 plus 6908430?,11449703
What is 33791 plus 41231?,75022
What is 4594456659721 plus 9016530331619?,13610986991340
What is 418026473 plus 300862764?,718889237
What is 486332 plus 806689?,1293021
What is 640064910658502 plus 788206448684718?,1428271359343220
What is 7981040948 plus 7295199264?,15276240212
What is 4562325035724 plus 2515123801122?,7077448836846
What is 895346026 plus 505168474?,1400514500
What is 208995786 plus 963907238?,1172903024
What is 9322870480825 plus 5090809013660?,14413679494485
What is 9607585 plus 5240082?,14847667
What is 6554432632524 plus 7103465581857?,13657898214381
What is 3108232847 plus 8849512330?,11957745177
What is 14 plus 62?,76
What is 103969 plus 876056?,980025
What is 391326833 plus 407182279?,798509112
What is 591286983 plus 980176184?,1571463167
What is 1831875668981 plus 9411839748419?,11243715417400
What is 390 plus 206?,596
What is 6488998913310 plus 6948856135368?,13437855048678
What is 630960622553148 plus 735177479946240?,1366138102499388
What is 4964469620 plus 1756813427?,6721283047
What is 215777 plus 597899?,813676
What is 573 plus 264?,837
What is 15921820736044 plus 79151395083388?,95073215819432
What is 1752740 plus 6023932?,7776672
What is 9870607230973 plus 1977782706310?,11848389937283
What is 483483707633093 plus 657212434209880?,1140696141842973
What is 15090171 plus 51756467?,66846638
What is 4567 plus 6023?,10590
What is 889303 plus 904496?,1793799
What is 380312399475 plus 873240978170?,1253553377645
What is 886197212870283 plus 865418783303553?,1751615996173836
What is 2045747 plus 1312676?,3358423
What is 15049486 plus 52085441?,67134927
What is 629 plus 628?,1257
What is 56094 plus 84133?,140227
What is 3656986448 plus 6348182931?,10005169379
What is 68 plus 21?,89
What is 8250947021676 plus 2078186338912?,10329133360588
What is 99058400325798 plus 54841401832211?,153899802158009
What is 3993 plus 6480?,10473
What is 773923942904378 plus 794797368613971?,1568721311518349
What is 3899836093 plus 3470865974?,7370702067
What is 44 plus 65?,109
What is 57676252843 plus 99894981837?,157571234680
What is 82087 plus 89797?,171884
What is 5415233062 plus 9553787369?,14969020431
What is 37820474 plus 43263804?,81084278
What is 62447607088 plus 84372670901?,146820277989
What is 68268599 plus 52793364?,121061963
What is 35 plus 75?,110
What is 565127 plus 106139?,671266
What is 792854 plus 104474?,897328
What is 52 plus 38?,90
What is 6282 plus 5247?,11529
What is 29062 plus 40279?,69341
What is 87695 plus 11968?,99663
What is 7677 plus 4879?,12556
What is 7619 plus 2327?,9946
What is 51 plus 17?,68
What is 447915 plus 781856?,1229771
What is 8161253579703 plus 1071361396516?,9232614976219
What is 6265146 plus 5722074?,11987220
What is 258 plus 375?,633
What is 462238697660299 plus 885900517051254?,1348139214711553
What is 82319 plus 89353?,171672
What is 98435251537 plus 12916586080?,111351837617
What is 46076963704804 plus 27227429641245?,73304393346049
What is 628 plus 581?,1209
What is 15766490 plus 35364563?,51131053
What is 15495651666244 plus 72703329732657?,88198981398901
What is 4135521 plus 6513018?,10648539
What is 88282916817 plus 58826452607?,147109369424
What is 51 plus 29?,80
What is 78380 plus 87660?,166040
What is 868503174079462 plus 664253032883301?,1532756206962763
What is 4228199 plus 6211039?,10439238
What is 404711767 plus 486714243?,891426010
What is 708 plus 409?,1117
What is 184665507 plus 867692202?,1052357709
What is 6043856 plus 2804004?,8847860
What is 693345968639623 plus 828624675359411?,1521970643999034
What is 980246555 plus 388649696?,1368896251
What is 331025521 plus 268299054?,599324575
What is 610755 plus 105190?,715945
What is 65 plus 38?,103
What is 496169 plus 680646?,1176815
What is 24359587353386 plus 45113051196824?,69472638550210
What is 3547 plus 5450?,8997
What is 8469706767 plus 1776605628?,10246312395
What is 9119791 plus 5253896?,14373687
What is 511750656246258 plus 628741641907440?,1140492298153698
What is 8944076705833 plus 1431294868450?,10375371574283
What is 5256 plus 2031?,7287
What is 7597922204 plus 5460446766?,13058368970
What is 773610999766026 plus 223300798968497?,996911798734523
What is 35206 plus 13292?,48498
What is 341721 plus 887155?,1228876
What is 83096581651361 plus 67159323561657?,150255905213018
What is 7583 plus 8040?,15623
What is 795692886013867 plus 638098530329580?,1433791416343447
What is 19951095 plus 38604297?,58555392
What is 1945 plus 1376?,3321
What is 5877773085 plus 2641046759?,8518819844
What is 9427657904 plus 6510376692?,15938034596
What is 60837791430622 plus 15300753168428?,76138544599050
What is 969 plus 636?,1605
What is 59 plus 53?,112
What is 5849916238759 plus 7867204820672?,13717121059431
What is 441579286607307 plus 122892978279020?,564472264886327
What is 6811 plus 3080?,9891
What is 8906513173436 plus 7702627723828?,16609140897264
What is 53873 plus 96672?,150545
What is 9627251110 plus 3902420556?,13529671666
What is 727452222322 plus 750973843775?,1478426066097
What is 7903948890713 plus 5286317588634?,13190266479347
What is 492 plus 185?,677
What is 57038 plus 85244?,142282
What is 783720275719 plus 399575796877?,1183296072596
What is 6058 plus 9102?,15160
What is 61842229580421 plus 11938432707223?,73780662287644
What is 7089113276 plus 7582799983?,14671913259
What is 797880753990661 plus 541757087965628?,1339637841956289
What is 41322490374391 plus 67392853786871?,108715344161262
What is 981 plus 842?,1823
What is 574355 plus 288754?,863109
What is 506532 plus 803183?,1309715
What is 4488463563987 plus 9587055167775?,14075518731762
What is 85943983 plus 68045485?,153989468
What is 935736176154 plus 549862448686?,1485598624840
What is 669525 plus 345862?,1015387
What is 38332888135662 plus 94522954519414?,132855842655076
What is 4740268 plus 8229313?,12969581
What is 461 plus 535?,996
What is 60021688472765 plus 20291949627945?,80313638100710
What is 5313568 plus 4742460?,10056028
What is 28844 plus 72121?,100965
What is 70443 plus 15635?,86078
What is 1090 plus 5711?,6801
What is 23 plus 95?,118
What is 17889 plus 44793?,62682
What is 79926 plus 10320?,90246
What is 8113 plus 5257?,13370
What is 396048148488008 plus 704945090437216?,1100993238925224
What is 806124692844047 plus 609912763223108?,1416037456067155
What is 504721 plus 291383?,796104
What is 375 plus 432?,807
What is 749254930239 plus 152506521756?,901761451995
What is 63 plus 96?,159
What is 3222510 plus 4853880?,8076390
What is 17622 plus 93202?,110824
What is 405 plus 584?,989
What is 113 plus 760?,873
What is 8907749614 plus 5222968278?,14130717892
What is 653989608512421 plus 606359751318399?,1260349359830820
What is 596 plus 693?,1289
What is 91787297 plus 17557668?,109344965
What is 27632885329 plus 52501626649?,80134511978
What is 11841695709 plus 62242693873?,74084389582
What is 53033 plus 74741?,127774
What is 681 plus 579?,1260
What is 707 plus 818?,1525
What is 53815578 plus 94859453?,148675031
What is 868 plus 271?,1139
What is 8934674 plus 9510668?,18445342
What is 290194161 plus 295840138?,586034299
What is 7835710165356 plus 3424604242649?,11260314408005
What is 2071 plus 4487?,6558
What is 37632068492664 plus 75248238571294?,112880307063958
What is 67749125626502 plus 54899972101612?,122649097728114
What is 2105510589991 plus 2623094200910?,4728604790901
What is 24050873 plus 44583153?,68634026
What is 548527339784 plus 375011466422?,923538806206
What is 17243441 plus 50910486?,68153927
What is 33892037093 plus 84844529187?,118736566280
What is 536430106 plus 858695684?,1395125790
What is 78112197271 plus 42479160874?,120591358145
What is 33561412497136 plus 97622550361663?,131183962858799
What is 4721 plus 2849?,7570
What is 875373902550 plus 358546765289?,1233920667839
What is 87560412721140 plus 54561304102113?,142121716823253
What is 8001394 plus 6857572?,14858966
What is 536712 plus 885250?,1421962
What is 9576003 plus 1099208?,10675211
What is 46 plus 45?,91
What is 161 plus 781?,942
What is 381 plus 861?,1242
What is 67101832 plus 42190854?,109292686
What is 3368121658293 plus 1598893221374?,4967014879667
What is 975751765439364 plus 138151098873743?,1113902864313107
What is 112546 plus 216335?,328881
What is 8581983 plus 7103682?,15685665
What is 46977602 plus 42899708?,89877310
What is 5506686053200 plus 3721746325090?,9228432378290
What is 64320801 plus 31321984?,95642785
What is 15057318 plus 81223533?,96280851
What is 52523 plus 25611?,78134
What is 83155 plus 40884?,124039
What is 51 plus 88?,139
What is 80801 plus 49048?,129849
What is 9981746373 plus 3735982565?,13717728938
What is 96384 plus 41788?,138172
What is 442603 plus 769217?,1211820
What is 2553895 plus 7759207?,10313102
What is 53 plus 45?,98
What is 74186786840 plus 50685186096?,124871972936
What is 4916 plus 9186?,14102
What is 44775677789 plus 21495173237?,66270851026
What is 74324153028786 plus 31685688417833?,106009841446619
What is 7246146150562 plus 2981314291128?,10227460441690
What is 86882958681 plus 12909313005?,99792271686
What is 75 plus 81?,156
What is 92142 plus 36904?,129046
What is 171246283 plus 286804280?,458050563
What is 974878261 plus 341275805?,1316154066
What is 310383 plus 972378?,1282761
What is 348 plus 734?,1082
What is 10766 plus 68247?,79013
What is 3790919425 plus 3959750967?,7750670392
What is 832852240050 plus 750471061144?,1583323301194
What is 17856848189 plus 71332531311?,89189379500
What is 42120 plus 93782?,135902
What is 646380563766010 plus 564012494939298?,1210393058705308
What is 574251156215380 plus 456125589200717?,1030376745416097
What is 3115 plus 2642?,5757
What is 8406311830 plus 7742791374?,16149103204
What is 6989139765566 plus 8015092720632?,15004232486198
What is 81802462453 plus 47063439444?,128865901897
What is 1843640 plus 1884691?,3728331
What is 4072434 plus 5229123?,9301557
What is 168290698 plus 958181978?,1126472676
What is 7591831532191 plus 6175663204295?,13767494736486
What is 12118670876192 plus 31177376722497?,43296047598689
What is 809 plus 320?,1129
What is 81920846 plus 48844892?,130765738
What is 76 plus 38?,114
What is 8055009321662 plus 1923719054896?,9978728376558
What is 514811 plus 677166?,1191977
What is 2336354794 plus 5902610471?,8238965265
What is 16349880624 plus 41841522807?,58191403431
What is 27142027899 plus 83238800622?,110380828521
What is 254678904851 plus 145218595818?,399897500669
What is 90667873812125 plus 55579494459191?,146247368271316
What is 7824306179597 plus 6183614352094?,14007920531691
What is 346470 plus 898215?,1244685
What is 3357 plus 5872?,9229
What is 83976378633 plus 79015442183?,162991820816
What is 19925635420015 plus 10989720680460?,30915356100475
What is 3898316411632 plus 2551883275870?,6450199687502
What is 777 plus 553?,1330
What is 15 plus 55?,70
What is 555534486 plus 658626096?,1214160582
What is 65956 plus 31024?,96980
What is 666803 plus 343183?,1009986
What is 88127728 plus 39149503?,127277231
What is 36 plus 50?,86
What is 624472731596 plus 104206520895?,728679252491
What is 602267232795 plus 489664876571?,1091932109366
What is 535529651 plus 852747254?,1388276905
What is 587 plus 800?,1387
What is 44512845877 plus 56923602483?,101436448360
What is 89773388 plus 19419935?,109193323
What is 556416172 plus 913820613?,1470236785
What is 8044 plus 8090?,16134
What is 3600 plus 1933?,5533
What is 40 plus 59?,99
What is 7385 plus 1896?,9281
What is 7442139326 plus 6166366909?,13608506235
What is 4374045908860 plus 2710257071396?,7084302980256
What is 254 plus 275?,529
What is 77 plus 40?,117
What is 1159366210696 plus 2693475175372?,3852841386068
What is 402 plus 856?,1258
What is 6258136918 plus 3451347817?,9709484735
What is 72576042 plus 97237741?,169813783
What is 1547457090 plus 5309637397?,6857094487
What is 22280979988 plus 36136927546?,58417907534
What is 9628 plus 7487?,17115
What is 97425739061057 plus 73481647043142?,170907386104199
What is 14591291231 plus 28937587796?,43528879027
What is 7716892767180 plus 7572554965027?,15289447732207
What is 1293 plus 8122?,9415
What is 763337687844 plus 298924299497?,1062261987341
What is 41537178412008 plus 22115342441749?,63652520853757
What is 833807712414 plus 213249987716?,1047057700130
What is 4152146 plus 8393644?,12545790
What is 154041367 plus 322913031?,476954398
What is 460092365 plus 649339844?,1109432209
What is 99441017914 plus 31886243953?,131327261867
What is 96940112937 plus 83182674849?,180122787786
What is 24436870834 plus 71720530989?,96157401823
What is 48282 plus 11877?,60159
What is 25519458998955 plus 78613377064093?,104132836063048
What is 183641770034 plus 664945462915?,848587232949
What is 165167 plus 637251?,802418
What is 4063 plus 2538?,6601
What is 5705357582 plus 8924510757?,14629868339
What is 181444933437112 plus 606026574606777?,787471508043889
What is 162566668 plus 547773476?,710340144
What is 244343723480177 plus 641071640935744?,885415364415921
What is 7293 plus 7678?,14971
What is 36 plus 52?,88
What is 262827345 plus 526841147?,789668492
What is 496813 plus 411636?,908449
What is 71524271484 plus 30877592169?,102401863653
What is 26366863531 plus 46176691115?,72543554646
What is 2001 plus 6235?,8236
What is 96503 plus 42411?,138914
What is 4418250387 plus 1026706171?,5444956558
What is 444 plus 991?,1435
What is 3815466075167 plus 7332913934121?,11148380009288
What is 89176011002 plus 80010396559?,169186407561
What is 8829878657114 plus 5031952530290?,13861831187404
What is 571648 plus 293306?,864954
What is 23381512 plus 94662478?,118043990
What is 7641264 plus 9956656?,17597920
What is 850053 plus 177295?,1027348
What is 22228 plus 30327?,52555
What is 22657081 plus 89427876?,112084957
What is 8941889 plus 1378253?,10320142
What is 78 plus 91?,169
What is 410002 plus 557323?,967325
What is 9395 plus 1375?,10770
What is 151787 plus 711852?,863639
What is 731419374 plus 729302679?,1460722053
What is 619 plus 930?,1549
What is 157546724 plus 397983332?,555530056
What is 4455 plus 3538?,7993
What is 949725 plus 702778?,1652503
What is 4572 plus 8790?,13362
What is 37247 plus 13881?,51128
What is 3503 plus 1486?,4989
What is 697164957 plus 802631039?,1499795996
What is 470609 plus 421165?,891774
What is 32155013161781 plus 44366416254493?,76521429416274
What is 361646 plus 833487?,1195133
What is 991 plus 332?,1323
What is 233330290 plus 739280694?,972610984
What is 6561212822 plus 1084465856?,7645678678
What is 331 plus 967?,1298
What is 7009 plus 2098?,9107
What is 11394 plus 95108?,106502
What is 531329920724968 plus 106279286002831?,637609206727799
What is 71918255882478 plus 83465260984422?,155383516866900
What is 705655926029 plus 241988954061?,947644880090
What is 45164356972132 plus 10957298338633?,56121655310765
What is 28623582323 plus 99585979830?,128209562153
What is 26851763625841 plus 79787403935313?,106639167561154
What is 4080 plus 4872?,8952
What is 930 plus 689?,1619
What is 7447870863 plus 3429437028?,10877307891
What is 2158302 plus 7611610?,9769912
What is 550821248564 plus 963269248110?,1514090496674
What is 56 plus 18?,74
What is 55 plus 42?,97
What is 76174127 plus 87775625?,163949752
What is 66682 plus 62717?,129399
What is 34 plus 15?,49
What is 861792985 plus 977420332?,1839213317
What is 16197359 plus 26362023?,42559382
What is 47 plus 70?,117
What is 5283610 plus 4453839?,9737449
What is 3494707788 plus 7061695391?,10556403179
What is 1342533788235 plus 5400041287928?,6742575076163
What is 376908582132982 plus 737886191125023?,1114794773258005
What is 62756174973663 plus 85132180866600?,147888355840263
What is 4462027224 plus 7977964044?,12439991268
What is 6359884 plus 5013632?,11373516
What is 681611012150472 plus 752297645164993?,1433908657315465
What is 57 plus 66?,123
What is 32642959751743 plus 62091240417639?,94734200169382
What is 459540276716719 plus 972377812021667?,1431918088738386
What is 2166 plus 1818?,3984
What is 16214735546949 plus 61075092770884?,77289828317833
What is 482680604 plus 389512804?,872193408
What is 9035185 plus 4944433?,13979618
What is 154209716329553 plus 621536820202144?,775746536531697
What is 200 plus 805?,1005
What is 83 plus 51?,134
What is 8821142 plus 8893512?,17714654
What is 7311 plus 4132?,11443
What is 982437675 plus 834926307?,1817363982
What is 5492359 plus 6720663?,12213022
What is 88493142 plus 79952431?,168445573
What is 43179423 plus 30661992?,73841415
What is 71 plus 80?,151
What is 662 plus 867?,1529
What is 89738864191196 plus 22812416496212?,112551280687408
What is 973477 plus 196507?,1169984
What is 98 plus 35?,133
What is 1852787 plus 3977364?,5830151
What is 7963812560533 plus 1717267046354?,9681079606887
What is 65293 plus 96163?,161456
What is 899293425 plus 977216162?,1876509587
What is 22989706125326 plus 41349344122417?,64339050247743
What is 554253119535 plus 867015635968?,1421268755503
What is 392363 plus 720725?,1113088
What is 137989347881596 plus 370723967876488?,508713315758084
What is 34 plus 39?,73
What is 535 plus 381?,916
What is 22403682240 plus 68764764569?,91168446809
What is 971289357 plus 407874106?,1379163463
What is 68585426651369 plus 61898421073341?,130483847724710
What is 44869484 plus 10172675?,55042159
What is 824734808 plus 980098575?,1804833383
What is 3355569 plus 8597742?,11953311
What is 917987 plus 535225?,1453212
What is 356328050473794 plus 375697784952562?,732025835426356
What is 93 plus 31?,124
What is 5746589 plus 4342410?,10088999
What is 12571129 plus 98596403?,111167532
What is 34666762079 plus 48715003136?,83381765215
What is 885573740770 plus 230586033622?,1116159774392
What is 54956 plus 93736?,148692
What is 8632 plus 9346?,17978
What is 50862598568290 plus 13370652049450?,64233250617740
What is 1481865725 plus 6851420004?,8333285729
What is 78155498175 plus 20147760463?,98303258638
What is 70 plus 41?,111
What is 4774206028405 plus 9417565981160?,14191772009565
What is 9739 plus 2595?,12334
What is 510595748 plus 696380434?,1206976182
What is 9732 plus 7466?,17198
What is 8481140 plus 3718077?,12199217
What is 59202955305 plus 67196308091?,126399263396
What is 8530609909 plus 4466238984?,12996848893
What is 1157763 plus 5105868?,6263631
What is 25827756066217 plus 64310729279518?,90138485345735
What is 6181 plus 8496?,14677
What is 8215123 plus 7835336?,16050459
What is 86 plus 41?,127
What is 601852980 plus 489806719?,1091659699
What is 442621297161 plus 411009865746?,853631162907
What is 581796755 plus 331581919?,913378674
What is 88746380 plus 24620119?,113366499
What is 5185653 plus 6226628?,11412281
What is 1336293083 plus 2524469974?,3860763057
What is 2914039731 plus 1190736950?,4104776681
What is 71910 plus 13634?,85544
What is 3506624 plus 6200592?,9707216
What is 728573167681 plus 895468701036?,1624041868717
What is 744895980609 plus 187573518229?,932469498838
What is 406571446215 plus 699775358125?,1106346804340
What is 47221488769 plus 40597255832?,87818744601
What is 942437 plus 553319?,1495756
What is 179 plus 282?,461
What is 30658405794 plus 33252646856?,63911052650
What is 26317105 plus 28939656?,55256761
What is 243449 plus 881785?,1125234
What is 8931270763 plus 4227519444?,13158790207
What is 724525647 plus 363121818?,1087647465
What is 375347842 plus 465998281?,841346123
What is 5065109 plus 6144449?,11209558
What is 555132390746 plus 955396009672?,1510528400418
What is 264994907 plus 945088405?,1210083312
What is 3143 plus 3570?,6713
What is 413 plus 868?,1281
What is 8049522 plus 2503678?,10553200
What is 73 plus 73?,146
What is 49819557 plus 28874943?,78694500
What is 434581322443265 plus 173787640648110?,608368963091375
What is 296523889798194 plus 498211040664360?,794734930462554
What is 754310 plus 553595?,1307905
What is 7686800220 plus 4133877548?,11820677768
What is 9679 plus 5271?,14950
What is 97883310 plus 64140614?,162023924
What is 50777237264947 plus 29319804915357?,80097042180304
What is 97546942417073 plus 83150534078452?,180697476495525
What is 8441727868890 plus 7721114201155?,16162842070045
What is 4328798381989 plus 9714878517708?,14043676899697
What is 947 plus 187?,1134
What is 3509612021080 plus 7882109405054?,11391721426134
What is 7176757897 plus 8622916216?,15799674113
What is 46447489 plus 45732906?,92180395
What is 2707514813 plus 3304510439?,6012025252
What is 3928779 plus 7847880?,11776659
What is 2733442 plus 3628501?,6361943
What is 2079096 plus 6514773?,8593869
What is 165610465738894 plus 715171013961918?,880781479700812
What is 5424 plus 5259?,10683
What is 4342806346443 plus 3762045230782?,8104851577225
What is 96772 plus 90946?,187718
What is 57002130410 plus 37048820445?,94050950855
What is 479185854886267 plus 202828506447882?,682014361334149
What is 2358782 plus 7413637?,9772419
What is 867392162098 plus 335590963696?,1202983125794
What is 298103571 plus 909624623?,1207728194
What is 20614038 plus 80203379?,100817417
What is 59145 plus 34114?,93259
What is 3892 plus 8157?,12049
What is 95448504803577 plus 98164008734167?,193612513537744
What is 113271286314763 plus 932836555220330?,1046107841535093
What is 49164842421270 plus 18365480407960?,67530322829230
What is 23976177776 plus 29076108611?,53052286387
What is 8618014913507 plus 4172201243424?,12790216156931
What is 85705729779 plus 83867367805?,169573097584
What is 2838671524764 plus 3145891696659?,5984563221423
What is 97824080 plus 99748640?,197572720
What is 76972 plus 67662?,144634
What is 74113004 plus 96617645?,170730649
What is 1486183714 plus 1046960220?,2533143934
What is 8524858624 plus 4090207259?,12615065883
What is 577050567013063 plus 752126636243326?,1329177203256389
What is 70720609072 plus 41503060425?,112223669497
What is 882137 plus 335089?,1217226
What is 354144 plus 439356?,793500
What is 94107238989 plus 54011478115?,148118717104
What is 878 plus 995?,1873
What is 3349562461036 plus 8960857509614?,12310419970650
What is 824 plus 767?,1591
What is 402893 plus 994289?,1397182
What is 130268055 plus 481004594?,611272649
What is 4470725024 plus 2916716556?,7387441580
What is 333207 plus 355487?,688694
What is 6955602 plus 7954770?,14910372
What is 592 plus 637?,1229
What is 80379 plus 28424?,108803
What is 2517321033 plus 2483981768?,5001302801
What is 1819348701 plus 2917958492?,4737307193
What is 4378730 plus 7278005?,11656735
What is 90425462 plus 45781493?,136206955
What is 59 plus 85?,144
What is 930 plus 856?,1786
What is 1270148790161 plus 7256360126484?,8526508916645
What is 535417544 plus 150920130?,686337674
What is 5211796502142 plus 4912780372569?,10124576874711
What is 3996 plus 2377?,6373
What is 9212390559 plus 7513804115?,16726194674
What is 478954614 plus 728292541?,1207247155
What is 559 plus 235?,794
What is 94873816378434 plus 38242486210346?,133116302588780
What is 6418 plus 4824?,11242
What is 586885 plus 901158?,1488043
What is 46141 plus 98634?,144775
What is 899998029552246 plus 331731249886017?,1231729279438263
What is 960899495873077 plus 343553097928297?,1304452593801374
What is 51845204735 plus 77653641225?,129498845960
What is 457104 plus 711737?,1168841
What is 374757062717 plus 239827966943?,614585029660
What is 5211 plus 4085?,9296
What is 384886 plus 306816?,691702
What is 54931137111 plus 19816978155?,74748115266
What is 33642082 plus 49005468?,82647550
What is 28720024979 plus 11800446081?,40520471060
What is 690884480605816 plus 633835248308519?,1324719728914335
What is 85 plus 94?,179
What is 1802447309 plus 8152845250?,9955292559
What is 57 plus 23?,80
What is 1771676819187 plus 9230495908236?,11002172727423
What is 57069782260349 plus 40856157445070?,97925939705419
What is 48 plus 20?,68
What is 674575332 plus 974922265?,1649497597
What is 5976423656 plus 8457801806?,14434225462
What is 80892289394 plus 90958943244?,171851232638
What is 7161 plus 4020?,11181
What is 9041 plus 4061?,13102
What is 99772633118359 plus 40235306594691?,140007939713050
What is 2428043602753 plus 8132572445908?,10560616048661
What is 94392149785 plus 52256155894?,146648305679
What is 461760122 plus 388478807?,850238929
What is 917901 plus 837334?,1755235
What is 9631057262018 plus 3119079855290?,12750137117308
What is 190 plus 873?,1063
What is 567759774207 plus 353011475275?,920771249482
What is 22 plus 35?,57
What is 4856216 plus 8678119?,13534335
What is 81 plus 17?,98
What is 97854015 plus 22533215?,120387230
What is 5992 plus 2109?,8101
What is 80567087843411 plus 44927370311629?,125494458155040
What is 809703025358 plus 714277143312?,1523980168670
What is 5124393428 plus 1439189349?,6563582777
What is 941017884105338 plus 829567153757012?,1770585037862350
What is 179697 plus 158349?,338046
What is 26504251038167 plus 53093950880778?,79598201918945
What is 89990778 plus 61014167?,151004945
What is 3582359710 plus 7392920909?,10975280619
What is 47 plus 91?,138
What is 436311855673 plus 186023011255?,622334866928
What is 91371967 plus 47189940?,138561907
What is 213401 plus 790355?,1003756
What is 62384 plus 64319?,126703
What is 1128 plus 3486?,4614
What is 547936130094 plus 490812556570?,1038748686664
What is 208395001 plus 796440517?,1004835518
What is 853353333515678 plus 209726653001643?,1063079986517321
What is 19052635560 plus 98802272464?,117854908024
What is 29 plus 44?,73
What is 88649 plus 44827?,133476
What is 737793266546 plus 536428788615?,1274222055161
What is 714971967520 plus 215345573259?,930317540779
What is 4281 plus 8639?,12920
What is 847233913000081 plus 224815396994525?,1072049309994606
What is 244103382 plus 825760799?,1069864181
What is 29036 plus 26949?,55985
What is 51355467364457 plus 88005410226242?,139360877590699
What is 7389345175743 plus 9388607329907?,16777952505650
What is 87372265144436 plus 19082739226005?,106455004370441
What is 216 plus 288?,504
What is 7323292982083 plus 1890568378497?,9213861360580
What is 83845857531 plus 98991358190?,182837215721
What is 2008347990848 plus 6362725262484?,8371073253332
What is 73636429 plus 71182518?,144818947
What is 63455786741 plus 32635003242?,96090789983
What is 12373668 plus 79515827?,91889495
What is 945034138788 plus 559020267532?,1504054406320
What is 205551179678 plus 513395464566?,718946644244
What is 381 plus 438?,819
What is 14665555 plus 79118710?,93784265
What is 68 plus 48?,116
What is 78565538041451 plus 66188037943663?,144753575985114
What is 976634299 plus 814933062?,1791567361
What is 14713337685 plus 14554943068?,29268280753
What is 3856543240 plus 3217534405?,7074077645
What is 444803 plus 854431?,1299234
What is 216568 plus 768384?,984952
What is 48326 plus 38083?,86409
What is 21737993 plus 52454876?,74192869
What is 82 plus 94?,176
What is 2996529 plus 8098714?,11095243
What is 6300880022553 plus 3414462221754?,9715342244307
What is 1453797 plus 2778939?,4232736
What is 160999076022371 plus 395430069264503?,556429145286874
What is 7972031397346 plus 3328484439388?,11300515836734
What is 6406524 plus 9739843?,16146367
What is 9693384097914 plus 4858058539957?,14551442637871
What is 27682784443369 plus 65361891687449?,93044676130818
What is 7041748330764 plus 7799153022841?,14840901353605
What is 53435792409352 plus 46584061686081?,100019854095433
What is 96663220042827 plus 60918659727227?,157581879770054
What is 244 plus 970?,1214
What is 96580527 plus 90086191?,186666718
What is 6820922391124 plus 2460227652143?,9281150043267
What is 3402 plus 9399?,12801
What is 77307 plus 70394?,147701
What is 649428575 plus 630697472?,1280126047
What is 880646722 plus 507293159?,1387939881
What is 63581311 plus 88378020?,151959331
What is 603113328017038 plus 885096963886333?,1488210291903371
What is 125842 plus 688069?,813911
What is 587 plus 428?,1015
What is 14475263193 plus 95671766409?,110147029602
What is 5438 plus 3671?,9109
What is 40585746028 plus 99073241995?,139658988023
What is 8377655043 plus 4556991591?,12934646634
What is 7918 plus 3038?,10956
What is 73290789559 plus 36836818230?,110127607789
What is 3186363643 plus 1329717536?,4516081179
What is 39672013 plus 93078521?,132750534
What is 44656411983890 plus 61079498639538?,105735910623428
What is 50 plus 39?,89
What is 7522 plus 2640?,10162
What is 3987165289 plus 1962436109?,5949601398
What is 66182304 plus 72217323?,138399627
What is 6892 plus 8068?,14960
What is 364209961299770 plus 322616285388927?,686826246688697
What is 94508873 plus 12928942?,107437815
What is 275 plus 144?,419
What is 6029542 plus 1294563?,7324105
What is 954097739003440 plus 718838158868343?,1672935897871783
What is 5811885 plus 1545360?,7357245
What is 1646064399463 plus 6702813932013?,8348878331476
What is 27628 plus 42729?,70357
What is 8237461385020 plus 1734093836220?,9971555221240
What is 842832452902178 plus 544980535983216?,1387812988885394
What is 99551 plus 59954?,159505
What is 6096274066693 plus 7986618551052?,14082892617745
What is 81034479 plus 27432612?,108467091
What is 93 plus 14?,107
What is 61162 plus 13853?,75015
What is 3649078619916 plus 7629154342877?,11278232962793
What is 9669690 plus 1791848?,11461538
What is 14727 plus 67419?,82146
What is 888836 plus 572459?,1461295
What is 284136779303 plus 166441454606?,450578233909
What is 3065 plus 2527?,5592
What is 783830534507 plus 826074393863?,1609904928370
What is 291 plus 476?,767
What is 8390862 plus 2165796?,10556658
What is 548942 plus 538452?,1087394
What is 50883703869898 plus 42902283239054?,93785987108952
What is 1050318313630 plus 6225185537186?,7275503850816
What is 22878591887 plus 51409575649?,74288167536
What is 354 plus 473?,827
What is 66 plus 67?,133
What is 309 plus 259?,568
What is 77850422393228 plus 60435808854768?,138286231247996
What is 213886685234397 plus 686712115829223?,900598801063620
What is 1613756952 plus 6606325998?,8220082950
What is 944790316560983 plus 946033968914364?,1890824285475347
What is 6824090 plus 6262314?,13086404
What is 137912352560 plus 824396615847?,962308968407
What is 74950608162 plus 46878472545?,121829080707
What is 4270 plus 4619?,8889
What is 73803717 plus 64639656?,138443373
What is 97231 plus 32462?,129693
What is 461 plus 542?,1003
What is 472741 plus 149473?,622214
What is 3103 plus 4473?,7576
What is 23751037 plus 83298307?,107049344
What is 92396849 plus 70100917?,162497766
What is 509857544835 plus 705328571610?,1215186116445
What is 146249423 plus 601348998?,747598421
What is 12006 plus 26566?,38572
What is 749274 plus 933133?,1682407
What is 9049303765935 plus 9219634447444?,18268938213379
What is 69181219258237 plus 32358348814977?,101539568073214
What is 82151 plus 62537?,144688
What is 18162504343305 plus 96777834816377?,114940339159682
What is 200193132 plus 458231586?,658424718
What is 164959275160 plus 553674910884?,718634186044
What is 798206578284034 plus 445937149751934?,1244143728035968
What is 211517 plus 456088?,667605
What is 52176905861 plus 54534806915?,106711712776
What is 3235065937 plus 1562818322?,4797884259
What is 55658984114267 plus 69524746432495?,125183730546762
What is 69581057451089 plus 86752841614335?,156333899065424
What is 918932 plus 380740?,1299672
What is 97 plus 13?,110
What is 39 plus 34?,73
What is 391 plus 551?,942
What is 99632673822 plus 51626060203?,151258734025
What is 61 plus 49?,110
What is 360 plus 941?,1301
What is 102621678763933 plus 852354284013626?,954975962777559
What is 233 plus 408?,641
What is 142581269717389 plus 852083066447625?,994664336165014
What is 30506 plus 47096?,77602
What is 5107146 plus 6164633?,11271779
What is 490 plus 529?,1019
What is 717 plus 245?,962
What is 22 plus 76?,98
What is 9510794357168 plus 7407838458394?,16918632815562
What is 84810 plus 69640?,154450
What is 67388 plus 56219?,123607
What is 1281 plus 6452?,7733
What is 718134070699544 plus 907793052798256?,1625927123497800
What is 6253961625206 plus 9026168509867?,15280130135073
What is 965718096818 plus 423251490711?,1388969587529
What is 850853394449 plus 808200242530?,1659053636979
What is 287801552095185 plus 156340893220962?,444142445316147
What is 574311730 plus 278083985?,852395715
What is 723 plus 397?,1120
What is 39687844987292 plus 28877023072272?,68564868059564
What is 893 plus 823?,1716
What is 2960395292 plus 7698385309?,10658780601
What is 80751557643 plus 30057570315?,110809127958
What is 2538626 plus 3779145?,6317771
What is 77 plus 59?,136
What is 720909933362 plus 622114680428?,1343024613790
What is 933688350 plus 695734345?,1629422695
What is 4787 plus 7239?,12026
What is 37816924 plus 75807292?,113624216
What is 7438048536 plus 2668067546?,10106116082
What is 502937 plus 894522?,1397459
What is 28475 plus 57178?,85653
What is 19349 plus 92225?,111574
What is 8545949425 plus 5894650130?,14440599555
What is 877 plus 139?,1016
What is 75 plus 72?,147
What is 4620568573175 plus 2545324036396?,7165892609571
What is 6547137 plus 3762595?,10309732
What is 4628 plus 9462?,14090
What is 63 plus 59?,122
What is 12335206532947 plus 77678634417172?,90013840950119
What is 4491424 plus 8950106?,13441530
What is 685865519821 plus 559518942356?,1245384462177
What is 397608804140541 plus 639619005324205?,1037227809464746
What is 96 plus 90?,186
What is 659259325 plus 637512865?,1296772190
What is 60567563825672 plus 59062514974447?,119630078800119
What is 88680822 plus 89306632?,177987454
What is 49 plus 94?,143
What is 2633631588293 plus 4189687668331?,6823319256624
What is 717 plus 495?,1212
What is 9457556254162 plus 8174205969669?,17631762223831
What is 2171497 plus 9684197?,11855694
What is 54 plus 91?,145
What is 92 plus 72?,164
What is 44423172338821 plus 80243704890678?,124666877229499
What is 59473500508 plus 79742700979?,139216201487
What is 800081010 plus 792476496?,1592557506
What is 93570351 plus 23123403?,116693754
What is 485044 plus 880716?,1365760
What is 85211303 plus 11472688?,96683991
What is 55452919 plus 66719107?,122172026
What is 952 plus 678?,1630
What is 85836206319120 plus 65009073258556?,150845279577676
What is 59 plus 28?,87
What is 384350782 plus 752156881?,1136507663
What is 12857886672 plus 77531935164?,90389821836
What is 39544879 plus 90127640?,129672519
What is 1172680 plus 7251498?,8424178
What is 2476 plus 7745?,10221
What is 550090658900512 plus 470251789544431?,1020342448444943
What is 77668 plus 43272?,120940
What is 853659499367401 plus 666512407175986?,1520171906543387
What is 12 plus 99?,111
What is 88615 plus 85920?,174535
What is 8116942669 plus 8313748845?,16430691514
What is 309093938537 plus 648677951737?,957771890274
What is 43491767 plus 87364481?,130856248
What is 1086451862890 plus 9201585825127?,10288037688017
What is 817308002 plus 126529441?,943837443
What is 550746855271 plus 538547556503?,1089294411774
What is 1552 plus 8931?,10483
What is 637 plus 332?,969
What is 541439823092065 plus 864144275265059?,1405584098357124
What is 7052215056750 plus 5969542419027?,13021757475777
What is 590202493309 plus 386841317474?,977043810783
What is 388 plus 835?,1223
What is 83878854544 plus 97447808183?,181326662727
What is 72468497 plus 46491786?,118960283
What is 97076139 plus 54753085?,151829224
What is 59241002 plus 56841199?,116082201
What is 23747182783952 plus 54444241427429?,78191424211381
What is 787391256244136 plus 953787077095178?,1741178333339314
What is 5574 plus 5557?,11131
What is 19937250291 plus 69071916724?,89009167015
What is 84422664237 plus 63522987385?,147945651622
What is 11 plus 63?,74
What is 799760630 plus 409715211?,1209475841
What is 4624487371373 plus 6379898509943?,11004385881316
What is 7634023739 plus 8425668308?,16059692047
What is 965370771 plus 431694552?,1397065323
What is 119 plus 546?,665
What is 681895542919 plus 396370621968?,1078266164887
What is 87652883557251 plus 31741860970086?,119394744527337
What is 6158 plus 1352?,7510
What is 56926 plus 73963?,130889
What is 70104 plus 72243?,142347
What is 9052 plus 2597?,11649
What is 84665 plus 60942?,145607
What is 7395570014 plus 6735867121?,14131437135
What is 74151871 plus 81010513?,155162384
What is 795059715 plus 248841237?,1043900952
What is 50491563173123 plus 61125447733634?,111617010906757
What is 2758491 plus 3364331?,6122822
What is 4485575616640 plus 8020784977161?,12506360593801
What is 1866 plus 8807?,10673
What is 2401 plus 9036?,11437
What is 688155885 plus 254586955?,942742840
What is 27 plus 90?,117
What is 64087761505 plus 20530994786?,84618756291
What is 998879677991 plus 528308754349?,1527188432340
What is 35350126598 plus 18408071938?,53758198536
What is 826926 plus 705010?,1531936
What is 282137787740 plus 888640275021?,1170778062761
What is 566 plus 826?,1392
What is 587884 plus 169863?,757747
What is 553 plus 521?,1074
What is 2911289 plus 7653988?,10565277
What is 957707 plus 524128?,1481835
What is 60819278380 plus 77595886112?,138415164492
What is 76110597146 plus 57301224220?,133411821366
What is 9801003441557 plus 1693173515490?,11494176957047
What is 26508872 plus 19367894?,45876766
What is 761407715367266 plus 101714827392750?,863122542760016
What is 35 plus 58?,93
What is 26 plus 62?,88
What is 96955782696185 plus 83649905671965?,180605688368150
What is 90025573822 plus 90704900954?,180730474776
What is 371921479584185 plus 962974296309777?,1334895775893962
What is 6135560 plus 6355827?,12491387
What is 977868 plus 954253?,1932121
What is 8843745 plus 2732225?,11575970
What is 78860402667 plus 92441794768?,171302197435
What is 83492 plus 19529?,103021
What is 3653446 plus 9618792?,13272238
What is 4302370 plus 9499558?,13801928
What is 421 plus 828?,1249
What is 62249100560544 plus 98512687346522?,160761787907066
What is 186068463117218 plus 999723755229770?,1185792218346988
What is 95114585669471 plus 53134297942865?,148248883612336
What is 4643684 plus 4846849?,9490533
What is 62567 plus 22539?,85106
What is 698175 plus 724776?,1422951
What is 17 plus 12?,29
What is 789618058 plus 826127335?,1615745393
What is 5627997 plus 5576208?,11204205
What is 61981697368230 plus 93083962992644?,155065660360874
What is 93669474465619 plus 45138251819682?,138807726285301
What is 595427684 plus 307239227?,902666911
What is 6942224976959 plus 4369547745827?,11311772722786
What is 9002 plus 7075?,16077
What is 918 plus 290?,1208
What is 21 plus 85?,106
What is 6697135230224 plus 2362733535131?,9059868765355
What is 29156 plus 52959?,82115
What is 226896126 plus 943194432?,1170090558
What is 603 plus 548?,1151
What is 786676 plus 145090?,931766
What is 6333875585 plus 9770580136?,16104455721
What is 7969 plus 5527?,13496
What is 345103613644 plus 805247784863?,1150351398507
What is 148451218171 plus 523989533717?,672440751888
What is 30590388100842 plus 32904834712714?,63495222813556
What is 11091481885460 plus 56047529988942?,67139011874402
What is 33021 plus 37074?,70095
What is 571 plus 754?,1325
What is 4004695 plus 5426618?,9431313
What is 46425934534 plus 45577131370?,92003065904
What is 493 plus 195?,688
What is 20726222117212 plus 40472437302839?,61198659420051
What is 327 plus 939?,1266
What is 39 plus 11?,50
What is 457 plus 996?,1453
What is 201328 plus 623085?,824413
What is 8068 plus 9699?,17767
What is 57 plus 69?,126
What is 7375885172231 plus 4869505287284?,12245390459515
What is 11221226345 plus 30826010513?,42047236858
What is 579246358 plus 496061570?,1075307928
What is 419 plus 340?,759
What is 247518334 plus 753842841?,1001361175
What is 68987817025 plus 20704017385?,89691834410
What is 619419299 plus 860276974?,1479696273
What is 39339697335 plus 12527929871?,51867627206
What is 2295373077744 plus 2603181336496?,4898554414240
What is 249308289 plus 566571310?,815879599
What is 199 plus 947?,1146
What is 835086061 plus 706473701?,1541559762
What is 4233138 plus 3131631?,7364769
What is 86 plus 15?,101
What is 518185 plus 921065?,1439250
What is 5236052708085 plus 3544986725826?,8781039433911
What is 124207710 plus 947648271?,1071855981
What is 3659 plus 3302?,6961
What is 44876 plus 37592?,82468
What is 8274304 plus 3894927?,12169231
What is 17421822575 plus 96794858464?,114216681039
What is 7593512 plus 6112514?,13706026
What is 701 plus 613?,1314
What is 783443970 plus 172016299?,955460269
What is 76590 plus 92336?,168926
What is 67792 plus 54575?,122367
What is 305973787142 plus 630439268855?,936413055997
What is 6157716047761 plus 2989007373514?,9146723421275
What is 5761501581 plus 7909944902?,13671446483
What is 11022427 plus 75664879?,86687306
What is 27433 plus 88454?,115887
What is 8838759445 plus 1053401924?,9892161369
What is 586803 plus 444505?,1031308
What is 26478380 plus 98272753?,124751133
What is 87213 plus 59261?,146474
What is 601857 plus 794970?,1396827
What is 22877 plus 47991?,70868
What is 3099438440288 plus 2918326136481?,6017764576769
What is 192975507 plus 236735241?,429710748
What is 21881591870386 plus 83785226364292?,105666818234678
What is 2092396959 plus 7364982203?,9457379162
What is 66373056189922 plus 63565942759589?,129938998949511
What is 951 plus 554?,1505
What is 287344 plus 579019?,866363
What is 375717557203 plus 839122020712?,1214839577915
What is 9356301 plus 5246228?,14602529
What is 2565 plus 2202?,4767
What is 747048115 plus 438029860?,1185077975
What is 43743239387 plus 77700481759?,121443721146
What is 52464172 plus 67671717?,120135889
What is 225335606510203 plus 219973001537345?,445308608047548
What is 2929 plus 1974?,4903
What is 505967857 plus 825123514?,1331091371
What is 9731593029 plus 9081015051?,18812608080
What is 44577502 plus 23065924?,67643426
What is 642042945 plus 167650661?,809693606
What is 190 plus 120?,310
What is 67 plus 75?,142
What is 20939480637 plus 96667288462?,117606769099
What is 769111 plus 664838?,1433949
What is 35538 plus 23804?,59342
What is 47 plus 32?,79
What is 1657729430 plus 9978862238?,11636591668
What is 73851 plus 16246?,90097
What is 25023 plus 14721?,39744
What is 908 plus 434?,1342
What is 2758328271 plus 4538059091?,7296387362
What is 59 plus 38?,97
What is 88964037116595 plus 60314159097506?,149278196214101
What is 12626 plus 56120?,68746
What is 440890712 plus 322825867?,763716579
What is 858967889563733 plus 256831547226980?,1115799436790713
What is 56607 plus 19940?,76547
What is 693471876 plus 147331217?,840803093
What is 599751770792 plus 657895753733?,1257647524525
What is 852051191136 plus 958717822612?,1810769013748
What is 70947196373314 plus 41023085510662?,111970281883976
What is 3670803 plus 8263668?,11934471
What is 842948 plus 420148?,1263096
What is 1537226023 plus 6559659736?,8096885759
What is 460047356731063 plus 845981480746126?,1306028837477189
What is 1374489 plus 2019525?,3394014
What is 648611668781 plus 142876305979?,791487974760
What is 83 plus 50?,133
What is 486098 plus 582086?,1068184
What is 95484946 plus 24621779?,120106725
What is 7720918 plus 4007396?,11728314
What is 99844 plus 96560?,196404
What is 335971580261858 plus 499991777850165?,835963358112023
What is 36729 plus 46692?,83421
What is 6460682289 plus 4335957549?,10796639838
What is 828743 plus 208665?,1037408
What is 300886635268946 plus 561790945751849?,862677581020795
What is 9467158 plus 4676100?,14143258
What is 64958312 plus 87812647?,152770959
What is 82650094400371 plus 21762695240635?,104412789641006
What is 156112594449 plus 324722535768?,480835130217
What is 7734 plus 2601?,10335
What is 19082548459 plus 77487169294?,96569717753
What is 36495692223 plus 62786643606?,99282335829
What is 4163378 plus 8965791?,13129169
What is 9638 plus 4918?,14556
What is 6691430113796 plus 6444525339084?,13135955452880
What is 8935254016726 plus 3067001779324?,12002255796050
What is 229308 plus 826386?,1055694
What is 26 plus 14?,40
What is 133 plus 201?,334
What is 679764205 plus 338618351?,1018382556
What is 67326394 plus 50759024?,118085418
What is 6593 plus 4479?,11072
What is 382213 plus 553491?,935704
What is 54276 plus 88171?,142447
What is 52188066073895 plus 93752745627797?,145940811701692
What is 866272486 plus 440446694?,1306719180
What is 656783822 plus 885242086?,1542025908
What is 600179047 plus 285259413?,885438460
What is 586507 plus 799480?,1385987
What is 473558575349 plus 789342985350?,1262901560699
What is 1902569 plus 1464230?,3366799
What is 31554404 plus 62612526?,94166930
What is 5881475593 plus 8385208391?,14266683984
What is 47024933 plus 54549166?,101574099
What is 39101594371306 plus 90171677472317?,129273271843623
What is 7162 plus 8987?,16149
What is 165 plus 700?,865
What is 2432148 plus 7406341?,9838489
What is 8040153410 plus 8981015953?,17021169363
What is 31 plus 36?,67
What is 334885 plus 346918?,681803
What is 24956 plus 57314?,82270
What is 921282 plus 945758?,1867040
What is 7525021008713 plus 4934201250553?,12459222259266
What is 761811766 plus 675079868?,1436891634
What is 790381841 plus 986641553?,1777023394
What is 52261867763 plus 31807536589?,84069404352
What is 82571996 plus 27142035?,109714031
What is 48 plus 47?,95
What is 3972341 plus 8882919?,12855260
What is 857513266796 plus 184330723029?,1041843989825
What is 54297372471713 plus 34890533629991?,89187906101704
What is 5021382744766 plus 9246803548857?,14268186293623
What is 12146 plus 15920?,28066
What is 196802 plus 543250?,740052
What is 31900895394197 plus 81203462224984?,113104357619181
What is 8472 plus 3095?,11567
What is 881 plus 577?,1458
What is 74494 plus 86436?,160930
What is 24341269656 plus 39916226816?,64257496472
What is 5600288477802 plus 4825040080576?,10425328558378
What is 6355 plus 4719?,11074
What is 294176359 plus 539616745?,833793104
What is 7628684891 plus 8013089717?,15641774608
What is 605 plus 921?,1526
What is 51649401430945 plus 90945375169474?,142594776600419
What is 20218678 plus 49485192?,69703870
What is 4314912314641 plus 8042263840097?,12357176154738
What is 55703509 plus 82685694?,138389203
What is 11627681 plus 14439310?,26066991
What is 785706 plus 885071?,1670777
What is 768942 plus 269867?,1038809
What is 1174191 plus 1695274?,2869465
What is 66605464 plus 52819821?,119425285
What is 838 plus 749?,1587
What is 6423271 plus 8671877?,15095148
What is 6371 plus 4529?,10900
What is 991842805841739 plus 639021580533230?,1630864386374969
What is 9818658 plus 7744069?,17562727
What is 5663160071 plus 2022918175?,7686078246
What is 48048974 plus 73401065?,121450039
What is 60501973 plus 78610869?,139112842
What is 4205849834559 plus 9742002438172?,13947852272731
What is 894232840848 plus 686810468701?,1581043309549
What is 8168819 plus 4448350?,12617169
What is 530287 plus 194469?,724756
What is 570 plus 539?,1109
What is 496513566226605 plus 748361812422909?,1244875378649514
What is 73387052 plus 61803650?,135190702
What is 11562746808 plus 14226016647?,25788763455
What is 2326 plus 9582?,11908
What is 49618867129 plus 36326667357?,85945534486
What is 26 plus 58?,84
What is 8112574088 plus 7883742246?,15996316334
What is 91963098980 plus 47028310935?,138991409915
What is 6544585 plus 6157360?,12701945
What is 28 plus 65?,93
What is 158271508754752 plus 886564631684670?,1044836140439422
What is 106114555 plus 390693362?,496807917
What is 84 plus 88?,172
What is 47300034 plus 47222198?,94522232
What is 1430188193 plus 9807534639?,11237722832
What is 574563893 plus 103981456?,678545349
What is 124314683 plus 211716024?,336030707
What is 50 plus 82?,132
What is 97 plus 74?,171
What is 456413105 plus 957001495?,1413414600
What is 10 plus 42?,52
What is 98814378 plus 10270909?,109085287
What is 27139716026 plus 90921181452?,118060897478
What is 813506564670 plus 778550537436?,1592057102106
What is 78807372594581 plus 90042533012764?,168849905607345
What is 362 plus 606?,968
What is 8264345111 plus 7433013969?,15697359080
What is 2408 plus 1958?,4366
What is 55 plus 82?,137
What is 55924 plus 57108?,113032
What is 78960556 plus 14420887?,93381443
What is 795800182 plus 181207519?,977007701
What is 794819274557 plus 998415077423?,1793234351980
What is 57542024 plus 43546286?,101088310
What is 4104 plus 9557?,13661
What is 65363287078 plus 15661047743?,81024334821
What is 27940954 plus 89528068?,117469022
What is 64921291341 plus 61680546141?,126601837482
What is 432684 plus 532103?,964787
What is 78442316 plus 36769222?,115211538
What is 908057609538 plus 498499472362?,1406557081900
What is 811533013793049 plus 885778388191703?,1697311401984752
What is 23697246998 plus 24643268076?,48340515074
What is 75552 plus 29242?,104794
What is 3391686260 plus 4265557719?,7657243979
What is 46547687 plus 81866819?,128414506
What is 148880157215 plus 105710290771?,254590447986
What is 85542597 plus 15269363?,100811960
What is 991653838293 plus 308680768295?,1300334606588
What is 476458 plus 651509?,1127967
What is 8384 plus 9113?,17497
What is 4075320483 plus 6326145184?,10401465667
What is 97534520877575 plus 99831194510774?,197365715388349
What is 2504853417945 plus 8075680820755?,10580534238700
What is 69984816 plus 71475947?,141460763
What is 985873894401357 plus 191540400396337?,1177414294797694
What is 95191 plus 68327?,163518
What is 315994288892 plus 972044434326?,1288038723218
What is 13 plus 99?,112
What is 970457182963120 plus 870728739735199?,1841185922698319
What is 196401700419796 plus 533182320064531?,729584020484327
What is 41890 plus 76946?,118836
What is 962184 plus 573286?,1535470
What is 28928357 plus 11198135?,40126492
What is 2526255624846 plus 6788541021965?,9314796646811
What is 44960491 plus 75508222?,120468713
What is 22357769 plus 74420898?,96778667
What is 12397902363 plus 22933203842?,35331106205
What is 2325670021 plus 2631496997?,4957167018
What is 24578 plus 44809?,69387
What is 495233 plus 503769?,999002
What is 92 plus 64?,156
What is 7231 plus 3097?,10328
What is 5565 plus 9391?,14956
What is 105 plus 843?,948
What is 312097669 plus 714399357?,1026497026
What is 38176424630650 plus 98770103819552?,136946528450202
What is 934723870 plus 855844484?,1790568354
What is 743 plus 248?,991
What is 408050812753 plus 365606177524?,773656990277
What is 72 plus 33?,105
What is 940676268323 plus 932967305415?,1873643573738
What is 60328991 plus 59162228?,119491219
What is 60507241678309 plus 14165759997323?,74673001675632
What is 34561308009697 plus 43403014229001?,77964322238698
What is 689098060085 plus 300885416559?,989983476644
What is 455176427 plus 978278452?,1433454879
What is 640943153292 plus 882134259480?,1523077412772
What is 45607295457 plus 38312707822?,83920003279
What is 1828026184729 plus 3634911869823?,5462938054552
What is 730205837 plus 320787329?,1050993166
What is 83780 plus 77933?,161713
What is 1481 plus 6613?,8094
What is 1784604035983 plus 7382212422492?,9166816458475
What is 806 plus 968?,1774
What is 4736866048766 plus 5321896510116?,10058762558882
What is 7185468 plus 2916540?,10102008
What is 40648756 plus 47048473?,87697229
What is 5069 plus 3525?,8594
What is 400298 plus 302734?,703032
What is 56 plus 99?,155
What is 62177 plus 93034?,155211
What is 4462034481 plus 6650029333?,11112063814
What is 49976434343 plus 28039220603?,78015654946
What is 249989980 plus 513005352?,762995332
What is 8738632537 plus 5844040258?,14582672795
What is 75192 plus 16023?,91215
What is 783229028697014 plus 611869081949721?,1395098110646735
What is 242565214424 plus 124481658289?,367046872713
What is 1540 plus 6644?,8184
What is 71305566885535 plus 62443746976735?,133749313862270
What is 2380 plus 6871?,9251
What is 637128783 plus 577251146?,1214379929
What is 56143335 plus 75664130?,131807465
What is 1284767447249 plus 1649795626066?,2934563073315
What is 770412470 plus 671031867?,1441444337
What is 5657805953967 plus 3653738298756?,9311544252723
What is 51 plus 68?,119
What is 6346 plus 3987?,10333
What is 7927310618 plus 1107963004?,9035273622
What is 677230 plus 824138?,1501368
What is 92675090667 plus 43307161665?,135982252332
What is 1640 plus 8336?,9976
What is 823 plus 112?,935
What is 9830458 plus 2884866?,12715324
What is 3801252 plus 2388486?,6189738
What is 315 plus 959?,1274
What is 3835153 plus 5604174?,9439327
What is 48038918 plus 84728713?,132767631
What is 9277 plus 9364?,18641
What is 4986045135 plus 4527406271?,9513451406
What is 65647728753 plus 34642160403?,100289889156
What is 78567103 plus 64770724?,143337827
What is 2429664 plus 7523897?,9953561
What is 43645168964 plus 99359379531?,143004548495
What is 887652400994 plus 762534909983?,1650187310977
What is 899 plus 505?,1404
What is 64958513 plus 40637337?,105595850
What is 146994823797 plus 556799370687?,703794194484
What is 736 plus 615?,1351
What is 59147940686 plus 21296372564?,80444313250
What is 786871869200378 plus 178479462184700?,965351331385078
What is 112597475 plus 811760117?,924357592
What is 577152425859 plus 410442118265?,987594544124
What is 5166193960740 plus 5586636366574?,10752830327314
What is 2282583936 plus 5089374728?,7371958664
What is 6845048497375 plus 2006504729364?,8851553226739
What is 2111723177 plus 1792281921?,3904005098
What is 6405 plus 3079?,9484
What is 79185893 plus 40857960?,120043853
What is 49 plus 93?,142
What is 1825004227121 plus 4171047843524?,5996052070645
What is 456666396626361 plus 751079186930310?,1207745583556671
What is 710422144017371 plus 114582678396234?,825004822413605
What is 617781541 plus 402555518?,1020337059
What is 932047082 plus 418921088?,1350968170
What is 63058285151 plus 57559935418?,120618220569
What is 460 plus 104?,564
What is 76041416318786 plus 26021074342503?,102062490661289
What is 2777892 plus 2334156?,5112048
What is 90263186394537 plus 62825541649993?,153088728044530
What is 31 plus 72?,103
What is 45857815857420 plus 54953574550013?,100811390407433
What is 53 plus 14?,67
What is 206105141378364 plus 534871135448963?,740976276827327
What is 539538267929558 plus 827511301108275?,1367049569037833
What is 17880485782 plus 50384167436?,68264653218
What is 1402 plus 5116?,6518
What is 5819301150778 plus 7257997721140?,13077298871918
What is 192899837 plus 592427575?,785327412
What is 8446071 plus 7664358?,16110429
What is 49041260561076 plus 84761056526295?,133802317087371
What is 3871 plus 8190?,12061
What is 271881717 plus 931349145?,1203230862
What is 597223906914736 plus 119387942374185?,716611849288921
What is 483533068665 plus 885502509037?,1369035577702
What is 575238906 plus 134135804?,709374710
What is 932301530 plus 606169045?,1538470575
What is 95 plus 78?,173
What is 5883307306 plus 7304019785?,13187327091
What is 983125497484 plus 398505214589?,1381630712073
What is 67 plus 51?,118
What is 88482 plus 35124?,123606
What is 378203374337 plus 197086808405?,575290182742
What is 6377109482091 plus 4398795790529?,10775905272620
What is 46 plus 73?,119
What is 47123783570 plus 11913380549?,59037164119
What is 55598786211 plus 95694746322?,151293532533
What is 75954345592 plus 85958510105?,161912855697
What is 4168394169996 plus 1853071755542?,6021465925538
What is 435956079 plus 860540781?,1296496860
What is 46174377453 plus 84336014867?,130510392320
What is 710 plus 583?,1293
What is 14377711 plus 42724377?,57102088
What is 9117109921 plus 4798640908?,13915750829
What is 551947 plus 455758?,1007705
What is 4355009369089 plus 9145466522813?,13500475891902
What is 70681 plus 47367?,118048
What is 66966 plus 33447?,100413
What is 628495592200 plus 439251549507?,1067747141707
What is 995531 plus 707438?,1702969
What is 5605289736772 plus 8257756864747?,13863046601519
What is 452569475 plus 803796413?,1256365888
What is 8265 plus 7025?,15290
What is 48092795602591 plus 68014633174809?,116107428777400
What is 675961 plus 379284?,1055245
What is 231 plus 272?,503
What is 41458158508396 plus 40952826809660?,82410985318056
What is 43693 plus 47448?,91141
What is 61219092 plus 40107196?,101326288
What is 883656446665452 plus 466219171189250?,1349875617854702
What is 4859 plus 5627?,10486
What is 8118698 plus 4199617?,12318315
What is 18205 plus 99742?,117947
What is 886 plus 277?,1163
What is 37 plus 23?,60
What is 4716 plus 9435?,14151
What is 622642945 plus 839870446?,1462513391
What is 7064281 plus 8178600?,15242881
What is 211372672877905 plus 472502779727319?,683875452605224
What is 3643123330557 plus 2901377067474?,6544500398031
What is 93 plus 79?,172
What is 620557110 plus 378307247?,998864357
What is 1680087057 plus 5922904436?,7602991493
What is 928 plus 872?,1800
What is 426995320009 plus 151747507873?,578742827882
What is 670 plus 204?,874
What is 49132 plus 65766?,114898
What is 50 plus 29?,79
What is 46478081517 plus 59756603743?,106234685260
What is 19786 plus 48233?,68019
What is 38675387432 plus 24054759093?,62730146525
What is 539 plus 808?,1347
What is 65576616340 plus 38326996804?,103903613144
What is 59 plus 17?,76
What is 235340 plus 413322?,648662
What is 7058653404 plus 1783620866?,8842274270
What is 8801786 plus 1826729?,10628515
What is 9760683187 plus 8758809373?,18519492560
What is 58754534241 plus 84359842151?,143114376392
What is 449541801475010 plus 952560549086906?,1402102350561916
What is 247572945 plus 277979821?,525552766
What is 97223688 plus 39094179?,136317867
What is 495 plus 688?,1183
What is 38666486 plus 87390811?,126057297
What is 38191 plus 18729?,56920
What is 92 plus 55?,147
What is 660324337 plus 703383532?,1363707869
What is 9038943256527 plus 1210266187198?,10249209443725
What is 38222100159 plus 11790667082?,50012767241
What is 259420881858066 plus 508318903412430?,767739785270496
What is 37 plus 57?,94
What is 47 plus 46?,93
What is 81 plus 45?,126
What is 7458 plus 4780?,12238
What is 31463409156609 plus 98216757620822?,129680166777431
What is 472552314306 plus 289397324490?,761949638796
What is 86 plus 55?,141
What is 623154063 plus 388783968?,1011938031
What is 38877428 plus 88255359?,127132787
What is 8006919608 plus 9274470609?,17281390217
What is 94542033703669 plus 69904718262955?,164446751966624
What is 1042 plus 9994?,11036
What is 10575571627529 plus 68454427612962?,79029999240491
What is 589439405527 plus 833830320848?,1423269726375
What is 94055 plus 33567?,127622
What is 34982319092046 plus 35101389433956?,70083708526002
What is 63209927148299 plus 19127033986279?,82336961134578
What is 3715824 plus 5943375?,9659199
What is 5012970483433 plus 4994178310464?,10007148793897
What is 501881708023 plus 476308196849?,978189904872
What is 5947887 plus 7233116?,13181003
What is 2200 plus 3493?,5693
What is 87345409 plus 48077896?,135423305
What is 3344945750283 plus 4923746165808?,8268691916091
What is 1095135175 plus 8066909101?,9162044276
What is 271727451 plus 123030442?,394757893
What is 14240034441 plus 11582333049?,25822367490
What is 899516882316 plus 112934657236?,1012451539552
What is 75615 plus 77801?,153416
What is 199713 plus 502905?,702618
What is 14907559279116 plus 12908360051048?,27815919330164
What is 8909398191 plus 5160549248?,14069947439
What is 591 plus 678?,1269
What is 47362118 plus 76950952?,124313070
What is 822385 plus 341881?,1164266
What is 75 plus 87?,162
What is 15737072 plus 98318016?,114055088
What is 35 plus 25?,60
What is 3175715503 plus 7688146077?,10863861580
What is 8314680901261 plus 1341257179634?,9655938080895
What is 51 plus 13?,64
What is 406 plus 287?,693
What is 5485 plus 9693?,15178
What is 250163705 plus 161713013?,411876718
What is 43627026528 plus 27509479387?,71136505915
What is 60926383 plus 83299697?,144226080
What is 10915742399 plus 86844591920?,97760334319
What is 7211207495 plus 3699561313?,10910768808
What is 826779 plus 213892?,1040671
What is 97 plus 21?,118
What is 81245776207993 plus 13675878076680?,94921654284673
What is 85204 plus 66837?,152041
What is 82375 plus 45066?,127441
What is 15868152 plus 59499458?,75367610
What is 75743555 plus 58906004?,134649559
What is 480 plus 892?,1372
What is 67655972759624 plus 24288204521083?,91944177280707
What is 6751 plus 8153?,14904
What is 8586065366609 plus 2666303064494?,11252368431103
What is 24 plus 32?,56
What is 91968 plus 63741?,155709
What is 881356022 plus 414294820?,1295650842
What is 314896032895648 plus 291906980934797?,606803013830445
What is 535 plus 680?,1215
What is 34498252 plus 60277104?,94775356
What is 319878001954 plus 534919261096?,854797263050
What is 25142948 plus 63312301?,88455249
What is 51682172290443 plus 70707722938033?,122389895228476
What is 65255308797527 plus 71798401981437?,137053710778964
What is 2404209104778 plus 1765294682978?,4169503787756
What is 17210047 plus 82493840?,99703887
What is 878 plus 683?,1561
What is 807945612 plus 659843579?,1467789191
What is 3459 plus 8556?,12015
What is 39 plus 37?,76
What is 9708392516 plus 8452345872?,18160738388
What is 222 plus 535?,757
What is 224102 plus 372165?,596267
What is 956945134978516 plus 824617909707240?,1781563044685756
What is 95522019094 plus 14924940140?,110446959234
What is 41075712245 plus 38339154984?,79414867229
What is 24671403738134 plus 90090279848270?,114761683586404
What is 1670 plus 3365?,5035
What is 9903 plus 8927?,18830
What is 20867434313 plus 96488306205?,117355740518
What is 2246139336957 plus 5441788592735?,7687927929692
What is 10313518476 plus 14120385048?,24433903524
What is 47 plus 94?,141
What is 8944 plus 8202?,17146
What is 6667038314276 plus 9641566106895?,16308604421171
What is 683 plus 776?,1459
What is 842605534965 plus 793264873642?,1635870408607
What is 2547859 plus 1398802?,3946661
What is 33926611 plus 33289948?,67216559
What is 1644246 plus 7612734?,9256980
What is 560099111 plus 397243512?,957342623
What is 59394 plus 45799?,105193
What is 385838509196601 plus 303328585786618?,689167094983219
What is 45610034 plus 45099448?,90709482
What is 13637317 plus 70527862?,84165179
What is 927 plus 978?,1905
What is 852413093962 plus 427489581538?,1279902675500
What is 521755592787 plus 189723981578?,711479574365
What is 870348680 plus 971455681?,1841804361
What is 2971525 plus 9983968?,12955493
What is 30372044088535 plus 38386489427251?,68758533515786
What is 68801859408 plus 67379565218?,136181424626
What is 279046 plus 657722?,936768
What is 4764834 plus 4564096?,9328930
What is 200369 plus 698008?,898377
What is 63576841 plus 26413395?,89990236
What is 2468883405 plus 9509335244?,11978218649
What is 5503020 plus 5959301?,11462321
What is 527584757 plus 328944045?,856528802
What is 768167 plus 326597?,1094764
What is 77863868751 plus 22321361923?,100185230674
What is 500059756685 plus 218521097984?,718580854669
What is 873 plus 620?,1493
What is 1576357 plus 4354708?,5931065
What is 875094010932 plus 423641373260?,1298735384192
What is 571 plus 854?,1425
What is 55 plus 68?,123
What is 870025 plus 731800?,1601825
What is 84191242667 plus 36962611390?,121153854057
What is 35187495993 plus 70427957680?,105615453673
What is 391548279710 plus 348921933809?,740470213519
What is 593011948146 plus 651225154360?,1244237102506
What is 57992661949 plus 31625295433?,89617957382
What is 624143271 plus 382993646?,1007136917
What is 693405777739617 plus 113820897674286?,807226675413903
What is 38 plus 56?,94
What is 56994234 plus 31854037?,88848271
What is 245 plus 269?,514
What is 86565263 plus 95582302?,182147565
What is 56475812083 plus 62730954236?,119206766319
What is 585 plus 920?,1505
What is 708470574 plus 127387635?,835858209
What is 135 plus 149?,284
What is 9237089337 plus 5207647041?,14444736378
What is 884550722192 plus 410580754944?,1295131477136
What is 7493657528 plus 5929334236?,13422991764
What is 11 plus 74?,85
What is 46075 plus 98226?,144301
What is 936 plus 528?,1464
What is 156624649 plus 944088372?,1100713021
What is 4092 plus 4084?,8176
What is 8427431064024 plus 9459134252017?,17886565316041
What is 5704140197 plus 4993862312?,10698002509
What is 187952 plus 126195?,314147
What is 44016336 plus 47979009?,91995345
What is 145170 plus 475078?,620248
What is 661452 plus 634794?,1296246
What is 4637869 plus 6272732?,10910601
What is 80581 plus 80313?,160894
What is 998 plus 881?,1879
What is 2903096513 plus 9587245659?,12490342172
What is 1137 plus 1186?,2323
What is 64936 plus 37398?,102334
What is 2977432 plus 7216014?,10193446
What is 13 plus 77?,90
What is 53758526 plus 11606767?,65365293
What is 2697484 plus 4282471?,6979955
What is 480 plus 982?,1462
What is 14 plus 27?,41
What is 59342 plus 66647?,125989
What is 365481523090112 plus 393508539039025?,758990062129137
What is 274238022 plus 646815027?,921053049
What is 248 plus 729?,977
What is 822742590373 plus 333497110719?,1156239701092
What is 1319198 plus 3567340?,4886538
What is 845 plus 143?,988
What is 383105 plus 619031?,1002136
What is 22538606922 plus 47217568478?,69756175400
What is 914342 plus 309043?,1223385
What is 626912797188 plus 391457508948?,1018370306136
What is 612423058600155 plus 628618216175169?,1241041274775324
What is 64 plus 92?,156
What is 68330038 plus 42330834?,110660872
What is 253 plus 539?,792
What is 77 plus 41?,118
What is 9067 plus 5637?,14704
What is 985 plus 402?,1387
What is 11 plus 16?,27
What is 75 plus 90?,165
What is 90600971843588 plus 83447697189589?,174048669033177
What is 80268109501396 plus 90805166031391?,171073275532787
What is 75468 plus 10318?,85786
What is 72903 plus 38686?,111589
What is 137665458847860 plus 265216615664187?,402882074512047
What is 578527684089 plus 647932677085?,1226460361174
What is 40359043373118 plus 76881270865930?,117240314239048
What is 46964 plus 27932?,74896
What is 32354 plus 25381?,57735
What is 171244 plus 845594?,1016838
What is 7478371712014 plus 7280117803336?,14758489515350
What is 12982875810 plus 36984272270?,49967148080
What is 772969 plus 205250?,978219
What is 301212 plus 122174?,423386
What is 12852 plus 89493?,102345
What is 415 plus 303?,718
What is 12344 plus 84466?,96810
What is 90653795307546 plus 44541816423768?,135195611731314
What is 41900 plus 27517?,69417
What is 6822 plus 7633?,14455
What is 47810709698 plus 37727992373?,85538702071
What is 345 plus 471?,816
What is 43450646848533 plus 59417692523327?,102868339371860
What is 19752660 plus 74175983?,93928643
What is 972075398 plus 985117199?,1957192597
What is 5367690373468 plus 2762202618731?,8129892992199
What is 57656 plus 88608?,146264
What is 325257050 plus 752081838?,1077338888
What is 345738921836 plus 643100124386?,988839046222
What is 2056007608171 plus 5744157040202?,7800164648373
What is 417884978183 plus 245986615165?,663871593348
What is 723 plus 694?,1417
What is 8865 plus 9082?,17947
What is 395242286 plus 549486443?,944728729
What is 4971294 plus 9640756?,14612050
What is 8076661420 plus 4625312811?,12701974231
What is 99577310 plus 86616630?,186193940
What is 3688 plus 7336?,11024
What is 213083561 plus 194810939?,407894500
What is 4531499 plus 8764000?,13295499
What is 130130123953275 plus 179513665292405?,309643789245680
What is 5815180762666 plus 7060304667159?,12875485429825
What is 7521437318 plus 2315739601?,9837176919
What is 300478 plus 349208?,649686
What is 2806733139 plus 9079724640?,11886457779
What is 2619737724185 plus 8981222107987?,11600959832172
What is 56388619 plus 10772292?,67160911
What is 565112 plus 413680?,978792
What is 190371878 plus 300755845?,491127723
What is 52748709 plus 57424761?,110173470
What is 2466 plus 9864?,12330
What is 529638934 plus 390680677?,920319611
What is 2768328482920 plus 9916005304037?,12684333786957
What is 889454273703653 plus 740057992141238?,1629512265844891
What is 545 plus 860?,1405
What is 4428 plus 7194?,11622
What is 60350556 plus 56069128?,116419684
What is 91557103797 plus 73561773583?,165118877380
What is 86297 plus 88476?,174773
What is 7546789195 plus 5677060853?,13223850048
What is 5213195 plus 4423492?,9636687
What is 49698360280660 plus 80201998011846?,129900358292506
What is 22623 plus 11710?,34333
What is 45841940512 plus 79523383564?,125365324076
What is 42497453 plus 63395625?,105893078
What is 8562666117259 plus 9329500090673?,17892166207932
What is 5821522 plus 9258408?,15079930
What is 888337865918282 plus 962438937255832?,1850776803174114
What is 4969347376613 plus 7629359061639?,12598706438252
What is 641392850 plus 138319367?,779712217
What is 59372805758 plus 76327289576?,135700095334
What is 61 plus 78?,139
What is 76279 plus 37456?,113735
What is 2117 plus 1246?,3363
What is 4558218916 plus 4911806887?,9470025803
What is 9151428 plus 7513089?,16664517
What is 10435973 plus 32721155?,43157128
What is 3309 plus 2598?,5907
What is 7116534977 plus 4693470194?,11810005171
What is 5450787728 plus 3571139006?,9021926734
What is 6665296186 plus 7298983602?,13964279788
What is 5786050331467 plus 7906809883205?,13692860214672
What is 59230911051 plus 55838695675?,115069606726
What is 23248886970373 plus 73632744763340?,96881631733713
What is 312911103451112 plus 835064351328012?,1147975454779124
What is 6415113 plus 4357198?,10772311
What is 2221369304043 plus 8427735870748?,10649105174791
What is 393962 plus 582735?,976697
What is 2949 plus 1650?,4599
What is 123931463 plus 535076157?,659007620
What is 100437454 plus 298263569?,398701023
What is 350106280 plus 501961063?,852067343
What is 785140001 plus 926581716?,1711721717
What is 9118406388 plus 2604105149?,11722511537
What is 6354917933432 plus 8920206444144?,15275124377576
What is 72005178287877 plus 11587967479410?,83593145767287
What is 8453639 plus 5245561?,13699200
What is 5884 plus 7263?,13147
What is 76878992 plus 25846179?,102725171
What is 88851566980917 plus 42543275012996?,131394841993913
What is 5852156 plus 1064804?,6916960
What is 715253195408 plus 582486663646?,1297739859054
What is 3137692 plus 9777250?,12914942
What is 664335360 plus 307496223?,971831583
What is 9316206622 plus 3762550601?,13078757223
What is 5668787 plus 9471352?,15140139
What is 75742862018 plus 86458785900?,162201647918
What is 25106590 plus 57398222?,82504812
What is 36045400841676 plus 22019563221968?,58064964063644
What is 13 plus 98?,111
What is 83974990 plus 74484947?,158459937
What is 6921120494 plus 1153074159?,8074194653
What is 416869484378871 plus 457941998499462?,874811482878333
What is 84276 plus 83548?,167824
What is 95744352761238 plus 86505811311873?,182250164073111
What is 349346945751300 plus 383594229201809?,732941174953109
What is 64770495982 plus 69686821533?,134457317515
What is 34098719032 plus 82254765822?,116353484854
What is 753888 plus 894758?,1648646
What is 177481964548 plus 362946326265?,540428290813
What is 973318131 plus 577820101?,1551138232
What is 933520 plus 470083?,1403603
What is 31 plus 97?,128
What is 21387083401287 plus 99847430342720?,121234513744007
What is 885438347760 plus 287911586203?,1173349933963
What is 35776371 plus 68127475?,103903846
What is 8202738 plus 1250692?,9453430
What is 44884803 plus 69833307?,114718110
What is 70700104321263 plus 89336724906513?,160036829227776
What is 9883604088618 plus 2142548596671?,12026152685289
What is 6167 plus 1492?,7659
What is 64640456742423 plus 96260259102320?,160900715844743
What is 32234 plus 65936?,98170
What is 46 plus 20?,66
What is 5022800538 plus 1386140456?,6408940994
What is 5145 plus 8797?,13942
What is 2329789987 plus 7421989429?,9751779416
What is 1287893574 plus 1403557094?,2691450668
What is 976 plus 738?,1714
What is 6721 plus 4190?,10911
What is 34881455159 plus 24409987727?,59291442886
What is 410444454 plus 415721806?,826166260
What is 255238260359537 plus 292876884630610?,548115144990147
What is 5642 plus 7025?,12667
What is 77739173632238 plus 61466961951259?,139206135583497
What is 1125766 plus 4269259?,5395025
What is 1370003 plus 4228664?,5598667
What is 3620 plus 5456?,9076
What is 40 plus 69?,109
What is 781 plus 347?,1128
What is 8883917178470 plus 3066617867946?,11950535046416
What is 6276598 plus 3745686?,10022284
What is 94882 plus 51820?,146702
What is 510746088005 plus 279843063437?,790589151442
What is 576398370575 plus 741342238296?,1317740608871
What is 765787283737741 plus 667289473986963?,1433076757724704
What is 3296232 plus 2770725?,6066957
What is 524 plus 479?,1003
What is 6763808 plus 3669890?,10433698
What is 15286 plus 10906?,26192
What is 681828 plus 129904?,811732
What is 29104440781 plus 65557900082?,94662340863
What is 214334 plus 466839?,681173
What is 23683 plus 20553?,44236
What is 18639294 plus 71426102?,90065396
What is 1971045 plus 7413712?,9384757
What is 952343529 plus 503858602?,1456202131
What is 2529345437 plus 8830833765?,11360179202
What is 201515450 plus 702749666?,904265116
What is 12575569 plus 82418104?,94993673
What is 471 plus 714?,1185
What is 8211982812 plus 7322949602?,15534932414
What is 9504496861529 plus 8336271534461?,17840768395990
What is 4413286 plus 3463921?,7877207
What is 688 plus 817?,1505
What is 598331230265399 plus 628381031608906?,1226712261874305
What is 2105317272422 plus 7836495148909?,9941812421331
What is 149921018 plus 552531097?,702452115
What is 3431 plus 8737?,12168
What is 9027149 plus 2133922?,11161071
What is 253976942 plus 299996605?,553973547
What is 31661209705730 plus 50783283401595?,82444493107325
What is 451455644 plus 686000515?,1137456159
What is 46510 plus 21965?,68475
What is 60107 plus 96878?,156985
What is 6419886 plus 2252053?,8671939
What is 7494110266 plus 5713188397?,13207298663
What is 6013376 plus 8910734?,14924110
What is 4563224 plus 9328536?,13891760
What is 6721 plus 6429?,13150
What is 302673357040 plus 751623536968?,1054296894008
What is 3318646 plus 6961590?,10280236
What is 68711332 plus 41717196?,110428528
What is 6048 plus 8158?,14206
What is 88129224423 plus 84790398972?,172919623395
What is 74001210623739 plus 22863332566247?,96864543189986
What is 48506090 plus 73331512?,121837602
What is 70223 plus 44863?,115086
What is 915998 plus 992410?,1908408
What is 9278028131 plus 7310870368?,16588898499
What is 8532044652777 plus 5954798635039?,14486843287816
What is 87817 plus 24341?,112158
What is 19260363490000 plus 57105152886035?,76365516376035
What is 644 plus 652?,1296
What is 1656002415 plus 3037018955?,4693021370
What is 144811683884440 plus 379203714751475?,524015398635915
What is 452100738073247 plus 393311042474895?,845411780548142
What is 2086806350546 plus 4658733455790?,6745539806336
What is 905 plus 688?,1593
What is 96768945157 plus 85115163008?,181884108165
What is 840469370895779 plus 479883150205256?,1320352521101035
What is 495 plus 483?,978
What is 42599343 plus 69276529?,111875872
What is 482829 plus 261998?,744827
What is 9106720264821 plus 6828442644264?,15935162909085
What is 8631730690 plus 1664429424?,10296160114
What is 406601379 plus 707128171?,1113729550
What is 86112809268 plus 50116602930?,136229412198
What is 84769 plus 89443?,174212
What is 5018006339 plus 2593506201?,7611512540
What is 766 plus 996?,1762
What is 578941 plus 450427?,1029368
What is 429881015666 plus 934063204172?,1363944219838
What is 4674 plus 4779?,9453
What is 26372912299 plus 42669859712?,69042772011
What is 905 plus 569?,1474
What is 9135035534 plus 6059002940?,15194038474
What is 751632254 plus 477187291?,1228819545
What is 618 plus 555?,1173
What is 939457 plus 223590?,1163047
What is 12399350 plus 68905593?,81304943
What is 943548378516394 plus 251106250901023?,1194654629417417
What is 531992 plus 215221?,747213
What is 196396269142 plus 749834062241?,946230331383
What is 727394340018874 plus 572236467858890?,1299630807877764
What is 74651901275432 plus 80479405383250?,155131306658682
What is 982000260833346 plus 673961186595069?,1655961447428415
What is 38406363 plus 10197465?,48603828
What is 458996858606208 plus 848808064684500?,1307804923290708
What is 213 plus 328?,541
What is 6106615708 plus 2398787810?,8505403518
What is 95106041 plus 43969936?,139075977
What is 1350213751733 plus 3817548928187?,5167762679920
What is 187617 plus 989978?,1177595
What is 233518704680750 plus 956479987727203?,1189998692407953
What is 9030597225 plus 2387467879?,11418065104
What is 69338792228028 plus 72105964117946?,141444756345974
What is 5993066621088 plus 2870754449869?,8863821070957
What is 4749853 plus 2419997?,7169850
What is 9162864 plus 7009098?,16171962
What is 38712424 plus 98788367?,137500791
What is 6576 plus 9032?,15608
What is 26927 plus 75887?,102814
What is 50041 plus 79059?,129100
What is 1458021328937 plus 2427078911315?,3885100240252
What is 2135937 plus 6738075?,8874012
What is 39 plus 47?,86
What is 57000 plus 85082?,142082
What is 914948929252662 plus 764672915691285?,1679621844943947
What is 1202 plus 4767?,5969
What is 65 plus 81?,146
What is 643900425811 plus 121684919050?,765585344861
What is 394 plus 500?,894
What is 451881 plus 641940?,1093821
What is 3952226193294 plus 6360638087179?,10312864280473
What is 49602083 plus 61396370?,110998453
What is 33396 plus 72664?,106060
What is 274790 plus 900301?,1175091
What is 313665457219 plus 147472202260?,461137659479
What is 330477 plus 624290?,954767
What is 6459837 plus 8126506?,14586343
What is 94141386044267 plus 51948099391658?,146089485435925
What is 251074772912717 plus 762107546192865?,1013182319105582
What is 92 plus 67?,159
What is 26467 plus 54367?,80834
What is 6863 plus 8459?,15322
What is 19414 plus 41512?,60926
What is 868729782942 plus 737336303208?,1606066086150
What is 654778017 plus 520979986?,1175758003
What is 9278759742314 plus 4581260842519?,13860020584833
What is 946068467499 plus 171805810124?,1117874277623
What is 748308510717 plus 295951623822?,1044260134539
What is 9574758873 plus 5516441446?,15091200319
What is 490855 plus 285908?,776763
What is 410 plus 970?,1380
What is 52197811 plus 58052765?,110250576
What is 9047163705142 plus 6184908700990?,15232072406132
What is 76669067 plus 37169777?,113838844
What is 643119578202 plus 240064384122?,883183962324
What is 954404 plus 313671?,1268075
What is 15184 plus 51348?,66532
What is 295284513022 plus 774461379650?,1069745892672
What is 1961086661 plus 2812961373?,4774048034
What is 711 plus 951?,1662
What is 40 plus 35?,75
What is 43 plus 57?,100
What is 67981031510 plus 85977274073?,153958305583
What is 7324085370517 plus 2971958174063?,10296043544580
What is 769 plus 763?,1532
What is 29017 plus 26477?,55494
What is 699 plus 931?,1630
What is 74131982121 plus 90615296263?,164747278384
What is 72872036166329 plus 18239912161680?,91111948328009
What is 504365605 plus 384660693?,889026298
What is 2868829090809 plus 3909344092546?,6778173183355
What is 5556097 plus 2101878?,7657975
What is 85418 plus 42981?,128399
What is 8143200998856 plus 5039588889835?,13182789888691
What is 8439 plus 2623?,11062
What is 369710898 plus 972730347?,1342441245
What is 51395369424598 plus 48383080760557?,99778450185155
What is 7423549 plus 1802160?,9225709
What is 39041899 plus 91609207?,130651106
What is 98395 plus 28709?,127104
What is 83528338714352 plus 14131517630393?,97659856344745
What is 987326866595321 plus 977188924596333?,1964515791191654
What is 698603611484 plus 948652825275?,1647256436759
What is 1414549779 plus 1222191071?,2636740850
What is 660036 plus 831483?,1491519
What is 750669561449941 plus 410566276352774?,1161235837802715
What is 6149 plus 1987?,8136
What is 9246538 plus 5880852?,15127390
What is 14 plus 37?,51
What is 50997044 plus 43264451?,94261495
What is 4123 plus 6220?,10343
What is 5032 plus 5524?,10556
What is 90 plus 67?,157
What is 9380 plus 8528?,17908
What is 69 plus 86?,155
What is 318090162 plus 427689619?,745779781
What is 748860999 plus 568138127?,1316999126
What is 450888567 plus 132940482?,583829049
What is 39 plus 21?,60
What is 570329809 plus 556468690?,1126798499
What is 24122211050 plus 47518496652?,71640707702
What is 672817 plus 781407?,1454224
What is 503 plus 201?,704
What is 314455 plus 436461?,750916
What is 6300 plus 2858?,9158
What is 6311 plus 2284?,8595
What is 40701086433436 plus 53679281388417?,94380367821853
What is 69379575 plus 47833944?,117213519
What is 2060597241969 plus 1151115984666?,3211713226635
What is 9101015 plus 6659314?,15760329
What is 339750 plus 237973?,577723
What is 8023855 plus 9806966?,17830821
What is 979281970536 plus 626833266579?,1606115237115
What is 81666 plus 31634?,113300
What is 14601 plus 22785?,37386
What is 4700448613 plus 1230717545?,5931166158
What is 31215741 plus 93144248?,124359989
What is 9337032403 plus 1174444456?,10511476859
What is 20 plus 32?,52
What is 7817700904 plus 6446045252?,14263746156
What is 567350045012 plus 687644394380?,1254994439392
What is 409681879 plus 521406599?,931088478
What is 11610 plus 85200?,96810
What is 827003882447 plus 935665851129?,1762669733576
What is 17015633832 plus 97219202388?,114234836220
What is 1815591 plus 6753016?,8568607
What is 932720687663 plus 889412626805?,1822133314468
What is 759138403 plus 279814615?,1038953018
What is 405 plus 794?,1199
What is 24828190 plus 35988874?,60817064
What is 558456709655 plus 514137362596?,1072594072251
What is 3233033518491 plus 7601501342718?,10834534861209
What is 2139416039161 plus 6191261617911?,8330677657072
What is 5881120 plus 8558504?,14439624
What is 1736 plus 8509?,10245
What is 35359619 plus 52282934?,87642553
What is 99858073584 plus 20571356734?,120429430318
What is 121246880037389 plus 291226306695406?,412473186732795
What is 20249369 plus 91654740?,111904109
What is 612425282924582 plus 779686217784739?,1392111500709321
What is 3887 plus 3463?,7350
What is 5025614601440 plus 2855557937356?,7881172538796
What is 10 plus 73?,83
What is 74730091703510 plus 34399547935213?,109129639638723
What is 2436297 plus 6157124?,8593421
What is 119842787232 plus 941594436669?,1061437223901
What is 94183253485 plus 89422485552?,183605739037
What is 759588 plus 526969?,1286557
What is 92 plus 40?,132
What is 94175174 plus 39546709?,133721883
What is 37615034996166 plus 41825960463876?,79440995460042
What is 26952830 plus 53002320?,79955150
What is 90434429005578 plus 66252102675245?,156686531680823
What is 348980142992 plus 862576116307?,1211556259299
What is 3755 plus 3615?,7370
What is 311316528690043 plus 287813661877802?,599130190567845
What is 9484 plus 9588?,19072
What is 2202879104 plus 8875524907?,11078404011
What is 4638534 plus 3904469?,8543003
What is 3673258313929 plus 7997112361630?,11670370675559
What is 21614153769 plus 50137923435?,71752077204
What is 601855 plus 760229?,1362084
What is 29421275587 plus 33832628531?,63253904118
What is 5845 plus 9630?,15475
What is 39633 plus 42927?,82560
What is 83938 plus 68717?,152655
What is 7706 plus 5338?,13044
What is 182214739084 plus 434253820410?,616468559494
What is 47 plus 98?,145
What is 4900 plus 2603?,7503
What is 749272541 plus 923230703?,1672503244
What is 686 plus 117?,803
What is 245205 plus 167361?,412566
What is 12788682837634 plus 14461442171140?,27250125008774
What is 4156409 plus 7092030?,11248439
What is 33 plus 84?,117
What is 7524 plus 2681?,10205
What is 1583594901 plus 4433911283?,6017506184
What is 97086964452698 plus 25593388201738?,122680352654436
What is 995718077606 plus 643319757655?,1639037835261
What is 327101238946119 plus 501274981150420?,828376220096539
What is 419415 plus 975918?,1395333
What is 6347036 plus 6512418?,12859454
What is 777173475782068 plus 760131394309402?,1537304870091470
What is 73 plus 56?,129
What is 84977428331075 plus 22298499893129?,107275928224204
What is 7107720084 plus 1260230635?,8367950719
What is 8426756854 plus 1616517090?,10043273944
What is 764735408 plus 709955084?,1474690492
What is 96 plus 65?,161
What is 78183 plus 65950?,144133
What is 3186057 plus 9330170?,12516227
What is 20417 plus 51893?,72310
What is 10115055 plus 96474306?,106589361
What is 69799492 plus 50198602?,119998094
What is 17793 plus 68629?,86422
What is 160819073 plus 410162089?,570981162
What is 175 plus 498?,673
What is 91734190304930 plus 28263208770610?,119997399075540
What is 873170 plus 889095?,1762265
What is 25 plus 28?,53
What is 9882895690372 plus 2809068088331?,12691963778703
What is 354833 plus 545840?,900673
What is 4959147759 plus 6219582744?,11178730503
What is 533637 plus 265629?,799266
What is 673839263861042 plus 583017774503168?,1256857038364210
What is 92251 plus 92658?,184909
What is 291 plus 657?,948
What is 824 plus 175?,999
What is 651307076803 plus 436340845044?,1087647921847
What is 367297809400 plus 630085330998?,997383140398
What is 67003048526117 plus 17156251946927?,84159300473044
What is 514 plus 301?,815
What is 466504471917604 plus 479088261712934?,945592733630538
What is 709099496 plus 144163333?,853262829
What is 42186 plus 19076?,61262
What is 237204 plus 175437?,412641
What is 395466 plus 629995?,1025461
What is 69086657958 plus 74985084338?,144071742296
What is 9899441623771 plus 1761567908531?,11661009532302
What is 96081 plus 84069?,180150
What is 45315 plus 30805?,76120
What is 245002806393511 plus 854924202969492?,1099927009363003
What is 836082 plus 115386?,951468
What is 416801874336 plus 879620574589?,1296422448925
What is 72 plus 64?,136
What is 694391910 plus 768421540?,1462813450
What is 6453606 plus 9286792?,15740398
What is 6746790581 plus 6377097343?,13123887924
What is 2283003 plus 9178926?,11461929
What is 2937770 plus 4943846?,7881616
What is 6361631 plus 8120376?,14482007
What is 99316 plus 83640?,182956
What is 14143005313986 plus 73105271779985?,87248277093971
What is 34927739787 plus 99664742878?,134592482665
What is 82797974 plus 17267233?,100065207
What is 2762 plus 3293?,6055
What is 58 plus 29?,87
What is 66834 plus 63506?,130340
What is 635330 plus 918010?,1553340
What is 290439 plus 279655?,570094
What is 9252137511 plus 9461127034?,18713264545
What is 31699 plus 53213?,84912
What is 1096091323 plus 2519861045?,3615952368
What is 111092086 plus 857319156?,968411242
What is 72058786312489 plus 92840148542125?,164898934854614
What is 4228546 plus 7714701?,11943247
What is 70089 plus 57264?,127353
What is 8375405794 plus 4164466102?,12539871896
What is 298 plus 631?,929
What is 90457 plus 88728?,179185
What is 7642989683058 plus 1720781658981?,9363771342039
What is 413568688707352 plus 135121182019322?,548689870726674
What is 6966168428739 plus 7903773597319?,14869942026058
What is 3286364 plus 8723473?,12009837
What is 601870 plus 942985?,1544855
What is 1192373 plus 6691372?,7883745
What is 3620329214 plus 3434371741?,7054700955
What is 1778096 plus 8426221?,10204317
What is 41930800204013 plus 17912114845438?,59842915049451
What is 9533993 plus 4579485?,14113478
What is 1636 plus 2200?,3836
What is 4943153 plus 9767107?,14710260
What is 17104366867 plus 37629304792?,54733671659
What is 72457637653128 plus 31795542584190?,104253180237318
What is 4800633042 plus 7676986753?,12477619795
What is 999 plus 998?,1997
What is 394879238116651 plus 924227094625432?,1319106332742083
What is 766479419 plus 960448915?,1726928334
What is 53487 plus 76808?,130295
What is 258629702223018 plus 277375787795544?,536005490018562
What is 4471 plus 9829?,14300
What is 5778371 plus 3450541?,9228912
What is 529598311 plus 717937344?,1247535655
What is 138212266226352 plus 429632930015038?,567845196241390
What is 5713269622 plus 1685421996?,7398691618
What is 4588372965 plus 8756556510?,13344929475
What is 517025312437 plus 715457497656?,1232482810093
What is 590985 plus 293809?,884794
What is 8578513108377 plus 9267458852475?,17845971960852
What is 19191633393183 plus 45333246652619?,64524880045802
What is 53 plus 16?,69
What is 36694 plus 65827?,102521
What is 4693369 plus 8917657?,13611026
What is 97937945212 plus 52913649090?,150851594302
What is 44970 plus 21193?,66163
What is 2619 plus 1382?,4001
What is 6170821207589 plus 1667768416463?,7838589624052
What is 1291 plus 5698?,6989
What is 930 plus 398?,1328
What is 18804026411313 plus 52291464815965?,71095491227278
What is 918029 plus 256428?,1174457
What is 800186800945 plus 578387206220?,1378574007165
What is 16533299886518 plus 76804480483115?,93337780369633
What is 472 plus 677?,1149
What is 292 plus 597?,889
What is 42963861022961 plus 46863391386699?,89827252409660
What is 71862 plus 81416?,153278
What is 889679 plus 996163?,1885842
What is 6161323 plus 2397066?,8558389
What is 555416 plus 964713?,1520129
What is 78797084404 plus 73492401694?,152289486098
What is 91944706 plus 76619913?,168564619
What is 6444654651198 plus 5785210259407?,12229864910605
What is 48 plus 34?,82
What is 60396861076901 plus 61672386168708?,122069247245609
What is 20692214 plus 17829364?,38521578
What is 2560126592 plus 7378456799?,9938583391
What is 22 plus 17?,39
What is 256879 plus 427493?,684372
What is 9301135786322 plus 7875758746957?,17176894533279
What is 5862546654 plus 2882396704?,8744943358
What is 26 plus 79?,105
What is 5954485158762 plus 2350862667766?,8305347826528
What is 7854679184931 plus 2405437699666?,10260116884597
What is 779589 plus 203483?,983072
What is 395280504303 plus 610323685345?,1005604189648
What is 8967690 plus 7387982?,16355672
What is 73667885495 plus 45442752852?,119110638347
What is 278 plus 142?,420
What is 8724330 plus 5250072?,13974402
What is 277396134 plus 354919227?,632315361
What is 76454183 plus 13090372?,89544555
What is 61524 plus 21081?,82605
What is 839809927 plus 201575948?,1041385875
What is 86983994 plus 87073626?,174057620
What is 95660635101880 plus 44949257825098?,140609892926978
What is 1674766 plus 4943260?,6618026
What is 87906737 plus 76690965?,164597702
What is 14305109742 plus 23985048408?,38290158150
What is 78712935 plus 12890214?,91603149
What is 800999892868630 plus 297094221150590?,1098094114019220
What is 4554767514 plus 4945004927?,9499772441
What is 44588 plus 63222?,107810
What is 214 plus 263?,477
What is 9628622034 plus 3103996033?,12732618067
What is 736274983 plus 854139973?,1590414956
What is 8741089257620 plus 2214064095305?,10955153352925
What is 882098005221670 plus 706934429549930?,1589032434771600
What is 12 plus 76?,88
What is 91178087433061 plus 60676627761275?,151854715194336
What is 838 plus 156?,994
What is 52 plus 60?,112
What is 85505 plus 55156?,140661
What is 735870488 plus 657248177?,1393118665
What is 3840 plus 9070?,12910
What is 125 plus 286?,411
What is 13119669179765 plus 95661580412865?,108781249592630
What is 920748518 plus 166069661?,1086818179
What is 2511464 plus 6947432?,9458896
What is 67882 plus 36252?,104134
What is 9432518538 plus 8018360239?,17450878777
What is 917623 plus 736856?,1654479
What is 612749 plus 781799?,1394548
What is 9699 plus 5954?,15653
What is 6722729121 plus 5700266953?,12422996074
What is 26 plus 61?,87
What is 840183 plus 678036?,1518219
What is 8358705873772 plus 4168793300329?,12527499174101
What is 4661437615908 plus 7785219647833?,12446657263741
What is 33 plus 63?,96
What is 3168427 plus 2688108?,5856535
What is 8232265 plus 7311774?,15544039
What is 50090983857 plus 74767495531?,124858479388
What is 19376592661 plus 61317045761?,80693638422
What is 1297740198 plus 5040141503?,6337881701
What is 139946477184957 plus 816608969396398?,956555446581355
What is 16 plus 63?,79
What is 80950 plus 24366?,105316
What is 54 plus 42?,96
What is 145920094716 plus 347561816117?,493481910833
What is 39272074377020 plus 64254406029256?,103526480406276
What is 8437645708 plus 1642796390?,10080442098
What is 971430374 plus 270790680?,1242221054
What is 18372998 plus 84885900?,103258898
What is 57566 plus 47736?,105302
What is 465 plus 577?,1042
What is 3254178735 plus 5880829509?,9135008244
What is 701816828146 plus 543761597665?,1245578425811
What is 3587412146996 plus 1900820959337?,5488233106333
What is 55 plus 28?,83
What is 805991940 plus 892309032?,1698300972
What is 85781 plus 85821?,171602
What is 812160653269918 plus 745838085469788?,1557998738739706
What is 3065 plus 4735?,7800
What is 831506721775502 plus 555175238075381?,1386681959850883
What is 6941 plus 9293?,16234
What is 4930675825 plus 5820928797?,10751604622
What is 220355011965579 plus 684246326442964?,904601338408543
What is 144899 plus 224686?,369585
What is 697292894761704 plus 389353234033569?,1086646128795273
What is 68 plus 15?,83
What is 6567163175 plus 8466055636?,15033218811
What is 46726 plus 32426?,79152
What is 91357842 plus 53689807?,145047649
What is 39772477171859 plus 66588430564263?,106360907736122
What is 45589284239 plus 41055107217?,86644391456
What is 3172 plus 3482?,6654
What is 591240 plus 200391?,791631
What is 13580 plus 51637?,65217
What is 31531320377 plus 10376924994?,41908245371
What is 290 plus 872?,1162
What is 836448 plus 744438?,1580886
What is 76 plus 19?,95
What is 20414532989329 plus 18612817828709?,39027350818038
What is 43 plus 76?,119
What is 828718 plus 826296?,1655014
What is 868 plus 221?,1089
What is 801762726807 plus 356688786904?,1158451513711
What is 32 plus 67?,99
What is 8046702 plus 6905717?,14952419
What is 26316986 plus 82056078?,108373064
What is 5642532 plus 6285433?,11927965
What is 67604332910109 plus 31291405355564?,98895738265673
What is 926697 plus 838776?,1765473
What is 3580847 plus 1155819?,4736666
What is 43750279675330 plus 41505839456221?,85256119131551
What is 1686627821 plus 1734039600?,3420667421
What is 213369663312463 plus 981759512651844?,1195129175964307
What is 49503 plus 92135?,141638
What is 6973523402321 plus 8057178037439?,15030701439760
What is 2070 plus 6309?,8379
What is 84988178843023 plus 10075420108046?,95063598951069
What is 168236725613129 plus 602965609457759?,771202335070888
What is 72311433451 plus 31637289038?,103948722489
What is 268241662256450 plus 756889119118698?,1025130781375148
What is 546218728900839 plus 525878847597033?,1072097576497872
What is 11500 plus 55201?,66701
What is 2197171810794 plus 7876610768101?,10073782578895
What is 7764140 plus 3109503?,10873643
What is 139 plus 780?,919
What is 734749688 plus 814397188?,1549146876
What is 21 plus 60?,81
What is 38999 plus 36786?,75785
What is 753308 plus 201388?,954696
What is 43440171815 plus 89763982864?,133204154679
What is 79517380885889 plus 16662812569789?,96180193455678
What is 7431 plus 8596?,16027
What is 7876412104 plus 7622951231?,15499363335
What is 9600526251 plus 5111792996?,14712319247
What is 3919463 plus 5789066?,9708529
What is 44560292 plus 46616026?,91176318
What is 53187953272 plus 83864472627?,137052425899
What is 64010 plus 63786?,127796
What is 1225540720 plus 6757743925?,7983284645
What is 61706728912 plus 20571442917?,82278171829
What is 385184626 plus 247041045?,632225671
What is 8469652505859 plus 7886585126525?,16356237632384
What is 57964 plus 17307?,75271
What is 28798104 plus 77952369?,106750473
What is 8864896114 plus 7033466302?,15898362416
What is 289464318912 plus 266399827299?,555864146211
What is 431292926770 plus 756016166931?,1187309093701
What is 5623 plus 4470?,10093
What is 9272 plus 2825?,12097
What is 9195941775 plus 5886886988?,15082828763
What is 2673581942 plus 3106979894?,5780561836
What is 9923087 plus 3224160?,13147247
What is 7282255 plus 3243277?,10525532
What is 9578493965 plus 8524542749?,18103036714
What is 271943195 plus 186873167?,458816362
What is 951743480974180 plus 302208207893015?,1253951688867195
What is 1496 plus 9434?,10930
What is 76637433167 plus 78156065961?,154793499128
What is 3994 plus 3355?,7349
What is 190991650 plus 662794992?,853786642
What is 70210034170 plus 16488617694?,86698651864
What is 501362 plus 700844?,1202206
What is 154167 plus 158723?,312890
What is 45946 plus 78721?,124667
What is 512851643484 plus 617465816143?,1130317459627
What is 7965606494 plus 1447977975?,9413584469
What is 66538468586 plus 63570221830?,130108690416
What is 78172360942833 plus 41058270761462?,119230631704295
What is 197281620756977 plus 233235894951174?,430517515708151
What is 2726474190 plus 7348660875?,10075135065
What is 63870 plus 95725?,159595
What is 56966713 plus 60524317?,117491030
What is 30465644932379 plus 87800246622092?,118265891554471
What is 6888533838914 plus 9164849094960?,16053382933874
What is 675813262515815 plus 163288359899539?,839101622415354
What is 822 plus 463?,1285
What is 709431 plus 295103?,1004534
What is 859127878 plus 729715045?,1588842923
What is 569169 plus 483675?,1052844
What is 378078991159 plus 648946979380?,1027025970539
What is 50994741 plus 88570543?,139565284
What is 793777201167 plus 384217308049?,1177994509216
What is 1434 plus 6160?,7594
What is 711110561 plus 287562834?,998673395
What is 4379188613 plus 5551368695?,9930557308
What is 301441 plus 211758?,513199
What is 88454 plus 76753?,165207
What is 974987022 plus 718635129?,1693622151
What is 4566962724726 plus 8126056117277?,12693018842003
What is 9247 plus 8223?,17470
What is 43 plus 94?,137
What is 65652 plus 79977?,145629
What is 63651010 plus 36796574?,100447584
What is 656689105682637 plus 914648278239725?,1571337383922362
What is 59200703601 plus 41284179690?,100484883291
What is 624002992006 plus 948494933405?,1572497925411
What is 842475 plus 568301?,1410776
What is 117 plus 519?,636
What is 30392 plus 38599?,68991
What is 84287 plus 77790?,162077
What is 916479023 plus 807313561?,1723792584
What is 83441846 plus 81345097?,164786943
What is 659868824 plus 136189553?,796058377
What is 4061 plus 3542?,7603
What is 6633274578 plus 1433328965?,8066603543
What is 681360751265 plus 359603801999?,1040964553264
What is 28584 plus 75843?,104427
What is 3391163077420 plus 1124911519492?,4516074596912
What is 7699861480844 plus 7866615730102?,15566477210946
What is 68 plus 32?,100
What is 186306541626834 plus 157216555263831?,343523096890665
What is 30457900283 plus 17258465315?,47716365598
What is 988 plus 809?,1797
What is 62927309049248 plus 86173383033971?,149100692083219
What is 997 plus 836?,1833
What is 706910580167827 plus 597927445058729?,1304838025226556
What is 7516121975356 plus 6712081590512?,14228203565868
What is 1573589 plus 8592035?,10165624
What is 46209225882082 plus 21421341278251?,67630567160333
What is 3328274036488 plus 2902536638855?,6230810675343
What is 43 plus 53?,96
What is 7561988367339 plus 1396513391720?,8958501759059
What is 22275647602 plus 37630471339?,59906118941
What is 54820719 plus 22535856?,77356575
What is 904617266121127 plus 709583008569353?,1614200274690480
What is 70587021797 plus 36755063790?,107342085587
What is 54476844 plus 49625377?,104102221
What is 244740989 plus 661840423?,906581412
What is 7731728 plus 5485475?,13217203
What is 4072196 plus 2833485?,6905681
What is 5003672 plus 4099734?,9103406
What is 113 plus 601?,714
What is 70536101066442 plus 51457670475783?,121993771542225
What is 9119021415788 plus 1833045318135?,10952066733923
What is 293289957 plus 718395059?,1011685016
What is 2801480930 plus 2945246428?,5746727358
What is 2576007 plus 2322822?,4898829
What is 8887 plus 2025?,10912
What is 86360657 plus 67980216?,154340873
What is 615239286 plus 655024689?,1270263975
What is 9356 plus 1894?,11250
What is 6856881 plus 5608052?,12464933
What is 4705166121 plus 6917204022?,11622370143
What is 228037202363521 plus 875263292066127?,1103300494429648
What is 4932391035 plus 8174944748?,13107335783
What is 303955 plus 562116?,866071
What is 405413286568 plus 324507132596?,729920419164
What is 999691304275 plus 869430181656?,1869121485931
What is 228 plus 956?,1184
What is 248163033898014 plus 697139903668898?,945302937566912
What is 804013902000508 plus 126798692978704?,930812594979212
What is 82833905493568 plus 58957708650379?,141791614143947
What is 6731461106 plus 9261092376?,15992553482
What is 84841640 plus 85365805?,170207445
What is 820677150 plus 686724142?,1507401292
What is 193 plus 799?,992
What is 920504912 plus 370278998?,1290783910
What is 24514792 plus 79176530?,103691322
What is 7446 plus 6515?,13961
What is 25875 plus 93136?,119011
What is 6928609716 plus 9842520380?,16771130096
What is 48128912536728 plus 70921663245335?,119050575782063
What is 40530863210266 plus 97317796933828?,137848660144094
What is 15536 plus 10743?,26279
What is 19181271543056 plus 65560490091532?,84741761634588
What is 2382668401277 plus 2188193745195?,4570862146472
What is 61973295792 plus 11553902333?,73527198125
What is 24059946451905 plus 82652341699007?,106712288150912
What is 13004331909 plus 54615836162?,67620168071
What is 61893876913506 plus 96542712041006?,158436588954512
What is 68982532084506 plus 53450345872952?,122432877957458
What is 8597 plus 9175?,17772
What is 33 plus 98?,131
What is 82 plus 13?,95
What is 2291767359178 plus 2037442199559?,4329209558737
What is 407 plus 740?,1147
What is 3697910961 plus 8861563515?,12559474476
What is 76303268271 plus 59122077050?,135425345321
What is 48654081954141 plus 20876025376144?,69530107330285
What is 509161 plus 271886?,781047
What is 2578 plus 2944?,5522
What is 27 plus 33?,60
What is 102193182480745 plus 396675423000237?,498868605480982
What is 4490580 plus 7507181?,11997761
What is 197158635 plus 695304941?,892463576
What is 8984 plus 4450?,13434
What is 72170472644786 plus 33081756977897?,105252229622683
What is 538891192313700 plus 646670613063797?,1185561805377497
What is 650457641 plus 718523032?,1368980673
What is 929 plus 477?,1406
What is 95019735218 plus 54469873455?,149489608673
What is 8595884860 plus 1653984240?,10249869100
What is 99782345 plus 42434104?,142216449
What is 58917931 plus 82599845?,141517776
What is 1440 plus 8577?,10017
What is 80567 plus 90335?,170902
What is 8899412 plus 6561036?,15460448
What is 52034558 plus 32035308?,84069866
What is 912 plus 907?,1819
What is 47 plus 18?,65
What is 6230003017358 plus 8311397624480?,14541400641838
What is 35278724959205 plus 36450935632171?,71729660591376
What is 1012457683 plus 6229981074?,7242438757
What is 2468 plus 6635?,9103
What is 3345053176769 plus 2389605447884?,5734658624653
What is 1433848998459 plus 9156859922264?,10590708920723
What is 2444565 plus 1494679?,3939244
What is 95285616 plus 78726444?,174012060
What is 17 plus 55?,72
What is 770112058 plus 143820661?,913932719
What is 4871789 plus 6078775?,10950564
What is 81611467678 plus 66478947954?,148090415632
What is 346 plus 845?,1191
What is 23686435 plus 11811682?,35498117
What is 72029 plus 32115?,104144
What is 290775 plus 866155?,1156930
What is 745 plus 457?,1202
What is 30 plus 16?,46
What is 42089054 plus 93999749?,136088803
What is 631121802131004 plus 585171796784906?,1216293598915910
What is 484309838 plus 782505443?,1266815281
What is 35795 plus 12576?,48371
What is 27097 plus 10758?,37855
What is 263710 plus 332407?,596117
What is 4078 plus 3217?,7295
What is 13314485168 plus 74898605266?,88213090434
What is 5486 plus 1216?,6702
What is 1632048386176 plus 6644171831317?,8276220217493
What is 7490906336 plus 1949622592?,9440528928
What is 22085 plus 31571?,53656
What is 50871 plus 30844?,81715
What is 27901426 plus 97681694?,125583120
What is 796 plus 511?,1307
What is 432591620 plus 602094789?,1034686409
What is 703274405 plus 182223435?,885497840
What is 737827429 plus 474248454?,1212075883
What is 818 plus 825?,1643
What is 1470 plus 5565?,7035
What is 1533038645182 plus 6758585944396?,8291624589578
What is 9034790 plus 9237750?,18272540
What is 3569120 plus 6021532?,9590652
What is 8923 plus 6419?,15342
What is 62464355072 plus 67229279279?,129693634351
What is 796252 plus 870722?,1666974
What is 6474886240 plus 3830064408?,10304950648
What is 7578 plus 6728?,14306
What is 7789 plus 4417?,12206
What is 294019536744 plus 958500921699?,1252520458443
What is 263964467942285 plus 179951080614749?,443915548557034
What is 317127479559 plus 683642886687?,1000770366246
What is 5566572175 plus 7283135710?,12849707885
What is 333998203794324 plus 124246525946074?,458244729740398
What is 75748 plus 69042?,144790
What is 28796759714 plus 96232827963?,125029587677
What is 9290 plus 4352?,13642
What is 890 plus 647?,1537
What is 9437150455 plus 3441756950?,12878907405
What is 3358320 plus 7749618?,11107938
What is 635 plus 386?,1021
What is 207015 plus 438483?,645498
What is 113540 plus 981088?,1094628
What is 61628344 plus 33897982?,95526326
What is 4095962 plus 8102941?,12198903
What is 44413932803 plus 83167375564?,127581308367
What is 1080 plus 6344?,7424
What is 470 plus 251?,721
What is 865271634012271 plus 501177996568185?,1366449630580456
What is 16213730 plus 93061601?,109275331
What is 235595861716 plus 513727396239?,749323257955
What is 138 plus 947?,1085
What is 1891482544890 plus 8085919902097?,9977402446987
What is 841233090886567 plus 991755477609910?,1832988568496477
What is 4394737512 plus 7946773079?,12341510591
What is 91 plus 41?,132
What is 8613151 plus 9868635?,18481786
What is 25152792 plus 53098962?,78251754
What is 220466683 plus 963985879?,1184452562
What is 87247009082018 plus 65562492601169?,152809501683187
What is 90300611 plus 41220175?,131520786
What is 1144802 plus 5240326?,6385128
What is 388320663 plus 644216385?,1032537048
What is 24971435301467 plus 99225075966644?,124196511268111
What is 1795181843336 plus 2867158082540?,4662339925876
What is 340784 plus 183548?,524332
What is 99559491121 plus 74601034362?,174160525483
What is 24280 plus 78446?,102726
What is 2367 plus 2968?,5335
What is 897325585587415 plus 632593113956540?,1529918699543955
What is 663508125336220 plus 748882486757261?,1412390612093481
What is 459567194982 plus 915402630275?,1374969825257
What is 59786713 plus 49405807?,109192520
What is 921283345 plus 313668166?,1234951511
What is 958 plus 408?,1366
What is 7873 plus 5564?,13437
What is 295589475746546 plus 732637649598737?,1028227125345283
What is 15997 plus 20786?,36783
What is 8771424783 plus 1318135944?,10089560727
What is 52627308081 plus 88594374640?,141221682721
What is 635174971 plus 291254932?,926429903
What is 31912313321567 plus 33747949061121?,65660262382688
What is 803693315 plus 590386439?,1394079754
What is 72451 plus 15436?,87887
What is 396236 plus 891740?,1287976
What is 26534472 plus 36394304?,62928776
What is 193668 plus 986209?,1179877
What is 931279720930 plus 325891046122?,1257170767052
What is 5092 plus 9956?,15048
What is 9857 plus 3261?,13118
What is 666213 plus 872881?,1539094
What is 606447291620 plus 670621620495?,1277068912115
What is 4664 plus 1242?,5906
What is 72502726793 plus 49406088982?,121908815775
What is 429359898814847 plus 422522902426278?,851882801241125
What is 28236717966 plus 47338536169?,75575254135
What is 26492539739448 plus 79064559912086?,105557099651534
What is 8922265462191 plus 7643530594362?,16565796056553
What is 8066241955878 plus 8023373230911?,16089615186789
What is 91072149821 plus 32880976007?,123953125828
What is 177849 plus 504926?,682775
What is 11 plus 95?,106
What is 896 plus 758?,1654
What is 30733 plus 47037?,77770
What is 924234242910 plus 337072432546?,1261306675456
What is 406080210812783 plus 709848743951822?,1115928954764605
What is 206 plus 171?,377
What is 5009 plus 6977?,11986
What is 3622649168 plus 1958774435?,5581423603
What is 311493068923647 plus 750085405150477?,1061578474074124
What is 884860 plus 519236?,1404096
What is 58365814601711 plus 20343399513392?,78709214115103
What is 28117874 plus 12732802?,40850676
What is 3293025170 plus 4120106059?,7413131229
What is 6386736 plus 7599938?,13986674
What is 1451194296 plus 4012527922?,5463722218
What is 67023623 plus 26910625?,93934248
What is 9829005602 plus 9904677756?,19733683358
What is 92448289695 plus 66159321137?,158607610832
What is 7086186836 plus 7404674555?,14490861391
What is 7544712676 plus 3731561437?,11276274113
What is 38733048108098 plus 90206822438736?,128939870546834
What is 8046990005570 plus 9000757634085?,17047747639655
What is 8785228 plus 5144679?,13929907
What is 548262 plus 382490?,930752
What is 9998 plus 9885?,19883
What is 8656 plus 6391?,15047
What is 500298638229 plus 435912268888?,936210907117
What is 357340163069 plus 640670897515?,998011060584
What is 95230 plus 22357?,117587
What is 1706992921 plus 1526669945?,3233662866
What is 57927 plus 83652?,141579
What is 500596280808 plus 457799889834?,958396170642
What is 8103098429426 plus 7293427650617?,15396526080043
What is 2986653103943 plus 7192488159203?,10179141263146
What is 8160994 plus 7911792?,16072786
What is 5833 plus 7641?,13474
What is 21199774 plus 61106186?,82305960
What is 4625 plus 7142?,11767
What is 99 plus 98?,197
What is 69 plus 21?,90
What is 858394913129144 plus 955648382148469?,1814043295277613
What is 925104072461179 plus 861768498488894?,1786872570950073
What is 4325994793 plus 8198236153?,12524230946
What is 13940984731935 plus 12948566260530?,26889550992465
What is 9759135932 plus 8968633445?,18727769377
What is 59 plus 59?,118
What is 7598405155 plus 6455196873?,14053602028
What is 89061 plus 28469?,117530
What is 16243815 plus 63234418?,79478233
What is 12081400348 plus 65479392886?,77560793234
What is 999399052 plus 702347722?,1701746774
What is 477859944 plus 803564297?,1281424241
What is 833328 plus 385680?,1219008
What is 6894955887525 plus 7506626619423?,14401582506948
What is 687116615914 plus 518315975531?,1205432591445
What is 5003 plus 2819?,7822
What is 758 plus 269?,1027
What is 63648159939900 plus 11125205451539?,74773365391439
What is 5018048559480 plus 3458972860638?,8477021420118
What is 3758063 plus 7758355?,11516418
What is 17 plus 51?,68
What is 9546761 plus 1883108?,11429869
What is 89995369 plus 59528050?,149523419
What is 88 plus 84?,172
What is 17386986092 plus 35449372871?,52836358963
What is 85563199862963 plus 82998660591332?,168561860454295
What is 5373011 plus 4415981?,9788992
What is 204264262 plus 864196813?,1068461075
What is 296072320240 plus 777119621587?,1073191941827
What is 33751137762859 plus 33782124699058?,67533262461917
What is 170007795878 plus 767988907777?,937996703655
What is 44 plus 73?,117
What is 43 plus 70?,113
What is 49527 plus 45197?,94724
What is 34 plus 60?,94
What is 5937826 plus 6613474?,12551300
What is 854 plus 492?,1346
What is 213332 plus 543884?,757216
What is 7035329 plus 5886757?,12922086
What is 475365630 plus 248073159?,723438789
What is 1617 plus 9122?,10739
What is 32 plus 22?,54
What is 4303583 plus 2974087?,7277670
What is 5127976519 plus 4843865120?,9971841639
What is 1150612 plus 6837437?,7988049
What is 8279 plus 4287?,12566
What is 2443177 plus 3336342?,5779519
What is 2236472282278 plus 6232484284768?,8468956567046
What is 397476120 plus 422167684?,819643804
What is 87177004787564 plus 39365844599425?,126542849386989
What is 1923083 plus 9461332?,11384415
What is 5935082160667 plus 2573441463112?,8508523623779
What is 80 plus 71?,151
What is 35574 plus 54744?,90318
What is 5707697 plus 6437593?,12145290
What is 158715541596909 plus 584743149864361?,743458691461270
What is 2334 plus 5115?,7449
What is 622767 plus 935971?,1558738
What is 546229 plus 717153?,1263382
What is 32 plus 20?,52
What is 37 plus 73?,110
What is 32587 plus 23673?,56260
What is 3825482255988 plus 7864441362363?,11689923618351
What is 9346395 plus 6941802?,16288197
What is 364040218764722 plus 245820265077352?,609860483842074
What is 96256 plus 19520?,115776
What is 72399357199138 plus 41604715072959?,114004072272097
What is 28556340420407 plus 86654798699608?,115211139120015
What is 144094824 plus 994129181?,1138224005
What is 33534045672 plus 86658505770?,120192551442
What is 7467078 plus 8155583?,15622661
What is 687902 plus 181255?,869157
What is 392062310 plus 247106418?,639168728
What is 180522519751933 plus 430885826764728?,611408346516661
What is 9083842 plus 5599188?,14683030
What is 57544295591135 plus 64842611166777?,122386906757912
What is 26523999232576 plus 24584137959093?,51108137191669
What is 213452983043 plus 913722159831?,1127175142874
What is 84309759 plus 12750435?,97060194
What is 642929 plus 110618?,753547
What is 207672 plus 122498?,330170
What is 697158 plus 723502?,1420660
What is 20463829480 plus 88648736551?,109112566031
What is 52080 plus 27626?,79706
What is 3713624 plus 8672423?,12386047
What is 2672806850 plus 4072967523?,6745774373
What is 15026 plus 51287?,66313
What is 402423999445 plus 857678161818?,1260102161263
What is 2788 plus 1657?,4445
What is 1817498 plus 5897568?,7715066
What is 2226 plus 9354?,11580
What is 79384637537 plus 99592301738?,178976939275
What is 932076863 plus 399738083?,1331814946
What is 4376232 plus 8560597?,12936829
What is 932904 plus 228502?,1161406
What is 4156192 plus 5677447?,9833639
What is 685 plus 434?,1119
What is 8099636926 plus 1563651120?,9663288046
What is 531593855793 plus 222543440503?,754137296296
What is 2278 plus 1659?,3937
What is 725180 plus 164001?,889181
What is 2176544581 plus 6467844972?,8644389553
What is 1995405470 plus 5052617719?,7048023189
What is 469413 plus 926959?,1396372
What is 83784706 plus 31646495?,115431201
What is 994961420506656 plus 364105118722493?,1359066539229149
What is 656943 plus 634574?,1291517
What is 33768546335915 plus 13662246823805?,47430793159720
What is 663272487425450 plus 228312952699143?,891585440124593
What is 4061 plus 7993?,12054
What is 394739751938422 plus 212125322771577?,606865074709999
What is 17133813227 plus 23668126016?,40801939243
What is 478839724366 plus 359163808682?,838003533048
What is 54347 plus 40212?,94559
What is 5267 plus 8501?,13768
What is 728 plus 395?,1123
What is 75201310 plus 50395861?,125597171
What is 662434 plus 643968?,1306402
What is 516440 plus 419521?,935961
What is 16137866 plus 68954740?,85092606
What is 5913 plus 7231?,13144
What is 54 plus 73?,127
What is 6054560 plus 5884504?,11939064
What is 1728004935788 plus 6836915214809?,8564920150597
What is 13501036 plus 25435763?,38936799
What is 693 plus 484?,1177
What is 977706806124255 plus 827745563488986?,1805452369613241
What is 286299532 plus 687704093?,974003625
What is 44540 plus 57633?,102173
What is 4693 plus 4212?,8905
What is 225618968 plus 894641187?,1120260155
What is 991821864214 plus 333951507941?,1325773372155
What is 865 plus 949?,1814
What is 17014 plus 44689?,61703
What is 522932745881183 plus 671420617654301?,1194353363535484
What is 2620 plus 2178?,4798
What is 6570454502653 plus 5097237571637?,11667692074290
What is 2447 plus 9393?,11840
What is 7323861 plus 2464076?,9787937
What is 625 plus 909?,1534
What is 101632304401 plus 791460308095?,893092612496
What is 44571418350 plus 33304909598?,77876327948
What is 712277 plus 374502?,1086779
What is 9066839 plus 1850517?,10917356
What is 70 plus 49?,119
What is 575 plus 653?,1228
What is 5683184 plus 1680541?,7363725
What is 683456 plus 800032?,1483488
What is 8882089695 plus 6247450364?,15129540059
What is 173440710392750 plus 569190151835419?,742630862228169
What is 5644329956 plus 5442457135?,11086787091
What is 8508 plus 2649?,11157
What is 99700773 plus 91694202?,191394975
What is 7849289783629 plus 6356357334876?,14205647118505
What is 788643781334 plus 392439402747?,1181083184081
What is 67 plus 52?,119
What is 195733878879 plus 613121658298?,808855537177
What is 77 plus 60?,137
What is 435977596218 plus 226736496023?,662714092241
What is 7063 plus 7000?,14063
What is 76439269522 plus 27998151216?,104437420738
What is 27737731153 plus 18476567243?,46214298396
What is 47082583820275 plus 90308240995704?,137390824815979
What is 767278 plus 819965?,1587243
What is 456705927409795 plus 906614356654918?,1363320284064713
What is 77667 plus 73841?,151508
What is 23857065 plus 23259034?,47116099
What is 551 plus 130?,681
What is 66069656254151 plus 49566678071971?,115636334326122
What is 5460 plus 1506?,6966
What is 503606645638594 plus 426230452953119?,929837098591713
What is 2741614649888 plus 6229640017814?,8971254667702
What is 368560596 plus 568212218?,936772814
What is 79494 plus 26794?,106288
What is 4840 plus 4777?,9617
What is 56457392 plus 21926188?,78383580
What is 568622091357404 plus 413394328775014?,982016420132418
What is 74816 plus 30110?,104926
What is 6731711304 plus 8884596204?,15616307508
What is 39062106294097 plus 63571385233553?,102633491527650
What is 6902236782 plus 9952349207?,16854585989
What is 1576383 plus 1580518?,3156901
What is 70447612601 plus 71964344166?,142411956767
What is 571385 plus 168776?,740161
What is 2781832990015 plus 5056731529200?,7838564519215
What is 335625 plus 844008?,1179633
What is 777647770079530 plus 521646531601355?,1299294301680885
What is 167070462524 plus 395057057556?,562127520080
What is 571920898635427 plus 679071637177345?,1250992535812772
What is 4187009736080 plus 6924986334014?,11111996070094
What is 376839926024 plus 975567785380?,1352407711404
What is 8587644216877 plus 1290726594803?,9878370811680
What is 35068 plus 26423?,61491
What is 474 plus 111?,585
What is 63234219370372 plus 84783825934720?,148018045305092
What is 547270980705875 plus 882889333672578?,1430160314378453
What is 71 plus 43?,114
What is 123390092957374 plus 213686839014177?,337076931971551
What is 72157 plus 90060?,162217
What is 36132726298710 plus 67058381879080?,103191108177790
What is 35904910858 plus 14523856184?,50428767042
What is 2594249595 plus 7847811027?,10442060622
What is 275067436937381 plus 120337817201620?,395405254139001
What is 2465065074 plus 8194474963?,10659540037
What is 23616629158 plus 49345172710?,72961801868
What is 15 plus 59?,74
What is 475274051 plus 451521070?,926795121
What is 221455054 plus 188806473?,410261527
What is 604404 plus 422259?,1026663
What is 96609566713227 plus 72437337486940?,169046904200167
What is 573 plus 145?,718
What is 43 plus 97?,140
What is 45271159749895 plus 49183432656353?,94454592406248
What is 782016 plus 861393?,1643409
What is 21271087 plus 15124468?,36395555
What is 4462110927 plus 6814088839?,11276199766
What is 458648637204331 plus 348215960755546?,806864597959877
What is 629560937 plus 401146925?,1030707862
What is 83 plus 32?,115
What is 777897272191 plus 828785897122?,1606683169313
What is 7512513923 plus 8398563208?,15911077131
What is 240 plus 429?,669
What is 40543792315 plus 55815654106?,96359446421
What is 837 plus 482?,1319
What is 544 plus 731?,1275
What is 83832601 plus 55458131?,139290732
What is 64210 plus 29720?,93930
What is 534567 plus 562973?,1097540
What is 783300415 plus 426513417?,1209813832
What is 92834 plus 26539?,119373
What is 11112017707 plus 47049294180?,58161311887
What is 98230805228 plus 52812050646?,151042855874
What is 39416224735206 plus 58805947907633?,98222172642839
What is 7642475684 plus 6407587413?,14050063097
What is 724365723173 plus 136043057500?,860408780673
What is 255237 plus 268786?,524023
What is 7626463040 plus 2003933002?,9630396042
What is 478777 plus 323844?,802621
What is 75993 plus 43981?,119974
What is 54436 plus 20507?,74943
What is 6466 plus 8378?,14844
What is 179 plus 205?,384
What is 35860004835328 plus 76307336834199?,112167341669527
What is 1064240793 plus 8074473202?,9138713995
What is 486393946 plus 480585997?,966979943
What is 96652380415 plus 51580573589?,148232954004
What is 66768 plus 42601?,109369
What is 943387 plus 439971?,1383358
What is 97148013377921 plus 17435826721706?,114583840099627
What is 5063743 plus 9869761?,14933504
What is 853277915620 plus 838297620252?,1691575535872
What is 78196 plus 29843?,108039
What is 56707963 plus 52446152?,109154115
What is 9290186800844 plus 6310641029980?,15600827830824
What is 5578 plus 8325?,13903
What is 6983599 plus 5970668?,12954267
What is 3241527 plus 4959592?,8201119
What is 611306961 plus 542273508?,1153580469
What is 929507769 plus 906690557?,1836198326
What is 613806705 plus 348455450?,962262155
What is 997412612842 plus 608498948594?,1605911561436
What is 162976 plus 145333?,308309
What is 369576888653 plus 887062145958?,1256639034611
What is 3158096 plus 6804615?,9962711
What is 39740 plus 47770?,87510
What is 3996 plus 6391?,10387
What is 253588209 plus 292830172?,546418381
What is 9580 plus 9961?,19541
What is 111 plus 464?,575
What is 708456 plus 357956?,1066412
What is 45400991860101 plus 58602558513815?,104003550373916
What is 212497605 plus 744710079?,957207684
What is 755589757703766 plus 428915269669388?,1184505027373154
What is 5110954 plus 1689245?,6800199
What is 51 plus 36?,87
What is 8493662 plus 2530902?,11024564
What is 4967104656841 plus 1431443840711?,6398548497552
What is 1555823 plus 6530652?,8086475
What is 3617138385825 plus 1267522069205?,4884660455030
What is 251542 plus 350067?,601609
What is 4412249735807 plus 3342051124757?,7754300860564
What is 37435 plus 27011?,64446
What is 99166 plus 83290?,182456
What is 36 plus 49?,85
What is 62325952 plus 36909003?,99234955
What is 84499 plus 16733?,101232
What is 27427745 plus 60275033?,87702778
What is 195386981 plus 287250688?,482637669
What is 69190 plus 74439?,143629
What is 193365 plus 582649?,776014
What is 93507370076968 plus 48804959568665?,142312329645633
What is 5131738410 plus 2610896055?,7742634465
What is 92556 plus 82233?,174789
What is 31584425 plus 31654291?,63238716
What is 658 plus 186?,844
What is 1948818 plus 5328076?,7276894
What is 15914770285338 plus 30921242835038?,46836013120376
What is 1881 plus 4314?,6195
What is 911110765 plus 543208020?,1454318785
What is 76498 plus 92993?,169491
What is 704 plus 238?,942
What is 2698316124 plus 6113438549?,8811754673
What is 932449841 plus 532258448?,1464708289
What is 99056909455625 plus 40061250764189?,139118160219814
What is 773369099 plus 537377067?,1310746166
What is 647571048592 plus 106865257945?,754436306537
What is 73024602908838 plus 50219351414864?,123243954323702
What is 83962233 plus 21961902?,105924135
What is 48200010 plus 77306626?,125506636
What is 21253 plus 41337?,62590
What is 559 plus 927?,1486
What is 29868305 plus 86817310?,116685615
What is 59009640079 plus 20593653161?,79603293240
What is 27547917 plus 52642547?,80190464
What is 21 plus 39?,60
What is 3287994 plus 2794854?,6082848
What is 9122223537815 plus 2913400807792?,12035624345607
What is 777 plus 825?,1602
What is 85034 plus 85653?,170687
What is 12913416079384 plus 44067112382144?,56980528461528
What is 703907059 plus 566920810?,1270827869
What is 983605411123879 plus 369512330901576?,1353117742025455
What is 34324296833 plus 78010759994?,112335056827
What is 306221054146 plus 720063480443?,1026284534589
What is 194283974 plus 648804302?,843088276
What is 394056524492390 plus 125355077387086?,519411601879476
What is 648516 plus 129481?,777997
What is 85972 plus 26056?,112028
What is 463357667512 plus 325695917535?,789053585047
What is 40573507355 plus 28730831891?,69304339246
What is 915723 plus 133277?,1049000
What is 8463327 plus 1110262?,9573589
What is 522884632854590 plus 246446623993636?,769331256848226
What is 1644560612 plus 2449009928?,4093570540
What is 75209782 plus 63967244?,139177026
What is 6700984 plus 3569518?,10270502
What is 798406634 plus 972179191?,1770585825
What is 155057805340058 plus 733110211150623?,888168016490681
What is 280749832859278 plus 618719881961593?,899469714820871
What is 22944487717 plus 67562052237?,90506539954
What is 18555484445818 plus 49005456150690?,67560940596508
What is 578921964262169 plus 572703880652171?,1151625844914340
What is 15163 plus 32553?,47716
What is 210716 plus 458140?,668856
What is 906077 plus 395933?,1302010
What is 27202846 plus 10179750?,37382596
What is 7562937010310 plus 4540939349562?,12103876359872
What is 1629799 plus 7629293?,9259092
What is 130562999 plus 459804901?,590367900
What is 923039806 plus 572307107?,1495346913
What is 6259839 plus 4476149?,10735988
What is 25644059568402 plus 81642579382893?,107286638951295
What is 320 plus 390?,710
What is 397656 plus 504239?,901895
What is 99429898557962 plus 59959913012327?,159389811570289
What is 301648693921078 plus 313356821602674?,615005515523752
What is 9028064937 plus 8936342966?,17964407903
What is 28653650 plus 93931392?,122585042
What is 64280368 plus 34982429?,99262797
What is 85693573948 plus 60034234273?,145727808221
What is 52623731777 plus 38470864450?,91094596227
What is 896747486620 plus 202946664692?,1099694151312
What is 7276588817 plus 6023905197?,13300494014
What is 5114961438 plus 3992507901?,9107469339
What is 447957813 plus 780741960?,1228699773
What is 8877 plus 4290?,13167
What is 977375118 plus 261615770?,1238990888
What is 10499383818 plus 13812351142?,24311734960
What is 3413929307429 plus 7786707530783?,11200636838212
What is 3689 plus 2868?,6557
What is 1258 plus 4057?,5315
What is 24587 plus 41607?,66194
What is 1548861474 plus 4124356967?,5673218441
What is 785 plus 447?,1232
What is 556 plus 475?,1031
What is 871769147978918 plus 607066783565492?,1478835931544410
What is 7530121383706 plus 8740296734031?,16270418117737
What is 989209306 plus 633051957?,1622261263
What is 8873 plus 1649?,10522
What is 6178251042 plus 4657843011?,10836094053
What is 3633 plus 8461?,12094
What is 10175163965 plus 70897458075?,81072622040
What is 87251 plus 32059?,119310
What is 437574 plus 558183?,995757
What is 305569 plus 914769?,1220338
What is 49529721977 plus 73410735482?,122940457459
What is 87016978 plus 73449915?,160466893
What is 519860551357834 plus 954424169297894?,1474284720655728
What is 515604740076038 plus 752322988704050?,1267927728780088
What is 7529345 plus 3251964?,10781309
What is 39388 plus 71770?,111158
What is 446 plus 388?,834
What is 165206 plus 688598?,853804
What is 20464153 plus 59196228?,79660381
What is 190813806846 plus 802810366102?,993624172948
What is 665038955 plus 771472354?,1436511309
What is 4977985639 plus 6727023983?,11705009622
What is 2431 plus 4536?,6967
What is 7918790 plus 6449936?,14368726
What is 247 plus 412?,659
What is 375330 plus 996212?,1371542
What is 550647848436655 plus 120258425111931?,670906273548586
What is 390 plus 430?,820
What is 6890 plus 1753?,8643
What is 31698195300 plus 82284247828?,113982443128
What is 6269340415957 plus 8132894020145?,14402234436102
What is 91757932166 plus 70530880208?,162288812374
What is 627379246 plus 294843556?,922222802
What is 327 plus 632?,959
What is 46100418 plus 92179407?,138279825
What is 507690852795 plus 741433911863?,1249124764658
What is 5118465342786 plus 2753124004166?,7871589346952
What is 43646150252 plus 92842946110?,136489096362
What is 383706998528691 plus 232009364348188?,615716362876879
What is 4971 plus 1805?,6776
What is 11 plus 69?,80
What is 8398315521204 plus 9373453639274?,17771769160478
What is 34117 plus 75276?,109393
What is 523351 plus 837770?,1361121
What is 3970409000043 plus 6926006019960?,10896415020003
What is 66513413353693 plus 16567597418069?,83081010771762
What is 61932541 plus 89972540?,151905081
What is 1643384786037 plus 1102010394049?,2745395180086
What is 79 plus 13?,92
What is 352 plus 221?,573
What is 82633773109 plus 49825242857?,132459015966
What is 674 plus 987?,1661
What is 829531376021887 plus 628706582166509?,1458237958188396
What is 84362 plus 31727?,116089
What is 240068 plus 995155?,1235223
What is 80423660594 plus 84370975006?,164794635600
What is 3071443338011 plus 2266709213556?,5338152551567
What is 6309223711 plus 1478192587?,7787416298
What is 58848615794 plus 83822597526?,142671213320
What is 54 plus 66?,120
What is 84089460 plus 22971795?,107061255
What is 33410039427 plus 67455601227?,100865640654
What is 96 plus 96?,192
What is 5371774707 plus 9372482552?,14744257259
What is 370012929 plus 397792083?,767805012
What is 688707 plus 252218?,940925
What is 302097729281357 plus 478203902436487?,780301631717844
What is 7638254774434 plus 5730420642170?,13368675416604
What is 7516934756799 plus 7012791830267?,14529726587066
What is 7965336501 plus 4823807672?,12789144173
What is 245981 plus 426823?,672804
What is 34 plus 98?,132
What is 64 plus 38?,102
What is 33617370 plus 97364153?,130981523
What is 1402 plus 6486?,7888
What is 915898598 plus 524962248?,1440860846
What is 72777390 plus 14941804?,87719194
What is 7534 plus 2896?,10430
What is 592 plus 843?,1435
What is 1564511462231 plus 8278257771128?,9842769233359
What is 10840649 plus 87700677?,98541326
What is 314699 plus 567736?,882435
What is 176 plus 946?,1122
What is 834 plus 235?,1069
What is 212456765 plus 245762352?,458219117
What is 46775988113985 plus 23922754449332?,70698742563317
What is 7261262512 plus 4781814180?,12043076692
What is 67285752347674 plus 17137182525949?,84422934873623
What is 8012 plus 2071?,10083
What is 72265 plus 46935?,119200
What is 309456090310011 plus 933959033158642?,1243415123468653
What is 14 plus 79?,93
What is 9982 plus 4139?,14121
What is 700418 plus 150479?,850897
What is 42671 plus 67222?,109893
What is 1366330 plus 5204511?,6570841
What is 24 plus 10?,34
What is 1183 plus 2631?,3814
What is 306 plus 917?,1223
What is 644149392 plus 163282078?,807431470
What is 319711438799342 plus 896561330935203?,1216272769734545
What is 5051048 plus 1382087?,6433135
What is 199 plus 864?,1063
What is 8746523561152 plus 3334154921800?,12080678482952
What is 29079214 plus 30592441?,59671655
What is 437220381 plus 698621325?,1135841706
What is 57410102 plus 94954016?,152364118
What is 818344212962 plus 388422541967?,1206766754929
What is 27474 plus 21395?,48869
What is 900059450593 plus 572598705487?,1472658156080
What is 1325 plus 8646?,9971
What is 73011864561404 plus 24613422901846?,97625287463250
What is 68694 plus 38527?,107221
What is 3597 plus 5896?,9493
What is 5668819 plus 8708573?,14377392
What is 7774 plus 1301?,9075
What is 6251 plus 4937?,11188
What is 77 plus 62?,139
What is 7361705 plus 8068321?,15430026
What is 8080665301146 plus 3829758452359?,11910423753505
What is 4537 plus 3955?,8492
What is 739566540638338 plus 164498274336146?,904064814974484
What is 31346 plus 16876?,48222
What is 71 plus 48?,119
What is 7081644 plus 4587525?,11669169
What is 602795361 plus 736165939?,1338961300
What is 166812895357691 plus 541248571427826?,708061466785517
What is 6639835444797 plus 8790587237086?,15430422681883
What is 804053158837784 plus 932836198746192?,1736889357583976
What is 433111458 plus 543344953?,976456411
What is 65 plus 42?,107
What is 9021975612 plus 2587768022?,11609743634
What is 31 plus 35?,66
What is 96 plus 43?,139
What is 12 plus 88?,100
What is 71922098249010 plus 78117650640137?,150039748889147
What is 826904318543 plus 238073737184?,1064978055727
What is 26776505823 plus 70496243803?,97272749626
What is 402 plus 923?,1325
What is 393885 plus 129527?,523412
What is 5162463754 plus 5671019559?,10833483313
What is 481119 plus 296521?,777640
What is 611402013 plus 797998571?,1409400584
What is 466271331 plus 187838930?,654110261
What is 1194547307 plus 4005988916?,5200536223
What is 99628718 plus 69209560?,168838278
What is 98599565023038 plus 20402421135062?,119001986158100
What is 265221330386311 plus 459998237902503?,725219568288814
What is 286 plus 796?,1082
What is 25855 plus 71777?,97632
What is 698 plus 634?,1332
What is 91517 plus 24228?,115745
What is 915677 plus 627859?,1543536
What is 790985971 plus 874417274?,1665403245
What is 772 plus 249?,1021
What is 9317 plus 6287?,15604
What is 829579511297 plus 651909147584?,1481488658881
What is 6792621952 plus 8725569573?,15518191525
What is 945716 plus 126704?,1072420
What is 620274742369557 plus 906901993093883?,1527176735463440
What is 563 plus 880?,1443
What is 66131723590 plus 15761829820?,81893553410
What is 82 plus 20?,102
What is 21523694865877 plus 39011705486021?,60535400351898
What is 7247618 plus 1905471?,9153089
What is 13069 plus 97029?,110098
What is 28201443383806 plus 40314241192059?,68515684575865
What is 6479321652381 plus 4125531697234?,10604853349615
What is 713611911780 plus 349178118260?,1062790030040
What is 760623692 plus 811675848?,1572299540
What is 330455470551934 plus 751340419875331?,1081795890427265
What is 32963934928 plus 27482988418?,60446923346
What is 82136 plus 37139?,119275
What is 947 plus 792?,1739
What is 281031181677 plus 221993333087?,503024514764
What is 4952 plus 8459?,13411
What is 98972251766 plus 82765341207?,181737592973
What is 4120756 plus 2476496?,6597252
What is 100 plus 283?,383
What is 63 plus 45?,108
What is 99 plus 93?,192
What is 22037 plus 80015?,102052
What is 21552 plus 90691?,112243
What is 5649 plus 4521?,10170
What is 268215669 plus 854433794?,1122649463
What is 8661769 plus 8247691?,16909460
What is 82237810178584 plus 58980024847914?,141217835026498
What is 3124293825042 plus 6085188060420?,9209481885462
What is 140 plus 944?,1084
What is 2156728014 plus 2089666638?,4246394652
What is 7846963 plus 8611374?,16458337
What is 308832747967867 plus 450647024177479?,759479772145346
What is 7769097 plus 4511638?,12280735
What is 56709081791 plus 69733551795?,126442633586
What is 3222365165 plus 9435202280?,12657567445
What is 804 plus 574?,1378
What is 99322774315615 plus 76672792444540?,175995566760155
What is 27266442 plus 13795468?,41061910
What is 3585607 plus 9522407?,13108014
What is 6983421 plus 9795304?,16778725
What is 774430 plus 302191?,1076621
What is 92007676441512 plus 79313193417162?,171320869858674
What is 53810 plus 21667?,75477
What is 9046140787432 plus 4987777650666?,14033918438098
What is 981607 plus 264878?,1246485
What is 5572408637676 plus 3673949954566?,9246358592242
What is 846627 plus 683272?,1529899
What is 823135721 plus 124415959?,947551680
What is 386105 plus 459314?,845419
What is 81 plus 82?,163
What is 4625189760 plus 5129315678?,9754505438
What is 138905 plus 867171?,1006076
What is 9093585 plus 4788633?,13882218
What is 24297475 plus 47445189?,71742664
What is 7412149999 plus 7152825058?,14564975057
What is 65 plus 50?,115
What is 531674810 plus 695091821?,1226766631
What is 21236 plus 82745?,103981
What is 42 plus 83?,125
What is 84675353544584 plus 60954291572384?,145629645116968
What is 22097 plus 79366?,101463
What is 22 plus 90?,112
What is 7102355293 plus 5796881395?,12899236688
What is 555789755794450 plus 262435543912096?,818225299706546
What is 403240876534 plus 602724768273?,1005965644807
What is 873 plus 200?,1073
What is 39939 plus 97261?,137200
What is 438 plus 505?,943
What is 56 plus 13?,69
What is 366211666326014 plus 717012601392403?,1083224267718417
What is 617 plus 103?,720
What is 18611471543 plus 94839937196?,113451408739
What is 1978 plus 1019?,2997
What is 3326995 plus 1150067?,4477062
What is 432 plus 898?,1330
What is 6938 plus 7794?,14732
What is 8547742 plus 3479509?,12027251
What is 860448849780 plus 985695412856?,1846144262636
What is 52059 plus 63194?,115253
What is 49423958 plus 56749760?,106173718
What is 419171 plus 354215?,773386
What is 98334 plus 61085?,159419
What is 502666079405986 plus 618258942526176?,1120925021932162
What is 391935345983416 plus 358729955142041?,750665301125457
What is 440461102813 plus 736409373426?,1176870476239
What is 318 plus 936?,1254
What is 876328095633 plus 772446259142?,1648774354775
What is 74 plus 41?,115
What is 115531480 plus 534831502?,650362982
What is 395702183725 plus 586504244429?,982206428154
What is 4902 plus 1594?,6496
What is 445229 plus 220333?,665562
What is 160929238039 plus 860131070179?,1021060308218
What is 1408199 plus 3674673?,5082872
What is 7230568 plus 5599946?,12830514
What is 6860 plus 6969?,13829
What is 988997 plus 798207?,1787204
What is 437288755759 plus 133732418761?,571021174520
What is 7019326842 plus 5196114950?,12215441792
What is 6670154192 plus 1112263813?,7782418005
What is 819363431607 plus 390786422124?,1210149853731
What is 7314895 plus 9513732?,16828627
What is 895080012 plus 437068143?,1332148155
What is 709594426 plus 299292366?,1008886792
What is 56704620607020 plus 35016278152107?,91720898759127
What is 4460474 plus 9607043?,14067517
What is 4345831285000 plus 7120473430673?,11466304715673
What is 69392 plus 76863?,146255
What is 15 plus 20?,35
What is 28 plus 53?,81
What is 24866 plus 64808?,89674
What is 65958393 plus 83613665?,149572058
What is 6384929 plus 6728711?,13113640
What is 68991 plus 39942?,108933
What is 627803896697828 plus 822317488136803?,1450121384834631
What is 765 plus 579?,1344
What is 75983 plus 32781?,108764
What is 15634889 plus 95510880?,111145769
What is 268648853 plus 140866344?,409515197
What is 209250844 plus 965980658?,1175231502
What is 381548 plus 139750?,521298
What is 460 plus 614?,1074
What is 301298 plus 818661?,1119959
What is 10839 plus 92533?,103372
What is 7721279471189 plus 9730287759369?,17451567230558
What is 136504067 plus 498945882?,635449949
What is 1456065296 plus 3527201876?,4983267172
What is 751604653 plus 842079320?,1593683973
What is 944574 plus 853466?,1798040
What is 1356378360 plus 7200716223?,8557094583
What is 240 plus 364?,604
What is 18713705856 plus 19533488597?,38247194453
What is 4617459 plus 8513882?,13131341
What is 8023534 plus 6807377?,14830911
What is 61390 plus 37998?,99388
What is 898 plus 870?,1768
What is 14108365 plus 74253137?,88361502
What is 59935464 plus 19217566?,79153030
What is 64688983 plus 87537270?,152226253
What is 70528192148 plus 35598731991?,106126924139
What is 543602150 plus 327458774?,871060924
What is 7968260054086 plus 8296425864464?,16264685918550
What is 847366011440633 plus 564565429375625?,1411931440816258
What is 1408387517029 plus 1786203501711?,3194591018740
What is 210847 plus 133470?,344317
What is 919671359 plus 386339395?,1306010754
What is 277 plus 879?,1156
What is 381 plus 237?,618
What is 4525 plus 6749?,11274
What is 461299227902 plus 894812271529?,1356111499431
What is 4224620505657 plus 2035660994870?,6260281500527
What is 24837 plus 72616?,97453
What is 3780362735 plus 7349324073?,11129686808
What is 9138361528877 plus 3946419805335?,13084781334212
What is 496153869712346 plus 856347782607681?,1352501652320027
What is 7606247 plus 3111575?,10717822
What is 822188799 plus 114692664?,936881463
What is 3399412402 plus 5755938454?,9155350856
What is 3461479 plus 7996577?,11458056
What is 295 plus 887?,1182
What is 57 plus 58?,115
What is 233 plus 861?,1094
What is 451802998873 plus 511968941335?,963771940208
What is 9260510840 plus 5813302212?,15073813052
What is 2946 plus 3372?,6318
What is 141025398613 plus 979734297815?,1120759696428
What is 592 plus 122?,714
What is 39 plus 49?,88
What is 295560275480882 plus 742640991985500?,1038201267466382
What is 82 plus 72?,154
What is 240006511873329 plus 295507503137862?,535514015011191
What is 587246 plus 980968?,1568214
What is 9663198211124 plus 9216409616463?,18879607827587
What is 9340921742167 plus 2958081821860?,12299003564027
What is 54482707038 plus 34378598168?,88861305206
What is 9134386 plus 3498462?,12632848
What is 9661992 plus 5162029?,14824021
What is 831238394 plus 179134489?,1010372883
What is 2860704352380 plus 5156843533139?,8017547885519
What is 2589947399788 plus 6691424094448?,9281371494236
What is 475395486114502 plus 217175327668291?,692570813782793
What is 82 plus 36?,118
What is 56663870682203 plus 23724042368925?,80387913051128
What is 51189593058579 plus 82561573504087?,133751166562666
What is 66983531 plus 41571823?,108555354
What is 547589319245579 plus 592590360812371?,1140179680057950
What is 508367150750 plus 747178592847?,1255545743597
What is 34725 plus 77226?,111951
What is 110 plus 527?,637
What is 95747841357325 plus 74201993611570?,169949834968895
What is 373236231734 plus 951126804541?,1324363036275
What is 8506892 plus 4080614?,12587506
What is 103805 plus 721058?,824863
What is 6818507979 plus 2143549741?,8962057720
What is 7313523 plus 9851944?,17165467
What is 5630960464881 plus 1901663686191?,7532624151072
What is 37686 plus 60471?,98157
What is 8610528 plus 3501060?,12111588
What is 55152691 plus 64866559?,120019250
What is 9176069 plus 9917492?,19093561
What is 779000167 plus 258785929?,1037786096
What is 56 plus 32?,88
What is 563775165 plus 794069317?,1357844482
What is 996609777567 plus 741531246953?,1738141024520
What is 436298967974 plus 464807562078?,901106530052
What is 2817570 plus 5582635?,8400205
What is 154 plus 918?,1072
What is 55614628 plus 14417340?,70031968
What is 38596098625 plus 84466760413?,123062859038
What is 266592331 plus 984465195?,1251057526
What is 27038639986220 plus 68721528716832?,95760168703052
What is 76 plus 16?,92
What is 72889640835 plus 43511771423?,116401412258
What is 66161693707686 plus 86575517507270?,152737211214956
What is 373488809076 plus 686930555874?,1060419364950
What is 170424977961 plus 996993003701?,1167417981662
What is 5216683500163 plus 3378503475903?,8595186976066
What is 92821 plus 45680?,138501
What is 6767173 plus 1859251?,8626424
What is 5736 plus 3271?,9007
What is 463963717 plus 986162236?,1450125953
What is 2826590519 plus 3721662977?,6548253496
What is 23409271 plus 66828994?,90238265
What is 2400552 plus 4173270?,6573822
What is 632101172 plus 679521473?,1311622645
What is 263338144656 plus 521023007443?,784361152099
What is 831701295 plus 503081386?,1334782681
What is 9954 plus 2293?,12247
What is 2277342 plus 9712104?,11989446
What is 25344228 plus 25086622?,50430850
What is 295147862328276 plus 893959273997381?,1189107136325657
What is 259278896577 plus 272185292329?,531464188906
What is 92971838 plus 50075530?,143047368
What is 814 plus 122?,936
What is 539462379882520 plus 912510163837352?,1451972543719872
What is 446088629 plus 225970571?,672059200
What is 3795 plus 2215?,6010
What is 105822276070070 plus 334721578073397?,440543854143467
What is 9796486396539 plus 8009223884686?,17805710281225
What is 706 plus 355?,1061
What is 269784283 plus 818399698?,1088183981
What is 99009123089 plus 52730569413?,151739692502
What is 339 plus 883?,1222
What is 16271079413996 plus 85246245357897?,101517324771893
What is 11 plus 80?,91
What is 45188528 plus 27527442?,72715970
What is 301350 plus 225898?,527248
What is 86031655978048 plus 95504479556241?,181536135534289
What is 1726865 plus 1132060?,2858925
What is 1722255 plus 5130670?,6852925
What is 58060105639 plus 72670073199?,130730178838
What is 37777249160 plus 72323616134?,110100865294
What is 81520947435320 plus 44908124772840?,126429072208160
What is 578856825509 plus 605404562221?,1184261387730
What is 658532500 plus 628813911?,1287346411
What is 829899829993150 plus 920260030839519?,1750159860832669
What is 21073 plus 16377?,37450
What is 16738033194977 plus 98633643445402?,115371676640379
What is 26 plus 74?,100
What is 561359797 plus 545650169?,1107009966
What is 69 plus 22?,91
What is 601 plus 305?,906
What is 59650 plus 42928?,102578
What is 27 plus 97?,124
What is 57959 plus 88714?,146673
What is 76 plus 88?,164
What is 269072110 plus 286756392?,555828502
What is 8075992384158 plus 6901985680243?,14977978064401
What is 97 plus 81?,178
What is 683686 plus 636869?,1320555
What is 4794774901 plus 6456423501?,11251198402
What is 84177 plus 49591?,133768
What is 91732 plus 56823?,148555
What is 5322684 plus 2548713?,7871397
What is 495 plus 177?,672
What is 58321 plus 13693?,72014
What is 21 plus 79?,100
What is 2968750 plus 3845939?,6814689
What is 7748 plus 7252?,15000
What is 88 plus 61?,149
What is 974697132 plus 815632006?,1790329138
What is 588035 plus 735895?,1323930
What is 102603767 plus 903007033?,1005610800
What is 6837442 plus 2421584?,9259026
What is 316695 plus 537899?,854594
What is 151954 plus 758675?,910629
What is 256368 plus 390706?,647074
What is 7198642727577 plus 3744086689293?,10942729416870
What is 419855 plus 198761?,618616
What is 4018716 plus 6840403?,10859119
What is 6963952925 plus 4047172727?,11011125652
What is 71127 plus 16647?,87774
What is 918250651346 plus 277938677889?,1196189329235
What is 7003652856 plus 7959786990?,14963439846
What is 90866 plus 82858?,173724
What is 9430 plus 9118?,18548
What is 449 plus 494?,943
What is 968421947081 plus 294395769671?,1262817716752
What is 6209 plus 4769?,10978
What is 423581643092 plus 308261040549?,731842683641
What is 320397806217 plus 176596108568?,496993914785
What is 84 plus 88?,172
What is 400 plus 129?,529
What is 79228143 plus 44148198?,123376341
What is 356001393 plus 586160869?,942162262
What is 44454318 plus 76264424?,120718742
What is 4179 plus 1704?,5883
What is 45847105293572 plus 39854110905142?,85701216198714
What is 51242644025133 plus 11401904740869?,62644548766002
What is 3502008097977 plus 6814175519745?,10316183617722
What is 16075733 plus 94592423?,110668156
What is 201916746386 plus 439647668877?,641564415263
What is 26473920069 plus 69291570053?,95765490122
What is 11351 plus 12483?,23834
What is 560 plus 839?,1399
What is 248533470566686 plus 303623503482161?,552156974048847
What is 95 plus 52?,147
What is 180072876371432 plus 231563721819549?,411636598190981
What is 174 plus 427?,601
What is 8585649928684 plus 5869286131791?,14454936060475
What is 8517059 plus 5690608?,14207667
What is 799181474471 plus 933454371223?,1732635845694
What is 23064812 plus 91591243?,114656055
What is 601096767901 plus 372187254616?,973284022517
What is 896756 plus 671726?,1568482
What is 70536 plus 94219?,164755
What is 923535629991711 plus 873225401659078?,1796761031650789
What is 7739 plus 5359?,13098
What is 632588096 plus 296066005?,928654101
What is 1841 plus 8418?,10259
What is 8860843 plus 3385535?,12246378
What is 96857 plus 53841?,150698
What is 518107700 plus 351360630?,869468330
What is 647022952 plus 396320974?,1043343926
What is 9934110610 plus 6481202525?,16415313135
What is 628 plus 268?,896
What is 125 plus 792?,917
What is 5547713307300 plus 2140570191155?,7688283498455
What is 671894747826604 plus 735545325967478?,1407440073794082
What is 430 plus 860?,1290
What is 625473376856129 plus 165629025752914?,791102402609043
What is 552483878 plus 550799711?,1103283589
What is 78317 plus 12042?,90359
What is 985605079781 plus 802565141092?,1788170220873
What is 967762749336 plus 226292549927?,1194055299263
What is 293941527998 plus 412806510499?,706748038497
What is 305335698690 plus 926034683458?,1231370382148
What is 952665044300417 plus 475491166756589?,1428156211057006
What is 807242411700 plus 110310931108?,917553342808
What is 2530065 plus 1866983?,4397048
What is 75476829334 plus 74414431677?,149891261011
What is 1800298520 plus 1036470469?,2836768989
What is 73309577613 plus 84689163966?,157998741579
What is 50526199809 plus 58930690193?,109456890002
What is 857846949 plus 814497776?,1672344725
What is 246 plus 356?,602
What is 134440522565 plus 939389464793?,1073829987358
What is 5914562 plus 1207491?,7122053
What is 402802607886 plus 358558265490?,761360873376
What is 98 plus 28?,126
What is 82180897431 plus 43529537719?,125710435150
What is 596575633616267 plus 169391209689004?,765966843305271
What is 31862370 plus 34826246?,66688616
What is 31345542837237 plus 45270930824734?,76616473661971
What is 691653070228840 plus 808963526045759?,1500616596274599
What is 60768674 plus 12489745?,73258419
What is 302962626889124 plus 996656264794758?,1299618891683882
What is 114178412 plus 771852143?,886030555
What is 112761148 plus 174146355?,286907503
What is 743332733587357 plus 450820410787843?,1194153144375200
What is 805925213235617 plus 687368113334260?,1493293326569877
What is 274268191572039 plus 763387861444789?,1037656053016828
What is 99969576 plus 40484033?,140453609
What is 74 plus 17?,91
What is 6712 plus 1554?,8266
What is 16620891 plus 72000722?,88621613
What is 82913264399434 plus 35614295077725?,118527559477159
What is 20 plus 40?,60
What is 5684068829439 plus 9587573928045?,15271642757484
What is 895328939641 plus 489180555197?,1384509494838
What is 729865 plus 971975?,1701840
What is 45757084 plus 23511988?,69269072
What is 56701441 plus 63577417?,120278858
What is 5965176428592 plus 9620195910559?,15585372339151
What is 35041967529 plus 39731184708?,74773152237
What is 198 plus 509?,707
What is 54089814 plus 21105777?,75195591
What is 52756414663 plus 51972619462?,104729034125
What is 9793946437 plus 4804589493?,14598535930
What is 22040 plus 82700?,104740
What is 5921951 plus 4493077?,10415028
What is 991896112 plus 616492156?,1608388268
What is 4470468377 plus 3968317070?,8438785447
What is 31333113969272 plus 87593383668801?,118926497638073
What is 2434668505173 plus 4548047949607?,6982716454780
What is 951517796981 plus 833090760005?,1784608556986
What is 10176 plus 55615?,65791
What is 10403805 plus 21789882?,32193687
What is 9380159517328 plus 6004509757013?,15384669274341
What is 20905135975907 plus 97231241918140?,118136377894047
What is 500972619508987 plus 827988373191098?,1328960992700085
What is 249044178033 plus 861847117686?,1110891295719
What is 20510425 plus 45911816?,66422241
What is 64 plus 83?,147
What is 484606896086 plus 240298795876?,724905691962
What is 62292638 plus 23406768?,85699406
What is 339881643 plus 885349580?,1225231223
What is 519294 plus 838721?,1358015
What is 422 plus 181?,603
What is 829 plus 259?,1088
What is 51141513214731 plus 21144671015793?,72286184230524
What is 55 plus 48?,103
What is 170818238 plus 115661284?,286479522
What is 927424414 plus 385058630?,1312483044
What is 614084753058225 plus 353258033536097?,967342786594322
What is 4828 plus 8833?,13661
What is 2015455539 plus 3354120925?,5369576464
What is 98352007 plus 40619730?,138971737
What is 817165 plus 789468?,1606633
What is 47896 plus 68526?,116422
What is 7421 plus 4343?,11764
What is 64271313 plus 11110606?,75381919
What is 27843085395123 plus 73984696274661?,101827781669784
What is 5101765882 plus 3313030867?,8414796749
What is 571710985 plus 271801831?,843512816
What is 4398749896 plus 9617770044?,14016519940
What is 52107464143 plus 59605761675?,111713225818
What is 7784546 plus 5584290?,13368836
What is 80788 plus 76791?,157579
What is 67971799 plus 19579706?,87551505
What is 48 plus 54?,102
What is 5959528841969 plus 6384975944420?,12344504786389
What is 971970308031473 plus 481993389604358?,1453963697635831
What is 1060 plus 4428?,5488
What is 807018166875489 plus 205831951585778?,1012850118461267
What is 471427639916 plus 408230921905?,879658561821
What is 57 plus 41?,98
What is 6754944353 plus 6213187997?,12968132350
What is 23542 plus 76877?,100419
What is 215445669791 plus 570222134586?,785667804377
What is 577646422293782 plus 672278521215958?,1249924943509740
What is 81275951040 plus 28293700476?,109569651516
What is 9052395837 plus 5619259351?,14671655188
What is 1585936802 plus 3420413847?,5006350649
What is 845772 plus 136862?,982634
What is 144 plus 549?,693
What is 11813 plus 77616?,89429
What is 6408 plus 4623?,11031
What is 86528 plus 61351?,147879
What is 7210239098 plus 6390179412?,13600418510
What is 5026048205877 plus 3879460299770?,8905508505647
What is 5352747539692 plus 3823517773749?,9176265313441
What is 514917467541 plus 203458163126?,718375630667
What is 5093332 plus 9143768?,14237100
What is 1780256 plus 8457007?,10237263
What is 726161 plus 389969?,1116130
What is 26 plus 30?,56
What is 1362998 plus 4891416?,6254414
What is 986789691254207 plus 550876544924547?,1537666236178754
What is 259387 plus 886300?,1145687
What is 37 plus 15?,52
What is 16 plus 53?,69
What is 5074434408802 plus 6068871229505?,11143305638307
What is 49282 plus 31278?,80560
What is 6745052 plus 9205253?,15950305
What is 819111 plus 634238?,1453349
What is 518417244036 plus 947063776000?,1465481020036
What is 65571035591 plus 74227769653?,139798805244
What is 351 plus 187?,538
What is 3823980 plus 1446035?,5270015
What is 34507589880536 plus 18007248546314?,52514838426850
What is 8071633209 plus 1435074742?,9506707951
What is 1112735 plus 8292420?,9405155
What is 34064371 plus 78792183?,112856554
What is 79139744655593 plus 36906383658941?,116046128314534
What is 211 plus 385?,596
What is 2627998644320 plus 2818659896270?,5446658540590
What is 7131905 plus 1463386?,8595291
What is 28211 plus 61042?,89253
What is 132383 plus 417482?,549865
What is 81532709585062 plus 67453306939053?,148986016524115
What is 221245913019863 plus 681794869010180?,903040782030043
What is 818761 plus 481891?,1300652
What is 252905213172850 plus 596748884603506?,849654097776356
What is 25144 plus 42742?,67886
What is 781326 plus 356698?,1138024
What is 98311751 plus 62738707?,161050458
What is 9773058322 plus 2329451220?,12102509542
What is 65499792200609 plus 50686466990746?,116186259191355
What is 502 plus 190?,692
What is 240488 plus 963920?,1204408
What is 2786 plus 5856?,8642
What is 8332 plus 6275?,14607
What is 140 plus 668?,808
What is 52 plus 92?,144
What is 1559200 plus 4105856?,5665056
What is 310 plus 504?,814
What is 91885455 plus 92863369?,184748824
What is 65995504348 plus 37199539861?,103195044209
What is 103622861238968 plus 832024526545938?,935647387784906
What is 26815394 plus 48166759?,74982153
What is 5287664566 plus 1080626134?,6368290700
What is 715771841 plus 587364590?,1303136431
What is 2103895871182 plus 3494466223327?,5598362094509
What is 30260927499282 plus 56843127166718?,87104054666000
What is 44586659410038 plus 39979110085363?,84565769495401
What is 33551951 plus 25227585?,58779536
What is 124852 plus 357083?,481935
What is 495782 plus 629497?,1125279
What is 8883947870 plus 6470289484?,15354237354
What is 941635554274544 plus 911592958242021?,1853228512516565
What is 8516038523807 plus 1528272180816?,10044310704623
What is 284542978761 plus 863214341310?,1147757320071
What is 1511267775 plus 8119176727?,9630444502
What is 59544681 plus 31018947?,90563628
What is 22999 plus 54275?,77274
What is 711959611619812 plus 536100631271494?,1248060242891306
What is 101 plus 187?,288
What is 72924438300 plus 35484999229?,108409437529
What is 853638748682 plus 982835597767?,1836474346449
What is 548880452199877 plus 957359678195317?,1506240130395194
What is 8501057 plus 6182251?,14683308
What is 3266980803542 plus 5604481326560?,8871462130102
What is 12 plus 34?,46
What is 1488807147 plus 9261335778?,10750142925
What is 5071472146 plus 1105341793?,6176813939
What is 649279531971 plus 614298869964?,1263578401935
What is 990 plus 260?,1250
What is 40694 plus 25301?,65995
What is 959375 plus 149254?,1108629
What is 91823403551 plus 79600506692?,171423910243
What is 64413921923676 plus 23702603951245?,88116525874921
What is 9855 plus 1334?,11189
What is 49105571046181 plus 94957897221314?,144063468267495
What is 646562463897 plus 342919087758?,989481551655
What is 77 plus 79?,156
What is 27 plus 41?,68
What is 7606934841592 plus 4757993512055?,12364928353647
What is 272214868252938 plus 157053389049806?,429268257302744
What is 3999189329 plus 3935867067?,7935056396
What is 4060929188 plus 2782813309?,6843742497
What is 727381603275 plus 573501545398?,1300883148673
What is 58648544655 plus 79338241702?,137986786357
What is 25431874 plus 92263303?,117695177
What is 48 plus 88?,136
What is 15455093746 plus 20253560317?,35708654063
What is 9878078353 plus 9407001526?,19285079879
What is 69648965 plus 23646405?,93295370
What is 760934049589 plus 796812677345?,1557746726934
What is 8038558 plus 5581117?,13619675
What is 233891382429264 plus 923129522139874?,1157020904569138
What is 204141908 plus 349634886?,553776794
What is 889585906039908 plus 303041317229272?,1192627223269180
What is 77778 plus 33582?,111360
What is 829731 plus 392852?,1222583
What is 39934107604 plus 45297419897?,85231527501
What is 722203852 plus 788310904?,1510514756
What is 863338093221287 plus 945857980383022?,1809196073604309
What is 32829496 plus 59306205?,92135701
What is 612 plus 735?,1347
What is 73172750724 plus 48938346432?,122111097156
What is 9017 plus 6055?,15072
What is 3492516 plus 7958720?,11451236
What is 31088427974 plus 93995072547?,125083500521
What is 11513700 plus 75069782?,86583482
What is 209852878796 plus 417933363222?,627786242018
What is 350 plus 106?,456
What is 29530321134 plus 35011411160?,64541732294
What is 70384060796533 plus 94895896487353?,165279957283886
What is 3727117705116 plus 7708422004731?,11435539709847
What is 72 plus 34?,106
What is 48956270523 plus 64553023680?,113509294203
What is 73373 plus 42992?,116365
What is 76 plus 22?,98
What is 3797 plus 9669?,13466
What is 99337116 plus 21748745?,121085861
What is 34 plus 27?,61
What is 7192617148846 plus 1330199788952?,8522816937798
What is 81175 plus 28216?,109391
What is 9840043 plus 9579596?,19419639
What is 98232 plus 78348?,176580
What is 474298482 plus 818443827?,1292742309
What is 61904284618525 plus 56778319708239?,118682604326764
What is 193236516 plus 515256814?,708493330
What is 3874196 plus 6044523?,9918719
What is 61426160552563 plus 85499286105730?,146925446658293
What is 588075 plus 816825?,1404900
What is 9483935 plus 8364506?,17848441
What is 8215689 plus 2872809?,11088498
What is 8704056174379 plus 9711387579425?,18415443753804
What is 36463312 plus 90104568?,126567880
What is 5447 plus 7126?,12573
What is 550543 plus 215116?,765659
What is 42799 plus 16304?,59103
What is 5438077 plus 3662487?,9100564
What is 2497 plus 6202?,8699
What is 485 plus 649?,1134
What is 17004 plus 58110?,75114
What is 55 plus 74?,129
What is 7829144 plus 6690162?,14519306
What is 6955439 plus 6974631?,13930070
What is 62539662 plus 48588132?,111127794
What is 11614620121738 plus 68333193046468?,79947813168206
What is 870901391854730 plus 967148076067802?,1838049467922532
What is 637468861157297 plus 534876041508115?,1172344902665412
What is 27845446362330 plus 13876122492271?,41721568854601
What is 90 plus 91?,181
What is 8859559 plus 3544958?,12404517
What is 911 plus 123?,1034
What is 8585 plus 5588?,14173
What is 8766331139182 plus 8270369448398?,17036700587580
What is 40573453550 plus 95857818415?,136431271965
What is 4903955420 plus 5202419883?,10106375303
What is 426528 plus 354277?,780805
What is 731942286524137 plus 812985145522163?,1544927432046300
What is 91 plus 77?,168
What is 13 plus 61?,74
What is 419 plus 560?,979
What is 4122 plus 9564?,13686
What is 770 plus 310?,1080
What is 7029710 plus 9862444?,16892154
What is 4611105568370 plus 3915688440430?,8526794008800
What is 11885000966 plus 11132999879?,23018000845
What is 14928 plus 30093?,45021
What is 3535650469005 plus 1662622849684?,5198273318689
What is 13027 plus 46280?,59307
What is 715020 plus 309459?,1024479
What is 754397609725 plus 282072815817?,1036470425542
What is 14 plus 97?,111
What is 8217796836291 plus 3041771918242?,11259568754533
What is 1738 plus 9897?,11635
What is 42522184001 plus 49785440471?,92307624472
What is 2633 plus 4704?,7337
What is 8284 plus 2025?,10309
What is 98827174 plus 86387594?,185214768
What is 10852121634 plus 32019099907?,42871221541
What is 59892559 plus 30627325?,90519884
What is 7821 plus 6225?,14046
What is 17260 plus 62942?,80202
What is 66166 plus 85067?,151233
What is 215970365267 plus 912416018135?,1128386383402
What is 5042078 plus 8842390?,13884468
What is 832316 plus 934919?,1767235
What is 561531503 plus 884397442?,1445928945
What is 1964 plus 7316?,9280
What is 8865140828649 plus 9245726432243?,18110867260892
What is 60 plus 48?,108
What is 36931 plus 98382?,135313
What is 128336 plus 408305?,536641
What is 19921247979495 plus 59532046468356?,79453294447851
What is 566352222 plus 873188209?,1439540431
What is 746459 plus 722121?,1468580
What is 59330843658 plus 84218755002?,143549598660
What is 2780632 plus 8084261?,10864893
What is 71132949 plus 81837376?,152970325
What is 47752693 plus 93347526?,141100219
What is 946 plus 181?,1127
What is 73468400584535 plus 50482760812154?,123951161396689
What is 186056 plus 718985?,905041
What is 2822114996715 plus 2714639540809?,5536754537524
What is 8242205 plus 6174360?,14416565
What is 59814 plus 84449?,144263
What is 8012240236 plus 3426303982?,11438544218
What is 47185691 plus 73214957?,120400648
What is 9495979419543 plus 7171040375447?,16667019794990
What is 8493 plus 1243?,9736
What is 974605371 plus 449242963?,1423848334
What is 244992759 plus 173786563?,418779322
What is 71558395818158 plus 75525451306604?,147083847124762
What is 2944035541 plus 6896127362?,9840162903
What is 22977120185 plus 70382076020?,93359196205
What is 2452011 plus 2075482?,4527493
What is 971569841920 plus 978696334634?,1950266176554
What is 4944065 plus 6033776?,10977841
What is 708258623690 plus 782332684299?,1490591307989
What is 788857888172 plus 780639873929?,1569497762101
What is 9179859772633 plus 4482688839529?,13662548612162
What is 8418786636166 plus 2213268487760?,10632055123926
What is 3102 plus 1684?,4786
What is 2294760 plus 1144615?,3439375
What is 42 plus 59?,101
What is 4283400969984 plus 5195443759821?,9478844729805
What is 788 plus 214?,1002
What is 596352389 plus 974611365?,1570963754
What is 125933 plus 567986?,693919
What is 971092203655733 plus 997772074104850?,1968864277760583
What is 877675434521 plus 626403314868?,1504078749389
What is 86895245999 plus 93507489113?,180402735112
What is 2647279 plus 7522747?,10170026
What is 80516 plus 68797?,149313
What is 474 plus 562?,1036
What is 8601839914769 plus 3232410811980?,11834250726749
What is 6697 plus 1723?,8420
What is 16199919279111 plus 43347968206357?,59547887485468
What is 2095 plus 3436?,5531
What is 380002467 plus 862955848?,1242958315
What is 9203131785 plus 6370304240?,15573436025
What is 7430 plus 1647?,9077
What is 7194904227 plus 1510876613?,8705780840
What is 5815021997 plus 2961883707?,8776905704
What is 3552344 plus 4186334?,7738678
What is 66819118281 plus 48939738921?,115758857202
What is 846362282 plus 941635617?,1787997899
What is 27553083 plus 85255098?,112808181
What is 31376 plus 86057?,117433
What is 368066578081 plus 689592474656?,1057659052737
What is 980522574529 plus 728215434678?,1708738009207
What is 52256 plus 19195?,71451
What is 82159648458 plus 39389539908?,121549188366
What is 1194328093132 plus 4464186996521?,5658515089653
What is 68 plus 65?,133
What is 61136 plus 33691?,94827
What is 63 plus 80?,143
What is 96782145189118 plus 71114160195718?,167896305384836
What is 4855182935 plus 6792368331?,11647551266
What is 84687 plus 23485?,108172
What is 525 plus 302?,827
What is 4241 plus 3664?,7905
What is 50686215 plus 55335133?,106021348
What is 18921245357 plus 15878964926?,34800210283
What is 615751655290351 plus 815388035610760?,1431139690901111
What is 93394342682077 plus 37001476423173?,130395819105250
What is 1999027508885 plus 3532960807999?,5531988316884
What is 154110654401912 plus 810323842148945?,964434496550857
What is 261846 plus 532893?,794739
What is 72842750952655 plus 33419642864031?,106262393816686
What is 93 plus 71?,164
What is 3112369 plus 8095848?,11208217
What is 9844143804687 plus 7077135270113?,16921279074800
What is 47 plus 80?,127
What is 478 plus 245?,723
What is 16762 plus 29684?,46446
What is 900030768 plus 419898804?,1319929572
What is 8283006869719 plus 4264640141430?,12547647011149
What is 622506400669 plus 781082879922?,1403589280591
What is 20101272585 plus 64659245683?,84760518268
What is 60274105322 plus 81922958379?,142197063701
What is 31367564883 plus 38261543751?,69629108634
What is 89460548536631 plus 27748115710031?,117208664246662
What is 1153479097636 plus 8398360794941?,9551839892577
What is 15 plus 84?,99
What is 4675816686 plus 2158758752?,6834575438
What is 1181 plus 1075?,2256
What is 4126 plus 3269?,7395
What is 8194926732374 plus 6997711768967?,15192638501341
What is 26267868 plus 42507456?,68775324
What is 2872679497188 plus 4692519128241?,7565198625429
What is 36190 plus 53293?,89483
What is 39518182 plus 49391451?,88909633
What is 181233885131412 plus 377306591356277?,558540476487689
What is 7527 plus 9920?,17447
What is 276083989273 plus 534471745848?,810555735121
What is 17791 plus 30940?,48731
What is 44897982158 plus 97145417031?,142043399189
What is 6639369433 plus 5540470585?,12179840018
What is 341 plus 978?,1319
What is 1136256671 plus 1685723941?,2821980612
What is 608975 plus 136138?,745113
What is 1978363863 plus 4025909509?,6004273372
What is 771944321341 plus 424835349856?,1196779671197
What is 90008333943243 plus 96725667880365?,186734001823608
What is 66555880 plus 81049639?,147605519
What is 9870458797921 plus 7804994637713?,17675453435634
What is 426989411379316 plus 562571351843345?,989560763222661
What is 51209963755 plus 20849205907?,72059169662
What is 871357 plus 756737?,1628094
What is 548 plus 531?,1079
What is 75690 plus 53626?,129316
What is 53765464235524 plus 21670276989176?,75435741224700
What is 7651532 plus 2901063?,10552595
What is 67 plus 55?,122
What is 764422164528857 plus 290081711753246?,1054503876282103
What is 98452783158928 plus 77097403646157?,175550186805085
What is 16809714 plus 78524369?,95334083
What is 1009626149978 plus 2440507117314?,3450133267292
What is 771322877507 plus 156787171435?,928110048942
What is 5658806565 plus 3546108623?,9204915188
What is 4197478059 plus 7465297031?,11662775090
What is 7673514206 plus 9757458555?,17430972761
What is 8381917207372 plus 3627485512157?,12009402719529
What is 108803110308751 plus 394057662034473?,502860772343224
What is 557 plus 777?,1334
What is 164598168984834 plus 272088227383185?,436686396368019
What is 788158214785 plus 397729743954?,1185887958739
What is 64864373005695 plus 75102252117682?,139966625123377
What is 32592 plus 19325?,51917
What is 468674432 plus 481220786?,949895218
What is 1349077678202 plus 5490958396376?,6840036074578
What is 6380650 plus 8468626?,14849276
What is 518605488 plus 301227044?,819832532
What is 441 plus 353?,794
What is 20834235380496 plus 75511791183778?,96346026564274
What is 96919610826296 plus 72443552289773?,169363163116069
What is 13817800684 plus 95146260863?,108964061547
What is 911770432 plus 918350619?,1830121051
What is 7748269 plus 4991989?,12740258
What is 39155853 plus 76629773?,115785626
What is 338256944872851 plus 567192510097349?,905449454970200
What is 14519215702 plus 66167692901?,80686908603
What is 695065 plus 612580?,1307645
What is 825400538491053 plus 562544536759737?,1387945075250790
What is 3852777 plus 9202401?,13055178
What is 73613523426921 plus 40530728813530?,114144252240451
What is 8635977539 plus 9674924111?,18310901650
What is 99 plus 39?,138
What is 87970338315945 plus 23360157916689?,111330496232634
What is 15 plus 58?,73
What is 7581880189 plus 1984048307?,9565928496
What is 2801 plus 7608?,10409
What is 8576476557345 plus 1727041376610?,10303517933955
What is 455 plus 582?,1037
What is 626203051876612 plus 582910183822501?,1209113235699113
What is 768412733943 plus 212062010464?,980474744407
What is 839 plus 540?,1379
What is 249743813938 plus 551786357586?,801530171524
What is 7918537 plus 5235931?,13154468
What is 4012 plus 9660?,13672
What is 4949231198679 plus 7950207998773?,12899439197452
What is 15428724200 plus 55661906448?,71090630648
What is 98288815374342 plus 22276404172959?,120565219547301
What is 70 plus 12?,82
What is 8966107248 plus 3826460922?,12792568170
What is 303961381900286 plus 916032213290882?,1219993595191168
What is 10 plus 80?,90
What is 955 plus 440?,1395
What is 4987118103 plus 7846711003?,12833829106
What is 976 plus 385?,1361
What is 148 plus 404?,552
What is 125780 plus 296528?,422308
What is 32 plus 29?,61
What is 758147617117249 plus 255004348131818?,1013151965249067
What is 6402 plus 1454?,7856
What is 175689523707907 plus 988274541638289?,1163964065346196
What is 5756 plus 7627?,13383
What is 1160 plus 7206?,8366
What is 3042099705 plus 5160113835?,8202213540
What is 7833492356 plus 2562235361?,10395727717
What is 297 plus 155?,452
What is 76848358081 plus 23490397392?,100338755473
What is 9897335436452 plus 9211824494020?,19109159930472
What is 46304338146 plus 95246748283?,141551086429
What is 6539031 plus 4568195?,11107226
What is 1499975299 plus 8088012373?,9587987672
What is 37363345951 plus 89981941586?,127345287537
What is 157293183 plus 358573834?,515867017
What is 6447740 plus 3557953?,10005693
What is 910418817513 plus 837117343815?,1747536161328
What is 40095034936787 plus 98034197760222?,138129232697009
What is 24607187107 plus 69358460012?,93965647119
What is 71270719462031 plus 34712619001384?,105983338463415
What is 95228751979 plus 29321082391?,124549834370
What is 2715185 plus 8899992?,11615177
What is 196530346269 plus 145395352939?,341925699208
What is 5200 plus 1144?,6344
What is 721573495 plus 953699013?,1675272508
What is 635509806850017 plus 871204530225011?,1506714337075028
What is 7809418539147 plus 5318986074088?,13128404613235
What is 1171 plus 9408?,10579
What is 7674834273 plus 2208323071?,9883157344
What is 83345332 plus 20353521?,103698853
What is 17917739 plus 57454494?,75372233
What is 68544478853161 plus 34552661090620?,103097139943781
What is 880158165126 plus 101743585700?,981901750826
What is 90 plus 52?,142
What is 8463697635894 plus 8755672408022?,17219370043916
What is 800928561013672 plus 739473209580189?,1540401770593861
What is 7590795815183 plus 9459435750416?,17050231565599
What is 737824 plus 377962?,1115786
What is 499 plus 579?,1078
What is 158847229325 plus 770753165698?,929600395023
What is 952442 plus 569702?,1522144
What is 46 plus 28?,74
What is 3144743 plus 2901864?,6046607
What is 5906504096 plus 2923792961?,8830297057
What is 953680972879541 plus 328346879049383?,1282027851928924
What is 227587218625 plus 634124399909?,861711618534
What is 19 plus 57?,76
What is 23755 plus 29934?,53689
What is 380440 plus 869491?,1249931
What is 23 plus 20?,43
What is 20 plus 50?,70
What is 563423094008 plus 638077476801?,1201500570809
What is 8640994793893 plus 7412310581909?,16053305375802
What is 37230308619 plus 16235628022?,53465936641
What is 4255571 plus 1161767?,5417338
What is 68503709 plus 17604653?,86108362
What is 7185100786113 plus 9380303721580?,16565404507693
What is 8760635249 plus 8417182794?,17177818043
What is 33003 plus 49384?,82387
What is 859 plus 728?,1587
What is 645 plus 392?,1037
What is 30827148 plus 65229392?,96056540
What is 37245 plus 91237?,128482
What is 72319981088 plus 29307410214?,101627391302
What is 3275223804152 plus 1953534122277?,5228757926429
What is 447007752 plus 653607379?,1100615131
What is 5902732844173 plus 9221645210278?,15124378054451
What is 146702288380 plus 448135795465?,594838083845
What is 60935 plus 18222?,79157
What is 55 plus 67?,122
What is 81564407538 plus 37550516622?,119114924160
What is 483371 plus 108488?,591859
What is 483630506 plus 290144537?,773775043
What is 6393 plus 7152?,13545
What is 50391555583228 plus 10620489091641?,61012044674869
What is 62529466901 plus 15877050256?,78406517157
What is 8877903824 plus 3604842809?,12482746633
What is 9691124309 plus 9259967304?,18951091613
What is 2293057170 plus 3947880667?,6240937837
What is 856 plus 774?,1630
What is 136897 plus 402073?,538970
What is 2063256 plus 3196148?,5259404
What is 79134520 plus 35098309?,114232829
What is 3122095308 plus 2861059558?,5983154866
What is 28454971976 plus 93329267202?,121784239178
What is 386 plus 735?,1121
What is 59 plus 79?,138
What is 5543008570 plus 4425680592?,9968689162
What is 9367316130684 plus 8339710455278?,17707026585962
What is 89 plus 31?,120
What is 1653679856 plus 8146147851?,9799827707
What is 745851166892593 plus 567848956075915?,1313700122968508
What is 286281364 plus 176952155?,463233519
What is 553043 plus 657176?,1210219
What is 1169 plus 2654?,3823
What is 52338 plus 13859?,66197
What is 97055409214 plus 22486547127?,119541956341
What is 297704696 plus 174082202?,471786898
What is 96459 plus 16956?,113415
What is 8223 plus 8782?,17005
What is 6344352 plus 4298898?,10643250
What is 288 plus 789?,1077
What is 787 plus 277?,1064
What is 2651939505 plus 9653872436?,12305811941
What is 593219 plus 993260?,1586479
What is 787776 plus 506108?,1293884
What is 609843526513924 plus 533108597103176?,1142952123617100
What is 6662567698507 plus 2338952998763?,9001520697270
What is 964798559469 plus 729641906442?,1694440465911
What is 8435 plus 1891?,10326
What is 831 plus 370?,1201
What is 2990 plus 3885?,6875
What is 88387458 plus 16486331?,104873789
What is 65139752993031 plus 96280574702171?,161420327695202
What is 788498877018 plus 636701263292?,1425200140310
What is 3659223008825 plus 7379911615231?,11039134624056
What is 4173858151134 plus 1711219800064?,5885077951198
What is 212902263737798 plus 539922026043893?,752824289781691
What is 416 plus 700?,1116
What is 32655 plus 27301?,59956
What is 69112432 plus 89331376?,158443808
What is 50 plus 12?,62
What is 70679291635157 plus 33519614958322?,104198906593479
What is 6792012072063 plus 6368279564336?,13160291636399
What is 81 plus 21?,102
What is 249192551822828 plus 798274435674730?,1047466987497558
What is 999975032661 plus 244703144902?,1244678177563
What is 5348596456756 plus 6064128150587?,11412724607343
What is 207409702874789 plus 844529670998728?,1051939373873517
What is 726819014 plus 331950081?,1058769095
What is 711259301106882 plus 873515625583482?,1584774926690364
What is 66715502 plus 61393923?,128109425
What is 64 plus 89?,153
What is 94613 plus 48799?,143412
What is 2620575073 plus 1570062687?,4190637760
What is 97577248 plus 98118903?,195696151
What is 860739426 plus 762602119?,1623341545
What is 55595850263165 plus 55729081577301?,111324931840466
What is 7068634661410 plus 9152513409173?,16221148070583
What is 701461097175 plus 902568997777?,1604030094952
What is 10552873 plus 95726498?,106279371
What is 6574246248503 plus 2988479381657?,9562725630160
What is 1327317 plus 2832753?,4160070
What is 236 plus 503?,739
What is 820169354043029 plus 602007728834159?,1422177082877188
What is 48750 plus 33625?,82375
What is 70330265316 plus 93824838102?,164155103418
What is 765847192632 plus 300523604731?,1066370797363
What is 11705763 plus 77329064?,89034827
What is 9259317 plus 2447822?,11707139
What is 42 plus 41?,83
What is 80527352865 plus 82042306423?,162569659288
What is 82 plus 74?,156
What is 214069286 plus 806358083?,1020427369
What is 16579495299731 plus 51375953286012?,67955448585743
What is 40284 plus 17523?,57807
What is 48057930 plus 79552066?,127609996
What is 7209927701755 plus 7098411225633?,14308338927388
What is 4564934042 plus 6308270447?,10873204489
What is 335740450927099 plus 702439044180319?,1038179495107418
What is 49569580 plus 23622629?,73192209
What is 8388 plus 8967?,17355
What is 493123902874 plus 935616080882?,1428739983756
What is 11919717 plus 40747501?,52667218
What is 5663204 plus 1187065?,6850269
What is 40 plus 33?,73
What is 8513685937 plus 5574574350?,14088260287
What is 91147 plus 55828?,146975
What is 5286126 plus 3952944?,9239070
What is 291999063460 plus 502093343364?,794092406824
What is 53072 plus 98183?,151255
What is 916 plus 746?,1662
What is 1904 plus 4584?,6488
What is 322624 plus 673775?,996399
What is 780933529131845 plus 839696956497435?,1620630485629280
What is 5307 plus 3166?,8473
What is 469968 plus 524686?,994654
What is 9170 plus 2915?,12085
What is 8288598867575 plus 6596321583044?,14884920450619
What is 74012825 plus 68287086?,142299911
What is 10 plus 54?,64
What is 6635747326 plus 3864558781?,10500306107
What is 333 plus 997?,1330
What is 467213 plus 589793?,1057006
What is 158275053731448 plus 374745519832396?,533020573563844
What is 392723 plus 817250?,1209973
What is 10041 plus 39589?,49630
What is 43 plus 82?,125
What is 41445263386 plus 73069554453?,114514817839
What is 49544 plus 65781?,115325
What is 79 plus 99?,178
What is 245853272 plus 935558306?,1181411578
What is 75929997300181 plus 46572676180998?,122502673481179
What is 693 plus 938?,1631
What is 25921 plus 50995?,76916
What is 609966674949 plus 381406695959?,991373370908
What is 7360 plus 4140?,11500
What is 8965934 plus 7549297?,16515231
What is 4800033163151 plus 6532363822174?,11332396985325
What is 422839053803621 plus 838659739109606?,1261498792913227
What is 104042192875 plus 615021761330?,719063954205
What is 102536001 plus 656814750?,759350751
What is 657102920 plus 698559927?,1355662847
What is 651381149796545 plus 125815504552783?,777196654349328
What is 107195439864 plus 266910626164?,374106066028
What is 9857413426 plus 1025994115?,10883407541
What is 333024708113183 plus 533418858568475?,866443566681658
What is 365839297 plus 250209107?,616048404
What is 2582 plus 1398?,3980
What is 7388922450 plus 2751848237?,10140770687
What is 88265961348740 plus 34785826594888?,123051787943628
What is 1998342724 plus 1235298802?,3233641526
What is 635409 plus 445849?,1081258
What is 68269 plus 87425?,155694
What is 59166132 plus 80204431?,139370563
What is 8125 plus 4158?,12283
What is 9994269604924 plus 1707680202069?,11701949806993
What is 84088710912 plus 76120099929?,160208810841
What is 1833593487 plus 5653746534?,7487340021
What is 5749 plus 9281?,15030
What is 1221 plus 3549?,4770
What is 63139929720065 plus 60003012342947?,123142942063012
What is 18318707089 plus 17496272072?,35814979161
What is 85643569779812 plus 80633363315962?,166276933095774
What is 42220942951 plus 47216647464?,89437590415
What is 781513356934 plus 692276725043?,1473790081977
What is 53365908 plus 19045974?,72411882
What is 378026271306737 plus 539656351030272?,917682622337009
What is 2344500288 plus 7339318057?,9683818345
What is 922884797849147 plus 844251849171254?,1767136647020401
What is 160614531726 plus 107229392488?,267843924214
What is 799385780 plus 962439362?,1761825142
What is 50 plus 21?,71
What is 624763876 plus 151048318?,775812194
What is 44275685037 plus 23816964829?,68092649866
What is 7452417659 plus 5057276592?,12509694251
What is 70509235208503 plus 93024397326094?,163533632534597
What is 3375144 plus 3524772?,6899916
What is 17497053429 plus 25683925958?,43180979387
What is 95609 plus 33534?,129143
What is 597290 plus 622111?,1219401
What is 70371482 plus 45035735?,115407217
What is 604155044891351 plus 285924609407557?,890079654298908
What is 3989581382 plus 2570644319?,6560225701
What is 60045084 plus 17028662?,77073746
What is 890 plus 453?,1343
What is 20667517988 plus 26963821865?,47631339853
What is 726971 plus 882917?,1609888
What is 61 plus 62?,123
What is 60837797528884 plus 63217982559854?,124055780088738
What is 6636 plus 3727?,10363
What is 669 plus 872?,1541
What is 743843535 plus 235022141?,978865676
What is 15870681619 plus 49822150159?,65692831778
What is 77786912483 plus 66632517755?,144419430238
What is 71892156592501 plus 70945538388812?,142837694981313
What is 494770 plus 573289?,1068059
What is 8743157922729 plus 8025186320538?,16768344243267
What is 980 plus 848?,1828
What is 56633967 plus 44243639?,100877606
What is 882059222130 plus 154610462730?,1036669684860
What is 696072415154 plus 661638602947?,1357711018101
What is 970020527457 plus 656182803569?,1626203331026
What is 536414516 plus 219979981?,756394497
What is 62032 plus 44957?,106989
What is 5821495014 plus 5961056800?,11782551814
What is 49 plus 69?,118
What is 1495 plus 9102?,10597
What is 60501 plus 14963?,75464
What is 165897 plus 441106?,607003
What is 225707741 plus 443164957?,668872698
What is 574894 plus 181646?,756540
What is 91300315760 plus 48434059576?,139734375336
What is 326761173151 plus 244450852808?,571212025959
What is 87719658376 plus 10673576071?,98393234447
What is 598 plus 853?,1451
What is 59293940489849 plus 57489500960479?,116783441450328
What is 561 plus 155?,716
What is 334061933229 plus 905223174894?,1239285108123
What is 910580724782 plus 956592848376?,1867173573158
What is 8928 plus 1108?,10036
What is 406265101078 plus 908266130558?,1314531231636
What is 8800225068 plus 5806383056?,14606608124
What is 846161183344 plus 642491491420?,1488652674764
What is 72926957998564 plus 92667244597297?,165594202595861
What is 1755 plus 9801?,11556
What is 24998 plus 31878?,56876
What is 75115 plus 19654?,94769
What is 2344 plus 6382?,8726
What is 1340616601437 plus 3029261924652?,4369878526089
What is 62104216921065 plus 31862666964501?,93966883885566
What is 30719789847964 plus 87891351882858?,118611141730822
What is 162 plus 642?,804
What is 366664165689485 plus 969000247520579?,1335664413210064
What is 68260308191790 plus 62315918835995?,130576227027785
What is 5546 plus 1099?,6645
What is 52383 plus 36579?,88962
What is 9117695 plus 6749872?,15867567
What is 28097758760648 plus 66431013719261?,94528772479909
What is 79679699791 plus 80320308765?,160000008556
What is 20562192400 plus 77649597389?,98211789789
What is 9967 plus 4578?,14545
What is 916355152325674 plus 285752897473720?,1202108049799394
What is 83401547 plus 75324883?,158726430
What is 188573 plus 227145?,415718
What is 230643 plus 843619?,1074262
What is 572 plus 676?,1248
What is 3448 plus 8994?,12442
What is 737516618550604 plus 277444519766065?,1014961138316669
What is 15034 plus 71989?,87023
What is 4639729590 plus 1168469157?,5808198747
What is 12141190342 plus 83194097526?,95335287868
What is 62733430010 plus 82389333225?,145122763235
What is 873945 plus 853146?,1727091
What is 343378 plus 897982?,1241360
What is 6208622 plus 2103579?,8312201
What is 20129411244634 plus 11211643247960?,31341054492594
What is 54691883890399 plus 45544245642862?,100236129533261
What is 2973550503 plus 5547791663?,8521342166
What is 119966818859 plus 982524218711?,1102491037570
What is 122 plus 511?,633
What is 9069640 plus 9631968?,18701608
What is 8269 plus 1958?,10227
What is 899777017 plus 376190762?,1275967779
What is 2462 plus 3816?,6278
What is 80810044 plus 12893216?,93703260
What is 81074950 plus 61768751?,142843701
What is 448402 plus 195657?,644059
What is 250862005 plus 191763875?,442625880
What is 218274771 plus 850640933?,1068915704
What is 632828333 plus 808035495?,1440863828
What is 72768064225 plus 12798016262?,85566080487
What is 814702100817 plus 117380846856?,932082947673
What is 78596757045448 plus 42436346085685?,121033103131133
What is 150957638713686 plus 873521503892233?,1024479142605919
What is 267460 plus 558918?,826378
What is 4282648765 plus 6670775644?,10953424409
What is 3583 plus 3724?,7307
What is 3441 plus 3687?,7128
What is 3065684749151 plus 4669832341527?,7735517090678
What is 3631174 plus 6194680?,9825854
What is 782355042 plus 287382716?,1069737758
What is 787 plus 723?,1510
What is 194974844917748 plus 846710581702665?,1041685426620413
What is 70467468687 plus 27176890743?,97644359430
What is 308 plus 852?,1160
What is 7278714387 plus 9531272228?,16809986615
What is 206 plus 889?,1095
What is 279116332 plus 692293824?,971410156
What is 11191587497 plus 49548822692?,60740410189
What is 8023085862 plus 9308230202?,17331316064
What is 26431236558768 plus 57900688893955?,84331925452723
What is 934 plus 641?,1575
What is 8090990226 plus 5367854893?,13458845119
What is 377016452160 plus 566948603273?,943965055433
What is 9370905539945 plus 6634660614847?,16005566154792
What is 6340135410129 plus 7402342549623?,13742477959752
What is 756041700576201 plus 592977858571135?,1349019559147336
What is 4534884543 plus 7778961116?,12313845659
What is 1641283312 plus 2732422748?,4373706060
What is 2731 plus 8702?,11433
What is 56 plus 59?,115
What is 13934916 plus 24903061?,38837977
What is 72455 plus 77944?,150399
What is 215721 plus 422221?,637942
What is 6887315 plus 6726348?,13613663
What is 966 plus 304?,1270
What is 8967657 plus 7036927?,16004584
What is 8547554511 plus 8826565767?,17374120278
What is 9638512 plus 9621277?,19259789
What is 46141238 plus 79464170?,125605408
What is 60126742760621 plus 18042974460230?,78169717220851
What is 995110438345 plus 983022731044?,1978133169389
What is 423937294397160 plus 962641018537750?,1386578312934910
What is 630809 plus 195367?,826176
What is 60109 plus 29973?,90082
What is 172160216491692 plus 154561885220256?,326722101711948
What is 4965142618 plus 4264480125?,9229622743
What is 930191 plus 857200?,1787391
What is 429995277263 plus 619081355214?,1049076632477
What is 660815142947905 plus 148896374285508?,809711517233413
What is 89552 plus 94230?,183782
What is 2147199411 plus 1874549132?,4021748543
What is 1657 plus 6637?,8294
What is 47599 plus 34915?,82514
What is 96 plus 97?,193
What is 87704833156377 plus 61662357574421?,149367190730798
What is 18 plus 62?,80
What is 265609727441683 plus 573047622590568?,838657350032251
What is 900520616095242 plus 400326094022375?,1300846710117617
What is 197647 plus 761818?,959465
What is 67134 plus 76040?,143174
What is 30 plus 86?,116
What is 31663000 plus 90799696?,122462696
What is 737969075053 plus 700449432582?,1438418507635
What is 60335117614691 plus 63141815933106?,123476933547797
What is 635737954291 plus 832924270722?,1468662225013
What is 3853032765 plus 6326854252?,10179887017
What is 29544265342841 plus 95350593471383?,124894858814224
What is 8939376598438 plus 1291266994265?,10230643592703
What is 30277532133213 plus 46639588430611?,76917120563824
What is 91218016651 plus 58222087050?,149440103701
What is 15799747797835 plus 12812609132807?,28612356930642
What is 5480037632 plus 2323709019?,7803746651
What is 46328175 plus 14130143?,60458318
What is 345802976 plus 333519013?,679321989
What is 34652157937749 plus 20082945370063?,54735103307812
What is 588977071712095 plus 288588769371387?,877565841083482
What is 644828122886781 plus 723795762596943?,1368623885483724
What is 81 plus 44?,125
What is 255211729532202 plus 921584251224053?,1176795980756255
What is 808791 plus 425206?,1233997
What is 599930592413007 plus 614107621635572?,1214038214048579
What is 90807664497 plus 47597370323?,138405034820
What is 72553243 plus 95523795?,168077038
What is 3875547797 plus 7782945135?,11658492932
What is 3686082845718 plus 9901332855155?,13587415700873
What is 16012207 plus 36708731?,52720938
What is 9295032494 plus 7746726730?,17041759224
What is 273390 plus 200383?,473773
What is 95463211883 plus 87368788895?,182832000778
What is 44963 plus 86456?,131419
What is 985 plus 624?,1609
What is 6284775 plus 6090692?,12375467
What is 352881332875 plus 418748522766?,771629855641
What is 9684347663760 plus 9688979038344?,19373326702104
What is 97 plus 90?,187
What is 6997 plus 6094?,13091
What is 10417669117 plus 53661746716?,64079415833
What is 69274 plus 60378?,129652
What is 508 plus 819?,1327
What is 13843881448674 plus 91265474807778?,105109356256452
What is 3250500461987 plus 2918779596485?,6169280058472
What is 32554554123835 plus 13936518112092?,46491072235927
What is 97851893 plus 70529889?,168381782
What is 122488110651 plus 945851125480?,1068339236131
What is 96753516883 plus 50328849912?,147082366795
What is 198759 plus 234987?,433746
What is 51226305 plus 56614121?,107840426
What is 33412814553 plus 38964307987?,72377122540
What is 489048853238581 plus 263655956761100?,752704809999681
What is 8930 plus 1510?,10440
What is 37062900 plus 98648300?,135711200
What is 4538 plus 8720?,13258
What is 8011 plus 6604?,14615
What is 7649063773043 plus 4593925196790?,12242988969833
What is 8908606401 plus 1328551842?,10237158243
What is 370 plus 419?,789
What is 44640982398 plus 18865501527?,63506483925
What is 3374 plus 2449?,5823
What is 570190290 plus 308985547?,879175837
What is 317905677 plus 630235150?,948140827
What is 8606232485 plus 6668175534?,15274408019
What is 3649868988 plus 2069649970?,5719518958
What is 3357804619 plus 5282787042?,8640591661
What is 41979 plus 84665?,126644
What is 6741638373 plus 3291152003?,10032790376
What is 63920111861493 plus 15698311858743?,79618423720236
What is 342786215920 plus 590490289100?,933276505020
What is 95174712 plus 66476491?,161651203
What is 79992420763 plus 88878292313?,168870713076
What is 62401701 plus 60210492?,122612193
What is 31 plus 87?,118
What is 94016192077531 plus 29846584916817?,123862776994348
What is 384801 plus 863096?,1247897
What is 277351037 plus 118501112?,395852149
What is 148437656 plus 888342452?,1036780108
What is 343 plus 460?,803
What is 794290 plus 142413?,936703
What is 950123638 plus 934684634?,1884808272
What is 2238677331 plus 7084839082?,9323516413
What is 959 plus 178?,1137
What is 55182036 plus 45540222?,100722258
What is 736849680971 plus 495390585981?,1232240266952
What is 79631979 plus 41625253?,121257232
What is 42266992582 plus 88007652040?,130274644622
What is 617554450128241 plus 477039061025258?,1094593511153499
What is 634234362 plus 966679309?,1600913671
What is 599003581067170 plus 554525202771573?,1153528783838743
What is 83926 plus 46611?,130537
What is 35680918 plus 64200802?,99881720
What is 48421993345893 plus 94990285154449?,143412278500342
What is 529163451266627 plus 509099368511182?,1038262819777809
What is 96939815222657 plus 45736812927170?,142676628149827
What is 97609782831 plus 75657170549?,173266953380
What is 5499320406161 plus 7178683768379?,12678004174540
What is 4473892077 plus 1078690609?,5552582686
What is 16 plus 40?,56
What is 527815051 plus 776700213?,1304515264
What is 96 plus 11?,107
What is 519660495232 plus 873529073817?,1393189569049
What is 515880241602 plus 909036577853?,1424916819455
What is 39386 plus 42997?,82383
What is 98499433080 plus 69443490232?,167942923312
What is 5989981475 plus 3748623679?,9738605154
What is 72799164 plus 13773315?,86572479
What is 8826 plus 3338?,12164
What is 8861208723 plus 5506210613?,14367419336
What is 33 plus 54?,87
What is 409194498 plus 570891157?,980085655
What is 85 plus 38?,123
What is 43595464 plus 88618380?,132213844
What is 833 plus 388?,1221
What is 449859 plus 200449?,650308
What is 36 plus 74?,110
What is 7438747 plus 9553743?,16992490
What is 68100617775108 plus 47637353297621?,115737971072729
What is 709 plus 183?,892
What is 59374753528197 plus 40761191634633?,100135945162830
What is 344878408705110 plus 631462856889250?,976341265594360
What is 5005 plus 1684?,6689
What is 18518511915057 plus 34762568339310?,53281080254367
What is 18357461 plus 63849060?,82206521
What is 525093938578 plus 807026377086?,1332120315664
What is 22553721 plus 55237768?,77791489
What is 4433977005 plus 9893336025?,14327313030
What is 978204 plus 421509?,1399713
What is 703042890384603 plus 964050362398500?,1667093252783103
What is 5697604091654 plus 2271133942508?,7968738034162
What is 43812380 plus 33719861?,77532241
What is 34065983106 plus 68049183429?,102115166535
What is 64501 plus 78672?,143173
What is 99 plus 47?,146
What is 355282 plus 775979?,1131261
What is 2509015322401 plus 3098478357923?,5607493680324
What is 94183121982 plus 13277559450?,107460681432
What is 112659761978747 plus 102929324719979?,215589086698726
What is 744807364157 plus 115400566018?,860207930175
What is 88 plus 72?,160
What is 4870769 plus 3364947?,8235716
What is 524167770461566 plus 851046664908673?,1375214435370239
What is 1353482452437 plus 3176777213826?,4530259666263
What is 55820 plus 77617?,133437
What is 278132619 plus 390238913?,668371532
What is 447155460689 plus 558550450529?,1005705911218
What is 8538 plus 5950?,14488
What is 58833754406 plus 87828176509?,146661930915
What is 3333622 plus 1722755?,5056377
What is 2794347900160 plus 8030827338919?,10825175239079
What is 7768 plus 2940?,10708
What is 13029411 plus 21437173?,34466584
What is 846200 plus 987456?,1833656
What is 533478117 plus 396816101?,930294218
What is 14751693 plus 90454581?,105206274
What is 4352323779427 plus 1423939231489?,5776263010916
What is 471408589771703 plus 393672421976083?,865081011747786
What is 2662963678 plus 5006208126?,7669171804
What is 69766621622 plus 28594371762?,98360993384
What is 80854364 plus 99079568?,179933932
What is 8078287205 plus 7537567625?,15615854830
What is 8442245724 plus 9159346998?,17601592722
What is 726508334 plus 711307731?,1437816065
What is 439989314 plus 206967016?,646956330
What is 28650961002443 plus 35432858902674?,64083819905117
What is 57747 plus 63362?,121109
What is 84109739513052 plus 54218121682491?,138327861195543
What is 75214 plus 97466?,172680
What is 29205 plus 18434?,47639
What is 587964 plus 670314?,1258278
What is 997176723 plus 104598809?,1101775532
What is 9369790425828 plus 6345756992715?,15715547418543
What is 1922 plus 8981?,10903
What is 83 plus 71?,154
What is 667068493904863 plus 935257984809893?,1602326478714756
What is 61942 plus 47840?,109782
What is 436627156057 plus 970029027309?,1406656183366
What is 10494598384 plus 35732928758?,46227527142
What is 6370960 plus 3247829?,9618789
What is 989 plus 452?,1441
What is 850132039952 plus 314471194964?,1164603234916
What is 632304 plus 589846?,1222150
What is 464753953338289 plus 153597087649993?,618351040988282
What is 71863 plus 84046?,155909
What is 946474015 plus 918695617?,1865169632
What is 3882207 plus 4626284?,8508491
What is 68605829 plus 22998916?,91604745
What is 6227827 plus 7058355?,13286182
What is 191028396299424 plus 743786227616166?,934814623915590
What is 59729439672445 plus 68820669790043?,128550109462488
What is 182000 plus 772169?,954169
What is 42 plus 40?,82
What is 8590 plus 3911?,12501
What is 488652296906243 plus 607656635994758?,1096308932901001
What is 885808937891 plus 732460886972?,1618269824863
What is 39866 plus 97114?,136980
What is 782535742114540 plus 310727781112802?,1093263523227342
What is 5350920 plus 7578032?,12928952
What is 4793 plus 8689?,13482
What is 60828257 plus 48360288?,109188545
What is 34670346824 plus 16400147861?,51070494685
What is 6146373672 plus 9879135963?,16025509635
What is 540041288975968 plus 916571896808156?,1456613185784124
What is 6637555 plus 6053136?,12690691
What is 2303694 plus 8043359?,10347053
What is 59303276434 plus 82186560186?,141489836620
What is 90127208 plus 68189118?,158316326
What is 639853938280 plus 467011731175?,1106865669455
What is 1093056313 plus 4983543153?,6076599466
What is 1550175881 plus 4582786276?,6132962157
What is 710028321459 plus 556675802553?,1266704124012
What is 9876767958052 plus 7069209610648?,16945977568700
What is 947554531488 plus 972536775324?,1920091306812
What is 763157 plus 269672?,1032829
What is 887069470223 plus 551188205873?,1438257676096
What is 27140968 plus 82737372?,109878340
What is 35663 plus 15548?,51211
What is 134533339101 plus 653075326178?,787608665279
What is 6057491892986 plus 1048936309047?,7106428202033
What is 567 plus 936?,1503
What is 35686 plus 36082?,71768
What is 47340807016153 plus 43160199395010?,90501006411163
What is 851 plus 761?,1612
What is 794528 plus 127426?,921954
What is 891065015400 plus 851901401463?,1742966416863
What is 579743031177 plus 531344182449?,1111087213626
What is 6998534801676 plus 1188372921518?,8186907723194
What is 419359951428188 plus 519270278633020?,938630230061208
What is 37241499247 plus 71792700995?,109034200242
What is 551 plus 679?,1230
What is 973 plus 578?,1551
What is 5744246656470 plus 9411347074145?,15155593730615
What is 7623741122778 plus 6030912453258?,13654653576036
What is 6471994 plus 1086487?,7558481
What is 40 plus 88?,128
What is 185734886232838 plus 760587005374881?,946321891607719
What is 56084092326988 plus 48891060347686?,104975152674674
What is 4194600717 plus 3365980206?,7560580923
What is 18564835093 plus 23807095430?,42371930523
What is 91 plus 66?,157
What is 198793112924786 plus 774433594305456?,973226707230242
What is 19719753 plus 77626756?,97346509
What is 884362731 plus 737998608?,1622361339
What is 98085 plus 88340?,186425
What is 8325498429532 plus 7657218195412?,15982716624944
What is 504 plus 273?,777
What is 42837 plus 88274?,131111
What is 791982 plus 453606?,1245588
What is 3048681855 plus 4608838130?,7657519985
What is 788 plus 963?,1751
What is 823141636 plus 879355007?,1702496643
What is 6546 plus 8924?,15470
What is 20475212 plus 72542818?,93018030
What is 237864828239 plus 458052985890?,695917814129
What is 2363 plus 4717?,7080
What is 7249252492 plus 6853445702?,14102698194
What is 10555517188883 plus 83628578777025?,94184095965908
What is 4635 plus 1629?,6264
What is 16 plus 59?,75
What is 58264266011640 plus 93148339620533?,151412605632173
What is 784 plus 290?,1074
What is 1602942958969 plus 6346991739965?,7949934698934
What is 5429604168632 plus 9912310212470?,15341914381102
What is 562574 plus 102294?,664868
What is 915 plus 388?,1303
What is 42775 plus 79321?,122096
What is 257105 plus 250865?,507970
What is 4727 plus 2357?,7084
What is 95 plus 19?,114
What is 41726718189 plus 18768545107?,60495263296
What is 51064811969 plus 86676967321?,137741779290
What is 4041730461679 plus 1124411377047?,5166141838726
What is 663648001105806 plus 311707167044685?,975355168150491
What is 6082 plus 5378?,11460
What is 766575205940381 plus 637438965910178?,1404014171850559
What is 837964257909 plus 232886751405?,1070851009314
What is 72828108 plus 65275306?,138103414
What is 7842388687592 plus 3197399292027?,11039787979619
What is 5441327239 plus 9429901132?,14871228371
What is 46006565454306 plus 96063717566001?,142070283020307
What is 28230332713177 plus 89722786349521?,117953119062698
What is 151869525 plus 663998546?,815868071
What is 8063082 plus 6716204?,14779286
What is 277236692829 plus 552963449985?,830200142814
What is 9836939089608 plus 8484922628374?,18321861717982
What is 648405194 plus 842656414?,1491061608
What is 716118848179 plus 666119645403?,1382238493582
What is 5898 plus 6355?,12253
What is 34170307 plus 13824723?,47995030
What is 1644652408 plus 9986131195?,11630783603
What is 2059780181834 plus 3078852509331?,5138632691165
What is 975128305547 plus 473495751013?,1448624056560
What is 817296 plus 900157?,1717453
What is 68385391721894 plus 38106385645565?,106491777367459
What is 97507837 plus 18141742?,115649579
What is 68685482 plus 99592332?,168277814
What is 8773 plus 4343?,13116
What is 772933647 plus 702392048?,1475325695
What is 697508939 plus 742503345?,1440012284
What is 2954 plus 2553?,5507
What is 8552721 plus 6420670?,14973391
What is 7374370447870 plus 6201344409767?,13575714857637
What is 6858380630395 plus 9154063609450?,16012444239845
What is 74133 plus 14368?,88501
What is 5403288209 plus 6255820927?,11659109136
What is 9396 plus 4938?,14334
What is 79707267656 plus 98508887070?,178216154726
What is 22359 plus 20506?,42865
What is 282709617517 plus 911904585895?,1194614203412
What is 45 plus 76?,121
What is 699843333040997 plus 152805141039085?,852648474080082
What is 66640078891722 plus 51074058035785?,117714136927507
What is 69004646 plus 98171955?,167176601
What is 30531167 plus 76454040?,106985207
What is 833 plus 771?,1604
What is 290855620822 plus 753718508234?,1044574129056
What is 292459621084 plus 943369142539?,1235828763623
What is 118 plus 872?,990
What is 6650405748 plus 9305594117?,15955999865
What is 8566 plus 2794?,11360
What is 9962 plus 1871?,11833
What is 5476 plus 3803?,9279
What is 6804 plus 8301?,15105
What is 76316668326 plus 87703074219?,164019742545
What is 472 plus 828?,1300
What is 289021218 plus 102279696?,391300914
What is 773 plus 993?,1766
What is 17691995 plus 93635860?,111327855
What is 46869790889 plus 66803762157?,113673553046
What is 25369473 plus 24554956?,49924429
What is 7368512 plus 4417974?,11786486
What is 50443238798 plus 80608844003?,131052082801
What is 103934380918525 plus 429172909483890?,533107290402415
What is 379 plus 464?,843
What is 40386749810 plus 39035996919?,79422746729
What is 7648 plus 6684?,14332
What is 528305303 plus 429298571?,957603874
What is 5809180454 plus 1350006302?,7159186756
What is 515757635 plus 331016344?,846773979
What is 862670 plus 438321?,1300991
What is 890172262385826 plus 168776425653937?,1058948688039763
What is 310730621914 plus 517045077523?,827775699437
What is 95298819034 plus 14413643977?,109712463011
What is 45394 plus 69898?,115292
What is 43998912 plus 48320485?,92319397
What is 2145225661 plus 5940131233?,8085356894
What is 2881041689635 plus 1709862472454?,4590904162089
What is 335295118948 plus 554868552197?,890163671145
What is 612634 plus 346690?,959324
What is 80380119218618 plus 94986733867651?,175366853086269
What is 80 plus 87?,167
What is 2951 plus 3923?,6874
What is 886958721352 plus 866022057537?,1752980778889
What is 5482721 plus 9792141?,15274862
What is 66 plus 86?,152
What is 99815 plus 58151?,157966
What is 8724283 plus 9605218?,18329501
What is 47 plus 63?,110
What is 13813692184295 plus 62762514337533?,76576206521828
What is 6647 plus 1707?,8354
What is 509552523985 plus 252836871981?,762389395966
What is 191168062 plus 869152895?,1060320957
What is 179847108622 plus 389121019736?,568968128358
What is 88631 plus 84802?,173433
What is 40543036939621 plus 12175112506197?,52718149445818
What is 900 plus 591?,1491
What is 10247692774429 plus 63364869157505?,73612561931934
What is 919089513257 plus 254953576522?,1174043089779
What is 86142533375970 plus 63536543544480?,149679076920450
What is 292943388 plus 803061855?,1096005243
What is 76976144559 plus 94241608926?,171217753485
What is 1086694799 plus 3917983972?,5004678771
What is 2923996043999 plus 1858343150155?,4782339194154
What is 8779291 plus 9509042?,18288333
What is 454331219466718 plus 456994845563072?,911326065029790
What is 80 plus 30?,110
What is 8228941 plus 5774603?,14003544
What is 952146 plus 957903?,1910049
What is 855600 plus 320743?,1176343
What is 4545899577355 plus 3481561563493?,8027461140848
What is 4755 plus 8178?,12933
What is 500330045 plus 987059680?,1487389725
What is 214664 plus 161040?,375704
What is 555234302372 plus 957160966547?,1512395268919
What is 9811855 plus 6466591?,16278446
What is 43803227692018 plus 23628019580884?,67431247272902
What is 89719135505 plus 28742512252?,118461647757
What is 506124966287 plus 271519787710?,777644753997
What is 87998 plus 94378?,182376
What is 306 plus 826?,1132
What is 360 plus 144?,504
What is 29823120 plus 98536396?,128359516
What is 12 plus 30?,42
What is 534074 plus 751747?,1285821
What is 66020 plus 89982?,156002
What is 482533825574968 plus 206342015759644?,688875841334612
What is 19 plus 39?,58
What is 643477337627 plus 175730301295?,819207638922
What is 981466299 plus 396531220?,1377997519
What is 687638458940583 plus 608659986124223?,1296298445064806
What is 19910323178 plus 95968438453?,115878761631
What is 9162 plus 6541?,15703
What is 8195733879342 plus 2312510407562?,10508244286904
What is 4647744436 plus 1425211505?,6072955941
What is 601 plus 744?,1345
What is 22380700244 plus 87137159902?,109517860146
What is 2544344570 plus 5947645924?,8491990494
What is 10969880111297 plus 50853766849312?,61823646960609
What is 9163555291516 plus 7497386639877?,16660941931393
What is 69 plus 35?,104
What is 1879575046219 plus 3343303589308?,5222878635527
What is 82510 plus 62977?,145487
What is 3079728033 plus 3312287910?,6392015943
What is 20 plus 67?,87
What is 4140464301 plus 2169638078?,6310102379
What is 19905 plus 79631?,99536
What is 83436938670 plus 99581176808?,183018115478
What is 34255792072 plus 64658985838?,98914777910
What is 65808 plus 49887?,115695
What is 5004 plus 3815?,8819
What is 1672 plus 5867?,7539
What is 65283 plus 60773?,126056
What is 24403 plus 92755?,117158
What is 469462339420 plus 505211899368?,974674238788
What is 61996421840 plus 69371731206?,131368153046
What is 7780398 plus 5998821?,13779219
What is 35862327807 plus 75695872298?,111558200105
What is 78 plus 84?,162
What is 966605 plus 360880?,1327485
What is 304563168860966 plus 624089589866866?,928652758727832
What is 702664133024 plus 942949020573?,1645613153597
What is 654021776094 plus 143816954543?,797838730637
What is 518984891 plus 715115362?,1234100253
What is 8473 plus 9885?,18358
What is 6861487120 plus 5281388037?,12142875157
What is 698 plus 298?,996
What is 81 plus 68?,149
What is 234702 plus 910818?,1145520
What is 61695639 plus 80531774?,142227413
What is 89296092075 plus 36575628974?,125871721049
What is 62971939174 plus 25132210326?,88104149500
What is 81148708687818 plus 69990617049583?,151139325737401
What is 456844299208770 plus 334275023064154?,791119322272924
What is 84630290855852 plus 36540115121072?,121170405976924
What is 53519085 plus 74244259?,127763344
What is 86771989 plus 13377655?,100149644
What is 3610801097 plus 3783508545?,7394309642
What is 712430365 plus 201681041?,914111406
What is 65356576984 plus 53728700552?,119085277536
What is 96085284019 plus 46541335195?,142626619214
What is 8502951138 plus 6492293039?,14995244177
What is 205422532 plus 234566514?,439989046
What is 5724284350536 plus 6458290380078?,12182574730614
What is 44048084157 plus 47428549152?,91476633309
What is 8659894779768 plus 2882962461764?,11542857241532
What is 23 plus 84?,107
What is 3930570 plus 5077950?,9008520
What is 79043921550 plus 22425650025?,101469571575
What is 67450106 plus 27331461?,94781567
What is 572968482 plus 202546767?,775515249
What is 67428402963 plus 92129758440?,159558161403
What is 98 plus 57?,155
What is 77304697811685 plus 44493627791511?,121798325603196
What is 41220849967 plus 76924108140?,118144958107
What is 6385082625 plus 1882275963?,8267358588
What is 154 plus 548?,702
What is 20455 plus 99572?,120027
What is 263273348 plus 862543802?,1125817150
What is 150079 plus 920207?,1070286
What is 29451095921010 plus 81043958917242?,110495054838252
What is 50737058973791 plus 60948268538231?,111685327512022
What is 5084886 plus 4773561?,9858447
What is 85151 plus 24407?,109558
What is 5541588 plus 7998738?,13540326
What is 188521318 plus 299184450?,487705768
What is 8057 plus 9188?,17245
What is 76053206928547 plus 54344878091279?,130398085019826
What is 66138198 plus 43725585?,109863783
What is 59864751 plus 76432041?,136296792
What is 64124351389 plus 90531309252?,154655660641
What is 50428745 plus 35890061?,86318806
What is 91 plus 34?,125
What is 106706 plus 515763?,622469
What is 954839050 plus 203232166?,1158071216
What is 436523938690 plus 969275243969?,1405799182659
What is 544263727037186 plus 460333213492927?,1004596940530113
What is 85619 plus 65082?,150701
What is 29879 plus 78441?,108320
What is 323 plus 557?,880
What is 282448692489816 plus 126048087881942?,408496780371758
What is 941737595 plus 205621299?,1147358894
What is 95331125372902 plus 55222337080687?,150553462453589
What is 288398867786 plus 229026542559?,517425410345
What is 38049261 plus 26057070?,64106331
What is 2413915287 plus 8115012814?,10528928101
What is 78872205174893 plus 80092508695902?,158964713870795
What is 529714632513410 plus 318943906278623?,848658538792033
What is 320240275 plus 187452502?,507692777
What is 68523 plus 55683?,124206
What is 548536 plus 852966?,1401502
What is 9791973862 plus 5901318745?,15693292607
What is 7544455690 plus 9307025965?,16851481655
What is 55 plus 62?,117
What is 399905479617584 plus 656762456165569?,1056667935783153
What is 62341317127 plus 23420529665?,85761846792
What is 854005277533322 plus 409842337537394?,1263847615070716
What is 468735115100 plus 496758407855?,965493522955
What is 65720849882740 plus 10460467338496?,76181317221236
What is 5162143287 plus 3143863880?,8306007167
What is 883 plus 389?,1272
What is 697951607 plus 368931276?,1066882883
What is 6499007 plus 5538071?,12037078
What is 56 plus 71?,127
What is 52590033883 plus 56918371533?,109508405416
What is 853 plus 241?,1094
What is 173506 plus 243232?,416738
What is 8664945340300 plus 3622171713945?,12287117054245
What is 2919 plus 1595?,4514
What is 91100304 plus 84383721?,175484025
What is 735512966 plus 226135185?,961648151
What is 869743 plus 537963?,1407706
What is 1206157829972 plus 6872950238404?,8079108068376
What is 19 plus 67?,86
What is 15953693447947 plus 87508570660432?,103462264108379
What is 32 plus 35?,67
What is 409834 plus 746264?,1156098
What is 2673 plus 9939?,12612
What is 506 plus 273?,779
What is 787030265042 plus 872676844203?,1659707109245
What is 218 plus 910?,1128
What is 193870 plus 550019?,743889
What is 799981116224 plus 993711471997?,1793692588221
What is 1678224737491 plus 1423808231382?,3102032968873
What is 704059873035 plus 875490469918?,1579550342953
What is 465587247 plus 294186750?,759773997
What is 48 plus 36?,84
What is 5118050480 plus 6894605022?,12012655502
What is 7316 plus 7433?,14749
What is 957 plus 830?,1787
What is 16863550739 plus 49873266116?,66736816855
What is 632986919 plus 119379242?,752366161
What is 2057768296 plus 2356437898?,4414206194
What is 8718372965 plus 9224805290?,17943178255
What is 1085941996708 plus 8721686484788?,9807628481496
What is 88620400567 plus 26555800605?,115176201172
What is 331919 plus 262810?,594729
What is 94405 plus 15156?,109561
What is 19373683 plus 59765677?,79139360
What is 952655654104 plus 238082825155?,1190738479259
What is 88490223 plus 86009605?,174499828
What is 3174789323 plus 9597508497?,12772297820
What is 7453473 plus 5239616?,12693089
What is 748249404 plus 167567503?,915816907
What is 92527416 plus 92151580?,184678996
What is 450729008680084 plus 855278868036716?,1306007876716800
What is 7248 plus 4724?,11972
What is 7282490093 plus 6343022537?,13625512630
What is 93083402743 plus 44622648183?,137706050926
What is 3514039 plus 2395654?,5909693
What is 3293114 plus 9621968?,12915082
What is 5321506537020 plus 4561621001186?,9883127538206
What is 25 plus 68?,93
What is 8018527 plus 8697389?,16715916
What is 226764122067483 plus 790906712093146?,1017670834160629
What is 20350 plus 55997?,76347
What is 335461269855749 plus 661955556127482?,997416825983231
What is 875642729 plus 648785994?,1524428723
What is 898904709567 plus 650232151315?,1549136860882
What is 638315 plus 924968?,1563283
What is 99 plus 47?,146
What is 82500643740267 plus 48231053641823?,130731697382090
What is 965010723152 plus 826892714830?,1791903437982
What is 80480 plus 31203?,111683
What is 827012700948 plus 704523506300?,1531536207248
What is 2319984417 plus 1888674988?,4208659405
What is 47112162744157 plus 38509264374709?,85621427118866
What is 13889116848753 plus 56376128983236?,70265245831989
What is 602316 plus 636797?,1239113
What is 20812027181 plus 49951249535?,70763276716
What is 518252800 plus 908466603?,1426719403
What is 29645664290 plus 93132768372?,122778432662
What is 82014203783484 plus 29479045524020?,111493249307504
What is 5494408044590 plus 7590624332449?,13085032377039
What is 9072892201616 plus 2900856046121?,11973748247737
What is 379160214074247 plus 469213740891533?,848373954965780
What is 72973165 plus 15241366?,88214531
What is 15301932201 plus 34547557049?,49849489250
What is 60767912380 plus 57934492564?,118702404944
What is 5365572 plus 7675459?,13041031
What is 68802321772707 plus 91818532032235?,160620853804942
What is 80886420 plus 23779958?,104666378
What is 119710 plus 969775?,1089485
What is 77868762416 plus 37636000726?,115504763142
What is 369461027 plus 600912945?,970373972
What is 3024074169731 plus 3359698499898?,6383772669629
What is 4991135277760 plus 3810079411590?,8801214689350
What is 7993631034 plus 6711223727?,14704854761
What is 6548625258 plus 6104610119?,12653235377
What is 225080 plus 771651?,996731
What is 97782749813 plus 82225715661?,180008465474
What is 28610 plus 78581?,107191
What is 7216668 plus 5425308?,12641976
What is 9116657644 plus 5150089006?,14266746650
What is 916524756282 plus 913532514660?,1830057270942
What is 59308941163047 plus 51949801273535?,111258742436582
What is 50657330228 plus 78430685003?,129088015231
What is 948829 plus 485830?,1434659
What is 4183999 plus 3179830?,7363829
What is 41110858 plus 33747651?,74858509
What is 992160944995185 plus 592192836043441?,1584353781038626
What is 2187613407804 plus 3293503881444?,5481117289248
What is 14103788709 plus 34489351069?,48593139778
What is 72437080 plus 10339003?,82776083
What is 38236075087 plus 48285782276?,86521857363
What is 60983157421 plus 93770289703?,154753447124
What is 6197746 plus 8532168?,14729914
What is 16258505096 plus 75015433972?,91273939068
What is 86619019347126 plus 23592911996637?,110211931343763
What is 25 plus 70?,95
What is 3657377427202 plus 3106423470836?,6763800898038
What is 2314957 plus 4192496?,6507453
What is 39586186078271 plus 96440530074480?,136026716152751
What is 194051 plus 986711?,1180762
What is 34 plus 57?,91
What is 1008 plus 8492?,9500
What is 26418247547 plus 62326632052?,88744879599
What is 4097 plus 1200?,5297
What is 4781108020857 plus 7848186343005?,12629294363862
What is 59816017164110 plus 48659963747544?,108475980911654
What is 8373 plus 2874?,11247
What is 16636810 plus 20770430?,37407240
What is 743 plus 893?,1636
What is 89973443 plus 88446848?,178420291
What is 29 plus 59?,88
What is 99265617637355 plus 32905044974084?,132170662611439
What is 80 plus 53?,133
What is 9973358 plus 9293576?,19266934
What is 981200205472359 plus 126922165471070?,1108122370943429
What is 37076413 plus 27573965?,64650378
What is 2457314993 plus 7225747491?,9683062484
What is 427131694 plus 807071183?,1234202877
What is 64769450186290 plus 29183917976589?,93953368162879
What is 32710870 plus 65594369?,98305239
What is 7963000 plus 8196207?,16159207
What is 95164692179 plus 30395898562?,125560590741
What is 7005348341744 plus 8016319332422?,15021667674166
What is 29472583 plus 87221798?,116694381
What is 896973252035353 plus 807131252347290?,1704104504382643
What is 296883827 plus 482048325?,778932152
What is 721659611 plus 676671514?,1398331125
What is 89717 plus 36071?,125788
What is 5754586789966 plus 6791518702878?,12546105492844
What is 7681020380945 plus 5376074981365?,13057095362310
What is 1337025 plus 3531742?,4868767
What is 8134 plus 8643?,16777
What is 463 plus 357?,820
What is 660607794749 plus 807851984452?,1468459779201
What is 40 plus 95?,135
What is 3744964774795 plus 9027437299913?,12772402074708
What is 868 plus 611?,1479
What is 41652790 plus 44516606?,86169396
What is 195 plus 298?,493
What is 234086812229 plus 535783047089?,769869859318
What is 8467197749 plus 9876729098?,18343926847
What is 4638998 plus 1001131?,5640129
What is 101808808049 plus 806957398616?,908766206665
What is 84228838142731 plus 33213351048828?,117442189191559
What is 766159 plus 738507?,1504666
What is 99 plus 66?,165
What is 846467675681 plus 917288733542?,1763756409223
What is 609 plus 476?,1085
What is 77668 plus 53835?,131503
What is 8112101246 plus 3472975371?,11585076617
What is 9336597 plus 7912738?,17249335
What is 579 plus 107?,686
What is 63239505295 plus 59888759027?,123128264322
What is 1462837 plus 2735296?,4198133
What is 887717 plus 352797?,1240514
What is 35142111520825 plus 99732225320000?,134874336840825
What is 16575445326125 plus 92482008280244?,109057453606369
What is 9418598667 plus 1246999439?,10665598106
What is 524931311 plus 344413198?,869344509
What is 285202566225776 plus 901204384077131?,1186406950302907
What is 404784 plus 242238?,647022
What is 687972714 plus 174948142?,862920856
What is 190730866161 plus 672415652788?,863146518949
What is 94527855221 plus 66080434775?,160608289996
What is 7486543320 plus 9706765864?,17193309184
What is 8434246772 plus 7678915639?,16113162411
What is 362352 plus 931088?,1293440
What is 866307 plus 591191?,1457498
What is 136934990 plus 567187723?,704122713
What is 97096290997898 plus 69374328784362?,166470619782260
What is 346397489 plus 467917317?,814314806
What is 910258678387244 plus 155282009022167?,1065540687409411
What is 622098950215804 plus 615874569080834?,1237973519296638
What is 762972568544 plus 429997865720?,1192970434264
What is 9606761689 plus 1093149534?,10699911223
What is 709114009487864 plus 865655956920483?,1574769966408347
What is 69472861 plus 21459821?,90932682
What is 5623304307932 plus 5502595999262?,11125900307194
What is 4071652 plus 5101469?,9173121
What is 4900953522 plus 5504830820?,10405784342
What is 31 plus 91?,122
What is 5053764 plus 3402693?,8456457
What is 709 plus 852?,1561
What is 63 plus 58?,121
What is 17361038474 plus 27917261391?,45278299865
What is 479 plus 620?,1099
What is 478877687197896 plus 183136697109936?,662014384307832
What is 6721059162 plus 3800890800?,10521949962
What is 6390809370798 plus 4852116911729?,11242926282527
What is 49 plus 53?,102
What is 624847533858 plus 218983777088?,843831310946
What is 421417921494 plus 464032575024?,885450496518
What is 7378 plus 1634?,9012
What is 81043372 plus 86273467?,167316839
What is 632314735 plus 991908101?,1624222836
What is 479441985753853 plus 105316150431219?,584758136185072
What is 31617 plus 67171?,98788
What is 6789398803 plus 3298907808?,10088306611
What is 971538747 plus 356521688?,1328060435
What is 742046581 plus 854300342?,1596346923
What is 26 plus 37?,63
What is 14320613896 plus 21546673959?,35867287855
What is 928782372865 plus 188197184083?,1116979556948
What is 9402087 plus 8949572?,18351659
What is 48230229070466 plus 87150736197060?,135380965267526
What is 5897766 plus 1199372?,7097138
What is 82414041842215 plus 13750477591641?,96164519433856
What is 885005454320 plus 746342955847?,1631348410167
What is 46493528521 plus 41381152285?,87874680806
What is 1783791965235 plus 4106157010138?,5889948975373
What is 60295466364269 plus 18877685309281?,79173151673550
What is 3902171017 plus 5078639538?,8980810555
What is 886 plus 184?,1070
What is 526708877059 plus 633663314302?,1160372191361
What is 83544828299088 plus 42678366807187?,126223195106275
What is 231232385911 plus 894496122645?,1125728508556
What is 68727 plus 83904?,152631
What is 57 plus 62?,119
What is 6865 plus 5698?,12563
What is 2266971 plus 1277341?,3544312
What is 446346691 plus 767188965?,1213535656
What is 6322 plus 5059?,11381
What is 76339 plus 32843?,109182
What is 71662217 plus 59233296?,130895513
What is 12268 plus 42556?,54824
What is 18191 plus 46007?,64198
What is 336 plus 625?,961
What is 617026 plus 759388?,1376414
What is 402420786372 plus 187831494057?,590252280429
What is 643513676010205 plus 173842792838305?,817356468848510
What is 51 plus 96?,147
What is 91737 plus 77523?,169260
What is 13864519198 plus 65529640654?,79394159852
What is 429075880831 plus 499431208940?,928507089771
What is 2265756062126 plus 1151910300428?,3417666362554
What is 2433979 plus 3465310?,5899289
What is 477192688949135 plus 589692195019187?,1066884883968322
What is 384229189310 plus 243327886517?,627557075827
What is 543049361 plus 190766356?,733815717
What is 2638 plus 2702?,5340
What is 54797552195 plus 77751680308?,132549232503
What is 32755468456853 plus 84340887121325?,117096355578178
What is 99670416 plus 19793176?,119463592
What is 79153 plus 59675?,138828
What is 90 plus 43?,133
What is 323595746409 plus 357111318739?,680707065148
What is 6400433382 plus 6329299045?,12729732427
What is 17 plus 12?,29
What is 70809 plus 20357?,91166
What is 4701708785 plus 6030015615?,10731724400
What is 972974447452897 plus 342003062379857?,1314977509832754
What is 71985739 plus 80395161?,152380900
What is 8883173304599 plus 5013576810204?,13896750114803
What is 96 plus 50?,146
What is 41425865 plus 94830381?,136256246
What is 786625 plus 262760?,1049385
What is 323876093562049 plus 269587111127353?,593463204689402
What is 81956 plus 86514?,168470
What is 505 plus 711?,1216
What is 921002100022 plus 179571831237?,1100573931259
What is 781 plus 380?,1161
What is 378508338 plus 174898295?,553406633
What is 8347848112051 plus 5201511820656?,13549359932707
What is 53 plus 91?,144
What is 868 plus 808?,1676
What is 259570457251 plus 408987085583?,668557542834
What is 6313965236 plus 9104327162?,15418292398
What is 166070203016 plus 525951849155?,692022052171
What is 329296339970 plus 764140714892?,1093437054862
What is 3889097165563 plus 4238876875538?,8127974041101
What is 23 plus 26?,49
What is 63084267483935 plus 57631993244999?,120716260728934
What is 10394994 plus 87648468?,98043462
What is 626822392435 plus 200043090431?,826865482866
What is 495990447547 plus 325769233998?,821759681545
What is 704939 plus 805791?,1510730
What is 46072748 plus 96387380?,142460128
What is 831327783 plus 986258188?,1817585971
What is 47 plus 53?,100
What is 608922856 plus 987910038?,1596832894
What is 18337501579 plus 36334551141?,54672052720
What is 66146703031193 plus 23870814480624?,90017517511817
What is 467474982 plus 372827262?,840302244
What is 75525436196154 plus 59328206506272?,134853642702426
What is 2434505 plus 3461307?,5895812
What is 598382 plus 542108?,1140490
What is 93595428754976 plus 45721234895142?,139316663650118
What is 64875322727233 plus 64771730029933?,129647052757166
What is 331740595 plus 221321154?,553061749
What is 1405 plus 7331?,8736
What is 73099302829 plus 47667415555?,120766718384
What is 82311144 plus 39992992?,122304136
What is 52655379672 plus 45551271418?,98206651090
What is 168426491402 plus 441950358362?,610376849764
What is 468771036 plus 486402021?,955173057
What is 2499891642 plus 6488330509?,8988222151
What is 9584384994018 plus 2977732100559?,12562117094577
What is 925255551 plus 125248931?,1050504482
What is 9796 plus 3586?,13382
What is 693508224111630 plus 793073284336574?,1486581508448204
What is 53012 plus 17790?,70802
What is 117126453 plus 353116363?,470242816
What is 56907418667 plus 55942842430?,112850261097
What is 54856184370 plus 91816599676?,146672784046
What is 7000 plus 5678?,12678
What is 94503 plus 65549?,160052
What is 93539742484117 plus 97691818553036?,191231561037153
What is 24885274212 plus 73480948048?,98366222260
What is 9730170802 plus 4926748313?,14656919115
What is 597082223303051 plus 964896195236980?,1561978418540031
What is 423137258631 plus 499587260523?,922724519154
What is 780633701283752 plus 752675973381190?,1533309674664942
What is 876397 plus 176854?,1053251
What is 68155627457821 plus 40647457874129?,108803085331950
What is 5495353545429 plus 8009598444516?,13504951989945
What is 66071 plus 21986?,88057
What is 31844817747 plus 46595251451?,78440069198
What is 1386809650110 plus 6563554739011?,7950364389121
What is 119 plus 578?,697
What is 171303051544005 plus 318261975558744?,489565027102749
What is 55 plus 33?,88
What is 5434 plus 3627?,9061
What is 289420562 plus 314941055?,604361617
What is 579967665413 plus 709654301064?,1289621966477
What is 334680 plus 415072?,749752
What is 244760976796 plus 112937187257?,357698164053
What is 96618 plus 50829?,147447
What is 6961652452546 plus 6017581286563?,12979233739109
What is 85391163 plus 94158312?,179549475
What is 100 plus 865?,965
What is 8426728762 plus 6455174885?,14881903647
What is 696735748 plus 577416574?,1274152322
What is 54996 plus 99053?,154049
What is 771025231875 plus 188826464385?,959851696260
What is 797507 plus 617869?,1415376
What is 153151697856 plus 344905572149?,498057270005
What is 7706424601 plus 9151603009?,16858027610
What is 55682563571 plus 47350522142?,103033085713
What is 6557181229 plus 3449046836?,10006228065
What is 655785065050191 plus 669484858889348?,1325269923939539
What is 611182594204378 plus 970934769737389?,1582117363941767
What is 894719820 plus 360571016?,1255290836
What is 9072 plus 6381?,15453
What is 68605938 plus 59792144?,128398082
What is 34995 plus 72072?,107067
What is 226977 plus 720527?,947504
What is 158846682547 plus 126539317073?,285385999620
What is 1467649788436 plus 5406503272387?,6874153060823
What is 98963425014127 plus 46981459865779?,145944884879906
What is 744068640 plus 171203951?,915272591
What is 1521256 plus 7033645?,8554901
What is 92502709655428 plus 43146451437359?,135649161092787
What is 45502746932 plus 64901909552?,110404656484
What is 9408 plus 4242?,13650
What is 331 plus 406?,737
What is 646250431471 plus 955533279840?,1601783711311
What is 10094804 plus 26865637?,36960441
What is 65949 plus 61867?,127816
What is 156188431 plus 368429317?,524617748
What is 252501514 plus 162527255?,415028769
What is 2448035 plus 7775766?,10223801
What is 92351958604 plus 82935075234?,175287033838
What is 98169223352 plus 85924144059?,184093367411
What is 529558086535303 plus 469213920766275?,998772007301578
What is 54838482929924 plus 78643674105798?,133482157035722
What is 263369 plus 599950?,863319
What is 1239165324 plus 5492593898?,6731759222
What is 5243 plus 5032?,10275
What is 460274560193952 plus 437199970874592?,897474531068544
What is 728 plus 663?,1391
What is 346097531758384 plus 395018015031195?,741115546789579
What is 882607432062 plus 104640160784?,987247592846
What is 29481707639508 plus 23678790298741?,53160497938249
What is 2316 plus 6137?,8453
What is 47 plus 47?,94
What is 7352 plus 3623?,10975
What is 155285 plus 178533?,333818
What is 9853 plus 9614?,19467
What is 9531297617301 plus 4319479783426?,13850777400727
What is 85313378134001 plus 10608536925441?,95921915059442
What is 150383 plus 923265?,1073648
What is 57387656 plus 56646934?,114034590
What is 563721 plus 880956?,1444677
What is 1312371000 plus 5551054395?,6863425395
What is 24296578 plus 32445958?,56742536
What is 4092979 plus 2192034?,6285013
What is 877427 plus 586232?,1463659
What is 44168645 plus 69999964?,114168609
What is 232746115 plus 170474195?,403220310
What is 575 plus 640?,1215
What is 39364 plus 86390?,125754
What is 78522 plus 35798?,114320
What is 559779 plus 310544?,870323
What is 15926302 plus 17675727?,33602029
What is 203585418685243 plus 141025180544929?,344610599230172
What is 80957421 plus 42958157?,123915578
What is 70463094939769 plus 45881877288396?,116344972228165
What is 56108196666628 plus 18698761084620?,74806957751248
What is 19448591921 plus 91319611893?,110768203814
What is 72164260 plus 45776047?,117940307
What is 419254271 plus 908600361?,1327854632
What is 513261561 plus 614638799?,1127900360
What is 33920176645 plus 41094152871?,75014329516
What is 514529543 plus 169352875?,683882418
What is 1769601409 plus 5236012607?,7005614016
What is 7272 plus 1801?,9073
What is 8076 plus 4744?,12820
What is 383959390168155 plus 282495943959322?,666455334127477
What is 88358122361 plus 38267602637?,126625724998
What is 5271778 plus 7414474?,12686252
What is 69179850 plus 99054669?,168234519
What is 9580833 plus 7764232?,17345065
What is 85434691068451 plus 82893453915639?,168328144984090
What is 15694725573872 plus 11090012991941?,26784738565813
What is 979585 plus 507156?,1486741
What is 480364910119019 plus 735621298085742?,1215986208204761
What is 44648216614 plus 81328889028?,125977105642
What is 116969 plus 829255?,946224
What is 66516796559322 plus 86665802904094?,153182599463416
What is 251650064 plus 480178310?,731828374
What is 68640 plus 95514?,164154
What is 59661360 plus 13568706?,73230066
What is 163 plus 997?,1160
What is 9439 plus 8671?,18110
What is 75 plus 88?,163
What is 31390 plus 56941?,88331
What is 759085672549 plus 470618589439?,1229704261988
What is 296213 plus 824463?,1120676
What is 48361279583 plus 65860577983?,114221857566
What is 7938 plus 6623?,14561
What is 10969 plus 54887?,65856
What is 9232178 plus 5803278?,15035456
What is 272824480530145 plus 772332944522931?,1045157425053076
What is 4849 plus 1151?,6000
What is 269977 plus 356884?,626861
What is 20311087778 plus 76527980132?,96839067910
What is 3848655776 plus 6779953617?,10628609393
What is 71948905902096 plus 73386448692389?,145335354594485
What is 3238631863 plus 3706330689?,6944962552
What is 95792077 plus 52184139?,147976216
What is 49006534538 plus 99501993253?,148508527791
What is 52864601252 plus 27148191745?,80012792997
What is 457743834 plus 174327723?,632071557
What is 471050711697 plus 120700183694?,591750895391
What is 10372 plus 82725?,93097
What is 1169847 plus 3443040?,4612887
What is 579108435125 plus 914065419213?,1493173854338
What is 7713512294 plus 9216728648?,16930240942
What is 624471344710161 plus 445080262265147?,1069551606975308
What is 857071216 plus 727760748?,1584831964
What is 8536935881 plus 8386494006?,16923429887
What is 1783383838 plus 2756681020?,4540064858
What is 133074324084 plus 813911284844?,946985608928
What is 4261842511 plus 5678303671?,9940146182
What is 68770240767 plus 69460942889?,138231183656
What is 191421177017 plus 313805225361?,505226402378
What is 438549456 plus 121049771?,559599227
What is 3472648923036 plus 9888149989614?,13360798912650
What is 66688 plus 31821?,98509
What is 850504345 plus 992838224?,1843342569
What is 39893233 plus 58441660?,98334893
What is 2480 plus 4220?,6700
What is 23414 plus 40768?,64182
What is 781 plus 596?,1377
What is 39339144956107 plus 64144544736293?,103483689692400
What is 9952963 plus 6237104?,16190067
What is 19734953857 plus 17447595654?,37182549511
What is 70728309410395 plus 97920243882648?,168648553293043
What is 461 plus 935?,1396
What is 38 plus 57?,95
What is 336400108339442 plus 846205822571961?,1182605930911403
What is 9385021 plus 1327835?,10712856
What is 85 plus 68?,153
What is 680 plus 463?,1143
What is 17009249225465 plus 44632114617874?,61641363843339
What is 3285 plus 9804?,13089
What is 126610646968 plus 224956182468?,351566829436
What is 147787242424038 plus 522376956295035?,670164198719073
What is 88094 plus 67793?,155887
What is 7552 plus 2940?,10492
What is 6033 plus 6806?,12839
What is 882 plus 871?,1753
What is 106 plus 721?,827
What is 3137482 plus 1478560?,4616042
What is 874242057 plus 680396402?,1554638459
What is 246 plus 566?,812
What is 10279551 plus 78211011?,88490562
What is 32 plus 93?,125
What is 256 plus 568?,824
What is 411854464 plus 386822772?,798677236
What is 2200047 plus 7756779?,9956826
What is 841464982 plus 897219104?,1738684086
What is 8664 plus 5249?,13913
What is 9104098 plus 3886785?,12990883
What is 875354727145232 plus 452587444283776?,1327942171429008
What is 816 plus 784?,1600
What is 20229022666814 plus 99763855831409?,119992878498223
What is 817 plus 617?,1434
What is 207268 plus 772130?,979398
What is 3413173985 plus 3296871055?,6710045040
What is 5774771 plus 3231110?,9005881
What is 572082816505782 plus 714345495783294?,1286428312289076
What is 16804912947890 plus 28428379604771?,45233292552661
What is 1482316 plus 2138964?,3621280
What is 27415895005 plus 79984654301?,107400549306
What is 71853293718870 plus 42373705608512?,114226999327382
What is 66834103 plus 41925892?,108759995
What is 689769759 plus 355308426?,1045078185
What is 13220190997865 plus 62480350466284?,75700541464149
What is 829 plus 865?,1694
What is 244312 plus 896648?,1140960
What is 797675821476587 plus 839661891176667?,1637337712653254
What is 89961444 plus 71879160?,161840604
What is 8628960950024 plus 5721195874617?,14350156824641
What is 3853633644 plus 4614205233?,8467838877
What is 93706 plus 48353?,142059
What is 98121 plus 47453?,145574
What is 375171846613 plus 620789397080?,995961243693
What is 25836122 plus 41305913?,67142035
What is 2839061502 plus 3274157175?,6113218677
What is 7510747247520 plus 4912148540702?,12422895788222
What is 30977 plus 99605?,130582
What is 566038554155 plus 200464310301?,766502864456
What is 691 plus 534?,1225
What is 765501245 plus 423195273?,1188696518
What is 701078079 plus 552317932?,1253396011
What is 82668 plus 12436?,95104
What is 56285485 plus 73747118?,130032603
What is 32 plus 15?,47
What is 981 plus 994?,1975
What is 690381668350 plus 766759223492?,1457140891842
What is 141479581 plus 557248879?,698728460
What is 4808 plus 4488?,9296
What is 567179125645 plus 916891624894?,1484070750539
What is 34747 plus 42670?,77417
What is 3517360 plus 6301461?,9818821
What is 472108623553378 plus 869573784326499?,1341682407879877
What is 9378597609 plus 3673284055?,13051881664
What is 37278968808328 plus 34163609336151?,71442578144479
What is 711356149702 plus 264800517795?,976156667497
What is 317383030 plus 334842947?,652225977
What is 4141961618151 plus 4218304399866?,8360266018017
What is 4047615 plus 4753064?,8800679
What is 562 plus 452?,1014
What is 7144328 plus 5981530?,13125858
What is 41 plus 54?,95
What is 7097261184243 plus 9344649514361?,16441910698604
What is 768699 plus 636354?,1405053
What is 731774 plus 119277?,851051
What is 3624 plus 8324?,11948
What is 3604739 plus 4299565?,7904304
What is 620268282856522 plus 564493594066216?,1184761876922738
What is 4587369967 plus 5246514944?,9833884911
What is 79755948 plus 29038148?,108794096
What is 345327121 plus 702465250?,1047792371
What is 539959 plus 325655?,865614
What is 95561810095633 plus 33490261785726?,129052071881359
What is 13 plus 13?,26
What is 869139663062039 plus 637650111599222?,1506789774661261
What is 633145357690 plus 955589609314?,1588734967004
What is 489488441280056 plus 162746924841470?,652235366121526
What is 868684365761 plus 149951227776?,1018635593537
What is 56721747 plus 49663803?,106385550
What is 9767923727 plus 4351753916?,14119677643
What is 912 plus 829?,1741
What is 520 plus 934?,1454
What is 48673969356 plus 32883014852?,81556984208
What is 45774764 plus 50536146?,96310910
What is 892636613418 plus 854353120911?,1746989734329
What is 11118865 plus 70233648?,81352513
What is 99459928128 plus 84917444616?,184377372744
What is 4791 plus 4021?,8812
What is 89939 plus 23382?,113321
What is 859010477052542 plus 240279592853081?,1099290069905623
What is 38114 plus 49664?,87778
What is 798282671884381 plus 815760778723254?,1614043450607635
What is 42 plus 27?,69
What is 5023379 plus 4615826?,9639205
What is 5669308129739 plus 8826546614869?,14495854744608
What is 654 plus 869?,1523
What is 2219192955 plus 8178891127?,10398084082
What is 1177438176 plus 5229144241?,6406582417
What is 80 plus 40?,120
What is 980 plus 148?,1128
What is 5531091 plus 6105891?,11636982
What is 458660 plus 476508?,935168
What is 19 plus 46?,65
What is 846762 plus 474701?,1321463
What is 41571057356 plus 61782164983?,103353222339
What is 541071635 plus 118557979?,659629614
What is 76739398047773 plus 58587657405805?,135327055453578
What is 59440694060 plus 70474076080?,129914770140
What is 3572149304299 plus 9374445465572?,12946594769871
What is 522024801 plus 269023796?,791048597
What is 5875206 plus 1040819?,6916025
What is 517350 plus 945871?,1463221
What is 37 plus 51?,88
What is 2530795859625 plus 1132731375125?,3663527234750
What is 96704135864 plus 67124740832?,163828876696
What is 79699 plus 32748?,112447
What is 4369 plus 9474?,13843
What is 7417540 plus 6850560?,14268100
What is 9012398160897 plus 7334213470192?,16346611631089
What is 809514 plus 568160?,1377674
What is 38605452372 plus 31490345296?,70095797668
What is 24523364316 plus 66162113204?,90685477520
What is 590351 plus 480696?,1071047
What is 6204 plus 7298?,13502
What is 54647826 plus 13422429?,68070255
What is 2654 plus 3098?,5752
What is 2233558696 plus 4649681597?,6883240293
What is 52131 plus 69483?,121614
What is 3053 plus 4935?,7988
What is 83800352 plus 21488386?,105288738
What is 2839901012 plus 6588266832?,9428167844
What is 537703978899 plus 585573277222?,1123277256121
What is 62617613308 plus 39444683168?,102062296476
What is 390893 plus 437725?,828618
What is 72526118202 plus 98565995000?,171092113202
What is 52088 plus 87656?,139744
What is 5990 plus 9820?,15810
What is 68157278 plus 25666903?,93824181
What is 31 plus 55?,86
What is 638 plus 821?,1459
What is 127159 plus 294243?,421402
What is 18403325124182 plus 61496494956487?,79899820080669
What is 93 plus 91?,184
What is 8206284937327 plus 8445354974755?,16651639912082
What is 880833 plus 577756?,1458589
What is 19 plus 37?,56
What is 289114572 plus 661508711?,950623283
What is 251396336534 plus 687594468203?,938990804737
What is 424915575514780 plus 251126502948881?,676042078463661
What is 803 plus 528?,1331
What is 75395402 plus 32500099?,107895501
What is 2578 plus 1510?,4088
What is 49662 plus 16709?,66371
What is 981775911509091 plus 832467103058525?,1814243014567616
What is 916353830343985 plus 502269461332920?,1418623291676905
What is 13801 plus 31834?,45635
What is 756985762 plus 812634320?,1569620082
What is 51226740721305 plus 61660720738111?,112887461459416
What is 1286427564971 plus 6527551148997?,7813978713968
What is 89 plus 89?,178
What is 228426983497183 plus 144905362173118?,373332345670301
What is 25852049158661 plus 90000672190795?,115852721349456
What is 58290 plus 99025?,157315
What is 2351908635999 plus 7055368656806?,9407277292805
What is 1825962 plus 9534560?,11360522
What is 333 plus 657?,990
What is 59568944 plus 27149081?,86718025
What is 7202364999 plus 8788075750?,15990440749
What is 20889262616850 plus 72770555471238?,93659818088088
What is 292680600104218 plus 319742265644360?,612422865748578
What is 749233 plus 108385?,857618
What is 8849107 plus 3418241?,12267348
What is 30 plus 54?,84
What is 773483421963463 plus 303481558718745?,1076964980682208
What is 581913260 plus 665826064?,1247739324
What is 1631904 plus 8303956?,9935860
What is 693087552 plus 317408181?,1010495733
What is 8559139572 plus 1279710006?,9838849578
What is 68801570456 plus 56057257838?,124858828294
What is 37297420020 plus 17831232919?,55128652939
What is 994933749416079 plus 241116306445921?,1236050055862000
What is 96 plus 17?,113
What is 114150786892154 plus 234449544636029?,348600331528183
What is 33 plus 84?,117
What is 3085571295066 plus 9614062159418?,12699633454484
What is 195 plus 347?,542
What is 9096 plus 3284?,12380
What is 735133075528189 plus 868907046064421?,1604040121592610
What is 7727036 plus 6544851?,14271887
What is 2268 plus 7052?,9320
What is 324836533 plus 273137998?,597974531
What is 191645509980 plus 682973706174?,874619216154
What is 13442987224 plus 55097829499?,68540816723
What is 625109550183453 plus 595687767815491?,1220797317998944
What is 237 plus 364?,601
What is 813087972293 plus 149729058006?,962817030299
What is 13 plus 57?,70
What is 6535609683 plus 6097440101?,12633049784
What is 40121349 plus 34587936?,74709285
What is 796720958466745 plus 259775110490706?,1056496068957451
What is 30847798 plus 78496245?,109344043
What is 869075522487 plus 930888041381?,1799963563868
What is 72 plus 39?,111
What is 68976987343426 plus 63023674399287?,132000661742713
What is 63948 plus 92379?,156327
What is 67137394918074 plus 72096800936935?,139234195855009
What is 373 plus 702?,1075
What is 595639901017 plus 982430059732?,1578069960749
What is 520749 plus 417956?,938705
What is 2450433908286 plus 6607808242839?,9058242151125
What is 271135081425597 plus 370525587000298?,641660668425895
What is 194025315 plus 735224111?,929249426
What is 44 plus 26?,70
What is 625794016788880 plus 639201515691297?,1264995532480177
What is 35 plus 92?,127
What is 212721421 plus 979624028?,1192345449
What is 9689912 plus 7589641?,17279553
What is 43898 plus 53869?,97767
What is 3084653657270 plus 7696801824933?,10781455482203
What is 4426481 plus 2571097?,6997578
What is 364110392573096 plus 820621658439063?,1184732051012159
What is 78761 plus 16037?,94798
What is 1811694 plus 9521433?,11333127
What is 5400 plus 5008?,10408
What is 4619 plus 1440?,6059
What is 4387325543 plus 5471264739?,9858590282
What is 428 plus 744?,1172
What is 75484544 plus 60904798?,136389342
What is 29020890866 plus 61636186397?,90657077263
What is 987513008373 plus 754143447496?,1741656455869
What is 6202 plus 6624?,12826
What is 3730 plus 2773?,6503
What is 637273581345015 plus 325062148173064?,962335729518079
What is 521197824 plus 728409553?,1249607377
What is 198373103 plus 524700932?,723074035
What is 739563051227 plus 104781445972?,844344497199
What is 2317119842 plus 3691228915?,6008348757
What is 53934039 plus 20114627?,74048666
What is 1289386 plus 7947596?,9236982
What is 9456716326 plus 2492924992?,11949641318
What is 528208951357 plus 902449242452?,1430658193809
What is 6329948 plus 3897894?,10227842
What is 9857655505509 plus 9082582195800?,18940237701309
What is 2297226380 plus 3615469680?,5912696060
What is 982523248227 plus 149505136234?,1132028384461
What is 8859 plus 8995?,17854
What is 4976555033 plus 8731367289?,13707922322
What is 4698087 plus 4284834?,8982921
What is 7358113044 plus 2011294058?,9369407102
What is 547890912 plus 605619970?,1153510882
What is 98 plus 76?,174
What is 1494 plus 7728?,9222
What is 13349602 plus 58921593?,72271195
What is 51 plus 95?,146
What is 8172548633 plus 7272546582?,15445095215
What is 22097 plus 54597?,76694
What is 957678655992942 plus 637032681639910?,1594711337632852
What is 969 plus 326?,1295
What is 168770 plus 413584?,582354
What is 352640805307 plus 544157772131?,896798577438
What is 6176233566599 plus 4292669866324?,10468903432923
What is 69835984701 plus 65170152502?,135006137203
What is 2701706898 plus 2780581370?,5482288268
What is 3988 plus 4590?,8578
What is 102 plus 815?,917
What is 88232990214 plus 77638382191?,165871372405
What is 3965076236261 plus 4848575082579?,8813651318840
What is 43387 plus 72199?,115586
What is 271371 plus 766275?,1037646
What is 52799799848 plus 21338061066?,74137860914
What is 6129 plus 9332?,15461
What is 8322 plus 9445?,17767
What is 9472 plus 7595?,17067
What is 32571894 plus 87750026?,120321920
What is 3914722992 plus 1731980763?,5646703755
What is 158864068497 plus 212383991116?,371248059613
What is 5260902859 plus 8571304459?,13832207318
What is 8907414 plus 2870174?,11777588
What is 80072 plus 58398?,138470
What is 606831377197 plus 836844425080?,1443675802277
What is 64410773 plus 52025496?,116436269
What is 848102845159906 plus 794259100280325?,1642361945440231
What is 87061259598 plus 82466002533?,169527262131
What is 4962 plus 8823?,13785
What is 614607 plus 415742?,1030349
What is 121093192758677 plus 606002679896597?,727095872655274
What is 222253 plus 365241?,587494
What is 86698136 plus 88747377?,175445513
What is 9892742461966 plus 2466815223774?,12359557685740
What is 784303359378915 plus 532218511634610?,1316521871013525
What is 144620885 plus 588911110?,733531995
What is 85703586497 plus 38510898809?,124214485306
What is 68 plus 21?,89
What is 5004338687 plus 9118392876?,14122731563
What is 14565489001823 plus 63987783753843?,78553272755666
What is 7317879976 plus 6871889903?,14189769879
What is 38661431086084 plus 76686385003758?,115347816089842
What is 9309855907792 plus 2960147982440?,12270003890232
What is 6986810438484 plus 1736483104247?,8723293542731
What is 604051105788 plus 710856835110?,1314907940898
What is 76222 plus 98830?,175052
What is 7084265026469 plus 1092705933446?,8176970959915
What is 41 plus 24?,65
What is 296042 plus 906433?,1202475
What is 11319 plus 50450?,61769
What is 106842419181321 plus 428971757820883?,535814177002204
What is 975 plus 969?,1944
What is 492 plus 305?,797
What is 23700 plus 98100?,121800
What is 7236216956323 plus 7956848595921?,15193065552244
What is 714268240740 plus 402837114753?,1117105355493
What is 83089304025 plus 73109982287?,156199286312
What is 1963 plus 5488?,7451
What is 603781079 plus 373346327?,977127406
What is 949582 plus 136809?,1086391
What is 765395017600786 plus 318205838300081?,1083600855900867
What is 619 plus 448?,1067
What is 4483 plus 9825?,14308
What is 847990 plus 461273?,1309263
What is 53770610 plus 94453919?,148224529
What is 53898976998 plus 25061574813?,78960551811
What is 170 plus 999?,1169
What is 673853487258 plus 497777583818?,1171631071076
What is 379469067 plus 798715284?,1178184351
What is 76168299614 plus 95684925492?,171853225106
What is 345 plus 440?,785
What is 12 plus 63?,75
What is 241968183624 plus 778626843460?,1020595027084
What is 9986177 plus 5640908?,15627085
What is 880210 plus 483872?,1364082
What is 920935086622553 plus 763623567743322?,1684558654365875
What is 69 plus 45?,114
What is 950590 plus 339020?,1289610
What is 12197 plus 50470?,62667
What is 150 plus 647?,797
What is 12562484 plus 18026373?,30588857
What is 7415937267250 plus 4626202900174?,12042140167424
What is 72509 plus 97927?,170436
What is 1355115156 plus 7224993440?,8580108596
What is 70541406567 plus 32286419798?,102827826365
What is 7731506228 plus 9954814274?,17686320502
What is 1495 plus 3095?,4590
What is 5955 plus 6080?,12035
What is 8254825857858 plus 7716924326089?,15971750183947
What is 772027 plus 122733?,894760
What is 99762115 plus 68769082?,168531197
What is 783455 plus 828570?,1612025
What is 507245212207 plus 971470826608?,1478716038815
What is 604948992 plus 767834896?,1372783888
What is 77706919153 plus 17995654144?,95702573297
What is 866694 plus 236868?,1103562
What is 61284 plus 62154?,123438
What is 740118584447580 plus 918868543766075?,1658987128213655
What is 423184266893282 plus 669748853548003?,1092933120441285
What is 4163538765 plus 2429528432?,6593067197
What is 55 plus 14?,69
What is 3789602839427 plus 1175235923313?,4964838762740
What is 48119799 plus 92657331?,140777130
What is 78005574 plus 33052181?,111057755
What is 77492377985 plus 54476478516?,131968856501
What is 490 plus 173?,663
What is 192937705 plus 424237857?,617175562
What is 649282434 plus 346311416?,995593850
What is 245 plus 487?,732
What is 538 plus 619?,1157
What is 8910805867 plus 1293106453?,10203912320
What is 75570968 plus 95942429?,171513397
What is 968932688833191 plus 870962267484189?,1839894956317380
What is 39129 plus 37411?,76540
What is 99819340437 plus 76239815066?,176059155503
What is 25 plus 70?,95
What is 3621601 plus 2305778?,5927379
What is 1802642164 plus 7466424491?,9269066655
What is 1253706255 plus 3402379960?,4656086215
What is 201 plus 330?,531
What is 7945679191 plus 2088030760?,10033709951
What is 958158330955312 plus 564685813441287?,1522844144396599
What is 2030990 plus 9093991?,11124981
What is 990643622635376 plus 764445405241199?,1755089027876575
What is 8222095868 plus 2788264718?,11010360586
What is 89487310908 plus 69381928080?,158869238988
What is 402210076192 plus 727678318052?,1129888394244
What is 164 plus 996?,1160
What is 275930 plus 372549?,648479
What is 191230846 plus 100094793?,291325639
What is 76 plus 21?,97
What is 710 plus 576?,1286
What is 9684 plus 7666?,17350
What is 415502 plus 876497?,1291999
What is 36270 plus 63314?,99584
What is 367436611901952 plus 922543500899435?,1289980112801387
What is 8062444397 plus 3242653779?,11305098176
What is 508823297 plus 945208994?,1454032291
What is 85374954269 plus 17408598784?,102783553053
What is 446 plus 748?,1194
What is 334543944 plus 796072027?,1130615971
What is 62060350291 plus 33329704288?,95390054579
What is 19 plus 74?,93
What is 82746695987908 plus 23538896434100?,106285592422008
What is 13204924 plus 65786101?,78991025
What is 8101 plus 5083?,13184
What is 3069572 plus 5542029?,8611601
What is 22807135 plus 49578546?,72385681
What is 9564859758 plus 9283288591?,18848148349
What is 7452922 plus 5655097?,13108019
What is 684 plus 276?,960
What is 968594 plus 945823?,1914417
What is 2597921200116 plus 7253775222346?,9851696422462
What is 990329518767024 plus 530575465633397?,1520904984400421
What is 33259592642 plus 94707945455?,127967538097
What is 803396658149641 plus 582431700784191?,1385828358933832
What is 67792 plus 17790?,85582
What is 749 plus 539?,1288
What is 13191179 plus 91226671?,104417850
What is 70258886 plus 24930129?,95189015
What is 204727 plus 469924?,674651
What is 9563108186 plus 1561493485?,11124601671
What is 7490286193 plus 6501390368?,13991676561
What is 63665 plus 83080?,146745
What is 330 plus 971?,1301
What is 4634 plus 5644?,10278
What is 145 plus 478?,623
What is 5121980952 plus 3913909069?,9035890021
What is 410784 plus 542196?,952980
What is 93681189439 plus 42525150684?,136206340123
What is 45 plus 54?,99
What is 111 plus 616?,727
What is 117813415015 plus 415188005194?,533001420209
What is 96978 plus 42835?,139813
What is 7755681682 plus 8714416892?,16470098574
What is 22900 plus 36298?,59198
What is 477 plus 905?,1382
What is 31819771 plus 24442319?,56262090
What is 470948 plus 529620?,1000568
What is 673044569374320 plus 761291705986647?,1434336275360967
What is 846 plus 817?,1663
What is 97729690 plus 65223111?,162952801
What is 63121072674 plus 98942556772?,162063629446
What is 64 plus 63?,127
What is 1702361 plus 9068932?,10771293
What is 48274444 plus 28663918?,76938362
What is 82576932564951 plus 49428502427593?,132005434992544
What is 10154587966550 plus 47418749791986?,57573337758536
What is 512 plus 849?,1361
What is 2836177672 plus 5059843010?,7896020682
What is 77110535541410 plus 68656098546078?,145766634087488
What is 49993643 plus 95873278?,145866921
What is 983859309 plus 360546843?,1344406152
What is 4879 plus 1032?,5911
What is 83330329 plus 62701789?,146032118
What is 9852256 plus 6114013?,15966269
What is 98554046123 plus 30254654121?,128808700244
What is 52400167765 plus 76239153495?,128639321260
What is 69547 plus 47095?,116642
What is 12 plus 91?,103
What is 624060 plus 124273?,748333
What is 2523 plus 7612?,10135
What is 42042949265 plus 15506228798?,57549178063
What is 968745204 plus 979070353?,1947815557
What is 79360 plus 33624?,112984
What is 22234699309341 plus 70992770128495?,93227469437836
What is 4892877 plus 5351683?,10244560
What is 92593313534 plus 82184807171?,174778120705
What is 85334364 plus 53721069?,139055433
What is 73094664870784 plus 69830873119204?,142925537989988
What is 2485871531308 plus 3084846224149?,5570717755457
What is 305976 plus 353967?,659943
What is 3723 plus 8869?,12592
What is 97 plus 77?,174
What is 9025466305 plus 9747950906?,18773417211
What is 4671533 plus 4265390?,8936923
What is 3204518 plus 3700274?,6904792
What is 34879769 plus 24075907?,58955676
What is 47597674490 plus 40760601862?,88358276352
What is 21186026336285 plus 60485382581950?,81671408918235
What is 291341534689 plus 215180724933?,506522259622
What is 861590435426509 plus 114574727302509?,976165162729018
What is 49404778216784 plus 75615075277471?,125019853494255
What is 9920203861609 plus 2027911909636?,11948115771245
What is 9386961 plus 2743066?,12130027
What is 622007761472 plus 392659713696?,1014667475168
What is 99788 plus 68997?,168785
What is 202966728 plus 115560987?,318527715
What is 84218393605212 plus 27930838567793?,112149232173005
What is 89090510533477 plus 17241662825304?,106332173358781
What is 419 plus 322?,741
What is 87549987615675 plus 57787035885031?,145337023500706
What is 157000960 plus 952337064?,1109338024
What is 283058818134 plus 931995848252?,1215054666386
What is 2571 plus 4807?,7378
What is 656863955 plus 236169162?,893033117
What is 81465 plus 26103?,107568
What is 58 plus 27?,85
What is 77453181103035 plus 71071957315777?,148525138418812
What is 441513 plus 821424?,1262937
What is 300129414924069 plus 345320030829255?,645449445753324
What is 7167867896872 plus 8288819133754?,15456687030626
What is 32733881 plus 52262954?,84996835
What is 23854747 plus 17299295?,41154042
What is 80 plus 14?,94
What is 544336602 plus 417534539?,961871141
What is 42536457 plus 60537930?,103074387
What is 9511 plus 8822?,18333
What is 447962805101 plus 706988610107?,1154951415208
What is 527784 plus 937096?,1464880
What is 964467389154250 plus 443717085363004?,1408184474517254
What is 681141573700311 plus 366046391684346?,1047187965384657
What is 5174999214636 plus 6673674942755?,11848674157391
What is 325 plus 135?,460
What is 6098314 plus 2702501?,8800815
What is 230930521980371 plus 480908124958843?,711838646939214
What is 2797896 plus 7712570?,10510466
What is 7176390078 plus 8355557831?,15531947909
What is 97930187189901 plus 27533319033826?,125463506223727
What is 57 plus 58?,115
What is 4571623 plus 6780846?,11352469
What is 4519293880777 plus 3116250623421?,7635544504198
What is 3156 plus 1210?,4366
What is 368691 plus 737162?,1105853
What is 2919 plus 2614?,5533
What is 7652 plus 2860?,10512
What is 3156376700550 plus 3975593665234?,7131970365784
What is 73390 plus 41247?,114637
What is 72429 plus 52116?,124545
What is 86 plus 60?,146
What is 835196100281563 plus 291005082475935?,1126201182757498
What is 5727921812549 plus 7820107113351?,13548028925900
What is 271 plus 111?,382
What is 3966437737415 plus 7510798102593?,11477235840008
What is 12002366269 plus 89256150795?,101258517064
What is 258521125 plus 940510347?,1199031472
What is 9688488 plus 6345806?,16034294
What is 33698920321 plus 46266562690?,79965483011
What is 332004644716716 plus 821630182508881?,1153634827225597
What is 1229 plus 1613?,2842
What is 1741 plus 5567?,7308
What is 50422 plus 59183?,109605
What is 8189678504585 plus 6926732041370?,15116410545955
What is 379439269953319 plus 380633332262290?,760072602215609
What is 467248518829 plus 678589519295?,1145838038124
What is 36974563 plus 43736157?,80710720
What is 2979343110657 plus 4811516853952?,7790859964609
What is 429168145 plus 790273756?,1219441901
What is 45748594154445 plus 59982993208808?,105731587363253
What is 5578046556300 plus 1034993188889?,6613039745189
What is 713533951 plus 575255090?,1288789041
What is 36298 plus 34772?,71070
What is 174402082 plus 756802743?,931204825
What is 514650446956 plus 264993281979?,779643728935
What is 63282884485646 plus 75453668967570?,138736553453216
What is 753287704775681 plus 114028393987801?,867316098763482
What is 6497052710212 plus 1905766906787?,8402819616999
What is 4944650772 plus 6111392283?,11056043055
What is 6081784182657 plus 5973555085046?,12055339267703
What is 9584905559 plus 2779897521?,12364803080
What is 558801345 plus 923033480?,1481834825
What is 14511342026034 plus 25154631117965?,39665973143999
What is 4804 plus 3220?,8024
What is 886299788733931 plus 471382427733577?,1357682216467508
What is 4586728280576 plus 5877588467356?,10464316747932
What is 911126485885886 plus 581008348745791?,1492134834631677
What is 1140972213 plus 5938298409?,7079270622
What is 182575078844 plus 845432626960?,1028007705804
What is 53284 plus 30061?,83345
What is 12335960707154 plus 85601154659169?,97937115366323
What is 4600725013 plus 4617967188?,9218692201
What is 4579642419 plus 5570620734?,10150263153
What is 541 plus 482?,1023
What is 706 plus 737?,1443
What is 21 plus 37?,58
What is 48742392860290 plus 10544718527812?,59287111388102
What is 2169 plus 4609?,6778
What is 958141717262 plus 542515574667?,1500657291929
What is 6956 plus 4204?,11160
What is 7090388694093 plus 5749942821387?,12840331515480
What is 260 plus 637?,897
What is 371586 plus 788150?,1159736
What is 68321 plus 41926?,110247
What is 812893 plus 690013?,1502906
What is 77 plus 79?,156
What is 2363638335 plus 2455487156?,4819125491
What is 27 plus 33?,60
What is 196243643 plus 390169354?,586412997
What is 7180117264 plus 5274585788?,12454703052
What is 37608 plus 14390?,51998
What is 668623843048 plus 291163441088?,959787284136
What is 95702154534 plus 69111327342?,164813481876
What is 80777261752919 plus 30742374683971?,111519636436890
What is 7423656207632 plus 7641243011355?,15064899218987
What is 23678524 plus 78444798?,102123322
What is 130 plus 310?,440
What is 9032742 plus 9275478?,18308220
What is 8899311 plus 9530676?,18429987
What is 84602708407 plus 61145496064?,145748204471
What is 86 plus 82?,168
What is 72616271283291 plus 64744112332611?,137360383615902
What is 5978494 plus 9718330?,15696824
What is 5068 plus 7372?,12440
What is 53036 plus 16362?,69398
What is 454204462949167 plus 815197799356517?,1269402262305684
What is 18468268204 plus 10360873179?,28829141383
What is 784 plus 878?,1662
What is 88987258543854 plus 60575474468598?,149562733012452
What is 407580753 plus 872025565?,1279606318
What is 2620508998 plus 2379047720?,4999556718
What is 68 plus 34?,102
What is 683136 plus 998157?,1681293
What is 65575657637 plus 96189174282?,161764831919
What is 23882655128734 plus 53001899038637?,76884554167371
What is 90060752 plus 36248031?,126308783
What is 712699425868 plus 828631250142?,1541330676010
What is 779982478300154 plus 249383422578418?,1029365900878572
What is 3748084 plus 4671262?,8419346
What is 33 plus 70?,103
What is 5681272287008 plus 3801292483454?,9482564770462
What is 630587717 plus 551515830?,1182103547
What is 6186487 plus 4206182?,10392669
What is 19 plus 77?,96
What is 503537 plus 435764?,939301
What is 3044993 plus 2545861?,5590854
What is 108518549824 plus 260927812536?,369446362360
What is 965433 plus 359739?,1325172
What is 3195 plus 8795?,11990
What is 890654 plus 508581?,1399235
What is 7419260 plus 1094732?,8513992
What is 69587420731 plus 39517393762?,109104814493
What is 17451422386 plus 97057105654?,114508528040
What is 29185632245498 plus 82913986791103?,112099619036601
What is 364568322525630 plus 373501536312521?,738069858838151
What is 285877 plus 807467?,1093344
What is 95 plus 27?,122
What is 3350386523824 plus 5820882778816?,9171269302640
What is 93 plus 36?,129
What is 448228054 plus 138405347?,586633401
What is 92224093483248 plus 91648882748054?,183872976231302
What is 24837 plus 60479?,85316
What is 812357041 plus 759802457?,1572159498
What is 43828242749 plus 78636827104?,122465069853
What is 37 plus 68?,105
What is 78026696671 plus 38078205989?,116104902660
What is 2235353434 plus 4769247568?,7004601002
What is 5327885886927 plus 1796597990237?,7124483877164
What is 8123523395 plus 8235054870?,16358578265
What is 8591604176429 plus 7938856173303?,16530460349732
What is 757 plus 897?,1654
What is 85745665374 plus 64746232341?,150491897715
What is 51878972418408 plus 12236001378053?,64114973796461
What is 432124511851 plus 287141498817?,719266010668
What is 5823929 plus 4016235?,9840164
What is 1324686484 plus 9159331739?,10484018223
What is 5863200 plus 5385570?,11248770
What is 90685140 plus 88154320?,178839460
What is 2322640 plus 5462069?,7784709
What is 6244129 plus 7507066?,13751195
What is 9406302382 plus 1656145584?,11062447966
What is 60503 plus 75840?,136343
What is 91751 plus 46131?,137882
What is 4970800576 plus 2855993428?,7826794004
What is 1825716559779 plus 9146820648257?,10972537208036
What is 708156377177 plus 223167090778?,931323467955
What is 67 plus 95?,162
What is 134825434224018 plus 678711579799854?,813537014023872
What is 2181288 plus 4003200?,6184488
What is 95846 plus 72885?,168731
What is 93168088059129 plus 74206688812326?,167374776871455
What is 45955825484120 plus 68178848732814?,114134674216934
What is 6529089922815 plus 5548375011250?,12077464934065
What is 946888 plus 373057?,1319945
What is 3387673581964 plus 4616731451476?,8004405033440
What is 602086011 plus 282826011?,884912022
What is 35 plus 73?,108
What is 5956 plus 9184?,15140
What is 368697600904370 plus 972141390387139?,1340838991291509
What is 61301918825480 plus 13689549728292?,74991468553772
What is 674530 plus 399772?,1074302
What is 19788256 plus 56234680?,76022936
What is 50 plus 40?,90
What is 27472301325 plus 12332664312?,39804965637
What is 6831 plus 2862?,9693
What is 666 plus 113?,779
What is 38439694055656 plus 18224511539622?,56664205595278
What is 287456375667 plus 353187094016?,640643469683
What is 9142251031 plus 5890740847?,15032991878
What is 85376650917437 plus 22894002405856?,108270653323293
What is 855 plus 282?,1137
What is 46 plus 73?,119
What is 47 plus 85?,132
What is 4813446851 plus 9336711760?,14150158611
What is 764843796527160 plus 927764819213419?,1692608615740579
What is 182864291 plus 610246993?,793111284
What is 11060398305 plus 59001395019?,70061793324
What is 81830666 plus 92961953?,174792619
What is 415256 plus 107854?,523110
What is 914507 plus 774186?,1688693
What is 8754 plus 5362?,14116
What is 2107133 plus 8509096?,10616229
What is 70 plus 58?,128
What is 1881672 plus 4353413?,6235085
What is 53796721900 plus 42101542996?,95898264896
What is 685897 plus 897349?,1583246
What is 64899 plus 25004?,89903
What is 4222897 plus 3458997?,7681894
What is 108848658 plus 727086015?,835934673
What is 4194289785 plus 8469176026?,12663465811
What is 75427107 plus 30621845?,106048952
What is 77355045924225 plus 65013657704492?,142368703628717
What is 85576367 plus 75775234?,161351601
What is 4519 plus 4350?,8869
What is 6320466701586 plus 5452320139287?,11772786840873
What is 8073580 plus 9486042?,17559622
What is 170279750860888 plus 100554792077084?,270834542937972
What is 74970 plus 40569?,115539
What is 435 plus 996?,1431
What is 363428793156481 plus 104356835009983?,467785628166464
What is 7446659 plus 2866838?,10313497
What is 924283 plus 376596?,1300879
What is 8625 plus 2725?,11350
What is 408217 plus 290129?,698346
What is 5330417 plus 3943440?,9273857
What is 197160 plus 756162?,953322
What is 150616387035651 plus 742239018252028?,892855405287679
What is 32 plus 57?,89
What is 99780672171 plus 97493867595?,197274539766
What is 66826 plus 13927?,80753
What is 176 plus 324?,500
What is 8913399803469 plus 6714624409170?,15628024212639
What is 14343923221 plus 25589911643?,39933834864
What is 23826 plus 52683?,76509
What is 5721 plus 7816?,13537
What is 86977106 plus 90560478?,177537584
What is 326134228641 plus 147317759780?,473451988421
What is 273586602 plus 167858082?,441444684
What is 8111564424 plus 3248981590?,11360546014
What is 663 plus 662?,1325
What is 5487393495 plus 1735740585?,7223134080
What is 64308 plus 94851?,159159
What is 673199 plus 219562?,892761
What is 12774477730 plus 12991344236?,25765821966
What is 29328614 plus 84657382?,113985996
What is 5292 plus 2966?,8258
What is 382688582 plus 892316392?,1275004974
What is 213107942 plus 831371008?,1044478950
What is 8710132099464 plus 8977164098206?,17687296197670
What is 6830289436899 plus 4333485959508?,11163775396407
What is 25704119918 plus 82072092874?,107776212792
What is 467 plus 363?,830
What is 5631235764 plus 4829488708?,10460724472
What is 34992527030078 plus 30118778744471?,65111305774549
What is 7120 plus 1133?,8253
What is 472 plus 416?,888
What is 41840776521 plus 95994540104?,137835316625
What is 69452 plus 85665?,155117
What is 554617471499 plus 292973863107?,847591334606
What is 64356272 plus 77727994?,142084266
What is 12223 plus 22247?,34470
What is 5282044 plus 7669876?,12951920
What is 1583451857651 plus 7544991453303?,9128443310954
What is 45724881490790 plus 40436241571100?,86161123061890
What is 366098981757 plus 233491179675?,599590161432
What is 1121181407 plus 2286151822?,3407333229
What is 28177658 plus 17014492?,45192150
What is 8721751515643 plus 2272183213451?,10993934729094
What is 136468547298 plus 620439767190?,756908314488
What is 6364 plus 8834?,15198
What is 383 plus 787?,1170
What is 15129425981 plus 95940554085?,111069980066
What is 9651196 plus 3621901?,13273097
What is 68023537439406 plus 86706676211619?,154730213651025
What is 3424259 plus 2651820?,6076079
What is 844116 plus 740744?,1584860
What is 753953 plus 756216?,1510169
What is 4146265342 plus 5306078261?,9452343603
What is 289373766 plus 153589664?,442963430
What is 774951 plus 764480?,1539431
What is 58 plus 88?,146
What is 63248761850 plus 25171954626?,88420716476
What is 86 plus 39?,125
What is 9931 plus 1913?,11844
What is 800274916697835 plus 101743215479465?,902018132177300
What is 44975 plus 28812?,73787
What is 429486 plus 677263?,1106749
What is 45280 plus 98339?,143619
What is 1333 plus 1211?,2544
What is 12916549843025 plus 36939790940165?,49856340783190
What is 2514 plus 7454?,9968
What is 79 plus 64?,143
What is 35069 plus 51200?,86269
What is 8013567825271 plus 6413990974946?,14427558800217
What is 31 plus 62?,93
What is 43316 plus 45769?,89085
What is 3031272520937 plus 4761868227569?,7793140748506
What is 226134694412435 plus 422624615810045?,648759310222480
What is 504884795 plus 878416600?,1383301395
What is 627191656 plus 355807567?,982999223
What is 770194980644532 plus 871931335755368?,1642126316399900
What is 879565087 plus 475056245?,1354621332
What is 66 plus 54?,120
What is 7499 plus 4520?,12019
What is 4431591932 plus 5099244731?,9530836663
What is 33724 plus 37707?,71431
What is 59 plus 64?,123
What is 78746 plus 99462?,178208
What is 532589397800 plus 627804511245?,1160393909045
What is 4708172865004 plus 5167409557107?,9875582422111
What is 755184300006828 plus 722614442030359?,1477798742037187
What is 678939947595341 plus 485806254060682?,1164746201656023
What is 739233213591701 plus 740307513025373?,1479540726617074
What is 60 plus 20?,80
What is 8347 plus 5523?,13870
What is 38 plus 72?,110
What is 594098918907977 plus 793247520558327?,1387346439466304
What is 2140415 plus 4772975?,6913390
What is 11 plus 46?,57
What is 6130363 plus 6271658?,12402021
What is 813985401 plus 274729152?,1088714553
What is 96879148250768 plus 20287420952183?,117166569202951
What is 827024479505063 plus 369863161560129?,1196887641065192
What is 159867 plus 348269?,508136
What is 60805597209947 plus 80706116263897?,141511713473844
What is 861046 plus 856605?,1717651
What is 2447 plus 4153?,6600
What is 139462465 plus 451420485?,590882950
What is 6809563655 plus 1537643811?,8347207466
What is 77573010593 plus 66873107896?,144446118489
What is 96165436259 plus 62218418916?,158383855175
What is 696 plus 759?,1455
What is 60118677005064 plus 96189479344252?,156308156349316
What is 6430475 plus 9957049?,16387524
What is 83959665914483 plus 48865817771055?,132825483685538
What is 298 plus 200?,498
What is 490913160893 plus 640177405342?,1131090566235
What is 1260667435 plus 9351283154?,10611950589
What is 1322053 plus 8718491?,10040544
What is 69517575 plus 19645850?,89163425
What is 877419643 plus 991225278?,1868644921
What is 4291786858 plus 5796830023?,10088616881
What is 3076250481 plus 8202552357?,11278802838
What is 830 plus 826?,1656
What is 3422033554 plus 8184308798?,11606342352
What is 8322266 plus 7578887?,15901153
What is 5437 plus 2629?,8066
What is 6776171605 plus 1029925753?,7806097358
What is 2764556 plus 2118567?,4883123
What is 42604 plus 86999?,129603
What is 95991 plus 31626?,127617
What is 1425531506 plus 9975892113?,11401423619
What is 87599203 plus 19535779?,107134982
What is 59292784 plus 72385009?,131677793
What is 42 plus 61?,103
What is 430694842224 plus 892624508060?,1323319350284
What is 12 plus 99?,111
What is 86306270 plus 70191853?,156498123
What is 5603 plus 9338?,14941
What is 510099 plus 176085?,686184
What is 4713 plus 6917?,11630
What is 9743528 plus 6857216?,16600744
What is 88801908 plus 43991195?,132793103
What is 761189449186 plus 895236351231?,1656425800417
What is 29224134165259 plus 42488109289908?,71712243455167
What is 82163920367 plus 62467012663?,144630933030
What is 16712507 plus 26934359?,43646866
What is 514380 plus 373228?,887608
What is 2426446614410 plus 9115829629213?,11542276243623
What is 9916384 plus 8595361?,18511745
What is 949176086414 plus 648556506773?,1597732593187
What is 31396809556 plus 95074231580?,126471041136
What is 5469149322 plus 5047359742?,10516509064
What is 587802365976 plus 951699257172?,1539501623148
What is 718 plus 376?,1094
What is 3575776419685 plus 2121795161797?,5697571581482
What is 694 plus 726?,1420
What is 350 plus 543?,893
What is 40556192129391 plus 70929173878446?,111485366007837
What is 533924078306077 plus 230974432854097?,764898511160174
What is 97 plus 80?,177
What is 651601790 plus 961797203?,1613398993
What is 28143784756 plus 13736033184?,41879817940
What is 69912 plus 33648?,103560
What is 997 plus 133?,1130
What is 680733817 plus 170341374?,851075191
What is 621249524798 plus 350236578764?,971486103562
What is 9119 plus 4383?,13502
What is 156276078298 plus 679045396594?,835321474892
What is 79674 plus 47622?,127296
What is 13731940359 plus 57905679248?,71637619607
What is 3287 plus 9764?,13051
What is 7958 plus 2075?,10033
What is 567499589617139 plus 828273955388854?,1395773545005993
What is 94 plus 88?,182
What is 489890040 plus 721674190?,1211564230
What is 86 plus 87?,173
What is 4986 plus 6353?,11339
What is 713250 plus 135145?,848395
What is 9577483 plus 7729064?,17306547
What is 97353316 plus 25389860?,122743176
What is 9164812 plus 4977395?,14142207
What is 44982408090 plus 24161137563?,69143545653
What is 28840 plus 99209?,128049
What is 65207142581 plus 96078091364?,161285233945
What is 4819888392223 plus 7852261545164?,12672149937387
What is 66771349456 plus 64841124043?,131612473499
What is 8038 plus 6477?,14515
What is 27195408 plus 82288618?,109484026
What is 71447400415 plus 70036539406?,141483939821
What is 6270189 plus 9354278?,15624467
What is 91014792308018 plus 69396650382974?,160411442690992
What is 19762072747 plus 57995301843?,77757374590
What is 109652091994 plus 155718564766?,265370656760
What is 803 plus 633?,1436
What is 11 plus 79?,90
What is 549324693 plus 272359374?,821684067
What is 8295914 plus 9111847?,17407761
What is 3017983644339 plus 2598634206350?,5616617850689
What is 527436 plus 109710?,637146
What is 645205511 plus 785327531?,1430533042
What is 2119492389 plus 8894759405?,11014251794
What is 92851884 plus 60015742?,152867626
What is 862466287989 plus 177702308348?,1040168596337
What is 5685 plus 3953?,9638
What is 92307018816 plus 62831258657?,155138277473
What is 616612801 plus 384970421?,1001583222
What is 1066438939 plus 8673017308?,9739456247
What is 20160709 plus 99692176?,119852885
What is 6081 plus 2709?,8790
What is 8204946400311 plus 7227427817349?,15432374217660
What is 42058403883 plus 30662749317?,72721153200
What is 15918540 plus 42268357?,58186897
What is 9594344 plus 6335714?,15930058
What is 25443 plus 70087?,95530
What is 25120791593 plus 18586391642?,43707183235
What is 275659658200971 plus 101280446799362?,376940105000333
What is 83666430 plus 56928585?,140595015
What is 4683334788937 plus 7536735489601?,12220070278538
What is 4372 plus 3395?,7767
What is 45971680686922 plus 51001926850684?,96973607537606
What is 55534671 plus 44450510?,99985181
What is 62273029293 plus 31369608318?,93642637611
What is 74894249477 plus 56051486634?,130945736111
What is 114 plus 837?,951
What is 7302297949985 plus 3771176694642?,11073474644627
What is 513224 plus 315207?,828431
What is 52830404502649 plus 76246879468909?,129077283971558
What is 4980530717110 plus 2376781711155?,7357312428265
What is 7542388 plus 1325679?,8868067
What is 443818195982 plus 665549931802?,1109368127784
What is 886 plus 895?,1781
What is 47408 plus 32714?,80122
What is 54261149580082 plus 60964732984976?,115225882565058
What is 98068223 plus 72335348?,170403571
What is 577 plus 262?,839
What is 606488726 plus 148483090?,754971816
What is 73551551754176 plus 61659471433015?,135211023187191
What is 4396711627292 plus 1563625332179?,5960336959471
What is 6243443 plus 4715994?,10959437
What is 952422 plus 447943?,1400365
What is 86453788384 plus 46959931693?,133413720077
What is 5414 plus 8259?,13673
What is 319953828695586 plus 317377838648836?,637331667344422
What is 50242447205 plus 59949061670?,110191508875
What is 6327 plus 4952?,11279
What is 338616642376 plus 579174233417?,917790875793
What is 359686373012110 plus 202250482871980?,561936855884090
What is 4165021656 plus 8268869262?,12433890918
What is 458486775970555 plus 922836311779448?,1381323087750003
What is 9344 plus 7532?,16876
What is 37 plus 10?,47
What is 50976810912953 plus 33350119802645?,84326930715598
What is 16257815 plus 15092821?,31350636
What is 1367372202271 plus 1014451353119?,2381823555390
What is 81240 plus 50228?,131468
What is 70838665 plus 65041702?,135880367
What is 1932 plus 5457?,7389
What is 60707012618300 plus 90737257923433?,151444270541733
What is 98 plus 22?,120
What is 7952497 plus 7675003?,15627500
What is 667238 plus 519993?,1187231
What is 761285256971678 plus 154841599979582?,916126856951260
What is 241 plus 842?,1083
What is 4836507777 plus 7328261293?,12164769070
What is 605348 plus 884800?,1490148
What is 7557633278010 plus 4445342269331?,12002975547341
What is 1986359 plus 7653954?,9640313
What is 781 plus 300?,1081
What is 89536093115 plus 26225334168?,115761427283
What is 668 plus 690?,1358
What is 10607128211086 plus 52059106332291?,62666234543377
What is 51729254891290 plus 54858187251084?,106587442142374
What is 16987897 plus 69032894?,86020791
What is 254175 plus 471706?,725881
What is 3611570 plus 7790358?,11401928
What is 14296 plus 16817?,31113
What is 216 plus 464?,680
What is 528 plus 284?,812
What is 4281914737 plus 1097652637?,5379567374
What is 8250982644272 plus 3572640634977?,11823623279249
What is 548879 plus 885605?,1434484
What is 54073615997509 plus 14898595060046?,68972211057555
What is 5309 plus 7061?,12370
What is 4821 plus 5408?,10229
What is 143 plus 757?,900
What is 623976760110 plus 711501305528?,1335478065638
What is 100 plus 951?,1051
What is 1994 plus 5260?,7254
What is 65561978 plus 99085960?,164647938
What is 133720033993003 plus 170019740132365?,303739774125368
What is 432 plus 991?,1423
What is 57902730437 plus 59019393854?,116922124291
What is 845930291794050 plus 245113118631473?,1091043410425523
What is 30580747 plus 83375356?,113956103
What is 9602511757 plus 5762033999?,15364545756
What is 1294484 plus 7347477?,8641961
What is 647114 plus 633212?,1280326
What is 970845473 plus 771569061?,1742414534
What is 860211500092669 plus 757238579887755?,1617450079980424
What is 10772233114018 plus 80257554653374?,91029787767392
What is 13160 plus 36451?,49611
What is 234801997 plus 482567686?,717369683
What is 54850276833124 plus 23793146110468?,78643422943592
What is 172892 plus 657163?,830055
What is 752132600651360 plus 115846381394357?,867978982045717
What is 270598382 plus 408584598?,679182980
What is 853502521323168 plus 886557820567117?,1740060341890285
What is 879304674 plus 190132592?,1069437266
What is 399506014355 plus 869308203512?,1268814217867
What is 188902697891626 plus 114558939461646?,303461637353272
What is 306633172 plus 551578168?,858211340
What is 9652537926 plus 9675827047?,19328364973
What is 6444658095971 plus 4557778412429?,11002436508400
What is 2900352192 plus 9087201248?,11987553440
What is 149439096091905 plus 435470487021758?,584909583113663
What is 704 plus 446?,1150
What is 1893735729189 plus 6057794650541?,7951530379730
What is 105573 plus 999706?,1105279
What is 931021 plus 611651?,1542672
What is 945327570168205 plus 685337503459278?,1630665073627483
What is 7668640983030 plus 1080776573794?,8749417556824
What is 75453474151 plus 56198475935?,131651950086
What is 5231125466212 plus 1222147489677?,6453272955889
What is 96365602047968 plus 57932832370716?,154298434418684
What is 44465331402 plus 12958500597?,57423831999
What is 41 plus 60?,101
What is 56 plus 17?,73
What is 414 plus 684?,1098
What is 56585535398628 plus 12792607707387?,69378143106015
What is 8202661878993 plus 5646490102016?,13849151981009
What is 27872 plus 88925?,116797
What is 4067912 plus 4231684?,8299596
What is 658117542484 plus 592396881241?,1250514423725
What is 1357 plus 2216?,3573
What is 279187298017102 plus 132361081796396?,411548379813498
What is 76238880937 plus 14321842381?,90560723318
What is 282067 plus 919743?,1201810
What is 990224781772 plus 806882397952?,1797107179724
What is 8769 plus 9104?,17873
What is 41580493 plus 85490543?,127071036
What is 700090329483387 plus 402866712772087?,1102957042255474
What is 58427520121377 plus 87046969388617?,145474489509994
What is 931148092280 plus 652039493228?,1583187585508
What is 65 plus 22?,87
What is 40209170907 plus 98722718284?,138931889191
What is 16794730790 plus 26359795367?,43154526157
What is 9694707119 plus 8988386993?,18683094112
What is 528182 plus 821078?,1349260
What is 30727872529 plus 47906014791?,78633887320
What is 570422828 plus 253958980?,824381808
What is 5248722254246 plus 3857605763236?,9106328017482
What is 147 plus 596?,743
What is 64674215 plus 63670964?,128345179
What is 4059 plus 2340?,6399
What is 69986 plus 22131?,92117
What is 28756 plus 23549?,52305
What is 311206 plus 247307?,558513
What is 601507449720953 plus 760256111063477?,1361763560784430
What is 28927538477 plus 76042400658?,104969939135
What is 89 plus 15?,104
What is 53269273801 plus 49662067478?,102931341279
What is 3835447492 plus 5584952263?,9420399755
What is 39683834 plus 85883265?,125567099
What is 288068031 plus 299970459?,588038490
What is 3710786024 plus 8820355095?,12531141119
What is 3582329 plus 6417211?,9999540
What is 451169821 plus 333299873?,784469694
What is 697 plus 843?,1540
What is 3683613861760 plus 6645154344715?,10328768206475
What is 27273 plus 33007?,60280
What is 11 plus 17?,28
What is 2843160630 plus 2618470570?,5461631200
What is 730055070156 plus 791553570381?,1521608640537
What is 143672871690329 plus 297802988754284?,441475860444613
What is 718391183 plus 455286469?,1173677652
What is 7556211 plus 2053605?,9609816
What is 49524647520 plus 44428636893?,93953284413
What is 270934795 plus 844455003?,1115389798
What is 31697670761 plus 70440630689?,102138301450
What is 371620760 plus 243194581?,614815341
What is 9734339284 plus 9192974710?,18927313994
What is 325 plus 497?,822
What is 492637268679 plus 711659127544?,1204296396223
What is 658300935230332 plus 149051983211858?,807352918442190
What is 3202884488287 plus 3080939574736?,6283824063023
What is 3862767703 plus 5980727566?,9843495269
What is 21394104 plus 29409732?,50803836
What is 9291835990497 plus 4350991916835?,13642827907332
What is 91419286495509 plus 11236835226589?,102656121722098
What is 447589 plus 799626?,1247215
What is 6442 plus 3443?,9885
What is 574370002675561 plus 349877269014342?,924247271689903
What is 667 plus 250?,917
What is 25803510565 plus 11807599176?,37611109741
What is 525181229373548 plus 113905958565934?,639087187939482
What is 855210902896 plus 497871020046?,1353081922942
What is 232249538450 plus 246901429071?,479150967521
What is 1017277111591 plus 5730631745765?,6747908857356
What is 34250449012087 plus 65009293080593?,99259742092680
What is 81248522734888 plus 67451316108370?,148699838843258
What is 405900384545782 plus 136560033409306?,542460417955088
What is 5013650 plus 9661840?,14675490
What is 6414721155625 plus 8444698370245?,14859419525870
What is 1211576 plus 9040785?,10252361
What is 1951513829596 plus 9240429987005?,11191943816601
What is 8253260 plus 9988989?,18242249
What is 24 plus 93?,117
What is 6167250684 plus 4554264149?,10721514833
What is 4869620 plus 6306725?,11176345
What is 6851 plus 9441?,16292
What is 75588851 plus 35640615?,111229466
What is 16771025958888 plus 80098112751402?,96869138710290
What is 805 plus 760?,1565
What is 8622 plus 6382?,15004
What is 53934808 plus 52912691?,106847499
What is 1342727086448 plus 2124555640975?,3467282727423
What is 9662100802288 plus 7113859700310?,16775960502598
What is 266 plus 323?,589
What is 43 plus 48?,91
What is 20935670 plus 89276338?,110212008
What is 27545490750329 plus 36611388145786?,64156878896115
What is 9747174 plus 9046924?,18794098
What is 2125895990 plus 6095543211?,8221439201
What is 7278092 plus 2979156?,10257248
What is 723388 plus 829490?,1552878
What is 19525016116 plus 66772322203?,86297338319
What is 18 plus 10?,28
What is 19931061874726 plus 88258292810507?,108189354685233
What is 6686924065 plus 8900019331?,15586943396
What is 17312378977 plus 77636723561?,94949102538
What is 46896743 plus 66210878?,113107621
What is 84533967 plus 65329101?,149863068
What is 73493896692 plus 97843480870?,171337377562
What is 4842 plus 2131?,6973
What is 990 plus 897?,1887
What is 479827165 plus 774100396?,1253927561
What is 9783799396011 plus 5710651991792?,15494451387803
What is 1050 plus 5746?,6796
What is 589 plus 699?,1288
What is 67214785099 plus 31556876785?,98771661884
What is 153014059862 plus 334305729270?,487319789132
What is 737897 plus 541342?,1279239
What is 21 plus 89?,110
What is 44080472 plus 12168325?,56248797
What is 3676738777 plus 6947104780?,10623843557
What is 39464454808120 plus 70281930736707?,109746385544827
What is 8972161 plus 3414491?,12386652
What is 40845696821386 plus 28338534702860?,69184231524246
What is 286126 plus 982524?,1268650
What is 7393 plus 2000?,9393
What is 31456445212876 plus 53709069650582?,85165514863458
What is 3634674872283 plus 1326026221906?,4960701094189
What is 259 plus 884?,1143
What is 76136 plus 12091?,88227
What is 5339 plus 8469?,13808
What is 944098470649 plus 115975688030?,1060074158679
What is 7334787689888 plus 1718253676192?,9053041366080
What is 711032976171 plus 206227455923?,917260432094
What is 97712015 plus 22010869?,119722884
What is 9050306307770 plus 7581906148243?,16632212456013
What is 61727024368 plus 22688580426?,84415604794
What is 7430480 plus 2449400?,9879880
What is 153793821 plus 182867010?,336660831
What is 69 plus 56?,125
What is 146009377 plus 727693022?,873702399
What is 5210231010 plus 3286062024?,8496293034
What is 36 plus 68?,104
What is 4374115955978 plus 8193086556224?,12567202512202
What is 27920524 plus 46100569?,74021093
What is 67963380 plus 96329612?,164292992
What is 750977368 plus 414777593?,1165754961
What is 15545301771421 plus 64414570676622?,79959872448043
What is 79906908 plus 44976408?,124883316
What is 8275084087073 plus 2101913450585?,10376997537658
What is 204895136522 plus 943229997836?,1148125134358
What is 39696628101510 plus 72201226599124?,111897854700634
What is 1679883264 plus 1930656557?,3610539821
What is 260 plus 966?,1226
What is 9272822793 plus 4951965111?,14224787904
What is 73 plus 59?,132
What is 527735850 plus 395402602?,923138452
What is 544153866279937 plus 133315444232395?,677469310512332
What is 83942793814 plus 19036338258?,102979132072
What is 743640646086362 plus 588288245697757?,1331928891784119
What is 690254714062 plus 810086128791?,1500340842853
What is 30784469453 plus 18777022908?,49561492361
What is 974687057267 plus 595180940414?,1569867997681
What is 29103537236 plus 98229323123?,127332860359
What is 50081014208 plus 98550288565?,148631302773
What is 81253311603744 plus 18068546664245?,99321858267989
What is 127436434097895 plus 136801186703482?,264237620801377
What is 41542251048 plus 51894015461?,93436266509
What is 184300166 plus 744769630?,929069796
What is 30008743352147 plus 26037907900441?,56046651252588
What is 968059 plus 953537?,1921596
What is 38458 plus 45228?,83686
What is 29370339 plus 18167973?,47538312
What is 840344226621345 plus 729042418592937?,1569386645214282
What is 50366627 plus 17761263?,68127890
What is 83 plus 61?,144
What is 694153542 plus 784971681?,1479125223
What is 35434400866094 plus 15306490708767?,50740891574861
What is 49680930100522 plus 62510315735357?,112191245835879
What is 751655 plus 436741?,1188396
What is 6004519206 plus 6298738194?,12303257400
What is 62 plus 13?,75
What is 13005558 plus 83367423?,96372981
What is 561386568309479 plus 715337679173347?,1276724247482826
What is 43163827 plus 89144191?,132308018
What is 4487 plus 6427?,10914
What is 632064 plus 965303?,1597367
What is 7834830 plus 6134275?,13969105
What is 8609967134 plus 5459458165?,14069425299
What is 38194 plus 36673?,74867
What is 78426 plus 13420?,91846
What is 5857080363984 plus 4804079799978?,10661160163962
What is 91905364358802 plus 91445868797002?,183351233155804
What is 18705691423067 plus 58555906345152?,77261597768219
What is 91 plus 49?,140
What is 1398 plus 1660?,3058
What is 958589983974020 plus 390299793820677?,1348889777794697
What is 52462154311472 plus 10849247589008?,63311401900480
What is 9819411180826 plus 7031901453761?,16851312634587
What is 554533478 plus 808962731?,1363496209
What is 29105147031 plus 47437392471?,76542539502
What is 242013 plus 858743?,1100756
What is 37186481 plus 42075749?,79262230
What is 85632164 plus 47269191?,132901355
What is 74215324100 plus 78975564978?,153190889078
What is 83 plus 64?,147
What is 26444882696 plus 81893628860?,108338511556
What is 2097 plus 1240?,3337
What is 32997414 plus 37267680?,70265094
What is 9670530906517 plus 3713265160798?,13383796067315
What is 626888163 plus 110917499?,737805662
What is 321903 plus 320150?,642053
What is 973901724519 plus 289129150736?,1263030875255
What is 6646 plus 5039?,11685
What is 47 plus 77?,124
What is 66690233029 plus 72681439986?,139371673015
What is 27919401128 plus 96137993660?,124057394788
What is 603037037086327 plus 266439242677786?,869476279764113
What is 7784863879 plus 5465198593?,13250062472
What is 91419 plus 74416?,165835
What is 4521631 plus 7232056?,11753687
What is 695063105 plus 974938554?,1670001659
What is 7106202348 plus 2041896021?,9148098369
What is 128870 plus 901970?,1030840
What is 8524787607 plus 9733792830?,18258580437
What is 76783 plus 33203?,109986
What is 181151 plus 673852?,855003
What is 207709415951 plus 124161214312?,331870630263
What is 854373050496176 plus 141760844361515?,996133894857691
What is 68887292026595 plus 69534841550426?,138422133577021
What is 790703785509 plus 206198003468?,996901788977
What is 2329144 plus 3492991?,5822135
What is 98392231 plus 32807783?,131200014
What is 89 plus 82?,171
What is 18334 plus 47697?,66031
What is 556703926469891 plus 440435946963915?,997139873433806
What is 4291070928066 plus 5623116229518?,9914187157584
What is 691024814281 plus 296440213338?,987465027619
What is 618401494 plus 690439209?,1308840703
What is 1521509410 plus 7356495167?,8878004577
What is 952690 plus 165349?,1118039
What is 14372523698031 plus 55924723620786?,70297247318817
What is 730996267010713 plus 648199774221195?,1379196041231908
What is 366772379868996 plus 307969875395187?,674742255264183
What is 35 plus 89?,124
What is 29249558 plus 33323374?,62572932
What is 544 plus 829?,1373
What is 847555301491251 plus 593052010022957?,1440607311514208
What is 37454995275029 plus 19319165509707?,56774160784736
What is 8743184 plus 5689402?,14432586
What is 46550264 plus 76418748?,122969012
What is 100 plus 332?,432
What is 541133997395 plus 796177731741?,1337311729136
What is 990727447164 plus 844257151792?,1834984598956
What is 10503520420 plus 27660124447?,38163644867
What is 622275 plus 607715?,1229990
What is 278895699 plus 936856150?,1215751849
What is 88386 plus 70266?,158652
What is 7774670800 plus 4801118828?,12575789628
What is 76 plus 96?,172
What is 84139961 plus 19074467?,103214428
What is 93 plus 32?,125
What is 1038496025 plus 5986355611?,7024851636
What is 224 plus 255?,479
What is 305 plus 250?,555
What is 8331 plus 3780?,12111
What is 22041092673 plus 55742630046?,77783722719
What is 72519219692546 plus 19527929945009?,92047149637555
What is 767962761414 plus 201647858521?,969610619935
What is 97 plus 31?,128
What is 8008487 plus 1600688?,9609175
What is 888606 plus 240175?,1128781
What is 36680 plus 90324?,127004
What is 294819925933325 plus 478979501318692?,773799427252017
What is 82075551645038 plus 64722356567681?,146797908212719
What is 131988267126341 plus 471265655221307?,603253922347648
What is 51501722 plus 38365060?,89866782
What is 72 plus 79?,151
What is 20392 plus 45600?,65992
What is 58 plus 57?,115
What is 235934288805 plus 247059640787?,482993929592
What is 1117335356 plus 2114532136?,3231867492
What is 247735313618 plus 902699719049?,1150435032667
What is 664008345745764 plus 478855686006667?,1142864031752431
What is 57732626240807 plus 43225381242428?,100958007483235
What is 99778 plus 39503?,139281
What is 89 plus 78?,167
What is 68179824 plus 14756909?,82936733
What is 8841 plus 9589?,18430
What is 107657892 plus 468887786?,576545678
What is 83976910308284 plus 94826250111104?,178803160419388
What is 86601 plus 51322?,137923
What is 850676 plus 799242?,1649918
What is 61213701470 plus 96289348123?,157503049593
What is 41480 plus 80641?,122121
What is 791355004284763 plus 597838985492910?,1389193989777673
What is 638363897 plus 821357020?,1459720917
What is 9168168 plus 7060826?,16228994
What is 730 plus 975?,1705
What is 642533095 plus 689240620?,1331773715
What is 60641534021 plus 10573659930?,71215193951
What is 12339803 plus 98563283?,110903086
What is 6478 plus 2588?,9066
What is 39844551 plus 43647076?,83491627
What is 2084 plus 5744?,7828
What is 789534 plus 985988?,1775522
What is 76759856487934 plus 34415330719186?,111175187207120
What is 84055706044024 plus 75582969119721?,159638675163745
What is 910466644332375 plus 611386773340296?,1521853417672671
What is 1068585049 plus 1811440681?,2880025730
What is 661202047 plus 787817542?,1449019589
What is 573491080602 plus 351457999985?,924949080587
What is 998482 plus 383110?,1381592
What is 66250452260 plus 73661760675?,139912212935
What is 2019171024262 plus 4342172190755?,6361343215017
What is 165514997 plus 265970320?,431485317
What is 45249053789 plus 63412854054?,108661907843
What is 171247 plus 648598?,819845
What is 115801 plus 699222?,815023
What is 8021 plus 5079?,13100
What is 253602724522 plus 318401768149?,572004492671
What is 2032323829494 plus 9083090982823?,11115414812317
What is 448395530239 plus 325074786788?,773470317027
What is 3116978511 plus 2404586769?,5521565280
What is 8407054621664 plus 9356980816804?,17764035438468
What is 70147 plus 52810?,122957
What is 52579110375 plus 31525091701?,84104202076
What is 985973 plus 159611?,1145584
What is 39094744 plus 70115175?,109209919
What is 374029758534 plus 906164461955?,1280194220489
What is 99824322 plus 43677423?,143501745
What is 5623607299583 plus 6966947501913?,12590554801496
What is 5438 plus 1325?,6763
What is 782174 plus 514225?,1296399
What is 5791 plus 2056?,7847
What is 9908096720 plus 3651794268?,13559890988
What is 434810825841 plus 978139934402?,1412950760243
What is 48408992094 plus 95508457052?,143917449146
What is 1176 plus 6437?,7613
What is 720467978024900 plus 130934041727142?,851402019752042
What is 151688274 plus 511725072?,663413346
What is 406762 plus 521640?,928402
What is 352861366805 plus 200314367588?,553175734393
What is 467703021301 plus 578356200634?,1046059221935
What is 393701 plus 853044?,1246745
What is 556110 plus 531521?,1087631
What is 393135045 plus 666089660?,1059224705
What is 47874971 plus 15937495?,63812466
What is 107177570381519 plus 831693792538832?,938871362920351
What is 45674 plus 18754?,64428
What is 41547896644 plus 86751928639?,128299825283
What is 366 plus 587?,953
What is 50199538443 plus 54328168599?,104527707042
What is 43382424 plus 25913005?,69295429
What is 4564 plus 8361?,12925
What is 817681739461191 plus 422108574724189?,1239790314185380
What is 9253845721 plus 2691819174?,11945664895
What is 66424 plus 26949?,93373
What is 7936266429588 plus 2838387842365?,10774654271953
What is 6726048644 plus 5727539344?,12453587988
What is 109532519 plus 482947908?,592480427
What is 673091636665 plus 624976276891?,1298067913556
What is 99577511169818 plus 70493775861035?,170071287030853
What is 220579612002 plus 292202861856?,512782473858
What is 1238319164292 plus 3632901923717?,4871221088009
What is 506003556 plus 308772769?,814776325
What is 815958 plus 839329?,1655287
What is 44610110076388 plus 49546670807308?,94156780883696
What is 876244897482 plus 351294130780?,1227539028262
What is 3021290089 plus 2079293628?,5100583717
What is 73072 plus 97301?,170373
What is 16420477 plus 81210050?,97630527
What is 5026203105 plus 5966768784?,10992971889
What is 3635680363 plus 8120640768?,11756321131
What is 430496982946239 plus 417088060561231?,847585043507470
What is 437713456 plus 412715214?,850428670
What is 80047644789 plus 67054196382?,147101841171
What is 215245570204 plus 472342007996?,687587578200
What is 220 plus 258?,478
What is 7675387767477 plus 5549528881036?,13224916648513
What is 4212 plus 8740?,12952
What is 575249711935 plus 431377299723?,1006627011658
What is 711152179743847 plus 653900502832143?,1365052682575990
What is 91747634 plus 87745134?,179492768
What is 71 plus 11?,82
What is 1192 plus 7322?,8514
What is 7207544570180 plus 6650059136654?,13857603706834
What is 85441994220 plus 48782788616?,134224782836
What is 35502 plus 35813?,71315
What is 34920409331 plus 19089947200?,54010356531
What is 9064 plus 9527?,18591
What is 264323352 plus 185183063?,449506415
What is 28453618534535 plus 59069107869194?,87522726403729
What is 764176 plus 936192?,1700368
What is 8182 plus 6436?,14618
What is 18633435243 plus 77065255120?,95698690363
What is 74 plus 72?,146
What is 280562334198789 plus 542180644503671?,822742978702460
What is 688789976798211 plus 407118085325678?,1095908062123889
What is 7259921993620 plus 8125592109175?,15385514102795
What is 7515 plus 1099?,8614
What is 177036 plus 871393?,1048429
What is 341307319 plus 513590948?,854898267
What is 2162364 plus 1398154?,3560518
What is 226925980 plus 878127442?,1105053422
What is 40319 plus 14766?,55085
What is 353282 plus 949430?,1302712
What is 4631915484242 plus 3414603629993?,8046519114235
What is 78146707757128 plus 24988010627837?,103134718384965
What is 764944 plus 987525?,1752469
What is 338176066 plus 469397037?,807573103
What is 5862440952089 plus 5493397474728?,11355838426817
What is 37628746353 plus 78958907360?,116587653713
What is 429063 plus 669929?,1098992
What is 63637937 plus 92470868?,156108805
What is 965937028981816 plus 760281188673467?,1726218217655283
What is 50176637185 plus 82644918380?,132821555565
What is 1426381608 plus 4372507316?,5798888924
What is 403401 plus 809468?,1212869
What is 66574230465 plus 36676777687?,103251008152
What is 1351256686 plus 7229632263?,8580888949
What is 392640 plus 212975?,605615
What is 30 plus 66?,96
What is 1433 plus 7815?,9248
What is 18601564695 plus 81924542974?,100526107669
What is 788524 plus 353916?,1142440
What is 69244790 plus 75630934?,144875724
What is 167626 plus 471060?,638686
What is 683591669294852 plus 668716094347123?,1352307763641975
What is 2786 plus 4868?,7654
What is 124425292 plus 729857014?,854282306
What is 1946563211 plus 5963951785?,7910514996
What is 7645 plus 9937?,17582
What is 166064960414542 plus 283527841735830?,449592802150372
What is 67 plus 84?,151
What is 468853 plus 411307?,880160
What is 698850008734 plus 943657366310?,1642507375044
What is 55 plus 18?,73
What is 760858 plus 830861?,1591719
What is 14 plus 75?,89
What is 7595957 plus 7366520?,14962477
What is 11071905 plus 14849817?,25921722
What is 5865177165626 plus 6541949300472?,12407126466098
What is 2278674 plus 2493963?,4772637
What is 96121 plus 29697?,125818
What is 89 plus 74?,163
What is 73566796214416 plus 57379389276873?,130946185491289
What is 841493030333 plus 876523817486?,1718016847819
What is 981283570875 plus 129395448279?,1110679019154
What is 27772878573835 plus 58644208346506?,86417086920341
What is 48923984 plus 32072835?,80996819
What is 656138546391954 plus 717528904666389?,1373667451058343
What is 50041861272 plus 55990278992?,106032140264
What is 70052860 plus 27901880?,97954740
What is 673 plus 200?,873
What is 515078957 plus 819963295?,1335042252
What is 52704 plus 90585?,143289
What is 33 plus 94?,127
What is 279 plus 318?,597
What is 85827525 plus 38774326?,124601851
What is 84589610 plus 78986943?,163576553
What is 331 plus 846?,1177
What is 5411070 plus 7225960?,12637030
What is 305668819 plus 652387112?,958055931
What is 16748344272072 plus 69866011785569?,86614356057641
What is 182714515 plus 549498892?,732213407
What is 353237184085647 plus 510169452309374?,863406636395021
What is 1408660194646 plus 4887979611372?,6296639806018
What is 34932996 plus 87298836?,122231832
What is 4596 plus 4063?,8659
What is 127186 plus 873432?,1000618
What is 34191808681161 plus 91350846275305?,125542654956466
What is 4265233343951 plus 2834226803944?,7099460147895
What is 82872 plus 34208?,117080
What is 8981 plus 7026?,16007
What is 72548197500 plus 97371058371?,169919255871
What is 489 plus 643?,1132
What is 47 plus 58?,105
What is 93952729968021 plus 44170291648460?,138123021616481
What is 730 plus 608?,1338
What is 2596 plus 8257?,10853
What is 228883652 plus 532759472?,761643124
What is 1957 plus 4373?,6330
What is 521969448 plus 619062800?,1141032248
What is 138460303084117 plus 974763121066633?,1113223424150750
What is 861103741311 plus 285624748339?,1146728489650
What is 603318113973 plus 148716735051?,752034849024
What is 462254166723 plus 241995014675?,704249181398
What is 49631751 plus 26043819?,75675570
What is 17091358994 plus 33916018917?,51007377911
What is 129931380 plus 475858762?,605790142
What is 713965 plus 779555?,1493520
What is 7401843539 plus 1976008308?,9377851847
What is 4691 plus 3980?,8671
What is 479928 plus 959018?,1438946
What is 322795 plus 902242?,1225037
What is 7272930297 plus 4543975593?,11816905890
What is 30379752 plus 14229388?,44609140
What is 590036834329 plus 174877430774?,764914265103
What is 8468120510501 plus 2105782832798?,10573903343299
What is 72109 plus 80169?,152278
What is 637159368348 plus 964208193481?,1601367561829
What is 70456306768 plus 38682653193?,109138959961
What is 59384 plus 12404?,71788
What is 233364859532 plus 221507337770?,454872197302
What is 26 plus 79?,105
What is 68151402 plus 48041269?,116192671
What is 753 plus 375?,1128
What is 56426 plus 61666?,118092
What is 186228729371 plus 519563397231?,705792126602
What is 6080322 plus 6335740?,12416062
What is 572815390 plus 419011894?,991827284
What is 84676124 plus 90786337?,175462461
What is 5621415004995 plus 5885033681145?,11506448686140
What is 37 plus 18?,55
What is 6139093929095 plus 4284935316727?,10424029245822
What is 198156533 plus 418842077?,616998610
What is 836009 plus 892524?,1728533
What is 232 plus 487?,719
What is 811110 plus 777193?,1588303
What is 62088 plus 16845?,78933
What is 866136435657269 plus 719335729060382?,1585472164717651
What is 856336114596214 plus 551696363311118?,1408032477907332
What is 29 plus 19?,48
What is 565570916 plus 763991224?,1329562140
What is 42767689224 plus 37552916433?,80320605657
What is 152 plus 191?,343
What is 8956715284 plus 8085169984?,17041885268
What is 43644774579 plus 29574441582?,73219216161
What is 320371898672604 plus 105722387212345?,426094285884949
What is 1360171 plus 1971969?,3332140
What is 2457156031549 plus 5541662050632?,7998818082181
What is 2086 plus 2043?,4129
What is 96397966272364 plus 56887393383689?,153285359656053
What is 5380458 plus 4200351?,9580809
What is 93099738749002 plus 71891881381593?,164991620130595
What is 99160302 plus 14822157?,113982459
What is 9902913034 plus 4478347191?,14381260225
What is 149546813597 plus 515227169780?,664773983377
What is 8657274711100 plus 2616561208405?,11273835919505
What is 911732830929 plus 575221355344?,1486954186273
What is 271 plus 718?,989
What is 718570321 plus 584812757?,1303383078
What is 8159 plus 6422?,14581
What is 376028274687332 plus 753681747928010?,1129710022615342
What is 50447 plus 44169?,94616
What is 119950 plus 760595?,880545
What is 867060932 plus 155237469?,1022298401
What is 981975520671 plus 491781668906?,1473757189577
What is 44386 plus 69410?,113796
What is 78834355238 plus 82328476641?,161162831879
What is 11034 plus 34567?,45601
What is 597141028424 plus 351169019371?,948310047795
What is 425333 plus 699047?,1124380
What is 68533430357586 plus 39575442533519?,108108872891105
What is 2977324 plus 4211475?,7188799
What is 501966 plus 336597?,838563
What is 27518 plus 26292?,53810
What is 106536741734154 plus 101096631610449?,207633373344603
What is 240952 plus 189238?,430190
What is 689 plus 922?,1611
What is 24360 plus 35830?,60190
What is 2778464801 plus 8634761159?,11413225960
What is 29143548 plus 55082265?,84225813
What is 270 plus 138?,408
What is 49779257 plus 78591560?,128370817
What is 607802266 plus 531790543?,1139592809
What is 26305099226384 plus 50994218826422?,77299318052806
What is 776 plus 517?,1293
What is 961159 plus 640316?,1601475
What is 403141 plus 291205?,694346
What is 75082266 plus 38352459?,113434725
What is 748016568 plus 103628624?,851645192
What is 29680473115053 plus 38708428566362?,68388901681415
What is 29303603643120 plus 53551310285960?,82854913929080
What is 1667 plus 9780?,11447
What is 43937884680404 plus 33926771757576?,77864656437980
What is 279 plus 476?,755
What is 77 plus 65?,142
What is 85 plus 13?,98
What is 3393163224595 plus 9590610478569?,12983773703164
What is 7637273 plus 9860542?,17497815
What is 8994562524 plus 9852294542?,18846857066
What is 82144962580 plus 68185780434?,150330743014
What is 460372 plus 285338?,745710
What is 65 plus 16?,81
What is 1511870 plus 5348154?,6860024
What is 4558103590 plus 9138683370?,13696786960
What is 62161 plus 20534?,82695
What is 24792624 plus 77670825?,102463449
What is 687 plus 715?,1402
What is 7954086505836 plus 2478751769065?,10432838274901
What is 5692 plus 7870?,13562
What is 7003014 plus 8048372?,15051386
What is 441 plus 299?,740
What is 567725205 plus 531012863?,1098738068
What is 481881050298468 plus 396735816227978?,878616866526446
What is 553898242 plus 889529775?,1443428017
What is 1312106710 plus 2569549766?,3881656476
What is 45910657470 plus 84934904441?,130845561911
What is 1517895419399 plus 8834362575950?,10352257995349
What is 107292758536783 plus 586506015768839?,693798774305622
What is 90 plus 55?,145
What is 107547604421 plus 984049990395?,1091597594816
What is 22 plus 10?,32
What is 85037106 plus 82695110?,167732216
What is 4924746 plus 1495890?,6420636
What is 62 plus 98?,160
What is 233272229 plus 454906262?,688178491
What is 25888988 plus 71066780?,96955768
What is 47473386590 plus 64059410959?,111532797549
What is 94821365 plus 97041323?,191862688
What is 5277 plus 1077?,6354
What is 167394 plus 427944?,595338
What is 90491208688 plus 91119158500?,181610367188
What is 7128 plus 8214?,15342
What is 5490236076996 plus 9809566019909?,15299802096905
What is 34991221 plus 98712570?,133703791
What is 24143534353421 plus 15825197841722?,39968732195143
What is 9331883821603 plus 5869667626265?,15201551447868
What is 698357704 plus 295513417?,993871121
What is 42943989604 plus 54102861759?,97046851363
What is 40933 plus 90325?,131258
What is 9141168 plus 9738768?,18879936
What is 9584086307817 plus 8699556246915?,18283642554732
What is 14423 plus 32549?,46972
What is 85944 plus 10935?,96879
What is 10 plus 99?,109
What is 719576839201 plus 666701134223?,1386277973424
What is 582777649066749 plus 935791710562222?,1518569359628971
What is 71 plus 32?,103
What is 248099553 plus 155877245?,403976798
What is 4844 plus 4920?,9764
What is 857819581 plus 529470610?,1387290191
What is 8129973 plus 7584588?,15714561
What is 124 plus 322?,446
What is 94106268 plus 55039079?,149145347
What is 830174766015 plus 390249400763?,1220424166778
What is 563564198 plus 737907191?,1301471389
What is 43211730 plus 39245779?,82457509
What is 709 plus 154?,863
What is 5599392931 plus 7112405297?,12711798228
What is 7382226999980 plus 6918340029946?,14300567029926
What is 2900732 plus 5211185?,8111917
What is 50591753473 plus 99319534931?,149911288404
What is 9216280549 plus 3232581667?,12448862216
What is 3526977863925 plus 2307542042330?,5834519906255
What is 8257040115596 plus 7861765233758?,16118805349354
What is 9171 plus 1755?,10926
What is 1530327691255 plus 2556957784884?,4087285476139
What is 185617413 plus 606165595?,791783008
What is 49477857950 plus 63020203467?,112498061417
What is 28455705462 plus 25391505207?,53847210669
What is 48798 plus 28103?,76901
What is 7959 plus 4321?,12280
What is 4399323520267 plus 7565624488727?,11964948008994
What is 21537097280654 plus 73974412754878?,95511510035532
What is 22462035656641 plus 40704787080996?,63166822737637
What is 586286 plus 221559?,807845
What is 380519641 plus 613847616?,994367257
What is 12489902 plus 73430289?,85920191
What is 16022834 plus 52552086?,68574920
What is 36078690 plus 49243138?,85321828
What is 13503084868 plus 35871612090?,49374696958
What is 93 plus 40?,133
What is 26884421470142 plus 78536986942723?,105421408412865
What is 41287542 plus 72254847?,113542389
What is 59213839010355 plus 17892600183772?,77106439194127
What is 930960692839 plus 387695151819?,1318655844658
What is 949412 plus 620768?,1570180
What is 17007 plus 42790?,59797
What is 93 plus 36?,129
What is 788 plus 244?,1032
What is 280937542723836 plus 596752271781658?,877689814505494
What is 514787 plus 401073?,915860
What is 45 plus 91?,136
What is 1277043138308 plus 7180862305109?,8457905443417
What is 63715 plus 87621?,151336
What is 514771429862 plus 588410606848?,1103182036710
What is 21320073 plus 86953610?,108273683
What is 6299 plus 1116?,7415
What is 818433539065137 plus 721453922266451?,1539887461331588
What is 17 plus 92?,109
What is 640982287240 plus 328132767153?,969115054393
What is 91584318 plus 28110928?,119695246
What is 9912504 plus 5434957?,15347461
What is 623824878095 plus 998735403970?,1622560282065
What is 69 plus 94?,163
What is 1867992813861 plus 1994033839314?,3862026653175
What is 99345998 plus 42028592?,141374590
What is 7036287389 plus 1951322308?,8987609697
What is 628161549 plus 660160351?,1288321900
What is 12603 plus 27733?,40336
What is 5470664 plus 7722127?,13192791
What is 97 plus 42?,139
What is 130168496168 plus 643242144689?,773410640857
What is 390326322573734 plus 629057612646988?,1019383935220722
What is 14016458 plus 85012850?,99029308
What is 6717 plus 9837?,16554
What is 7012643684 plus 4602952964?,11615596648
What is 9342511756042 plus 7407198616341?,16749710372383
What is 6667698 plus 7539150?,14206848
What is 753146830864 plus 797156859348?,1550303690212
What is 12993135 plus 82168430?,95161565
What is 599363 plus 315626?,914989
What is 164964062438144 plus 555447603027754?,720411665465898
What is 71 plus 62?,133
What is 5976483 plus 6108310?,12084793
What is 900101667251 plus 448390217052?,1348491884303
What is 712 plus 177?,889
What is 8224081595168 plus 8905337003342?,17129418598510
What is 565655809 plus 720758249?,1286414058
What is 7368 plus 1173?,8541
What is 329 plus 257?,586
What is 8463331123488 plus 3591701371142?,12055032494630
What is 287402449514 plus 988605003202?,1276007452716
What is 163 plus 753?,916
What is 264203 plus 453017?,717220
What is 103 plus 449?,552
What is 2694277463 plus 9152245393?,11846522856
What is 653704242846089 plus 177753897366964?,831458140213053
What is 47431672218 plus 34680889529?,82112561747
What is 9335569020 plus 5535382423?,14870951443
What is 688237834 plus 408849616?,1097087450
What is 105327541014207 plus 559588569322653?,664916110336860
What is 4205262 plus 7575512?,11780774
What is 3940 plus 2216?,6156
What is 23380538283996 plus 89751756752065?,113132295036061
What is 36 plus 19?,55
What is 9021254095 plus 4908503478?,13929757573
What is 276672661272 plus 102121312900?,378793974172
What is 855316533 plus 881844717?,1737161250
What is 299254474 plus 774854708?,1074109182
What is 261191783077770 plus 607642238956744?,868834022034514
What is 8168684273503 plus 6841462869426?,15010147142929
What is 75018876 plus 95952088?,170970964
What is 8883036 plus 1908672?,10791708
What is 450308331164 plus 131222855752?,581531186916
What is 162283 plus 628793?,791076
What is 547528748738044 plus 165362875614628?,712891624352672
What is 101449818805 plus 486727820580?,588177639385
What is 2391090208 plus 1334561085?,3725651293
What is 65655050152 plus 73519747266?,139174797418
What is 631997167190 plus 505966113515?,1137963280705
What is 3263 plus 3481?,6744
What is 20596760 plus 94389157?,114985917
What is 182652936 plus 766505632?,949158568
What is 55726243 plus 84311338?,140037581
What is 8227 plus 5867?,14094
What is 149555047 plus 587292829?,736847876
What is 59953745544694 plus 79452991030694?,139406736575388
What is 2089 plus 5917?,8006
What is 9870483776 plus 4175237347?,14045721123
What is 589 plus 596?,1185
What is 174684797556317 plus 286248031238917?,460932828795234
What is 29804626787 plus 58341625806?,88146252593
What is 9549 plus 1971?,11520
What is 4536664 plus 4663852?,9200516
What is 33753277321 plus 79539905114?,113293182435
What is 644455090257 plus 808144082693?,1452599172950
What is 584181 plus 803914?,1388095
What is 3278866129 plus 5720658774?,8999524903
What is 4164 plus 6986?,11150
What is 95458563733 plus 84658144786?,180116708519
What is 869598222474082 plus 966213639583162?,1835811862057244
What is 6251 plus 6141?,12392
What is 4519 plus 9865?,14384
What is 602223917 plus 836652586?,1438876503
What is 40 plus 31?,71
What is 893019393535662 plus 203228507416220?,1096247900951882
What is 7279482 plus 8903230?,16182712
What is 4677556982 plus 7110596446?,11788153428
What is 5540 plus 8535?,14075
What is 94513087803032 plus 33542777812285?,128055865615317
What is 23 plus 69?,92
What is 4196519358672 plus 6520866017747?,10717385376419
What is 824561873761623 plus 797851804432694?,1622413678194317
What is 856 plus 859?,1715
What is 38289598 plus 25786101?,64075699
What is 779503 plus 499284?,1278787
What is 98690 plus 85331?,184021
What is 15 plus 87?,102
What is 28 plus 52?,80
What is 57236 plus 77652?,134888
What is 806184302282 plus 658381371283?,1464565673565
What is 53 plus 52?,105
What is 942894638 plus 230298831?,1173193469
What is 771684 plus 576298?,1347982
What is 7466433352 plus 7183216926?,14649650278
What is 3733198766 plus 5646857626?,9380056392
What is 157220374101 plus 751861572241?,909081946342
What is 8627293066 plus 1950064436?,10577357502
What is 802102 plus 421688?,1223790
What is 498624317212551 plus 252678879274028?,751303196486579
What is 10 plus 13?,23
What is 645 plus 169?,814
What is 91602097806 plus 86125762198?,177727860004
What is 609173729 plus 610456609?,1219630338
What is 7412469 plus 3794468?,11206937
What is 99845753425 plus 50953231427?,150798984852
What is 2463897033 plus 9887695049?,12351592082
What is 74400 plus 47317?,121717
What is 297 plus 683?,980
What is 24361893972661 plus 48369456130433?,72731350103094
What is 714807513882903 plus 123575735684887?,838383249567790
What is 92553103784992 plus 66006328118687?,158559431903679
What is 9374229702 plus 4624827322?,13999057024
What is 18267878641142 plus 97080115546063?,115347994187205
What is 34484970 plus 39387572?,73872542
What is 49263491611 plus 62411469288?,111674960899
What is 74568 plus 59315?,133883
What is 6345 plus 1061?,7406
What is 90322111252 plus 22411450800?,112733562052
What is 951388653890580 plus 393160607152030?,1344549261042610
What is 660 plus 574?,1234
What is 16 plus 24?,40
What is 47 plus 81?,128
What is 692998 plus 894782?,1587780
What is 29532 plus 55873?,85405
What is 12368092 plus 40086828?,52454920
What is 805 plus 114?,919
What is 870927683 plus 614714345?,1485642028
What is 566394 plus 538903?,1105297
What is 54614409861 plus 97390112892?,152004522753
What is 88154706 plus 53677139?,141831845
What is 21428476659615 plus 79874097127239?,101302573786854
What is 127501991 plus 782888338?,910390329
What is 625951953 plus 162648334?,788600287
What is 921 plus 208?,1129
What is 801 plus 110?,911
What is 65803 plus 91553?,157356
What is 985723123 plus 811631548?,1797354671
What is 2318 plus 6653?,8971
What is 76126 plus 82553?,158679
What is 931252613388066 plus 362801542133707?,1294054155521773
What is 797929267793482 plus 615347522847604?,1413276790641086
What is 12575340 plus 96660284?,109235624
What is 32 plus 52?,84
What is 741 plus 158?,899
What is 2381 plus 6481?,8862
What is 18 plus 88?,106
What is 33 plus 11?,44
What is 88225130488 plus 55032095623?,143257226111
What is 79090616 plus 81002483?,160093099
What is 9064 plus 1381?,10445
What is 74 plus 92?,166
What is 680229537 plus 281252851?,961482388
What is 37386174445804 plus 92520831449321?,129907005895125
What is 165151933 plus 337137592?,502289525
What is 369590375 plus 529928517?,899518892
What is 7600030 plus 3138711?,10738741
What is 2256020797 plus 4639061329?,6895082126
What is 217515516 plus 546881842?,764397358
What is 251935311 plus 839094686?,1091029997
What is 8025011680139 plus 3108098236594?,11133109916733
What is 237 plus 591?,828
What is 25906172530787 plus 29828073142900?,55734245673687
What is 15975398 plus 21706340?,37681738
What is 20340 plus 74175?,94515
What is 545377275983 plus 751179199769?,1296556475752
What is 13070959824 plus 13352567514?,26423527338
What is 1663 plus 3782?,5445
What is 57381845 plus 48124296?,105506141
What is 65838879530 plus 49355205503?,115194085033
What is 34 plus 33?,67
What is 509608 plus 917819?,1427427
What is 6687544 plus 5795147?,12482691
What is 4606725349540 plus 7073749885857?,11680475235397
What is 92190342 plus 52691976?,144882318
What is 85 plus 77?,162
What is 14591266992 plus 14481432962?,29072699954
What is 7921445789193 plus 2316938169195?,10238383958388
What is 47618549841024 plus 97463474706751?,145082024547775
What is 15595181358 plus 90439516260?,106034697618
What is 6671098154 plus 5398135258?,12069233412
What is 778750 plus 208073?,986823
What is 895712218847779 plus 290118198197448?,1185830417045227
What is 313909303137 plus 835958763023?,1149868066160
What is 8192746713396 plus 1747842675221?,9940589388617
What is 58143387 plus 93482784?,151626171
What is 299628666 plus 268261452?,567890118
What is 9697 plus 1304?,11001
What is 74 plus 18?,92
What is 76260 plus 74500?,150760
What is 41419 plus 74908?,116327
What is 964289047876973 plus 809662489174668?,1773951537051641
What is 864 plus 140?,1004
What is 558261183603 plus 202023906331?,760285089934
What is 71986847757097 plus 31159904896145?,103146752653242
What is 2126 plus 5515?,7641
What is 1801054129 plus 2228836820?,4029890949
What is 3928 plus 2040?,5968
What is 389890239 plus 871523939?,1261414178
What is 364113918392 plus 118935694667?,483049613059
What is 2513647153 plus 9741730205?,12255377358
What is 96 plus 80?,176
What is 941219753 plus 956532662?,1897752415
What is 860120 plus 176717?,1036837
What is 1554270306 plus 4516319723?,6070590029
What is 96336 plus 74484?,170820
What is 31595328323764 plus 38516214747748?,70111543071512
What is 16802433 plus 78888545?,95690978
What is 820943412087781 plus 333981389978670?,1154924802066451
What is 72604419193 plus 88158179851?,160762599044
What is 85960117 plus 21818469?,107778586
What is 4860608894 plus 8219674796?,13080283690
What is 88356081651977 plus 44437702158244?,132793783810221
What is 4651 plus 9555?,14206
What is 3592008623314 plus 3195899886282?,6787908509596
What is 38025524888675 plus 10318699286215?,48344224174890
What is 18328596 plus 89150898?,107479494
What is 295595 plus 811877?,1107472
What is 718324 plus 576879?,1295203
What is 507 plus 266?,773
What is 674471724 plus 987298975?,1661770699
What is 1241716293532 plus 1064430391771?,2306146685303
What is 708969613 plus 745464564?,1454434177
What is 22622 plus 35831?,58453
What is 27872780378 plus 67960988191?,95833768569
What is 6420460543050 plus 6636109063690?,13056569606740
What is 173566 plus 345356?,518922
What is 485078600688900 plus 934181582005938?,1419260182694838
What is 65429684 plus 67125625?,132555309
What is 3266 plus 7220?,10486
What is 244 plus 316?,560
What is 6331786432 plus 5983759802?,12315546234
What is 500659905341260 plus 728926745977207?,1229586651318467
What is 90810 plus 39272?,130082
What is 5271 plus 6828?,12099
What is 709970915351 plus 982296096504?,1692267011855
What is 866464542 plus 615773546?,1482238088
What is 23777144798 plus 54666839865?,78443984663
What is 125987122 plus 645789229?,771776351
What is 95627 plus 23161?,118788
What is 36693660119814 plus 31690260050792?,68383920170606
What is 54829383906 plus 38493163396?,93322547302
What is 49888 plus 50485?,100373
What is 5073 plus 2892?,7965
What is 7040 plus 7556?,14596
What is 7297 plus 9716?,17013
What is 109270 plus 762970?,872240
What is 59360917817784 plus 73836725116144?,133197642933928
What is 792700853214 plus 796431352033?,1589132205247
What is 13149295029456 plus 58779847592525?,71929142621981
What is 68840732855966 plus 40388676628353?,109229409484319
What is 458648295 plus 945182123?,1403830418
What is 908 plus 122?,1030
What is 3364372758142 plus 5853912160009?,9218284918151
What is 654227 plus 140961?,795188
What is 803 plus 300?,1103
What is 168933627061123 plus 423036865192826?,591970492253949
What is 475962366432145 plus 168190557211970?,644152923644115
What is 6823255652 plus 7905455757?,14728711409
What is 1320196529931 plus 7639957155694?,8960153685625
What is 837465 plus 253126?,1090591
What is 101603816531 plus 834015292736?,935619109267
What is 872830468164318 plus 930270234018041?,1803100702182359
What is 89 plus 36?,125
What is 2273446495 plus 8925034041?,11198480536
What is 12127197644 plus 75860786992?,87987984636
What is 670123415985 plus 179410061884?,849533477869
What is 95 plus 20?,115
What is 3019990 plus 4123487?,7143477
What is 565 plus 395?,960
What is 7260 plus 9113?,16373
What is 78054139 plus 36513563?,114567702
What is 604453587 plus 810014248?,1414467835
What is 507 plus 140?,647
What is 2274987 plus 5616948?,7891935
What is 81435842 plus 39887749?,121323591
What is 6681649173417 plus 3979805872891?,10661455046308
What is 319351455593 plus 340376664231?,659728119824
What is 21002228095403 plus 30222316025083?,51224544120486
What is 739473096356 plus 570279953646?,1309753050002
What is 5807829030279 plus 8356816812794?,14164645843073
What is 75542395315 plus 48002991337?,123545386652
What is 593467832 plus 373114091?,966581923
What is 82425795897041 plus 90339562068986?,172765357966027
What is 8367763067312 plus 7544532847528?,15912295914840
What is 71 plus 62?,133
What is 52849798085 plus 69954908394?,122804706479
What is 430139 plus 657029?,1087168
What is 438606242238369 plus 346851246639954?,785457488878323
What is 445356880 plus 126872822?,572229702
What is 603744447594 plus 696721166387?,1300465613981
What is 870279229 plus 209319972?,1079599201
What is 1682076 plus 8371697?,10053773
What is 659 plus 329?,988
What is 64289703183382 plus 78927257039089?,143216960222471
What is 4822462 plus 5828605?,10651067
What is 27847 plus 50724?,78571
What is 25 plus 59?,84
What is 20657630 plus 85098087?,105755717
What is 36832811279 plus 35312819345?,72145630624
What is 894 plus 113?,1007
What is 1893 plus 9492?,11385
What is 74 plus 34?,108
What is 6400 plus 4035?,10435
What is 523150915 plus 967531645?,1490682560
What is 347501406868 plus 600951862920?,948453269788
What is 7499642 plus 8985855?,16485497
What is 85745544082 plus 31779183926?,117524728008
What is 668456255910255 plus 212922469725442?,881378725635697
What is 61000357493697 plus 99473700162260?,160474057655957
What is 2321702 plus 2720612?,5042314
What is 8848757147442 plus 8150840478999?,16999597626441
What is 53590792285465 plus 63186429130885?,116777221416350
What is 598631 plus 281290?,879921
What is 97583381 plus 95988675?,193572056
What is 31023703 plus 86714561?,117738264
What is 28875711124 plus 52451527177?,81327238301
What is 63260219751678 plus 69128288199806?,132388507951484
What is 853618639406 plus 415320431458?,1268939070864
What is 7391356062680 plus 7507925242356?,14899281305036
What is 495415 plus 201420?,696835
What is 4168527516 plus 9589993547?,13758521063
What is 7324382 plus 1413847?,8738229
What is 40022557 plus 62598209?,102620766
What is 7531500 plus 6621587?,14153087
What is 489103400249122 plus 289877840260233?,778981240509355
What is 75199 plus 33765?,108964
What is 197920702 plus 582778337?,780699039
What is 17 plus 81?,98
What is 72633 plus 61172?,133805
What is 774543 plus 783110?,1557653
What is 39835929909983 plus 20637033842361?,60472963752344
What is 48 plus 37?,85
What is 2086580592 plus 1157348236?,3243928828
What is 48634955759803 plus 65884963390542?,114519919150345
What is 8478856366 plus 1068922266?,9547778632
What is 136927104 plus 309837308?,446764412
What is 696736541270950 plus 320429109665341?,1017165650936291
What is 51 plus 92?,143
What is 3665 plus 4924?,8589
What is 126125785335 plus 699967432085?,826093217420
What is 6599 plus 2395?,8994
What is 8801 plus 3587?,12388
What is 9625121304 plus 2665569276?,12290690580
What is 682511 plus 688779?,1371290
What is 94 plus 85?,179
What is 915726828 plus 797971050?,1713697878
What is 158 plus 220?,378
What is 789 plus 624?,1413
What is 49032541 plus 67834701?,116867242
What is 23099448499325 plus 91564806995258?,114664255494583
What is 8828 plus 4090?,12918
What is 37896 plus 24934?,62830
What is 63 plus 60?,123
What is 938 plus 470?,1408
What is 2065 plus 4448?,6513
What is 700488 plus 810373?,1510861
What is 64785 plus 93417?,158202
What is 511597346 plus 536315822?,1047913168
What is 1411617998 plus 7250108898?,8661726896
What is 4652 plus 3028?,7680
What is 86868835338 plus 20775037426?,107643872764
What is 58183 plus 45633?,103816
What is 27948884 plus 59426727?,87375611
What is 391049 plus 456374?,847423
What is 33354 plus 34231?,67585
What is 964721413281136 plus 798295835790585?,1763017249071721
What is 37049808885685 plus 50381199015308?,87431007900993
What is 805424075116 plus 149727573710?,955151648826
What is 792311099 plus 223319625?,1015630724
What is 555798091 plus 565042485?,1120840576
What is 462 plus 414?,876
What is 53066062 plus 12751629?,65817691
What is 9810884535 plus 1321440764?,11132325299
What is 6282353451015 plus 9131826608247?,15414180059262
What is 467113927452 plus 319811183745?,786925111197
What is 40 plus 42?,82
What is 924689539 plus 239220630?,1163910169
What is 463130691373919 plus 497925619797185?,961056311171104
What is 151849388 plus 105431476?,257280864
What is 14322544764 plus 77772538103?,92095082867
What is 5664449180573 plus 5079518325577?,10743967506150
What is 72470249325490 plus 75555451028571?,148025700354061
What is 577799593 plus 748254884?,1326054477
What is 515290 plus 473081?,988371
What is 2192 plus 8234?,10426
What is 409323779265983 plus 949211418837497?,1358535198103480
What is 935 plus 277?,1212
What is 28 plus 42?,70
What is 255 plus 485?,740
What is 196178965148435 plus 688835141051171?,885014106199606
What is 830332 plus 373893?,1204225
What is 79182157 plus 53218950?,132401107
What is 74254629384886 plus 61829961818404?,136084591203290
What is 36 plus 74?,110
What is 693607125919362 plus 840197774591243?,1533804900510605
What is 486403427626546 plus 238075033281519?,724478460908065
What is 6389440 plus 6893038?,13282478
What is 65375245350500 plus 69159626291095?,134534871641595
What is 6081291625358 plus 7123417784709?,13204709410067
What is 639149047176856 plus 361293707987476?,1000442755164332
What is 12235190 plus 77876076?,90111266
What is 35143 plus 54080?,89223
What is 480046811216 plus 382487290855?,862534102071
What is 43250 plus 94493?,137743
What is 347804602145294 plus 975983558741220?,1323788160886514
What is 17526432 plus 56273769?,73800201
What is 69629942 plus 78438017?,148067959
What is 8789479487450 plus 7399161080556?,16188640568006
What is 13199411 plus 87674806?,100874217
What is 70570 plus 41811?,112381
What is 56541424785 plus 81577428821?,138118853606
What is 64429785057331 plus 10222540043874?,74652325101205
What is 902 plus 381?,1283
What is 983150291609 plus 250881689534?,1234031981143
What is 222139 plus 114780?,336919
What is 36 plus 12?,48
What is 22396 plus 56952?,79348
What is 55 plus 79?,134
What is 514036180158 plus 313742406295?,827778586453
What is 34065 plus 33027?,67092
What is 99 plus 16?,115
What is 321728205680 plus 334055242769?,655783448449
What is 747406073911113 plus 782370870486340?,1529776944397453
What is 6406665357461 plus 1687882499867?,8094547857328
What is 20230739500 plus 76441907833?,96672647333
What is 7034333141705 plus 3393367508375?,10427700650080
What is 24291880066364 plus 35591152555277?,59883032621641
What is 79052 plus 60617?,139669
What is 4103163 plus 9401563?,13504726
What is 19177333478 plus 81259020960?,100436354438
What is 8052186429268 plus 2719017537376?,10771203966644
What is 4933 plus 8399?,13332
What is 58026056395 plus 77158155347?,135184211742
What is 3907794060 plus 9405461074?,13313255134
What is 2929114266134 plus 9465761354515?,12394875620649
What is 57562 plus 44759?,102321
What is 410 plus 688?,1098
What is 7730763581401 plus 9722400023175?,17453163604576
What is 4141707 plus 4752317?,8894024
What is 90 plus 60?,150
What is 73 plus 71?,144
What is 5678572783032 plus 2853053901735?,8531626684767
What is 523157503294 plus 857568425291?,1380725928585
What is 75 plus 69?,144
What is 11608946038170 plus 32395652494380?,44004598532550
What is 5754 plus 3728?,9482
What is 251416 plus 969542?,1220958
What is 77699 plus 51291?,128990
What is 2334504789691 plus 2814438327275?,5148943116966
What is 540 plus 315?,855
What is 7303161910961 plus 1259669459296?,8562831370257
What is 11 plus 97?,108
What is 499294671 plus 603042301?,1102336972
What is 3204394511 plus 3609805641?,6814200152
What is 531759048583 plus 141608822843?,673367871426
What is 43923188082 plus 24011604185?,67934792267
What is 57243 plus 14532?,71775
What is 500592640367251 plus 276253293467518?,776845933834769
What is 49591864868 plus 56302169711?,105894034579
What is 433723345086067 plus 830827054337422?,1264550399423489
What is 25112218 plus 16197313?,41309531
What is 87 plus 73?,160
What is 95451629705 plus 53746203121?,149197832826
What is 6286080037937 plus 6004899818735?,12290979856672
What is 284567610771 plus 393376357851?,677943968622
What is 524154263086 plus 802026102809?,1326180365895
What is 393431353 plus 527883479?,921314832
What is 2878 plus 9054?,11932
What is 890 plus 529?,1419
What is 3960531 plus 8039576?,12000107
What is 182150865 plus 105171203?,287322068
What is 7836779 plus 1844288?,9681067
What is 72266511 plus 24948286?,97214797
What is 934100111595 plus 115216276084?,1049316387679
What is 4181255505 plus 9068972902?,13250228407
What is 5182923 plus 2189280?,7372203
What is 56805908797688 plus 82075476939374?,138881385737062
What is 6767240565 plus 4116669575?,10883910140
What is 59916242447113 plus 26855416807571?,86771659254684
What is 9325170380237 plus 1301007957524?,10626178337761
What is 3218849777848 plus 7593079131995?,10811928909843
What is 5958061128149 plus 2697076038462?,8655137166611
What is 22392 plus 12100?,34492
What is 795 plus 243?,1038
What is 363121123289 plus 102875873713?,465996997002
What is 324 plus 758?,1082
What is 29 plus 22?,51
What is 719430446 plus 631604121?,1351034567
What is 323 plus 851?,1174
What is 87636530816328 plus 59284426627224?,146920957443552
What is 89 plus 40?,129
What is 803312793033799 plus 589762632026568?,1393075425060367
What is 303589677 plus 559604134?,863193811
What is 47980 plus 36837?,84817
What is 82978552 plus 69628448?,152607000
What is 50565660 plus 92808605?,143374265
What is 75 plus 50?,125
What is 547 plus 764?,1311
What is 37028232426404 plus 45892826246182?,82921058672586
What is 28 plus 27?,55
What is 171691866688 plus 682220368077?,853912234765
What is 1727373355525 plus 7098408489654?,8825781845179
What is 240132826 plus 158550094?,398682920
What is 2632228845 plus 5484298200?,8116527045
What is 34154515586678 plus 56142301207260?,90296816793938
What is 45 plus 87?,132
What is 934 plus 113?,1047
What is 362759618453493 plus 849051198787314?,1211810817240807
What is 649793975072 plus 191829110365?,841623085437
What is 71678906924704 plus 26137407674476?,97816314599180
What is 711070661776779 plus 976134591783226?,1687205253560005
What is 4211041 plus 9600311?,13811352
What is 1349564 plus 9986009?,11335573
What is 1513568031 plus 5163992359?,6677560390
What is 417454546 plus 723007644?,1140462190
What is 2332251131 plus 1313794016?,3646045147
What is 57 plus 42?,99
What is 4676416004507 plus 6594609428301?,11271025432808
What is 950060890097 plus 130930711818?,1080991601915
What is 7159865761 plus 6630181873?,13790047634
What is 982669167587 plus 359286780043?,1341955947630
What is 285182 plus 478147?,763329
What is 62112 plus 22447?,84559
What is 277668637931 plus 322654530041?,600323167972
What is 49929 plus 39274?,89203
What is 544962753319 plus 730184812367?,1275147565686
What is 70791 plus 12912?,83703
What is 82133408845339 plus 67113012971442?,149246421816781
What is 49984818246792 plus 10554274609540?,60539092856332
What is 2087288 plus 4420878?,6508166
What is 1521984636519 plus 4292172359790?,5814156996309
What is 404502117 plus 366281019?,770783136
What is 219104306886 plus 600391364312?,819495671198
What is 877803 plus 363553?,1241356
What is 800891086038 plus 565227468404?,1366118554442
What is 53 plus 94?,147
What is 1971 plus 8685?,10656
What is 623690518271112 plus 135032297478871?,758722815749983
What is 561833852051308 plus 146247655544766?,708081507596074
What is 926 plus 251?,1177
What is 20087 plus 56925?,77012
What is 787881522940 plus 842101387669?,1629982910609
What is 266960878220 plus 854921951155?,1121882829375
What is 753115959704217 plus 925485687396393?,1678601647100610
What is 462171035165 plus 438275281118?,900446316283
What is 10 plus 16?,26
What is 9380076 plus 7310809?,16690885
What is 226206858944347 plus 515945600182600?,742152459126947
What is 5284259484 plus 9975597252?,15259856736
What is 4286451359 plus 7179139206?,11465590565
What is 247750 plus 688084?,935834
What is 558848 plus 755032?,1313880
What is 668315091782754 plus 314524658267596?,982839750050350
What is 67929527030 plus 45430828117?,113360355147
What is 948536834513 plus 363368275390?,1311905109903
What is 214319569650 plus 558344533320?,772664102970
What is 81084 plus 37291?,118375
What is 63464015 plus 14365428?,77829443
What is 3834220135 plus 4444945643?,8279165778
What is 268847 plus 970372?,1239219
What is 450345483497 plus 217581159973?,667926643470
What is 4375 plus 1120?,5495
What is 497024253555243 plus 706889666890621?,1203913920445864
What is 15275321952 plus 90407758158?,105683080110
What is 61596329012447 plus 68213400668065?,129809729680512
What is 62 plus 35?,97
What is 64445 plus 35982?,100427
What is 6630 plus 3087?,9717
What is 24411817 plus 14144668?,38556485
What is 784 plus 415?,1199
What is 24 plus 56?,80
What is 700931233 plus 791564528?,1492495761
What is 9862768 plus 9936701?,19799469
What is 58330580177406 plus 87500915492847?,145831495670253
What is 3517261283 plus 7361840086?,10879101369
What is 742 plus 309?,1051
What is 935634 plus 948633?,1884267
What is 82555674 plus 25786781?,108342455
What is 9582299613201 plus 8871553315512?,18453852928713
What is 9152 plus 1313?,10465
What is 1401164 plus 4704353?,6105517
What is 1885 plus 2581?,4466
What is 3266 plus 4367?,7633
What is 7399875 plus 4181306?,11581181
What is 32536683 plus 66927611?,99464294
What is 6187361360 plus 9566277867?,15753639227
What is 33928151 plus 77209927?,111138078
What is 70215776613 plus 47993894231?,118209670844
What is 3630336003 plus 1288017132?,4918353135
What is 5807544930362 plus 1419592751630?,7227137681992
What is 89491 plus 59745?,149236
What is 9788947448 plus 2643982685?,12432930133
What is 67156 plus 21573?,88729
What is 9537712 plus 9308590?,18846302
What is 6707822 plus 3014325?,9722147
What is 261 plus 913?,1174
What is 3146828895 plus 9286658856?,12433487751
What is 1447267590 plus 6207417139?,7654684729
What is 746285402 plus 597599219?,1343884621
What is 81312709 plus 30414932?,111727641
What is 5319422 plus 3258357?,8577779
What is 26950139691329 plus 68015799421151?,94965939112480
What is 508383877245 plus 744862298450?,1253246175695
What is 73113 plus 10292?,83405
What is 3943614633 plus 8544498118?,12488112751
What is 44982878635 plus 48529784875?,93512663510
What is 622584984639 plus 967254834666?,1589839819305
What is 2087007 plus 7043220?,9130227
What is 972616538 plus 976569675?,1949186213
What is 1430227159968 plus 8486403336444?,9916630496412
What is 985935 plus 661931?,1647866
What is 70394348 plus 16990202?,87384550
What is 665625 plus 980987?,1646612
What is 5065392565 plus 6934450974?,11999843539
What is 844779622331 plus 948403695459?,1793183317790
What is 5139031759249 plus 9629078088762?,14768109848011
What is 38239362 plus 88112299?,126351661
What is 7667030546000 plus 8673104213037?,16340134759037
What is 920555400984 plus 963556410624?,1884111811608
What is 8721 plus 9085?,17806
What is 32623962439655 plus 95442465341244?,128066427780899
What is 92221809664 plus 95696011639?,187917821303
What is 53302709867849 plus 87179442353431?,140482152221280
What is 631064216246 plus 204056044139?,835120260385
What is 718545528417 plus 691777307297?,1410322835714
What is 2906831 plus 9950185?,12857016
What is 911980572 plus 600501024?,1512481596
What is 84864 plus 61866?,146730
What is 236141133131 plus 384026447049?,620167580180
What is 574 plus 715?,1289
What is 4937624 plus 1079495?,6017119
What is 234 plus 954?,1188
What is 128749850 plus 792897759?,921647609
What is 477410 plus 921023?,1398433
What is 41441438 plus 78755675?,120197113
What is 3426185625 plus 1022420396?,4448606021
What is 700716 plus 486052?,1186768
What is 32873 plus 67980?,100853
What is 58372836647585 plus 27327413239268?,85700249886853
What is 49315035497052 plus 22072649639907?,71387685136959
What is 5059698 plus 3266062?,8325760
What is 185268117409376 plus 305938193568655?,491206310978031
What is 1295 plus 2833?,4128
What is 5453235834 plus 2287564175?,7740800009
What is 295110 plus 177209?,472319
What is 670909353720963 plus 574964484811010?,1245873838531973
What is 526519477 plus 989761438?,1516280915
What is 786163989832578 plus 872688493455385?,1658852483287963
What is 8045410025045 plus 3406991424620?,11452401449665
What is 12350 plus 96724?,109074
What is 46728167366 plus 39505821285?,86233988651
What is 64069087773516 plus 57999701522944?,122068789296460
What is 1682661460484 plus 4035800527211?,5718461987695
What is 2539722344 plus 6672796598?,9212518942
What is 6659104200037 plus 9990705443377?,16649809643414
What is 38991 plus 29882?,68873
What is 99436435531 plus 85237064848?,184673500379
What is 4801928 plus 4552847?,9354775
What is 9723971910419 plus 5956661420745?,15680633331164
What is 227986411162977 plus 556146005243296?,784132416406273
What is 3301 plus 9332?,12633
What is 3429334 plus 3167224?,6596558
What is 62359946758333 plus 58102872478774?,120462819237107
What is 626335962 plus 850529129?,1476865091
What is 394020271612 plus 750442645210?,1144462916822
What is 140039338 plus 980141999?,1120181337
What is 526581675555392 plus 269176922757337?,795758598312729
What is 721476739435547 plus 317353776901005?,1038830516336552
What is 375865599 plus 677908146?,1053773745
What is 4882262 plus 9168565?,14050827
What is 54 plus 49?,103
What is 9058567 plus 5382844?,14441411
What is 530765755899301 plus 888951354607870?,1419717110507171
What is 41492772806668 plus 11446381691857?,52939154498525
What is 147751939 plus 324848396?,472600335
What is 4137181 plus 1202603?,5339784
What is 8776 plus 3933?,12709
What is 543091763996914 plus 244824896941299?,787916660938213
What is 357480 plus 617940?,975420
What is 36221972231 plus 94142729681?,130364701912
What is 29024035801949 plus 48665618496274?,77689654298223
What is 61198856 plus 83730495?,144929351
What is 76625 plus 74665?,151290
What is 867899631500 plus 338843968537?,1206743600037
What is 3971 plus 3641?,7612
What is 9655121482520 plus 5849852404726?,15504973887246
What is 63903 plus 89799?,153702
What is 89009 plus 62381?,151390
What is 9350384727353 plus 9979075211278?,19329459938631
What is 234200987 plus 539750614?,773951601
What is 7795365195819 plus 1175909798888?,8971274994707
What is 18522522690 plus 12741852994?,31264375684
What is 154740820833165 plus 891740803579801?,1046481624412966
What is 65225941665 plus 37948704645?,103174646310
What is 64634408392796 plus 47348687164027?,111983095556823
What is 73 plus 64?,137
What is 182061153006544 plus 229068990190974?,411130143197518
What is 397421996013 plus 258467342867?,655889338880
What is 117423378910 plus 971520926691?,1088944305601
What is 83 plus 85?,168
What is 633762372535658 plus 240995430680658?,874757803216316
What is 3195 plus 4667?,7862
What is 746331346569579 plus 635494892163261?,1381826238732840
What is 1891642745625 plus 6952273465374?,8843916210999
What is 440873945369 plus 220468197062?,661342142431
What is 326415 plus 160798?,487213
What is 4067762913545 plus 8786430220866?,12854193134411
What is 430315879209 plus 803759042323?,1234074921532
What is 2412 plus 6015?,8427
What is 4291697046 plus 5351693762?,9643390808
What is 63 plus 46?,109
What is 49889496871822 plus 31616813366609?,81506310238431
What is 72 plus 50?,122
What is 72771490061940 plus 41703978795331?,114475468857271
What is 8685852 plus 9747450?,18433302
What is 535108022 plus 882686906?,1417794928
What is 3500047978143 plus 1742411301119?,5242459279262
What is 632443 plus 181266?,813709
What is 73188517 plus 95976884?,169165401
What is 613270 plus 419293?,1032563
What is 968960 plus 365846?,1334806
What is 577719151336 plus 542372733080?,1120091884416
What is 384051129323176 plus 264737011059601?,648788140382777
What is 79863057395 plus 44973397124?,124836454519
What is 726658928857830 plus 830288866663684?,1556947795521514
What is 57 plus 49?,106
What is 11 plus 50?,61
What is 184133165 plus 433264854?,617398019
What is 90 plus 75?,165
What is 596168042813039 plus 795959703327560?,1392127746140599
What is 3112525359 plus 9573277363?,12685802722
What is 49 plus 22?,71
What is 431428797 plus 711155272?,1142584069
What is 4289855 plus 7831236?,12121091
What is 405 plus 851?,1256
What is 2607928880474 plus 3865238828925?,6473167709399
What is 234831168882 plus 575595310278?,810426479160
What is 2379926761573 plus 6517524552910?,8897451314483
What is 3011 plus 1157?,4168
What is 844795022331221 plus 945430812930740?,1790225835261961
What is 36345894641857 plus 65615561815210?,101961456457067
What is 12938 plus 52076?,65014
What is 163024664 plus 981659130?,1144683794
What is 38 plus 40?,78
What is 87 plus 46?,133
What is 1005268 plus 3174285?,4179553
What is 786446210 plus 993645973?,1780092183
What is 11251592 plus 81230186?,92481778
What is 49384 plus 44927?,94311
What is 49 plus 92?,141
What is 8936939 plus 3377337?,12314276
What is 383636296959 plus 129268647258?,512904944217
What is 2124034138423 plus 8565211917607?,10689246056030
What is 26419328 plus 92104531?,118523859
What is 696451 plus 312605?,1009056
What is 696713364593895 plus 424906116977746?,1121619481571641
What is 559681354321042 plus 787927654131000?,1347609008452042
What is 2690448465 plus 5957850679?,8648299144
What is 519664971 plus 577025636?,1096690607
What is 422422 plus 242329?,664751
What is 343 plus 276?,619
What is 77178 plus 27025?,104203
What is 56885525 plus 90369567?,147255092
What is 844481433 plus 250985858?,1095467291
What is 4278218871755 plus 1599266931120?,5877485802875
What is 899871981464524 plus 794289476535284?,1694161457999808
What is 2566183 plus 9573360?,12139543
What is 635539390598 plus 295273952570?,930813343168
What is 6512586163615 plus 4011890671462?,10524476835077
What is 163925065790 plus 239370899350?,403295965140
What is 4828775403516 plus 9119723557780?,13948498961296
What is 2031327795 plus 1081182713?,3112510508
What is 1837222116900 plus 1151109951588?,2988332068488
What is 432 plus 616?,1048
What is 832235839 plus 488083188?,1320319027
What is 390710481669698 plus 470792383082847?,861502864752545
What is 33864438830 plus 51749147467?,85613586297
What is 580 plus 244?,824
What is 19753285 plus 59368949?,79122234
What is 7320563341402 plus 4481359078491?,11801922419893
What is 982 plus 930?,1912
What is 98 plus 84?,182
What is 74052395706412 plus 40648005294809?,114700401001221
What is 229156 plus 676660?,905816
What is 1850006 plus 5250225?,7100231
What is 81 plus 41?,122
What is 3236328947 plus 4014552214?,7250881161
What is 45927 plus 42647?,88574
What is 1422613 plus 1973171?,3395784
What is 7674730130 plus 5753256074?,13427986204
What is 22693583717976 plus 41967730820301?,64661314538277
What is 247443846 plus 718024475?,965468321
What is 975981995 plus 462233519?,1438215514
What is 9773895 plus 1641673?,11415568
What is 3037 plus 8772?,11809
What is 8706559654394 plus 8016884440862?,16723444095256
What is 3101415251948 plus 7903982152899?,11005397404847
What is 979135519011 plus 559418635248?,1538554154259
What is 26524 plus 62902?,89426
What is 92550905546496 plus 24124468973032?,116675374519528
What is 862108402190 plus 462519547970?,1324627950160
What is 7638144098 plus 9660247181?,17298391279
What is 179100872 plus 812569101?,991669973
What is 744756026300 plus 277199146533?,1021955172833
What is 469529978 plus 565168927?,1034698905
What is 32792953185138 plus 23565871196450?,56358824381588
What is 52061651 plus 87361255?,139422906
What is 7436523860652 plus 4099749129556?,11536272990208
What is 2283994552033 plus 4677107928801?,6961102480834
What is 37828559 plus 48850695?,86679254
What is 273787455160 plus 777424362269?,1051211817429
What is 840 plus 865?,1705
What is 411904 plus 540279?,952183
What is 495244594880185 plus 365134392387734?,860378987267919
What is 45707217358125 plus 24399227124222?,70106444482347
What is 97124093493 plus 67690414969?,164814508462
What is 500960 plus 780236?,1281196
What is 72295 plus 45435?,117730
What is 22595947477413 plus 96438561222708?,119034508700121
What is 41 plus 74?,115
What is 24186763 plus 48933967?,73120730
What is 2649218115121 plus 5094621825992?,7743839941113
What is 56 plus 57?,113
What is 223016727 plus 886197558?,1109214285
What is 70463297217163 plus 92051998777031?,162515295994194
What is 6510103 plus 1020579?,7530682
What is 272945008 plus 358882539?,631827547
What is 76233145589 plus 29437937634?,105671083223
What is 436085 plus 586096?,1022181
What is 3023152054 plus 9842773419?,12865925473
What is 61966181797 plus 50656093689?,112622275486
What is 48549581815478 plus 46611023259255?,95160605074733
What is 7364730 plus 1299554?,8664284
What is 4698951523 plus 2498848075?,7197799598
What is 767891949092510 plus 751341439156343?,1519233388248853
What is 35407 plus 95423?,130830
What is 2429694460 plus 5529284326?,7958978786
What is 2382438 plus 5238373?,7620811
What is 97962112440385 plus 64521239321252?,162483351761637
What is 92511026 plus 44211463?,136722489
What is 68397084 plus 49012906?,117409990
What is 189108533 plus 472007647?,661116180
What is 38569372 plus 20189937?,58759309
What is 496798802848 plus 275015925072?,771814727920
What is 370648567671383 plus 866079821315531?,1236728388986914
What is 95891189422143 plus 44119206069238?,140010395491381
What is 20850523987851 plus 99741731377525?,120592255365376
What is 39734831207 plus 33341369239?,73076200446
What is 7236396814143 plus 2915950657290?,10152347471433
What is 867009108250430 plus 531251827722012?,1398260935972442
What is 5285441 plus 8720469?,14005910
What is 7282 plus 5323?,12605
What is 61 plus 61?,122
What is 96587618954402 plus 13526651375227?,110114270329629
What is 7777 plus 5656?,13433
What is 219818736203937 plus 380569682084399?,600388418288336
What is 78610772 plus 16906079?,95516851
What is 30558 plus 86425?,116983
What is 480610925 plus 146477974?,627088899
What is 81 plus 29?,110
What is 97200596220841 plus 57977167535033?,155177763755874
What is 81405334344 plus 12647882754?,94053217098
What is 3975263898504 plus 4733391038953?,8708654937457
What is 2377185233 plus 6816213326?,9193398559
What is 34 plus 23?,57
What is 70841289708 plus 82197731325?,153039021033
What is 575 plus 769?,1344
What is 89 plus 93?,182
What is 941907233911 plus 347366933692?,1289274167603
What is 426659 plus 700522?,1127181
What is 42211 plus 53347?,95558
What is 50443434 plus 56416433?,106859867
What is 490028961986 plus 580238425948?,1070267387934
What is 22 plus 42?,64
What is 885495349 plus 159440402?,1044935751
What is 35898965787923 plus 84123624867524?,120022590655447
What is 851748438107032 plus 503870583435523?,1355619021542555
What is 68954339 plus 65710220?,134664559
What is 428063556154558 plus 783331296561750?,1211394852716308
What is 945055978 plus 952216334?,1897272312
What is 2888969743532 plus 4186016622582?,7074986366114
What is 32975333 plus 45898603?,78873936
What is 31959403756831 plus 71252563194741?,103211966951572
What is 32666194 plus 36947200?,69613394
What is 124765087036 plus 338239732568?,463004819604
What is 839305461651230 plus 376234417320258?,1215539878971488
What is 552378545329 plus 964987774057?,1517366319386
What is 133355 plus 441403?,574758
What is 147128199753 plus 313838035366?,460966235119
What is 81 plus 56?,137
What is 6509548490190 plus 4178769155820?,10688317646010
What is 563 plus 837?,1400
What is 525818966 plus 631569184?,1157388150
What is 69 plus 32?,101
What is 23523369 plus 63472813?,86996182
What is 3634001 plus 5552517?,9186518
What is 19606 plus 65858?,85464
What is 84777662 plus 72438029?,157215691
What is 1612431542486 plus 5643722425717?,7256153968203
What is 387961 plus 761496?,1149457
What is 1267566183718 plus 9799845333451?,11067411517169
What is 701810540044402 plus 400752773460724?,1102563313505126
What is 1326048580 plus 8720725243?,10046773823
What is 2077225 plus 8090583?,10167808
What is 73213 plus 90559?,163772
What is 4134281 plus 2563108?,6697389
What is 8604106427 plus 1311064637?,9915171064
What is 31122 plus 54921?,86043
What is 855406 plus 674578?,1529984
What is 52888 plus 41311?,94199
What is 4234626865 plus 4522055732?,8756682597
What is 489531298611 plus 144126575251?,633657873862
What is 74163115453 plus 64514648232?,138677763685
What is 71 plus 18?,89
What is 80895151556785 plus 60112971172745?,141008122729530
What is 97 plus 18?,115
What is 477116 plus 657294?,1134410
What is 583 plus 781?,1364
What is 7588598836 plus 4508649743?,12097248579
What is 203982 plus 137944?,341926
What is 34384570 plus 25485623?,59870193
What is 216226 plus 448061?,664287
What is 3467413465843 plus 9437100320458?,12904513786301
What is 8291524414688 plus 8829730709389?,17121255124077
What is 84837 plus 61752?,146589
What is 9773065491 plus 4803802604?,14576868095
What is 286960 plus 572788?,859748
What is 207227953617 plus 226933112971?,434161066588
What is 76633054715 plus 37927377104?,114560431819
What is 98498083595 plus 64932894229?,163430977824
What is 61114 plus 43077?,104191
What is 86783942 plus 13055635?,99839577
What is 56904 plus 59733?,116637
What is 166983 plus 709307?,876290
What is 5559111 plus 9412930?,14972041
What is 4490347848469 plus 6764740967568?,11255088816037
What is 632 plus 299?,931
What is 54337505563 plus 90193584625?,144531090188
What is 3467011115424 plus 4635015591094?,8102026706518
What is 3293 plus 1409?,4702
What is 540 plus 717?,1257
What is 4791670 plus 5897979?,10689649
What is 56012728 plus 97915214?,153927942
What is 5194393337473 plus 8337495106678?,13531888444151
What is 13177635 plus 41263793?,54441428
What is 336292736591 plus 622252199588?,958544936179
What is 17090 plus 65208?,82298
What is 48 plus 28?,76
What is 5824471284 plus 8351479910?,14175951194
What is 8901745 plus 8928836?,17830581
What is 96578 plus 35084?,131662
What is 450570339483 plus 353679206138?,804249545621
What is 715134260 plus 382386260?,1097520520
What is 841 plus 633?,1474
What is 37 plus 96?,133
What is 8569350 plus 9398973?,17968323
What is 29 plus 58?,87
What is 55461910214232 plus 51925705882243?,107387616096475
What is 641978 plus 176726?,818704
What is 46384046378 plus 14653452954?,61037499332
What is 3847 plus 5872?,9719
What is 340503073025 plus 381522648524?,722025721549
What is 509 plus 756?,1265
What is 8199502861019 plus 7745420801982?,15944923663001
What is 314720965334459 plus 232190936556056?,546911901890515
What is 670729297287 plus 506562509443?,1177291806730
What is 2218988839131 plus 8136542643485?,10355531482616
What is 3167321072551 plus 4743796701254?,7911117773805
What is 1365548145503 plus 9617316656689?,10982864802192
What is 5430020 plus 2734574?,8164594
What is 5878915034588 plus 4291608097298?,10170523131886
What is 43497318051 plus 18306281634?,61803599685
What is 1241572836899 plus 3009299117506?,4250871954405
What is 472117984 plus 831689419?,1303807403
What is 27369 plus 84637?,112006
What is 15522933502 plus 15414902937?,30937836439
What is 557129 plus 191814?,748943
What is 89996 plus 56615?,146611
What is 989200118857820 plus 357942842725391?,1347142961583211
What is 243167879098 plus 445620174902?,688788054000
What is 5503956337 plus 5438695930?,10942652267
What is 73976926985903 plus 38691511739445?,112668438725348
What is 79210099428917 plus 56906393239287?,136116492668204
What is 5500 plus 5586?,11086
What is 3598368 plus 6871972?,10470340
What is 51192807 plus 36245350?,87438157
What is 44 plus 38?,82
What is 29625650 plus 13005688?,42631338
What is 78847238317476 plus 74731255870740?,153578494188216
What is 729643 plus 570008?,1299651
What is 88395180 plus 99189305?,187584485
What is 37587038 plus 93821964?,131409002
What is 399488960 plus 388833048?,788322008
What is 17759815617650 plus 42510351144651?,60270166762301
What is 49576 plus 17364?,66940
What is 384195904425166 plus 619467655758105?,1003663560183271
What is 120148479238358 plus 542232165765637?,662380645003995
What is 689802925 plus 339884964?,1029687889
What is 6610055090 plus 4859551450?,11469606540
What is 421629 plus 955265?,1376894
What is 742105486601 plus 605932994089?,1348038480690
What is 60354121347865 plus 79795673091890?,140149794439755
What is 327 plus 468?,795
What is 800152503 plus 213675467?,1013827970
What is 936541271836169 plus 740983405112031?,1677524676948200
What is 7174210226037 plus 9119481369580?,16293691595617
What is 77469722675 plus 68440175168?,145909897843
What is 50670020641921 plus 67298485366954?,117968506008875
What is 969 plus 390?,1359
What is 471 plus 538?,1009
What is 57 plus 35?,92
What is 301214717132318 plus 722907538312669?,1024122255444987
What is 731621 plus 786550?,1518171
What is 405095445051755 plus 435651442783288?,840746887835043
What is 369194248818 plus 341526186490?,710720435308
What is 4211041 plus 4056308?,8267349
What is 4969573063 plus 7439807234?,12409380297
What is 780 plus 629?,1409
What is 97 plus 77?,174
What is 288 plus 857?,1145
What is 40 plus 97?,137
What is 859948078864272 plus 558096904566156?,1418044983430428
What is 25987985003 plus 11374870882?,37362855885
What is 3261 plus 3391?,6652
What is 469863581386841 plus 940140059721847?,1410003641108688
What is 87663975912822 plus 32745207390761?,120409183303583
What is 179519544 plus 804196452?,983715996
What is 7567146758638 plus 3041741761983?,10608888520621
What is 227884038177648 plus 180635686719006?,408519724896654
What is 7035171442 plus 1706200569?,8741372011
What is 674773 plus 133761?,808534
What is 867420270699049 plus 320489758149746?,1187910028848795
What is 4102003485 plus 3877401890?,7979405375
What is 40168 plus 69160?,109328
What is 3647952 plus 2115942?,5763894
What is 931955023833 plus 489591696393?,1421546720226
What is 581578569620357 plus 656123822931115?,1237702392551472
What is 405137 plus 352183?,757320
What is 5616 plus 1788?,7404
What is 117437349413 plus 405749255183?,523186604596
What is 83550 plus 52314?,135864
What is 24690330 plus 16076587?,40766917
What is 6663353 plus 6399670?,13063023
What is 75857223388 plus 41763028128?,117620251516
What is 426211 plus 760559?,1186770
What is 54659647876860 plus 74124227658348?,128783875535208
What is 5459949 plus 4764712?,10224661
What is 899716 plus 563750?,1463466
What is 673402228 plus 221876616?,895278844
What is 976 plus 585?,1561
What is 1635 plus 1050?,2685
What is 51238771745 plus 76855123636?,128093895381
What is 5782927908 plus 6991364430?,12774292338
What is 77612472230330 plus 71686174746249?,149298646976579
What is 84040844577 plus 94020839026?,178061683603
What is 7166 plus 4592?,11758
What is 43 plus 34?,77
What is 722073286 plus 438417615?,1160490901
What is 7534344157 plus 5337265324?,12871609481
What is 1848532942 plus 1482945623?,3331478565
What is 8693097 plus 3103963?,11797060
What is 5246 plus 3662?,8908
What is 65427675 plus 48248606?,113676281
What is 5478016 plus 4444053?,9922069
What is 840 plus 704?,1544
What is 416394343807707 plus 181063727145864?,597458070953571
What is 17 plus 29?,46
What is 14324995 plus 85901746?,100226741
What is 83385383483754 plus 82083979120692?,165469362604446
What is 3046 plus 2643?,5689
What is 377 plus 471?,848
What is 4662627815 plus 9161421227?,13824049042
What is 97983912 plus 65516883?,163500795
What is 4969476570 plus 4062177995?,9031654565
What is 55785761708548 plus 11667819246896?,67453580955444
What is 16 plus 87?,103
What is 4814234600650 plus 7133406051888?,11947640652538
What is 438009771782117 plus 265735487117680?,703745258899797
What is 266993165 plus 105117338?,372110503
What is 577706 plus 979582?,1557288
What is 890233822 plus 813188310?,1703422132
What is 482747353086 plus 708172112766?,1190919465852
What is 333906666854 plus 926204641934?,1260111308788
What is 83452844 plus 15408698?,98861542
What is 947405129404 plus 744413367688?,1691818497092
What is 216271 plus 187164?,403435
What is 77 plus 10?,87
What is 188463748129 plus 351765498427?,540229246556
What is 6867626614691 plus 6316776277466?,13184402892157
What is 531588 plus 438174?,969762
What is 935745475 plus 879879462?,1815624937
What is 6067890072146 plus 6318783405626?,12386673477772
What is 5607057650 plus 5279469835?,10886527485
What is 5217692708 plus 4840225964?,10057918672
What is 635 plus 477?,1112
What is 360 plus 294?,654
What is 965222332137 plus 430531781585?,1395754113722
What is 808 plus 406?,1214
What is 598334964011280 plus 482018295780741?,1080353259792021
What is 59242142761452 plus 31229465087625?,90471607849077
What is 58372 plus 40654?,99026
What is 2765700521423 plus 6595917823906?,9361618345329
What is 7675398804 plus 2404432245?,10079831049
What is 882380342 plus 259728473?,1142108815
What is 5772 plus 2750?,8522
What is 69298 plus 48981?,118279
What is 489772645853 plus 681627805452?,1171400451305
What is 2153782 plus 9392986?,11546768
What is 8046349 plus 2827596?,10873945
What is 436569002 plus 914478587?,1351047589
What is 415872667 plus 408456114?,824328781
What is 84275 plus 77177?,161452
What is 4145709026065 plus 8192333865830?,12338042891895
What is 80428847224 plus 81042185213?,161471032437
What is 37488 plus 76830?,114318
What is 699748661645 plus 323650159188?,1023398820833
What is 21 plus 44?,65
What is 759 plus 822?,1581
What is 41121801923784 plus 70911181244436?,112032983168220
What is 45 plus 45?,90
What is 14521744462777 plus 67474968076592?,81996712539369
What is 986973785529 plus 636723478789?,1623697264318
What is 7132328897598 plus 8569027389596?,15701356287194
What is 386559 plus 264706?,651265
What is 70822644 plus 62816461?,133639105
What is 8280868432674 plus 1716672564384?,9997540997058
What is 60403061 plus 98969322?,159372383
What is 66197 plus 95516?,161713
What is 716241533 plus 640834870?,1357076403
What is 98 plus 71?,169
What is 408034 plus 188044?,596078
What is 41436381308 plus 57362799960?,98799181268
What is 182784 plus 764343?,947127
What is 26 plus 16?,42
What is 416154962704681 plus 601745861649742?,1017900824354423
What is 565 plus 609?,1174
What is 93474109657024 plus 40805090169687?,134279199826711
What is 809234234234171 plus 198330202868055?,1007564437102226
What is 8692561313766 plus 8582500829590?,17275062143356
What is 1024 plus 4442?,5466
What is 71104 plus 56581?,127685
What is 29051166676 plus 28991043148?,58042209824
What is 343232834782662 plus 502678180579508?,845911015362170
What is 2233023993616 plus 6069565308971?,8302589302587
What is 46296 plus 54156?,100452
What is 8924 plus 7473?,16397
What is 464 plus 254?,718
What is 67 plus 27?,94
What is 8196150410287 plus 7349783001111?,15545933411398
What is 19122 plus 85403?,104525
What is 20250562 plus 30659777?,50910339
What is 3375658337 plus 6304249357?,9679907694
What is 1941 plus 3928?,5869
What is 690035702 plus 903649805?,1593685507
What is 14666 plus 36971?,51637
What is 70577461224 plus 79395261855?,149972723079
What is 1038 plus 8163?,9201
What is 69 plus 35?,104
What is 941 plus 813?,1754
What is 1334546981886 plus 9865165671163?,11199712653049
What is 79824301653 plus 78313636549?,158137938202
What is 87 plus 52?,139
What is 90806625 plus 65640327?,156446952
What is 901 plus 504?,1405
What is 6884724852664 plus 9092098403498?,15976823256162
What is 80107103390050 plus 64594182978926?,144701286368976
What is 8937075019465 plus 1064012473618?,10001087493083
What is 33766803562123 plus 64998026847807?,98764830409930
What is 42 plus 74?,116
What is 772242815 plus 131981670?,904224485
What is 821300735847 plus 313838677658?,1135139413505
What is 923769661 plus 869039010?,1792808671
What is 70612063811253 plus 57586660129771?,128198723941024
What is 61 plus 47?,108
What is 15369482194 plus 84317619474?,99687101668
What is 2591 plus 7765?,10356
What is 9919 plus 2126?,12045
What is 6154321265 plus 6072281817?,12226603082
What is 27578074 plus 31892848?,59470922
What is 7785 plus 4014?,11799
What is 486 plus 110?,596
What is 49888483 plus 48356077?,98244560
What is 629938604 plus 860539006?,1490477610
What is 9415888 plus 5607548?,15023436
What is 884240438237 plus 570680549609?,1454920987846
What is 53125862248 plus 40629312162?,93755174410
What is 3028407012 plus 1380551925?,4408958937
What is 647366571001286 plus 420784523729923?,1068151094731209
What is 275193 plus 139838?,415031
What is 18370976742 plus 44572665402?,62943642144
What is 880390220298 plus 558512254119?,1438902474417
What is 51296012 plus 56638922?,107934934
What is 388155047181 plus 285395680275?,673550727456
What is 16227786762847 plus 55811182287036?,72038969049883
What is 154733925836115 plus 792548520297193?,947282446133308
What is 6673790678835 plus 6346530840787?,13020321519622
What is 12 plus 86?,98
What is 10881403135 plus 36553313681?,47434716816
What is 5052929657 plus 4034786947?,9087716604
What is 88633805 plus 66733521?,155367326
What is 65864 plus 71019?,136883
What is 65141 plus 69920?,135061
What is 92 plus 43?,135
What is 77517120708969 plus 50577045454888?,128094166163857
What is 61 plus 87?,148
What is 23063 plus 47422?,70485
What is 8704631987291 plus 8264869109638?,16969501096929
What is 82257831059 plus 85339756631?,167597587690
What is 6143432270348 plus 3692703334629?,9836135604977
What is 740583034837876 plus 952025145066327?,1692608179904203
What is 929073 plus 848230?,1777303
What is 85758949861968 plus 37362996205024?,123121946066992
What is 3277658 plus 8904653?,12182311
What is 871431 plus 622875?,1494306
What is 589966170351932 plus 118395318703601?,708361489055533
What is 3240727374 plus 5681604244?,8922331618
What is 50023 plus 78666?,128689
What is 36 plus 46?,82
What is 515868683815458 plus 925917375206888?,1441786059022346
What is 632 plus 920?,1552
What is 70578045 plus 38233744?,108811789
What is 46032069650952 plus 65660509961149?,111692579612101
What is 91353950 plus 44864331?,136218281
What is 7804096855 plus 2382553593?,10186650448
What is 14 plus 95?,109
What is 5447 plus 2553?,8000
What is 976497976296417 plus 596653595206947?,1573151571503364
What is 8029750 plus 2347923?,10377673
What is 54572347 plus 96308074?,150880421
What is 54446 plus 82341?,136787
What is 1300827252363 plus 2635816303386?,3936643555749
What is 47116482 plus 34110519?,81227001
What is 514092370917 plus 907036280301?,1421128651218
What is 739599882152003 plus 610990307658337?,1350590189810340
What is 123 plus 272?,395
What is 205725961 plus 490058152?,695784113
What is 644 plus 709?,1353
What is 1635522601730 plus 5658369552197?,7293892153927
What is 983171 plus 749202?,1732373
What is 46063539232262 plus 29135626450614?,75199165682876
What is 23586541 plus 63681198?,87267739
What is 10355525633962 plus 16622032309668?,26977557943630
What is 5158674 plus 1913887?,7072561
What is 64538927 plus 52859158?,117398085
What is 929549987520643 plus 158702696937525?,1088252684458168
What is 438072992 plus 332653649?,770726641
What is 5156954797681 plus 3481067175736?,8638021973417
What is 686753 plus 575520?,1262273
What is 28490946853373 plus 12226111449964?,40717058303337
What is 746558382 plus 409885002?,1156443384
What is 982086 plus 981152?,1963238
What is 16 plus 19?,35
What is 9304496642 plus 6455956277?,15760452919
What is 5325 plus 6807?,12132
What is 679978 plus 953543?,1633521
What is 95384115 plus 98419341?,193803456
What is 64914970 plus 59008480?,123923450
What is 159737 plus 861117?,1020854
What is 91971914716701 plus 48997393436157?,140969308152858
What is 72473457733 plus 60495403580?,132968861313
What is 20 plus 84?,104
What is 18736206 plus 31353428?,50089634
What is 2460 plus 3732?,6192
What is 9975631 plus 5224200?,15199831
What is 86828 plus 81426?,168254
What is 35518505 plus 26320541?,61839046
What is 25 plus 51?,76
What is 801363838670347 plus 174793720331921?,976157559002268
What is 493208083 plus 962984163?,1456192246
What is 6697708 plus 2077866?,8775574
What is 69517733061458 plus 80819178991875?,150336912053333
What is 944 plus 200?,1144
What is 75 plus 86?,161
What is 5757341 plus 6578115?,12335456
What is 13179 plus 49297?,62476
What is 39 plus 43?,82
What is 77149 plus 13096?,90245
What is 395 plus 192?,587
What is 36218873650087 plus 93334538333618?,129553411983705
What is 87745019467 plus 21702004412?,109447023879
What is 15958106 plus 35580650?,51538756
What is 81205639 plus 27029339?,108234978
What is 22400418 plus 44230681?,66631099
What is 952019767111331 plus 381044872553997?,1333064639665328
What is 5243982639277 plus 3057512660308?,8301495299585
What is 55 plus 48?,103
What is 1602 plus 9884?,11486
What is 128 plus 634?,762
What is 595164509430529 plus 101813770380193?,696978279810722
What is 15005239 plus 76628433?,91633672
What is 59 plus 33?,92
What is 30678976774404 plus 87577372345643?,118256349120047
What is 70 plus 86?,156
What is 7507265944 plus 3567270158?,11074536102
What is 70753560137 plus 55942999789?,126696559926
What is 36 plus 53?,89
What is 555960813613 plus 685433510719?,1241394324332
What is 730457021064 plus 602260102893?,1332717123957
What is 2624160864235 plus 7789684242145?,10413845106380
What is 75636 plus 11643?,87279
What is 617130836004522 plus 358318758403035?,975449594407557
What is 504819139880025 plus 715211909518012?,1220031049398037
What is 907 plus 139?,1046
What is 880056 plus 645046?,1525102
What is 34737 plus 61398?,96135
What is 546 plus 705?,1251
What is 900145 plus 965975?,1866120
What is 314536 plus 728965?,1043501
What is 371285492 plus 463747161?,835032653
What is 505938 plus 115728?,621666
What is 8487571684888 plus 4093060225573?,12580631910461
What is 46742734535 plus 12413710758?,59156445293
What is 33 plus 25?,58
What is 82 plus 57?,139
What is 169747 plus 929889?,1099636
What is 41 plus 45?,86
What is 5199348 plus 6468494?,11667842
What is 405712976742662 plus 930372319470179?,1336085296212841
What is 654810148923 plus 109111306227?,763921455150
What is 582479606944976 plus 740658792506860?,1323138399451836
What is 49 plus 60?,109
What is 5462905522382 plus 3951341440213?,9414246962595
What is 2777245560777 plus 1418548083365?,4195793644142
What is 99573 plus 49579?,149152
What is 30014824905028 plus 32698065887022?,62712890792050
What is 292951 plus 845792?,1138743
What is 121505 plus 320203?,441708
What is 55 plus 92?,147
What is 835424540292 plus 585509375694?,1420933915986
What is 730553538237107 plus 804728965340059?,1535282503577166
What is 4263338 plus 3148100?,7411438
What is 327465 plus 778429?,1105894
What is 8801 plus 1370?,10171
What is 10337658 plus 41856752?,52194410
What is 21582911854289 plus 43284242675995?,64867154530284
What is 30 plus 35?,65
What is 621859172547918 plus 515730361845897?,1137589534393815
What is 1778712 plus 2706889?,4485601
What is 3011186250 plus 7668195481?,10679381731
What is 26343081235 plus 72034033089?,98377114324
What is 6911011863597 plus 9929195132526?,16840206996123
What is 913249150 plus 587091743?,1500340893
What is 2184 plus 4442?,6626
What is 7839925901 plus 8887509419?,16727435320
What is 49783028720879 plus 48994707089894?,98777735810773
What is 329361551 plus 579739719?,909101270
What is 845140727818353 plus 332311227881016?,1177451955699369
What is 559479144657 plus 694396002527?,1253875147184
What is 74 plus 22?,96
What is 513993414130 plus 900037119693?,1414030533823
What is 66823164586 plus 97082482825?,163905647411
What is 96631 plus 93801?,190432
What is 130587545063 plus 175337210817?,305924755880
What is 95 plus 32?,127
What is 560933 plus 900789?,1461722
What is 589440218090 plus 608196743998?,1197636962088
What is 62266850 plus 31598066?,93864916
What is 765594653 plus 835253299?,1600847952
What is 34853429328 plus 53292431278?,88145860606
What is 4369743 plus 9067754?,13437497
What is 59636202 plus 59622440?,119258642
What is 26120128 plus 86123498?,112243626
What is 18119389 plus 27016857?,45136246
What is 177 plus 804?,981
What is 4601485918 plus 2457420582?,7058906500
What is 98 plus 93?,191
What is 20539606978 plus 53756716998?,74296323976
What is 326 plus 623?,949
What is 239617810 plus 766372358?,1005990168
What is 236444 plus 796919?,1033363
What is 20338506463 plus 33183730959?,53522237422
What is 3191 plus 9934?,13125
What is 231610302146 plus 453095612499?,684705914645
What is 6690021 plus 5599611?,12289632
What is 498122023125597 plus 906085133248829?,1404207156374426
What is 376450339363 plus 477834664253?,854285003616
What is 26383 plus 62855?,89238
What is 6969392754262 plus 5354365686949?,12323758441211
What is 374240794 plus 806255615?,1180496409
What is 4099 plus 7092?,11191
What is 40360165227 plus 80136136036?,120496301263
What is 6837425544704 plus 5923221700613?,12760647245317
What is 13028445072 plus 20257340076?,33285785148
What is 19094 plus 57192?,76286
What is 43802235 plus 19771616?,63573851
What is 853277707328 plus 879254002592?,1732531709920
What is 993002936887858 plus 395614919315353?,1388617856203211
What is 454761707478008 plus 298549504368279?,753311211846287
What is 463379452 plus 710845191?,1174224643
What is 81 plus 41?,122
What is 268395 plus 522924?,791319
What is 8349600890 plus 8344803916?,16694404806
What is 280947815 plus 168088931?,449036746
What is 22657917046 plus 60069506043?,82727423089
What is 66263928253 plus 84223265435?,150487193688
What is 804498955943848 plus 431751424744795?,1236250380688643
What is 792 plus 202?,994
What is 27342008791 plus 91996722256?,119338731047
What is 9451793890706 plus 9656864086374?,19108657977080
What is 5478 plus 9064?,14542
What is 8264102271025 plus 8763596468158?,17027698739183
What is 7758213 plus 9388648?,17146861
What is 68 plus 64?,132
What is 993446524 plus 416886646?,1410333170
What is 4326686318 plus 2965190698?,7291877016
What is 55275084 plus 65072978?,120348062
What is 67849713948 plus 41973797685?,109823511633
What is 22963906688638 plus 23090344712061?,46054251400699
What is 17 plus 38?,55
What is 1493764201 plus 1758070320?,3251834521
What is 268 plus 300?,568
What is 240632190339003 plus 884750151230527?,1125382341569530
What is 85 plus 87?,172
What is 63985072 plus 47395576?,111380648
What is 334 plus 578?,912
What is 474704118 plus 594523338?,1069227456
What is 74180571260 plus 69326926749?,143507498009
What is 494 plus 346?,840
What is 39941787751 plus 10744357136?,50686144887
What is 98720045 plus 60845190?,159565235
What is 632777 plus 239257?,872034
What is 13 plus 38?,51
What is 186365368011849 plus 601091426261588?,787456794273437
What is 22 plus 43?,65
What is 90847903745 plus 89692617406?,180540521151
What is 82404696258800 plus 72421356354945?,154826052613745
What is 644105568377192 plus 789264182244019?,1433369750621211
What is 1134621356842 plus 7033138115580?,8167759472422
What is 961132196 plus 676947779?,1638079975
What is 1119128147 plus 5755017809?,6874145956
What is 25611 plus 66651?,92262
What is 5488496 plus 1268779?,6757275
What is 530869820761848 plus 532068324851619?,1062938145613467
What is 4437485266 plus 4325361289?,8762846555
What is 50329 plus 64630?,114959
What is 205993210391 plus 529359011950?,735352222341
What is 19239882125163 plus 70842128339119?,90082010464282
What is 17327029718 plus 23166690167?,40493719885
What is 1198485583962 plus 6090421510460?,7288907094422
What is 62 plus 75?,137
What is 3211 plus 4730?,7941
What is 865447836379 plus 144911870256?,1010359706635
What is 15522986226 plus 71489305991?,87012292217
What is 374036 plus 968112?,1342148
What is 5149353790272 plus 5945546248918?,11094900039190
What is 41119768301 plus 79626388638?,120746156939
What is 8057 plus 4983?,13040
What is 344511813 plus 472079259?,816591072
What is 52575194394 plus 13780628207?,66355822601
What is 13828 plus 86880?,100708
What is 284295 plus 425876?,710171
What is 9848 plus 6378?,16226
What is 747381648101484 plus 831090483324314?,1578472131425798
What is 3124 plus 4546?,7670
What is 652344838150237 plus 561476303805913?,1213821141956150
What is 647960121163941 plus 980086611891398?,1628046733055339
What is 151554266850 plus 560445735468?,712000002318
What is 56 plus 15?,71
What is 540003780023 plus 871586044240?,1411589824263
What is 82220 plus 18308?,100528
What is 879362501233 plus 171226466152?,1050588967385
What is 852842844078 plus 933262115904?,1786104959982
What is 286279 plus 975153?,1261432
What is 598423648 plus 437729102?,1036152750
What is 641319977984 plus 957136345571?,1598456323555
What is 30534710 plus 59643832?,90178542
What is 7904766 plus 9937679?,17842445
What is 70665225742 plus 87679762004?,158344987746
What is 94 plus 96?,190
What is 54443238 plus 93415346?,147858584
What is 42216382045936 plus 87255386006291?,129471768052227
What is 947868 plus 149736?,1097604
What is 2142533986 plus 2923362598?,5065896584
What is 861362310 plus 651968986?,1513331296
What is 84 plus 68?,152
What is 838773098352 plus 980884796105?,1819657894457
What is 70496405 plus 18186298?,88682703
What is 359650 plus 438585?,798235
What is 4389952325075 plus 9822748061326?,14212700386401
What is 53 plus 19?,72
What is 92 plus 71?,163
What is 533272825170 plus 186019668232?,719292493402
What is 2349679944781 plus 1664632986596?,4014312931377
What is 4831978 plus 9033136?,13865114
What is 1897652842 plus 6989792720?,8887445562
What is 11205312410 plus 55645363063?,66850675473
What is 720881205965 plus 312646936374?,1033528142339
What is 24156 plus 44799?,68955
What is 9287818248272 plus 2986029233084?,12273847481356
What is 445558614015 plus 319192797508?,764751411523
What is 3273467394889 plus 7333900031368?,10607367426257
What is 319635155279761 plus 694355717080816?,1013990872360577
What is 5619195 plus 4463248?,10082443
What is 553371097582499 plus 568099618993385?,1121470716575884
What is 14052667458 plus 52510050346?,66562717804
What is 80077143177 plus 15020198484?,95097341661
What is 10 plus 62?,72
What is 96 plus 44?,140
What is 7380 plus 5664?,13044
What is 7664 plus 3703?,11367
What is 6860309 plus 8304113?,15164422
What is 302404532356701 plus 290297430752688?,592701963109389
What is 39 plus 47?,86
What is 1494232 plus 9809576?,11303808
What is 92990 plus 27143?,120133
What is 945302 plus 611817?,1557119
What is 475457767365632 plus 566652096205607?,1042109863571239
What is 459 plus 660?,1119
What is 11 plus 81?,92
What is 791165 plus 252294?,1043459
What is 21807880074872 plus 40290400003511?,62098280078383
What is 74315654609 plus 19830344286?,94145998895
What is 62893959520 plus 22488768121?,85382727641
What is 6215 plus 8395?,14610
What is 269743050135 plus 882698274476?,1152441324611
What is 17 plus 75?,92
What is 444 plus 943?,1387
What is 36557150 plus 28671293?,65228443
What is 36091479732553 plus 48478709330000?,84570189062553
What is 6851 plus 7913?,14764
What is 688384794354385 plus 533479433683544?,1221864228037929
What is 86235951 plus 31115624?,117351575
What is 35 plus 54?,89
What is 22533468971336 plus 17002792414388?,39536261385724
What is 400 plus 412?,812
What is 68139703371 plus 43479185216?,111618888587
What is 664 plus 305?,969
What is 36346453034 plus 85112243247?,121458696281
What is 32 plus 40?,72
What is 51353374782350 plus 83425937567447?,134779312349797
What is 690073980109 plus 922672760462?,1612746740571
What is 83341377521348 plus 50785488025480?,134126865546828
What is 23798061015 plus 40441112723?,64239173738
What is 242 plus 543?,785
What is 68776156 plus 87220243?,155996399
What is 2243 plus 5341?,7584
What is 33722336303 plus 26727817803?,60450154106
What is 21 plus 50?,71
What is 63623 plus 19636?,83259
What is 319262 plus 890363?,1209625
What is 23841 plus 57561?,81402
What is 97920690958814 plus 38316187395736?,136236878354550
What is 7723205 plus 6292390?,14015595
What is 514784505 plus 939504270?,1454288775
What is 6832042585 plus 3462749038?,10294791623
What is 1218244598 plus 8668766365?,9887010963
What is 58855257024548 plus 27740779514446?,86596036538994
What is 598098 plus 696429?,1294527
What is 7922129374 plus 7576731969?,15498861343
What is 272 plus 545?,817
What is 4678770056520 plus 7011229453023?,11689999509543
What is 234967423 plus 798603888?,1033571311
What is 67894496906 plus 28635514122?,96530011028
What is 6340701833 plus 3600946816?,9941648649
What is 75219634018 plus 22838997145?,98058631163
What is 6992539 plus 2766068?,9758607
What is 623652 plus 510872?,1134524
What is 67515612 plus 58115351?,125630963
What is 8982 plus 2150?,11132
What is 94616 plus 11688?,106304
What is 423056951 plus 123981676?,547038627
What is 221517860 plus 857237240?,1078755100
What is 4734207894 plus 7448669774?,12182877668
What is 76394430054477 plus 28569594986329?,104964025040806
What is 55 plus 55?,110
What is 668732468840 plus 852049232866?,1520781701706
What is 683 plus 258?,941
What is 587 plus 192?,779
What is 815351829206764 plus 378000305596366?,1193352134803130
What is 681294162447 plus 280475087996?,961769250443
What is 9755067218 plus 3620315980?,13375383198
What is 11245951 plus 19721508?,30967459
What is 9240 plus 2952?,12192
What is 72068036 plus 74907514?,146975550
What is 31484 plus 31851?,63335
What is 49832280305565 plus 20345874958935?,70178155264500
What is 306748193 plus 265607110?,572355303
What is 13 plus 80?,93
What is 7594024060 plus 1948308834?,9542332894
What is 61308971515 plus 25339704223?,86648675738
What is 7332102753 plus 1228084784?,8560187537
What is 302437041848 plus 515725059710?,818162101558
What is 78 plus 38?,116
What is 4959290618651 plus 4982259190723?,9941549809374
What is 13739246 plus 66495510?,80234756
What is 4237676163 plus 7638447206?,11876123369
What is 290161151978873 plus 793880173626536?,1084041325605409
What is 473 plus 962?,1435
What is 58921 plus 83553?,142474
What is 9315492173 plus 2842932910?,12158425083
What is 7732294 plus 8788297?,16520591
What is 44822996 plus 65565753?,110388749
What is 514857 plus 470995?,985852
What is 34733 plus 57434?,92167
What is 67132881966 plus 44802744074?,111935626040
What is 15691299 plus 13732259?,29423558
What is 8681729417 plus 2077008794?,10758738211
What is 24924355 plus 26663844?,51588199
What is 996344260522 plus 571837812915?,1568182073437
What is 30274028723 plus 88496412070?,118770440793
What is 37900715605591 plus 92909968398167?,130810684003758
What is 653271963530 plus 644523423389?,1297795386919
What is 385 plus 546?,931
What is 1884 plus 2290?,4174
What is 14955085 plus 87959053?,102914138
What is 9774 plus 5543?,15317
What is 706318056 plus 475769881?,1182087937
What is 66935133252 plus 18700935519?,85636068771
What is 2161107399 plus 6339156696?,8500264095
What is 864 plus 974?,1838
What is 64391 plus 74754?,139145
What is 5338696725 plus 2613747886?,7952444611
What is 69779856 plus 42382351?,112162207
What is 77984 plus 16750?,94734
What is 949549186 plus 828978434?,1778527620
What is 7190704270 plus 7007211886?,14197916156
What is 35003 plus 38111?,73114
What is 74581924 plus 65767390?,140349314
What is 79 plus 39?,118
What is 7311255048191 plus 3280392164560?,10591647212751
What is 106837968670967 plus 665846111639346?,772684080310313
What is 5522 plus 1027?,6549
What is 837385 plus 316205?,1153590
What is 11051818 plus 66383273?,77435091
What is 582597785210567 plus 788820436384732?,1371418221595299
What is 2716972 plus 3624503?,6341475
What is 522901954 plus 132434052?,655336006
What is 7225 plus 6248?,13473
What is 7627444 plus 3710322?,11337766
What is 24527794063 plus 81948682348?,106476476411
What is 811197643290 plus 830385729505?,1641583372795
What is 43407487498180 plus 30799776907791?,74207264405971
What is 4459314115 plus 7679764531?,12139078646
What is 9378 plus 3887?,13265
What is 408145928207140 plus 571740661143663?,979886589350803
What is 54286465881112 plus 61459695280624?,115746161161736
What is 85064 plus 75493?,160557
What is 557865255653 plus 609756964583?,1167622220236
What is 6624461700062 plus 3738216719089?,10362678419151
What is 484379316 plus 918913296?,1403292612
What is 31897736256 plus 48502263974?,80400000230
What is 981802051131 plus 344011707309?,1325813758440
What is 676470 plus 378632?,1055102
What is 933 plus 765?,1698
What is 3357545798 plus 4187226350?,7544772148
What is 4281171 plus 2343957?,6625128
What is 6819 plus 3942?,10761
What is 586646316 plus 204254252?,790900568
What is 48599922 plus 75523403?,124123325
What is 25750 plus 33055?,58805
What is 956841637654846 plus 880064466745077?,1836906104399923
What is 1395703 plus 8860353?,10256056
What is 6852914 plus 7236911?,14089825
What is 271236168 plus 659483102?,930719270
What is 8814 plus 5546?,14360
What is 2093771 plus 7044642?,9138413
What is 814362 plus 634663?,1449025
What is 230964642 plus 270053539?,501018181
What is 31113689716 plus 84944763874?,116058453590
What is 195789883510 plus 738528430395?,934318313905
What is 54 plus 38?,92
What is 794135260 plus 714214495?,1508349755
What is 4500930875 plus 6295594203?,10796525078
What is 21667143377 plus 82979334528?,104646477905
What is 9767837 plus 8546732?,18314569
What is 982085899 plus 931525578?,1913611477
What is 2432819602 plus 8718999150?,11151818752
What is 17023 plus 88851?,105874
What is 4858 plus 1462?,6320
What is 1058 plus 7542?,8600
What is 162223 plus 637716?,799939
What is 33742 plus 15676?,49418
What is 9187059325586 plus 6574888923623?,15761948249209
What is 3170 plus 7210?,10380
What is 60634 plus 14690?,75324
What is 6735476035 plus 6874426465?,13609902500
What is 60569268965087 plus 38986107466776?,99555376431863
What is 31 plus 72?,103
What is 4875442448 plus 4606869745?,9482312193
What is 495049287 plus 751570113?,1246619400
What is 863895114436 plus 385196302156?,1249091416592
What is 497689348951 plus 102363909368?,600053258319
What is 77412 plus 98578?,175990
What is 30329 plus 72524?,102853
What is 7426222522 plus 9326661247?,16752883769
What is 475 plus 148?,623
What is 179183100012452 plus 474669094595523?,653852194607975
What is 310 plus 206?,516
What is 746587165496 plus 668225354631?,1414812520127
What is 5312659194518 plus 3671339821555?,8983999016073
What is 334521086314 plus 718590041653?,1053111127967
What is 423976058477 plus 495462233937?,919438292414
What is 97 plus 27?,124
What is 2841951 plus 6588797?,9430748
What is 185113174342 plus 271539324267?,456652498609
What is 88 plus 98?,186
What is 763 plus 267?,1030
What is 56198343022895 plus 49160028984019?,105358372006914
What is 35599803 plus 91494502?,127094305
What is 2352253352048 plus 5899029986312?,8251283338360
What is 748419469576 plus 568682763626?,1317102233202
What is 27343763913821 plus 29167280716247?,56511044630068
What is 414703133435 plus 298843150705?,713546284140
What is 1675407526395 plus 6923813083297?,8599220609692
What is 19915280 plus 59407995?,79323275
What is 4692 plus 1169?,5861
What is 32076395559648 plus 86471099355471?,118547494915119
What is 4464654 plus 6726660?,11191314
What is 607 plus 322?,929
What is 34220210383758 plus 37841477697713?,72061688081471
What is 1432 plus 9580?,11012
What is 98167 plus 44835?,143002
What is 89573510187 plus 74104561755?,163678071942
What is 19974287274960 plus 39144151553699?,59118438828659
What is 71779511 plus 44423270?,116202781
What is 8097254392824 plus 6383848866233?,14481103259057
What is 550831 plus 853216?,1404047
What is 80160 plus 23843?,104003
What is 732877022931 plus 681384244252?,1414261267183
What is 147147 plus 227555?,374702
What is 5321782929319 plus 5718098321513?,11039881250832
What is 9825267772 plus 6082622837?,15907890609
What is 73 plus 71?,144
What is 50926 plus 79423?,130349
What is 79577005 plus 77374695?,156951700
What is 2936991 plus 7968781?,10905772
What is 40218781239777 plus 32779137887219?,72997919126996
What is 95493491771 plus 30273393697?,125766885468
What is 2460 plus 5384?,7844
What is 7075875 plus 9205329?,16281204
What is 15000 plus 12684?,27684
What is 65 plus 17?,82
What is 98 plus 38?,136
What is 446698716945006 plus 242682296240805?,689381013185811
What is 4752886 plus 2048834?,6801720
What is 78 plus 51?,129
What is 282907355031 plus 385544025234?,668451380265
What is 663 plus 602?,1265
What is 51446978218920 plus 91095884912368?,142542863131288
What is 96056428772 plus 91436874768?,187493303540
What is 20 plus 67?,87
What is 2669126810946 plus 1214470099764?,3883596910710
What is 487451030710 plus 146382807395?,633833838105
What is 242552740682811 plus 691107765082184?,933660505764995
What is 88 plus 12?,100
What is 18289487 plus 85765823?,104055310
What is 2856833295738 plus 2157239571802?,5014072867540
What is 9770 plus 4673?,14443
What is 52084080 plus 29072285?,81156365
What is 355228856 plus 381523342?,736752198
What is 832531356769 plus 867183658585?,1699715015354
What is 8091423 plus 9304789?,17396212
What is 42815673950545 plus 26576307184251?,69391981134796
What is 908113947468 plus 797496330738?,1705610278206
What is 38436 plus 58423?,96859
What is 73254 plus 71410?,144664
What is 70398802216784 plus 26107445080515?,96506247297299
What is 50337647838 plus 11186395440?,61524043278
What is 2222292565106 plus 8104855520107?,10327148085213
What is 5147692 plus 1941425?,7089117
What is 21043 plus 16278?,37321
What is 620721758267445 plus 706703240199143?,1327424998466588
What is 3645383720 plus 5474568118?,9119951838
What is 69 plus 95?,164
What is 188104476 plus 968965882?,1157070358
What is 49455796495085 plus 69109505350887?,118565301845972
What is 750 plus 289?,1039
What is 87 plus 92?,179
What is 99426931586 plus 57110188695?,156537120281
What is 1164270 plus 9905433?,11069703
What is 141241 plus 901834?,1043075
What is 3112272663659 plus 7658355238913?,10770627902572
What is 72079 plus 97916?,169995
What is 11496055 plus 65156492?,76652547
What is 9962 plus 4150?,14112
What is 4270718 plus 3125713?,7396431
What is 92608268027 plus 57161709497?,149769977524
What is 52166942885 plus 33064913273?,85231856158
What is 552 plus 504?,1056
What is 7841680 plus 5657260?,13498940
What is 6835013143 plus 7209060382?,14044073525
What is 82 plus 81?,163
What is 326187046879 plus 542283161925?,868470208804
What is 8354019689613 plus 4514973618359?,12868993307972
What is 9564728462 plus 8782408721?,18347137183
What is 3399247031 plus 8223922293?,11623169324
What is 175724 plus 573204?,748928
What is 2180312251167 plus 5479063945620?,7659376196787
What is 2871 plus 5987?,8858
What is 13389614195437 plus 24533307089649?,37922921285086
What is 10301661 plus 16843033?,27144694
What is 50357 plus 74253?,124610
What is 96765216086106 plus 39896681391504?,136661897477610
What is 815233 plus 191331?,1006564
What is 134759805031271 plus 129365735534180?,264125540565451
What is 800929 plus 504762?,1305691
What is 73525806484094 plus 72597886005690?,146123692489784
What is 7541288 plus 7264510?,14805798
What is 2198213 plus 5517281?,7715494
What is 238430057670107 plus 122230971371894?,360661029042001
What is 33264 plus 33493?,66757
What is 904452498284 plus 155242564609?,1059695062893
What is 95577441103449 plus 76089490510962?,171666931614411
What is 54028627488749 plus 59523380547513?,113552008036262
What is 8042979582 plus 3576460875?,11619440457
What is 4728958797 plus 9399076999?,14128035796
What is 135 plus 954?,1089
What is 99845559 plus 48441858?,148287417
What is 883540358 plus 917422953?,1800963311
What is 61047048673484 plus 48837104370608?,109884153044092
What is 608779832435498 plus 927818214010100?,1536598046445598
What is 978035170 plus 457420849?,1435456019
What is 9243 plus 8477?,17720
What is 156662267 plus 366727933?,523390200
What is 456888919 plus 233997856?,690886775
What is 77863 plus 47488?,125351
What is 96518331 plus 70757174?,167275505
What is 9198445636 plus 8496207033?,17694652669
What is 598220 plus 317006?,915226
What is 617458043 plus 768311501?,1385769544
What is 99242270 plus 73705162?,172947432
What is 5773230182268 plus 3553358520489?,9326588702757
What is 84 plus 88?,172
What is 3340407263416 plus 5107814730142?,8448221993558
What is 160288277 plus 984459150?,1144747427
What is 1676667857 plus 4192927834?,5869595691
What is 98242204368 plus 73660290976?,171902495344
What is 1401586 plus 3881464?,5283050
What is 52238107539 plus 73609354014?,125847461553
What is 8236 plus 7672?,15908
What is 650920264772525 plus 963604725810390?,1614524990582915
What is 3451 plus 5686?,9137
What is 47101851793381 plus 37320930783106?,84422782576487
What is 8260584684392 plus 3939737396014?,12200322080406
What is 68 plus 75?,143
What is 8677 plus 6090?,14767
What is 5923643714759 plus 9502964056587?,15426607771346
What is 75 plus 51?,126
What is 4583366875 plus 1671807051?,6255173926
What is 64367784528884 plus 63904822998833?,128272607527717
What is 92350570396 plus 50514883942?,142865454338
What is 168480764 plus 994959075?,1163439839
What is 58092158973 plus 49845848133?,107938007106
What is 98033465842421 plus 99178547037088?,197212012879509
What is 285058002266904 plus 597948014148648?,883006016415552
What is 92027 plus 92785?,184812
What is 86616 plus 31601?,118217
What is 282093439 plus 151431382?,433524821
What is 3424733032735 plus 4640609396145?,8065342428880
What is 9758759171167 plus 8985868966534?,18744628137701
What is 945301996292 plus 219991446107?,1165293442399
What is 90 plus 21?,111
What is 68271 plus 18385?,86656
What is 36445982218 plus 36275664172?,72721646390
What is 15701685593 plus 23910994765?,39612680358
What is 48377184322081 plus 19609778070851?,67986962392932
What is 35122377137 plus 63693282051?,98815659188
What is 44986615124 plus 29916645037?,74903260161
What is 2590382 plus 8227493?,10817875
What is 45863843963 plus 10669889711?,56533733674
What is 355562698970197 plus 725039591443527?,1080602290413724
What is 28588652 plus 66279589?,94868241
What is 9695763 plus 7592070?,17287833
What is 27075391 plus 78189632?,105265023
What is 61 plus 39?,100
What is 60701494501095 plus 76006978438432?,136708472939527
What is 3856 plus 5896?,9752
What is 46914 plus 21007?,67921
What is 691082 plus 625151?,1316233
What is 237938 plus 361563?,599501
What is 637079602157095 plus 995118889100109?,1632198491257204
What is 4601163 plus 8000612?,12601775
What is 1675671843419 plus 3097721421430?,4773393264849
What is 762276 plus 746815?,1509091
What is 35144432853856 plus 20249633109260?,55394065963116
What is 3603990362083 plus 9947431075140?,13551421437223
What is 29672764 plus 94075114?,123747878
What is 36441 plus 18153?,54594
What is 3954751 plus 8429452?,12384203
What is 719513238139 plus 513836109103?,1233349347242
What is 25250 plus 46486?,71736
What is 3109735452264 plus 9084821583610?,12194557035874
What is 2054 plus 9517?,11571
What is 5786 plus 5837?,11623
What is 4414105497519 plus 8243902118882?,12658007616401
What is 6089790 plus 5883185?,11972975
What is 15642325793 plus 71933900583?,87576226376
What is 20432375221 plus 27069893995?,47502269216
What is 83 plus 38?,121
What is 778 plus 841?,1619
What is 460 plus 660?,1120
What is 7992714486 plus 2125352067?,10118066553
What is 108 plus 548?,656
What is 64515433659 plus 44878785491?,109394219150
What is 7666999566 plus 9632916837?,17299916403
What is 1515799 plus 3686245?,5202044
What is 9786344726 plus 1217450375?,11003795101
What is 374173260807145 plus 957152561192275?,1331325821999420
What is 6362188131199 plus 3272826364364?,9635014495563
What is 891 plus 792?,1683
What is 513236163 plus 916692717?,1429928880
What is 279259190485 plus 349232690000?,628491880485
What is 67336 plus 31618?,98954
What is 18715918 plus 14328393?,33044311
What is 73194795550 plus 52787128849?,125981924399
What is 78236 plus 89207?,167443
What is 7829081874 plus 3519284159?,11348366033
What is 5892296 plus 8987925?,14880221
What is 17930851 plus 83707208?,101638059
What is 89 plus 58?,147
What is 34528550791 plus 44284002151?,78812552942
What is 985 plus 110?,1095
What is 601619633141 plus 389920730517?,991540363658
What is 184499328873376 plus 218565142436169?,403064471309545
What is 1988 plus 1846?,3834
What is 78387613 plus 68678421?,147066034
What is 5767810422 plus 8709139330?,14476949752
What is 864220400845 plus 695747582680?,1559967983525
What is 478802 plus 745049?,1223851
What is 456509399808 plus 495509375274?,952018775082
What is 31 plus 20?,51
What is 73 plus 27?,100
What is 6165014478494 plus 4765309903247?,10930324381741
What is 63043 plus 26155?,89198
What is 5639883 plus 3594292?,9234175
What is 65039083782305 plus 19627534064583?,84666617846888
What is 729429997 plus 560580468?,1290010465
What is 80764 plus 92621?,173385
What is 89589957689929 plus 98647713098149?,188237670788078
What is 555124189527677 plus 270537204355843?,825661393883520
What is 79659795666 plus 16875950510?,96535746176
What is 53442325780 plus 74694783618?,128137109398
What is 854 plus 203?,1057
What is 308887475327 plus 981179385460?,1290066860787
What is 405839459337 plus 758274524847?,1164113984184
What is 9735 plus 1780?,11515
What is 27703494700587 plus 93923723555481?,121627218256068
What is 18 plus 96?,114
What is 943 plus 470?,1413
What is 562575642966727 plus 754486909976016?,1317062552942743
What is 13094793160506 plus 54633473040181?,67728266200687
What is 88987148603 plus 34953876512?,123941025115
What is 747 plus 312?,1059
What is 4287442299 plus 8942626542?,13230068841
What is 5739690479065 plus 8525880951956?,14265571431021
What is 31571 plus 79707?,111278
What is 321083 plus 837459?,1158542
What is 6511355 plus 1844103?,8355458
What is 867047713 plus 416917966?,1283965679
What is 3471 plus 9460?,12931
What is 82 plus 88?,170
What is 4959108155739 plus 3363134880054?,8322243035793
What is 16 plus 83?,99
What is 6916368857 plus 9864393961?,16780762818
What is 33139 plus 71150?,104289
What is 71163 plus 77412?,148575
What is 829447377444 plus 565607856407?,1395055233851
What is 647 plus 468?,1115
What is 186593904025 plus 950500292694?,1137094196719
What is 915327 plus 271067?,1186394
What is 6907746434 plus 2039320487?,8947066921
What is 6383830652 plus 1952048160?,8335878812
What is 23530540484 plus 52338789924?,75869330408
What is 83547555 plus 67158513?,150706068
What is 97011063962 plus 68793812343?,165804876305
What is 1319 plus 9331?,10650
What is 17251365 plus 34486287?,51737652
What is 647163457 plus 629584054?,1276747511
What is 19540 plus 75773?,95313
What is 39455550144008 plus 27983471883418?,67439022027426
What is 959 plus 605?,1564
What is 7027 plus 1096?,8123
What is 3716814450511 plus 9520036662284?,13236851112795
What is 733977456017 plus 329727643498?,1063705099515
What is 8222 plus 3271?,11493
What is 2459 plus 5239?,7698
What is 1615 plus 7663?,9278
What is 336 plus 156?,492
What is 994349364990 plus 955599195228?,1949948560218
What is 982 plus 306?,1288
What is 954 plus 554?,1508
What is 52784219936383 plus 15191204694485?,67975424630868
What is 258406625052 plus 672993230700?,931399855752
What is 5722 plus 7528?,13250
What is 73467582847347 plus 45681331713922?,119148914561269
What is 83366728085014 plus 30622324174700?,113989052259714
What is 95481882057719 plus 50765931004361?,146247813062080
What is 30 plus 23?,53
What is 6458494553 plus 4351876570?,10810371123
What is 19 plus 36?,55
What is 674 plus 207?,881
What is 1308299830 plus 6275925308?,7584225138
What is 235152205708446 plus 164767113660653?,399919319369099
What is 882 plus 365?,1247
What is 873362058767 plus 196672289535?,1070034348302
What is 135368581 plus 778005648?,913374229
What is 1417003680 plus 7542348902?,8959352582
What is 561848267400 plus 476296806031?,1038145073431
What is 2663521865 plus 2683502191?,5347024056
What is 272714832079460 plus 335513172725497?,608228004804957
What is 81 plus 58?,139
What is 65 plus 67?,132
What is 370394630 plus 433877156?,804271786
What is 171682202 plus 279810852?,451493054
What is 76949683087 plus 26913307292?,103862990379
What is 52554122517 plus 98817881266?,151372003783
What is 584217400178183 plus 328648856007182?,912866256185365
What is 176806833 plus 872741679?,1049548512
What is 84980 plus 22703?,107683
What is 356297454 plus 243065436?,599362890
What is 8604 plus 9562?,18166
What is 90024323 plus 59286109?,149310432
What is 67458 plus 89244?,156702
What is 647879783 plus 109221906?,757101689
What is 230711879 plus 342677989?,573389868
What is 221 plus 542?,763
What is 39 plus 72?,111
What is 51145849 plus 15357592?,66503441
What is 340073404190251 plus 554876364567042?,894949768757293
What is 299 plus 494?,793
What is 54571462518319 plus 83610633621341?,138182096139660
What is 141665 plus 770631?,912296
What is 83610204 plus 14300800?,97911004
What is 69087972 plus 69020568?,138108540
What is 690487363365145 plus 911348403119799?,1601835766484944
What is 686526845493 plus 111731607974?,798258453467
What is 641030448 plus 719906233?,1360936681
What is 45 plus 77?,122
What is 33868913257185 plus 74095976359920?,107964889617105
What is 51901 plus 33879?,85780
What is 15772238317 plus 57705622108?,73477860425
What is 846 plus 883?,1729
What is 2585274309 plus 4225506839?,6810781148
What is 34 plus 43?,77
What is 298874240520 plus 692371000162?,991245240682
What is 291177800903461 plus 354794046061704?,645971846965165
What is 417020790 plus 105118219?,522139009
What is 200 plus 748?,948
What is 9858041271 plus 7692393129?,17550434400
What is 716 plus 572?,1288
What is 65858211 plus 24263359?,90121570
What is 314926998 plus 683459461?,998386459
What is 510 plus 130?,640
What is 9313420 plus 9030991?,18344411
What is 6375902403120 plus 6901502086297?,13277404489417
What is 466543513858091 plus 459399608824405?,925943122682496
What is 474743921 plus 658642080?,1133386001
What is 196537023890 plus 424875533679?,621412557569
What is 77 plus 55?,132
What is 732825257190670 plus 977592135627892?,1710417392818562
What is 600862150 plus 515632051?,1116494201
What is 6268883501 plus 6764532810?,13033416311
What is 6718404649 plus 9247740390?,15966145039
What is 506795938356923 plus 578299501452128?,1085095439809051
What is 534147 plus 890398?,1424545
What is 10 plus 33?,43
What is 242750 plus 971175?,1213925
What is 8408602014468 plus 5565121486856?,13973723501324
What is 930926 plus 131521?,1062447
What is 419338738475 plus 733833871875?,1153172610350
What is 23 plus 20?,43
What is 684232564385 plus 230300475917?,914533040302
What is 479308184616 plus 464062904644?,943371089260
What is 531494 plus 572122?,1103616
What is 726877457651755 plus 648248069908095?,1375125527559850
What is 349992622 plus 251158641?,601151263
What is 84 plus 47?,131
What is 35580964544 plus 77672671320?,113253635864
What is 7891361762 plus 5477241991?,13368603753
What is 5869394069348 plus 8618717792904?,14488111862252
What is 8316312 plus 9011124?,17327436
What is 9307446 plus 6864034?,16171480
What is 60839622222370 plus 13529486720726?,74369108943096
What is 36961 plus 49679?,86640
What is 10621 plus 14364?,24985
What is 37097999770 plus 68991939992?,106089939762
What is 7077549 plus 5519592?,12597141
What is 23 plus 16?,39
What is 716608 plus 877814?,1594422
What is 48740535021203 plus 23419049004320?,72159584025523
What is 948386860 plus 823778330?,1772165190
What is 25455 plus 69558?,95013
What is 5789843732 plus 8209134418?,13998978150
What is 705177340860 plus 820817120658?,1525994461518
What is 841 plus 719?,1560
What is 4557122428413 plus 6297832706887?,10854955135300
What is 161460010736714 plus 958285939298833?,1119745950035547
What is 839291112771885 plus 279512398426880?,1118803511198765
What is 207455835012883 plus 862325914441850?,1069781749454733
What is 40777035 plus 31456698?,72233733
What is 8175 plus 2736?,10911
What is 31324 plus 27490?,58814
What is 506564087 plus 605959927?,1112524014
What is 8451 plus 8383?,16834
What is 6347 plus 2973?,9320
What is 185322431 plus 669533784?,854856215
What is 931750783204 plus 166608995607?,1098359778811
What is 749 plus 482?,1231
What is 809 plus 445?,1254
What is 977239989659774 plus 275324567373799?,1252564557033573
What is 85025421083959 plus 98009212384095?,183034633468054
What is 8882769670 plus 9677103326?,18559872996
What is 62130460 plus 60385691?,122516151
What is 1475 plus 1806?,3281
What is 63 plus 25?,88
What is 848315054 plus 797032093?,1645347147
What is 357809554202696 plus 356236547810513?,714046102013209
What is 27804 plus 33267?,61071
What is 966092 plus 966857?,1932949
What is 12079 plus 71419?,83498
What is 1717240918 plus 4956003190?,6673244108
What is 768917504313 plus 789247551974?,1558165056287
What is 4224619275014 plus 5056402601040?,9281021876054
What is 55668785842181 plus 39780614872330?,95449400714511
What is 2066639030 plus 1527405771?,3594044801
What is 86400560847249 plus 68604522407742?,155005083254991
What is 77790912 plus 34339123?,112130035
What is 40589243612 plus 40358350631?,80947594243
What is 561655606 plus 584127039?,1145782645
What is 1108 plus 6241?,7349
What is 135742325 plus 416455867?,552198192
What is 92532880391250 plus 97731625732116?,190264506123366
What is 93621493347888 plus 51361094248734?,144982587596622
What is 181452 plus 185351?,366803
What is 198742 plus 561124?,759866
What is 3153 plus 2073?,5226
What is 506 plus 897?,1403
What is 15966854596760 plus 12821524439990?,28788379036750
What is 539256072135661 plus 209302919940838?,748558992076499
What is 5135643 plus 9723447?,14859090
What is 32 plus 89?,121
What is 50218669 plus 79726605?,129945274
What is 41851261 plus 82630785?,124482046
What is 68053 plus 72061?,140114
What is 177465943 plus 334468572?,511934515
What is 38889801644 plus 15110107225?,53999908869
What is 50407146 plus 88098476?,138505622
What is 27116533 plus 33189369?,60305902
What is 9137 plus 1707?,10844
What is 6982168351 plus 3116263239?,10098431590
What is 3704022 plus 6898109?,10602131
What is 11 plus 10?,21
What is 20770 plus 24736?,45506
What is 847349675133 plus 719123611261?,1566473286394
What is 43927711 plus 99192987?,143120698
What is 812219025565 plus 481762109285?,1293981134850
What is 51053 plus 45513?,96566
What is 35154040753797 plus 86160153816652?,121314194570449
What is 929833 plus 174456?,1104289
What is 49 plus 87?,136
What is 781 plus 842?,1623
What is 17 plus 39?,56
What is 1794390159013 plus 2359919934729?,4154310093742
What is 17692053 plus 84846640?,102538693
What is 877258 plus 815403?,1692661
What is 681610 plus 217473?,899083
What is 48550818556043 plus 12400153157765?,60950971713808
What is 26572392365 plus 29937516117?,56509908482
What is 419657251567 plus 752128912005?,1171786163572
What is 155664895 plus 394670821?,550335716
What is 5113585603328 plus 1904984036529?,7018569639857
What is 39 plus 94?,133
What is 318773079 plus 638267272?,957040351
What is 3833229 plus 9605532?,13438761
What is 44307286133 plus 18753711624?,63060997757
What is 60328823 plus 62059904?,122388727
What is 2563264268801 plus 4094758034438?,6658022303239
What is 2378717101976 plus 9386999123480?,11765716225456
What is 80279520 plus 37151715?,117431235
What is 7700111 plus 6578184?,14278295
What is 42973973 plus 32420859?,75394832
What is 786 plus 978?,1764
What is 6909857508 plus 6599264765?,13509122273
What is 71381785204 plus 88007438999?,159389224203
What is 9219656062379 plus 8293469543970?,17513125606349
What is 7257 plus 8962?,16219
What is 96216853592369 plus 24197979917100?,120414833509469
What is 2210 plus 9673?,11883
What is 79503584333778 plus 11992396863007?,91495981196785
What is 58 plus 48?,106
What is 19445616 plus 83713607?,103159223
What is 632992080287198 plus 798837792306617?,1431829872593815
What is 500421 plus 370037?,870458
What is 623680084836436 plus 868032027321329?,1491712112157765
What is 20131707 plus 26552593?,46684300
What is 50 plus 77?,127
What is 2592065504582 plus 2246598582584?,4838664087166
What is 55892 plus 48683?,104575
What is 9487673974916 plus 6394621202376?,15882295177292
What is 62700 plus 13391?,76091
What is 32356283301258 plus 50363948631300?,82720231932558
What is 1785860 plus 7408332?,9194192
What is 25049306595267 plus 18862963457475?,43912270052742
What is 3685660943528 plus 6050649689623?,9736310633151
What is 6596023 plus 9944336?,16540359
What is 8048958714698 plus 1414995160919?,9463953875617
What is 1584 plus 7268?,8852
What is 6474053057278 plus 5153606892670?,11627659949948
What is 460683 plus 435635?,896318
What is 4479915 plus 2905805?,7385720
What is 879 plus 357?,1236
What is 991777 plus 987449?,1979226
What is 6548 plus 2990?,9538
What is 3635141591 plus 2008780823?,5643922414
What is 790 plus 608?,1398
What is 2129884954678 plus 9949361555655?,12079246510333
What is 25897263110401 plus 82968027192095?,108865290302496
What is 323013 plus 238939?,561952
What is 325145356936 plus 955444553521?,1280589910457
What is 13 plus 64?,77
What is 395134013880 plus 806053708871?,1201187722751
What is 779 plus 704?,1483
What is 4577798 plus 1423406?,6001204
What is 79307023382 plus 36717788473?,116024811855
What is 73 plus 77?,150
What is 577845 plus 645678?,1223523
What is 6510568148380 plus 5738651632639?,12249219781019
What is 68464382407 plus 71026480658?,139490863065
What is 467514 plus 344746?,812260
What is 2802422 plus 4084822?,6887244
What is 10963 plus 79183?,90146
What is 5831 plus 6768?,12599
What is 735100 plus 728317?,1463417
What is 5462487263107 plus 8537950748309?,14000438011416
What is 652978408551 plus 236168787355?,889147195906
What is 90789797118492 plus 28860064443969?,119649861562461
What is 73 plus 45?,118
What is 9627 plus 1224?,10851
What is 381 plus 962?,1343
What is 580 plus 283?,863
What is 2584584052 plus 8948590319?,11533174371
What is 26434714 plus 64142641?,90577355
What is 1509394007535 plus 5720497037627?,7229891045162
What is 81220027659572 plus 82630659637969?,163850687297541
What is 916685218893 plus 334864377873?,1251549596766
What is 6834711 plus 5742383?,12577094
What is 148 plus 648?,796
What is 520656697895020 plus 656789044004849?,1177445741899869
What is 3988 plus 3650?,7638
What is 5464 plus 5545?,11009
What is 748 plus 312?,1060
What is 46902069 plus 18577011?,65479080
What is 41480274383 plus 79486244914?,120966519297
What is 3660 plus 7292?,10952
What is 208 plus 204?,412
What is 55 plus 54?,109
What is 6856451473039 plus 9277001036111?,16133452509150
What is 68778696756 plus 53822025334?,122600722090
What is 64943587840349 plus 21265933601203?,86209521441552
What is 49987 plus 51147?,101134
What is 10702071626 plus 83141036683?,93843108309
What is 436380382 plus 711804629?,1148185011
What is 7010975229 plus 4818689724?,11829664953
What is 5728 plus 1400?,7128
What is 961506051516347 plus 608687304448023?,1570193355964370
What is 8108896781345 plus 9850528012698?,17959424794043
What is 7115447332 plus 1272354651?,8387801983
What is 310666 plus 108861?,419527
What is 126422914460273 plus 476560357594686?,602983272054959
What is 1979546 plus 9637105?,11616651
What is 49 plus 58?,107
What is 7792 plus 6732?,14524
What is 164 plus 468?,632
What is 91800774 plus 73297163?,165097937
What is 90709822487 plus 51642027234?,142351849721
What is 22351221 plus 53253680?,75604901
What is 5651517905202 plus 9111518773535?,14763036678737
What is 9901843 plus 8662066?,18563909
What is 40001287499 plus 91124972674?,131126260173
What is 63167431686 plus 91345261018?,154512692704
What is 584237850923 plus 681394120893?,1265631971816
What is 40038979 plus 76424199?,116463178
What is 582618062 plus 533152573?,1115770635
What is 126580 plus 700398?,826978
What is 7239 plus 6656?,13895
What is 44004845 plus 52760982?,96765827
What is 4958 plus 8497?,13455
What is 1398013683 plus 7421798220?,8819811903
What is 8709477766 plus 6224560807?,14934038573
What is 15372289 plus 14103313?,29475602
What is 284335 plus 397717?,682052
What is 34742 plus 50650?,85392
What is 36129022263 plus 70156569018?,106285591281
What is 4542076752 plus 2410863914?,6952940666
What is 882487501348 plus 904266241701?,1786753743049
What is 8160033940118 plus 2455034474963?,10615068415081
What is 63367 plus 62069?,125436
What is 380937 plus 641929?,1022866
What is 282071405272 plus 283179581953?,565250987225
What is 4541 plus 8180?,12721
What is 809463 plus 333818?,1143281
What is 88870 plus 46998?,135868
What is 6153664 plus 6755796?,12909460
What is 31838974438 plus 10762431719?,42601406157
What is 936468853249172 plus 872735467202147?,1809204320451319
What is 3221 plus 1109?,4330
What is 4747 plus 7646?,12393
What is 5877 plus 2194?,8071
What is 5821426746 plus 7954576432?,13776003178
What is 206454472552949 plus 991931059034430?,1198385531587379
What is 895593368 plus 789025469?,1684618837
What is 13263082845970 plus 59226586764566?,72489669610536
What is 546 plus 972?,1518
What is 56 plus 56?,112
What is 200085390169607 plus 888992869194959?,1089078259364566
What is 1616463 plus 1683133?,3299596
What is 619647022602 plus 256403791102?,876050813704
What is 308691925200929 plus 677785049052894?,986476974253823
What is 25362 plus 49391?,74753
What is 34 plus 41?,75
What is 280502442725 plus 504284209776?,784786652501
What is 5314159984 plus 7260833774?,12574993758
What is 960788582264 plus 895003719316?,1855792301580
What is 53 plus 12?,65
What is 9030795649965 plus 5074888869960?,14105684519925
What is 6693491457325 plus 4850893690845?,11544385148170
What is 1683727954941 plus 5021599905658?,6705327860599
What is 937376 plus 281742?,1219118
What is 94686 plus 45895?,140581
What is 849686 plus 739496?,1589182
What is 49953736831909 plus 54945351573685?,104899088405594
What is 1994598243 plus 9887800173?,11882398416
What is 948335306044893 plus 896185082795165?,1844520388840058
What is 535292 plus 326582?,861874
What is 82648892 plus 17823999?,100472891
What is 868073 plus 818669?,1686742
What is 207736380 plus 681663184?,889399564
What is 7418715 plus 4098963?,11517678
What is 5664298 plus 6431705?,12096003
What is 7312 plus 1753?,9065
What is 41805499569142 plus 17076154959860?,58881654529002
What is 71360 plus 66146?,137506
What is 753778980429242 plus 841554520192227?,1595333500621469
What is 9795017499086 plus 5786080484421?,15581097983507
What is 914881258 plus 433691620?,1348572878
What is 702034224597641 plus 383915605867908?,1085949830465549
What is 27318671 plus 62858443?,90177114
What is 71598 plus 80432?,152030
What is 537591451257745 plus 387935768044472?,925527219302217
What is 45859423373167 plus 87854692170412?,133714115543579
What is 4151 plus 7289?,11440
What is 7664 plus 4905?,12569
What is 131 plus 982?,1113
What is 359935119 plus 923650166?,1283585285
What is 614636 plus 646601?,1261237
What is 497326928 plus 231358092?,728685020
What is 33203841 plus 66981426?,100185267
What is 224 plus 368?,592
What is 515497062319 plus 734496077459?,1249993139778
What is 7633137 plus 6636836?,14269973
What is 52 plus 26?,78
What is 24944944668 plus 50725523425?,75670468093
What is 7097603377901 plus 1414091321859?,8511694699760
What is 78619 plus 53288?,131907
What is 356927223 plus 184997446?,541924669
What is 69760 plus 79368?,149128
What is 4124838055792 plus 6966182010715?,11091020066507
What is 50935438 plus 73032219?,123967657
What is 123633 plus 378433?,502066
What is 6359 plus 9946?,16305
What is 34 plus 48?,82
What is 82174108866015 plus 26719242306178?,108893351172193
What is 2655993040 plus 6956020060?,9612013100
What is 13696673372 plus 33748908820?,47445582192
What is 50918386 plus 52535998?,103454384
What is 281451616428 plus 649253477358?,930705093786
What is 857829477600255 plus 535862652282680?,1393692129882935
What is 39224921060 plus 24113494383?,63338415443
What is 28 plus 56?,84
What is 55031120209364 plus 34119839260188?,89150959469552
What is 16552467530170 plus 38821501844540?,55373969374710
What is 46067 plus 44836?,90903
What is 63 plus 78?,141
What is 49765076657 plus 68891969296?,118657045953
What is 190766624 plus 865904544?,1056671168
What is 78069 plus 37966?,116035
What is 301 plus 580?,881
What is 208390 plus 705616?,914006
What is 3164214123393 plus 7926989063320?,11091203186713
What is 766 plus 382?,1148
What is 11570201478699 plus 70519674611708?,82089876090407
What is 228951575322721 plus 551681496649574?,780633071972295
What is 983450853051 plus 970468129263?,1953918982314
What is 5161 plus 5428?,10589
What is 5301688 plus 7074092?,12375780
What is 14828706436042 plus 68706667145081?,83535373581123
What is 780822 plus 120332?,901154
What is 61445792718285 plus 93227584879457?,154673377597742
What is 76620425 plus 84876751?,161497176
What is 33936724 plus 79771545?,113708269
What is 90566 plus 80698?,171264
What is 6825 plus 4932?,11757
What is 8251443954 plus 9910493417?,18161937371
What is 12959453 plus 91413451?,104372904
What is 74542176 plus 26081427?,100623603
What is 676398861 plus 556266163?,1232665024
What is 962026065 plus 979661136?,1941687201
What is 799 plus 259?,1058
What is 6858366 plus 1194218?,8052584
What is 68896902358400 plus 71563417550057?,140460319908457
What is 443526668435 plus 680036089645?,1123562758080
What is 84845761805 plus 56281921742?,141127683547
What is 97 plus 18?,115
What is 239226885 plus 693045418?,932272303
What is 8412082 plus 4281534?,12693616
What is 4468957 plus 3022676?,7491633
What is 19756 plus 86739?,106495
What is 28714024 plus 82504681?,111218705
What is 284 plus 111?,395
What is 4445 plus 5957?,10402
What is 98 plus 10?,108
What is 751187 plus 428228?,1179415
What is 8609336119 plus 8035283167?,16644619286
What is 99344 plus 52724?,152068
What is 32422 plus 78607?,111029
What is 35824953 plus 57558015?,93382968
What is 129372973011 plus 666945702316?,796318675327
What is 73750 plus 50163?,123913
What is 16818387 plus 53622725?,70441112
What is 749909 plus 194947?,944856
What is 664440317802950 plus 974516658083738?,1638956975886688
What is 50 plus 42?,92
What is 55693550503121 plus 77013401837747?,132706952340868
What is 163461409216678 plus 294709315714037?,458170724930715
What is 5789462 plus 1158453?,6947915
What is 393544984 plus 843790536?,1237335520
What is 32 plus 80?,112
What is 789 plus 901?,1690
What is 30808091483 plus 76190004708?,106998096191
What is 4818341077 plus 8284734983?,13103076060
What is 64057235226744 plus 74880811429775?,138938046656519
What is 254133 plus 297724?,551857
What is 10932601 plus 72215438?,83148039
What is 39043395 plus 25572959?,64616354
What is 792665123 plus 149069434?,941734557
What is 2577 plus 1140?,3717
What is 9410776725 plus 7804046652?,17214823377
What is 67892878561897 plus 97289021801838?,165181900363735
What is 353384 plus 811852?,1165236
What is 8093062481818 plus 9603296644911?,17696359126729
What is 54403172391336 plus 14982720938982?,69385893330318
What is 396 plus 162?,558
What is 593392914943 plus 747592947493?,1340985862436
What is 573 plus 859?,1432
What is 70441547 plus 66274469?,136716016
What is 659848723 plus 282541435?,942390158
What is 35633282 plus 83363656?,118996938
What is 82 plus 95?,177
What is 6701725670938 plus 6079807787133?,12781533458071
What is 22161 plus 74890?,97051
What is 1581728071471 plus 1532019672725?,3113747744196
What is 5305440 plus 3910022?,9215462
What is 77524051 plus 97161617?,174685668
What is 14881 plus 42145?,57026
What is 5244555877452 plus 9324892334471?,14569448211923
What is 1604343150 plus 3849371657?,5453714807
What is 6018800878 plus 3125065020?,9143865898
What is 78048 plus 96639?,174687
What is 640204866817 plus 644323326185?,1284528193002
What is 800 plus 694?,1494
What is 695443199287 plus 932318483570?,1627761682857
What is 2957504519 plus 1954893908?,4912398427
What is 8299 plus 4175?,12474
What is 751181077772695 plus 258116016939346?,1009297094712041
What is 6999002894 plus 5701278902?,12700281796
What is 17936300 plus 47523045?,65459345
What is 5519738956696 plus 5952179665203?,11471918621899
What is 760423 plus 906896?,1667319
What is 591298574 plus 888254464?,1479553038
What is 6152477084 plus 4627843623?,10780320707
What is 14601611361787 plus 91619617494036?,106221228855823
What is 126 plus 971?,1097
What is 541038557214350 plus 618676314302197?,1159714871516547
What is 30242931 plus 67749679?,97992610
What is 28174848469400 plus 77099666501394?,105274514970794
What is 455341184663898 plus 379290676852111?,834631861516009
What is 1627547403235 plus 2880004614110?,4507552017345
What is 65169 plus 27766?,92935
What is 744340982141324 plus 262984041801773?,1007325023943097
What is 2945038472667 plus 8270758340317?,11215796812984
What is 157598461913 plus 340015149827?,497613611740
What is 57221798 plus 44234936?,101456734
What is 32 plus 57?,89
What is 88 plus 85?,173
What is 480 plus 575?,1055
What is 5912788 plus 3605085?,9517873
What is 3145700622 plus 5479115301?,8624815923
What is 71129518781050 plus 19554841198915?,90684359979965
What is 4114284890048 plus 5728742827414?,9843027717462
What is 692410 plus 790994?,1483404
What is 93833623307 plus 85157666791?,178991290098
What is 808337 plus 489933?,1298270
What is 43094 plus 52624?,95718
What is 629086234103795 plus 226896757143101?,855982991246896
What is 4480055 plus 5831427?,10311482
What is 54417542 plus 84433055?,138850597
What is 619867861582809 plus 679400801045975?,1299268662628784
What is 1446580 plus 5889982?,7336562
What is 947262906 plus 343836634?,1291099540
What is 985079 plus 781492?,1766571
What is 347892735700 plus 828639412660?,1176532148360
What is 87081140002330 plus 75969415331525?,163050555333855
What is 635043 plus 509647?,1144690
What is 82573712 plus 81434102?,164007814
What is 46437526447 plus 87801147090?,134238673537
What is 4014811204 plus 9419082240?,13433893444
What is 1126137 plus 5805246?,6931383
What is 68624178321 plus 89133530496?,157757708817
What is 8423704 plus 5328758?,13752462
What is 3842876 plus 7390805?,11233681
What is 21 plus 49?,70
What is 8663605662616 plus 4404196156923?,13067801819539
What is 185165245 plus 371052024?,556217269
What is 5321107817646 plus 2001329345703?,7322437163349
What is 377920 plus 358375?,736295
What is 59175118447 plus 46878307078?,106053425525
What is 481 plus 613?,1094
What is 28738013 plus 12851097?,41589110
What is 1787 plus 1245?,3032
What is 66143 plus 22918?,89061
What is 389163 plus 409584?,798747
What is 93682980301 plus 23291222498?,116974202799
What is 7580224420 plus 6283628010?,13863852430
What is 64665801033905 plus 80994071136350?,145659872170255
What is 934063859256 plus 109153565554?,1043217424810
What is 907098977006761 plus 719934337572010?,1627033314578771
What is 635376 plus 529036?,1164412
What is 94953065041 plus 86178942429?,181132007470
What is 1168794318845 plus 4123573169401?,5292367488246
What is 94362 plus 11763?,106125
What is 181 plus 771?,952
What is 75480841258845 plus 70346969893212?,145827811152057
What is 41556815 plus 23319865?,64876680
What is 974925119695 plus 339629362255?,1314554481950
What is 2276128248 plus 4623108991?,6899237239
What is 175092720 plus 668652010?,843744730
What is 790606623 plus 963050416?,1753657039
What is 378336422 plus 661473001?,1039809423
What is 329681966 plus 512631718?,842313684
What is 386504828956 plus 943794529513?,1330299358469
What is 6214309105 plus 5021001250?,11235310355
What is 44955 plus 61702?,106657
What is 13311 plus 99868?,113179
What is 9660 plus 5709?,15369
What is 630928 plus 433769?,1064697
What is 201836 plus 861415?,1063251
What is 9464084940534 plus 4867706842081?,14331791782615
What is 84045055 plus 76220925?,160265980
What is 406822981 plus 128475261?,535298242
What is 621237335 plus 326277064?,947514399
What is 14539125 plus 60664824?,75203949
What is 5587454490 plus 8390615831?,13978070321
What is 54454085855536 plus 76116852257286?,130570938112822
What is 380 plus 405?,785
What is 289656632563180 plus 730397715341497?,1020054347904677
What is 32349380 plus 63679585?,96028965
What is 314 plus 474?,788
What is 59857614 plus 95235353?,155092967
What is 573097697152741 plus 412249506960122?,985347204112863
What is 58793499596 plus 86456108826?,145249608422
What is 762379692312 plus 366696279749?,1129075972061
What is 8718 plus 9847?,18565
What is 23983501674973 plus 14590359346229?,38573861021202
What is 22271953149 plus 66737728252?,89009681401
What is 89919575375 plus 67904245506?,157823820881
What is 640003 plus 822602?,1462605
What is 81616 plus 90424?,172040
What is 24408626 plus 86249253?,110657879
What is 436959020756813 plus 864483021195595?,1301442041952408
What is 2609920605 plus 7166328041?,9776248646
What is 5820759280 plus 9628723577?,15449482857
What is 766426087431 plus 434760648043?,1201186735474
What is 84565793891 plus 73426406898?,157992200789
What is 982028309419 plus 872446042474?,1854474351893
What is 104560905 plus 264347677?,368908582
What is 707595322045216 plus 768894215163037?,1476489537208253
What is 55872 plus 13660?,69532
What is 1089 plus 9250?,10339
What is 555 plus 623?,1178
What is 3787 plus 4410?,8197
What is 96 plus 37?,133
What is 9632 plus 6493?,16125
What is 253240 plus 445383?,698623
What is 6677175 plus 2038019?,8715194
What is 2176632 plus 7854903?,10031535
What is 641188379829770 plus 889397768617612?,1530586148447382
What is 12290 plus 34015?,46305
What is 597269974932 plus 963725214278?,1560995189210
What is 79733204 plus 19381003?,99114207
What is 276027363024543 plus 516587808796703?,792615171821246
What is 719796 plus 615172?,1334968
What is 760 plus 957?,1717
What is 95 plus 25?,120
What is 328409 plus 360299?,688708
What is 55485 plus 61610?,117095
What is 9904 plus 6247?,16151
What is 9073106186 plus 3194036165?,12267142351
What is 1811 plus 6693?,8504
What is 9906853739 plus 6806482221?,16713335960
What is 159 plus 886?,1045
What is 336073272074 plus 666306809594?,1002380081668
What is 61985 plus 64459?,126444
What is 2660394367328 plus 7877797818020?,10538192185348
What is 30493 plus 45676?,76169
What is 93413654569938 plus 23143361523154?,116557016093092
What is 9730989151 plus 6435397344?,16166386495
What is 79564 plus 46399?,125963
What is 57332741603246 plus 97773102792233?,155105844395479
What is 4070747849 plus 8106479299?,12177227148
What is 76767140329266 plus 53418269856367?,130185410185633
What is 180602239868 plus 949840668056?,1130442907924
What is 8102401120456 plus 7471060714947?,15573461835403
What is 602 plus 823?,1425
What is 76751331652 plus 38377643318?,115128974970
What is 388562565597697 plus 116820372339876?,505382937937573
What is 351 plus 249?,600
What is 6569369 plus 4042404?,10611773
What is 2964158498210 plus 1657966435027?,4622124933237
What is 39562260 plus 93196566?,132758826
What is 944862 plus 213647?,1158509
What is 258147854124 plus 182866924388?,441014778512
What is 2500634996293 plus 1196116766091?,3696751762384
What is 99348537274841 plus 62130716429947?,161479253704788
What is 28523043032376 plus 62271791361269?,90794834393645
What is 2083041468383 plus 1012694628690?,3095736097073
What is 4246367 plus 8794928?,13041295
What is 679865952 plus 343172829?,1023038781
What is 3004 plus 6695?,9699
What is 1838701505717 plus 1592731851719?,3431433357436
What is 40 plus 20?,60
What is 61592462788505 plus 69348307334698?,130940770123203
What is 8523 plus 5295?,13818
What is 628955393788713 plus 621826174219156?,1250781568007869
What is 9745810154665 plus 8959384597447?,18705194752112
What is 467 plus 140?,607
What is 94683861473327 plus 59954239890824?,154638101364151
What is 4703145265 plus 9994069327?,14697214592
What is 78263 plus 51370?,129633
What is 13992044 plus 56474212?,70466256
What is 3472546127118 plus 7411200253313?,10883746380431
What is 64930506 plus 69593670?,134524176
What is 82 plus 39?,121
What is 70524 plus 13079?,83603
What is 73264434 plus 57803836?,131068270
What is 5801320494 plus 3072700815?,8874021309
What is 134673 plus 627879?,762552
What is 47 plus 38?,85
What is 155 plus 809?,964
What is 775142 plus 502348?,1277490
What is 437206393137 plus 299286734599?,736493127736
What is 7834849946677 plus 3809859302530?,11644709249207
What is 713119508089 plus 329067948781?,1042187456870
What is 333264601 plus 995081646?,1328346247
What is 110398 plus 439259?,549657
What is 517742069671 plus 646376713410?,1164118783081
What is 2231869119 plus 4401324590?,6633193709
What is 8918112 plus 3937819?,12855931
What is 66971692542341 plus 12994992295546?,79966684837887
What is 8653286 plus 6711611?,15364897
What is 868175829112 plus 135922905070?,1004098734182
What is 79455 plus 17974?,97429
What is 47837504446783 plus 65111477539048?,112948981985831
What is 381 plus 138?,519
What is 798766755 plus 749094172?,1547860927
What is 91102737887197 plus 46344716409685?,137447454296882
What is 10289918 plus 99793811?,110083729
What is 986717516 plus 875144923?,1861862439
What is 73403478 plus 19828691?,93232169
What is 80 plus 13?,93
What is 626335632166610 plus 367725142569654?,994060774736264
What is 629411 plus 953453?,1582864
What is 932 plus 417?,1349
What is 53648148631 plus 35495818999?,89143967630
What is 1011 plus 3754?,4765
What is 3822345939 plus 6381664829?,10204010768
What is 2591 plus 5248?,7839
What is 2753 plus 1637?,4390
What is 967 plus 451?,1418
What is 3189 plus 5525?,8714
What is 9535 plus 5544?,15079
What is 668540343689276 plus 393371033905203?,1061911377594479
What is 49141013383 plus 38295902789?,87436916172
What is 9896872237 plus 5741071789?,15637944026
What is 35774215701 plus 18082740928?,53856956629
What is 5010985464 plus 2443957340?,7454942804
What is 4970962596 plus 9747401635?,14718364231
What is 20066 plus 95829?,115895
What is 54506812950 plus 19878139539?,74384952489
What is 22169853939 plus 55446808803?,77616662742
What is 961 plus 395?,1356
What is 62 plus 80?,142
What is 3355048026 plus 9825098011?,13180146037
What is 2246714079865 plus 4901238604578?,7147952684443
What is 35964981234 plus 92855837347?,128820818581
What is 713195819080 plus 591496602266?,1304692421346
What is 3552550 plus 9912158?,13464708
What is 59001501873704 plus 88012716367056?,147014218240760
What is 93689801963 plus 27802332260?,121492134223
What is 3390 plus 6136?,9526
What is 66919259400 plus 49016909709?,115936169109
What is 60893735809 plus 47806864048?,108700599857
What is 111 plus 867?,978
What is 64903 plus 13450?,78353
What is 81 plus 27?,108
What is 45921831353840 plus 17779489349713?,63701320703553
What is 1930301417824 plus 7914756584747?,9845058002571
What is 4140337135 plus 9813935661?,13954272796
What is 33762950 plus 30843387?,64606337
What is 56601277703 plus 81848745753?,138450023456
What is 214571484 plus 295647694?,510219178
What is 885 plus 152?,1037
What is 650679494145 plus 265978623825?,916658117970
What is 895329879844 plus 885833808669?,1781163688513
What is 905279566129 plus 456227937359?,1361507503488
What is 4351861405 plus 7124762829?,11476624234
What is 7344468 plus 9224555?,16569023
What is 96045 plus 70783?,166828
What is 874867868 plus 107225442?,982093310
What is 37158928288 plus 76422914559?,113581842847
What is 756172470687966 plus 791463500994502?,1547635971682468
What is 66 plus 94?,160
What is 9627436720841 plus 1966893051853?,11594329772694
What is 608536 plus 982858?,1591394
What is 84810 plus 52046?,136856
What is 18772616182161 plus 70121499560325?,88894115742486
What is 676 plus 388?,1064
What is 37 plus 53?,90
What is 153 plus 210?,363
What is 32011 plus 77981?,109992
What is 24400 plus 34850?,59250
What is 7230 plus 5372?,12602
What is 2677529530 plus 4673318193?,7350847723
What is 94 plus 43?,137
What is 851757834654473 plus 827991213835402?,1679749048489875
What is 895876181941 plus 995470844455?,1891347026396
What is 1042 plus 8009?,9051
What is 86 plus 32?,118
What is 13121443999362 plus 75854184729209?,88975628728571
What is 59958917048857 plus 55818513009031?,115777430057888
What is 23392679019 plus 15697929512?,39090608531
What is 68522 plus 54026?,122548
What is 63426105638529 plus 47016804943053?,110442910581582
What is 644299 plus 886346?,1530645
What is 58598607 plus 45661128?,104259735
What is 30646 plus 41578?,72224
What is 8434340820 plus 4356070041?,12790410861
What is 829 plus 698?,1527
What is 6185853 plus 7699881?,13885734
What is 88249 plus 76150?,164399
What is 10 plus 17?,27
What is 105915779460 plus 793109824370?,899025603830
What is 431398161205379 plus 342225931228739?,773624092434118
What is 817776 plus 230848?,1048624
What is 50519416815 plus 80139250063?,130658666878
What is 6372927 plus 7481320?,13854247
What is 44609805882 plus 83981954894?,128591760776
What is 316653 plus 121268?,437921
What is 39687860 plus 69361876?,109049736
What is 117373368580931 plus 457984705374741?,575358073955672
What is 2434 plus 2097?,4531
What is 9115 plus 6510?,15625
What is 773 plus 163?,936
What is 4132758 plus 2346897?,6479655
What is 419 plus 311?,730
What is 9152001143 plus 7937605245?,17089606388
What is 93127 plus 74164?,167291
What is 3162190371 plus 6584032503?,9746222874
What is 9516550 plus 8604803?,18121353
What is 42648 plus 59114?,101762
What is 134 plus 200?,334
What is 11446994 plus 29636549?,41083543
What is 660706 plus 507530?,1168236
What is 11531 plus 48765?,60296
What is 1215841976261 plus 3991953707699?,5207795683960
What is 402890 plus 715679?,1118569
What is 3556727228053 plus 1137985966197?,4694713194250
What is 17 plus 56?,73
What is 96239039919558 plus 85744353517780?,181983393437338
What is 89257256 plus 57176193?,146433449
What is 429 plus 963?,1392
What is 52080884936945 plus 34685657901759?,86766542838704
What is 489559661348825 plus 498703185278110?,988262846626935
What is 3491083934408 plus 7717604309690?,11208688244098
What is 2447 plus 9880?,12327
What is 2370852543044 plus 1532365615900?,3903218158944
What is 382552 plus 182368?,564920
What is 603 plus 901?,1504
What is 499783361455 plus 582634529024?,1082417890479
What is 92 plus 63?,155
What is 86449822509710 plus 86840667132810?,173290489642520
What is 885596045673 plus 850160432359?,1735756478032
What is 10299997733 plus 52257339499?,62557337232
What is 17913419113 plus 72533008254?,90446427367
What is 67 plus 16?,83
What is 4742 plus 7280?,12022
What is 225170023 plus 641992541?,867162564
What is 545897330 plus 281238249?,827135579
What is 53 plus 62?,115
What is 904 plus 288?,1192
What is 291 plus 153?,444
What is 910390729 plus 812492382?,1722883111
What is 2044 plus 3800?,5844
What is 291848088632 plus 490021283968?,781869372600
What is 62078957422304 plus 47341835927172?,109420793349476
What is 73515453670743 plus 25278288673000?,98793742343743
What is 169324721 plus 618866585?,788191306
What is 9081446264270 plus 9120648070212?,18202094334482
What is 96546 plus 16875?,113421
What is 787 plus 323?,1110
What is 5135357465278 plus 8334956968166?,13470314433444
What is 9442557098 plus 5297905336?,14740462434
What is 4580933 plus 9892352?,14473285
What is 5817 plus 7077?,12894
What is 20116602 plus 57406260?,77522862
What is 891 plus 833?,1724
What is 258077251241913 plus 275437591688445?,533514842930358
What is 618145 plus 414357?,1032502
What is 103533190416874 plus 651364878706873?,754898069123747
What is 82063209 plus 15525739?,97588948
What is 9879402 plus 4851642?,14731044
What is 3094 plus 1542?,4636
What is 79274 plus 15363?,94637
What is 4611 plus 5912?,10523
What is 75453 plus 45062?,120515
What is 856227328 plus 186029468?,1042256796
What is 1477 plus 2009?,3486
What is 3280734 plus 3429945?,6710679
What is 599 plus 259?,858
What is 8073213428 plus 7984223547?,16057436975
What is 37957497 plus 39034231?,76991728
What is 113355317184241 plus 665159214734047?,778514531918288
What is 359243975302 plus 953593791341?,1312837766643
What is 476066968 plus 363405754?,839472722
What is 19446839856243 plus 71521447453391?,90968287309634
What is 6976 plus 6269?,13245
What is 9280785888 plus 5319413174?,14600199062
What is 473855388523 plus 259032014118?,732887402641
What is 273858314754 plus 713161468898?,987019783652
What is 3621759878357 plus 6929437072720?,10551196951077
What is 70 plus 68?,138
What is 24517 plus 17688?,42205
What is 5620281946 plus 2243441676?,7863723622
What is 7067996 plus 5429818?,12497814
What is 30 plus 32?,62
What is 719210475019 plus 464197139894?,1183407614913
What is 43908297 plus 90109099?,134017396
What is 8748434475 plus 7114209687?,15862644162
What is 2241909853 plus 4316676623?,6558586476
What is 26 plus 85?,111
What is 40849249 plus 12337588?,53186837
What is 516758402966941 plus 299454644285952?,816213047252893
What is 89294146317742 plus 64983218413367?,154277364731109
What is 932 plus 415?,1347
What is 99144 plus 73017?,172161
What is 1253 plus 2484?,3737
What is 662849 plus 704941?,1367790
What is 621247355415155 plus 743461287484278?,1364708642899433
What is 493 plus 654?,1147
What is 38290 plus 53515?,91805
What is 8441 plus 7133?,15574
What is 61129657613 plus 55888487902?,117018145515
What is 2889636613 plus 9335052725?,12224689338
What is 75842763 plus 96887128?,172729891
What is 379200744638 plus 967254732868?,1346455477506
What is 96417 plus 63056?,159473
What is 48 plus 44?,92
What is 181952730454944 plus 620675260160478?,802627990615422
What is 2801314 plus 6352750?,9154064
What is 3721414307 plus 8531063177?,12252477484
What is 615102 plus 659950?,1275052
What is 161004085032 plus 859468464195?,1020472549227
What is 3201674118 plus 5856821372?,9058495490
What is 897 plus 813?,1710
What is 8023846853 plus 3933947558?,11957794411
What is 327060379720 plus 290046870825?,617107250545
What is 9856 plus 7942?,17798
What is 1439553971 plus 3511881862?,4951435833
What is 43176952278 plus 82426630570?,125603582848
What is 46485587637 plus 23486979516?,69972567153
What is 835 plus 514?,1349
What is 8111983249 plus 1475618293?,9587601542
What is 210634 plus 349533?,560167
What is 1132507 plus 2393147?,3525654
What is 15826034254492 plus 27802356451890?,43628390706382
What is 92146108 plus 95240587?,187386695
What is 546846639234 plus 155121351804?,701967991038
What is 4355 plus 5459?,9814
What is 601863 plus 741492?,1343355
What is 77827518006879 plus 37521280308292?,115348798315171
What is 39075491679 plus 49560551525?,88636043204
What is 71262947076177 plus 80497505570078?,151760452646255
What is 6325572148 plus 7310843811?,13636415959
What is 382922963159 plus 777502531648?,1160425494807
What is 79044 plus 48243?,127287
What is 207 plus 529?,736
What is 993 plus 214?,1207
What is 12728 plus 37890?,50618
What is 88043 plus 49678?,137721
What is 744 plus 465?,1209
What is 728660172364 plus 854726573737?,1583386746101
What is 65 plus 63?,128
What is 294724012076 plus 560460010252?,855184022328
What is 282586535333 plus 876479586265?,1159066121598
What is 940320837 plus 376991316?,1317312153
What is 322505495068378 plus 413250045847545?,735755540915923
What is 267179 plus 875175?,1142354
What is 80798 plus 73205?,154003
What is 4619 plus 2728?,7347
What is 5411081482246 plus 8873124291500?,14284205773746
What is 203340 plus 127962?,331302
What is 826082918 plus 279556973?,1105639891
What is 17355 plus 76466?,93821
What is 9081879505019 plus 8513974265223?,17595853770242
What is 225759219847 plus 484534507968?,710293727815
What is 42601246 plus 66981127?,109582373
What is 40604698160 plus 95493693995?,136098392155
What is 13999 plus 12108?,26107
What is 4648 plus 2588?,7236
What is 96629 plus 45025?,141654
What is 2375380 plus 5774047?,8149427
What is 188 plus 659?,847
What is 48306408754 plus 83717171479?,132023580233
What is 3863137 plus 4319741?,8182878
What is 5243352 plus 4095621?,9338973
What is 848061752301843 plus 950001277488057?,1798063029789900
What is 350228082 plus 437063603?,787291685
What is 152 plus 383?,535
What is 84301022392563 plus 50282958747684?,134583981140247
What is 47055 plus 33285?,80340
What is 2158428256 plus 5395623230?,7554051486
What is 70238 plus 39544?,109782
What is 56 plus 68?,124
What is 24870 plus 43197?,68067
What is 477 plus 319?,796
What is 37154177 plus 15228146?,52382323
What is 32490827286417 plus 78317705352181?,110808532638598
What is 7301442217200 plus 9123397537732?,16424839754932
What is 8031 plus 4371?,12402
What is 105 plus 127?,232
What is 5100792766 plus 5682107558?,10782900324
What is 52 plus 24?,76
What is 5601 plus 5365?,10966
What is 464868878416 plus 220122091099?,684990969515
What is 43661434302 plus 41284081227?,84945515529
What is 494672947 plus 254460033?,749132980
What is 297188835 plus 714911975?,1012100810
What is 3428238974 plus 6853334714?,10281573688
What is 762988499753 plus 912966214798?,1675954714551
What is 54712773 plus 20912712?,75625485
What is 41589660 plus 13651169?,55240829
What is 58708389175163 plus 47712648817294?,106421037992457
What is 23070 plus 50818?,73888
What is 52751 plus 30760?,83511
What is 5764515215639 plus 4395836413566?,10160351629205
What is 593 plus 669?,1262
What is 461 plus 727?,1188
What is 391255 plus 677481?,1068736
What is 1332418 plus 8398394?,9730812
What is 38329 plus 35688?,74017
What is 54 plus 27?,81
What is 40078 plus 55867?,95945
What is 94999170115137 plus 74550313670916?,169549483786053
What is 641122804 plus 508834661?,1149957465
What is 185677274133172 plus 882957603188848?,1068634877322020
What is 30781 plus 30893?,61674
What is 4357717384456 plus 9525512245515?,13883229629971
What is 944267 plus 624534?,1568801
What is 6435404380293 plus 4802214280107?,11237618660400
What is 468 plus 234?,702
What is 92701984851016 plus 34149375415854?,126851360266870
What is 93433123914 plus 43744085476?,137177209390
What is 576631874542 plus 945946423150?,1522578297692
What is 7071 plus 1388?,8459
What is 32592228906422 plus 64639222916888?,97231451823310
What is 622960109237050 plus 999099605069418?,1622059714306468
What is 5719969524903 plus 1108201655740?,6828171180643
What is 27824887 plus 40837184?,68662071
What is 322937987454 plus 483276067113?,806214054567
What is 8736 plus 8686?,17422
What is 6292490403 plus 8424940197?,14717430600
What is 566276427 plus 790649241?,1356925668
What is 5543453 plus 2598390?,8141843
What is 391009006792 plus 406905645560?,797914652352
What is 77 plus 93?,170
What is 893 plus 287?,1180
What is 4382666346 plus 7548285814?,11930952160
What is 62471441017339 plus 92583212610803?,155054653628142
What is 222734543 plus 758843750?,981578293
What is 3458030 plus 2217628?,5675658
What is 528756491021633 plus 398977131200670?,927733622222303
What is 470155 plus 965554?,1435709
What is 843793448994 plus 766844394232?,1610637843226
What is 657953635 plus 925175480?,1583129115
What is 351722016712 plus 451407600061?,803129616773
What is 647 plus 957?,1604
What is 32 plus 92?,124
What is 739930583974 plus 204975098439?,944905682413
What is 7123129 plus 3128001?,10251130
What is 57622357374780 plus 83941938199978?,141564295574758
What is 584992497022131 plus 657396544960404?,1242389041982535
What is 1836358965 plus 7648077893?,9484436858
What is 19222 plus 75126?,94348
What is 79549 plus 93374?,172923
What is 313 plus 857?,1170
What is 25914550645 plus 23922731455?,49837282100
What is 564722903203 plus 724868286053?,1289591189256
What is 902918560 plus 524923169?,1427841729
What is 58009382060 plus 70383683725?,128393065785
What is 127960 plus 499220?,627180
What is 5745707753 plus 3275689821?,9021397574
What is 499260 plus 171321?,670581
What is 41 plus 79?,120
What is 8769531061 plus 8734011891?,17503542952
What is 4794727026 plus 7251105819?,12045832845
What is 67798039739630 plus 12062235277612?,79860275017242
What is 514855216015 plus 862536819445?,1377392035460
What is 6190 plus 2833?,9023
What is 8694106511819 plus 8911645009378?,17605751521197
What is 2925777 plus 3225132?,6150909
What is 1202546 plus 7392297?,8594843
What is 3960553100 plus 7272765997?,11233319097
What is 9441 plus 2597?,12038
What is 765579 plus 196782?,962361
What is 78937995541291 plus 76269643831553?,155207639372844
What is 4905662070603 plus 1879951725273?,6785613795876
What is 385866445 plus 346323929?,732190374
What is 267418228627751 plus 974319397316730?,1241737625944481
What is 988947667266 plus 157295348301?,1146243015567
What is 553860493 plus 147083866?,700944359
What is 378847665 plus 151268047?,530115712
What is 671626495 plus 570225402?,1241851897
What is 770 plus 172?,942
What is 882505115 plus 661954763?,1544459878
What is 74504 plus 16068?,90572
What is 2404 plus 2722?,5126
What is 54 plus 74?,128
What is 836843194701259 plus 567934167715719?,1404777362416978
What is 85291 plus 78101?,163392
What is 48624415653 plus 28507710994?,77132126647
What is 15276613854741 plus 51511561489987?,66788175344728
What is 6483353578 plus 9460545334?,15943898912
What is 20846266501 plus 98777431013?,119623697514
What is 496243948574455 plus 856651584309328?,1352895532883783
What is 787939120815 plus 588835833728?,1376774954543
What is 197127450385 plus 107060426730?,304187877115
What is 338215133959597 plus 237511740108094?,575726874067691
What is 4176 plus 1967?,6143
What is 5342 plus 4070?,9412
What is 62173972380539 plus 49407739171045?,111581711551584
What is 24 plus 38?,62
What is 7264242943986 plus 4764831974106?,12029074918092
What is 216 plus 510?,726
What is 860 plus 419?,1279
What is 4963 plus 9139?,14102
What is 2517959595388 plus 9009445561545?,11527405156933
What is 739989673 plus 541284451?,1281274124
What is 510043699 plus 994656929?,1504700628
What is 144696890079871 plus 233318673343413?,378015563423284
What is 646386 plus 340738?,987124
What is 605 plus 927?,1532
What is 60150 plus 53814?,113964
What is 2770012 plus 3890918?,6660930
What is 3747591405486 plus 1823737939972?,5571329345458
What is 1530888480120 plus 6902787981299?,8433676461419
What is 3647958113708 plus 3714353283934?,7362311397642
What is 27300763029583 plus 77456238267452?,104757001297035
What is 62156 plus 61022?,123178
What is 13086237 plus 55990064?,69076301
What is 83742646743 plus 55364504962?,139107151705
What is 56569623739 plus 76486188892?,133055812631
What is 8171502613 plus 4401349304?,12572851917
What is 75026333 plus 81166066?,156192399
What is 4667 plus 3722?,8389
What is 25259570 plus 94435036?,119694606
What is 12316 plus 77297?,89613
What is 822 plus 207?,1029
What is 891706260349 plus 105327134640?,997033394989
What is 104 plus 738?,842
What is 627348025 plus 702069588?,1329417613
What is 420079790479 plus 530946930116?,951026720595
What is 1231 plus 6938?,8169
What is 71558059215 plus 51776405582?,123334464797
What is 88925264293 plus 40169130408?,129094394701
What is 14986258 plus 32845096?,47831354
What is 3456758865613 plus 5029595138203?,8486354003816
What is 78619738142719 plus 15758968420148?,94378706562867
What is 8282 plus 6445?,14727
What is 238651 plus 522707?,761358
What is 3507823 plus 6200904?,9708727
What is 64087356507 plus 73339219611?,137426576118
What is 92842 plus 42053?,134895
What is 55 plus 72?,127
What is 720956791 plus 560685973?,1281642764
What is 503392941270044 plus 545484002046451?,1048876943316495
What is 67328 plus 23290?,90618
What is 725571 plus 675970?,1401541
What is 5380791 plus 7764516?,13145307
What is 78882512 plus 83961538?,162844050
What is 9802139879 plus 5194102193?,14996242072
What is 70639 plus 38636?,109275
What is 8188671 plus 6367084?,14555755
What is 50340943231571 plus 72776662007770?,123117605239341
What is 94378010665212 plus 23263363536045?,117641374201257
What is 100038795004659 plus 244381816065963?,344420611070622
What is 138223356 plus 808540883?,946764239
What is 322041 plus 133091?,455132
What is 642053193450 plus 953530777625?,1595583971075
What is 487 plus 223?,710
What is 7899 plus 8399?,16298
What is 58326 plus 82917?,141243
What is 9350190001 plus 9047992022?,18398182023
What is 4584127137 plus 2604592827?,7188719964
What is 47147552041 plus 63424937359?,110572489400
What is 7602066 plus 2200610?,9802676
What is 145149701 plus 564466658?,709616359
What is 5206471026036 plus 6851328387086?,12057799413122
What is 742375 plus 268880?,1011255
What is 13673067931 plus 11275466922?,24948534853
What is 815225466145653 plus 614831249897791?,1430056716043444
What is 4931254013 plus 4255211628?,9186465641
What is 371103 plus 552236?,923339
What is 251416272160298 plus 302541254452018?,553957526612316
What is 1768758161422 plus 3409437158485?,5178195319907
What is 764317249 plus 557099129?,1321416378
What is 218678499892799 plus 610750519090678?,829429018983477
What is 78775445699 plus 66377831641?,145153277340
What is 3904 plus 2323?,6227
What is 359 plus 751?,1110
What is 755607602176 plus 778348497946?,1533956100122
What is 82477108 plus 48208694?,130685802
What is 7728214858500 plus 9566485009735?,17294699868235
What is 220973569725 plus 686638006520?,907611576245
What is 953756 plus 176050?,1129806
What is 157998697500712 plus 606907873391949?,764906570892661
What is 84239 plus 34423?,118662
What is 364228 plus 900653?,1264881
What is 111619537713 plus 758575163670?,870194701383
What is 626006696 plus 529047137?,1155053833
What is 1803190383 plus 1809369854?,3612560237
What is 5478 plus 7709?,13187
What is 794004 plus 348565?,1142569
What is 513480574680 plus 175703597513?,689184172193
What is 14160579567029 plus 97030215998970?,111190795565999
What is 7261 plus 8759?,16020
What is 714305463 plus 412194398?,1126499861
What is 68 plus 42?,110
What is 4472877257199 plus 1234344743004?,5707222000203
What is 488906 plus 495037?,983943
What is 66326 plus 60278?,126604
What is 20267 plus 78913?,99180
What is 42889510908664 plus 60313491198286?,103203002106950
What is 4957 plus 6621?,11578
What is 420412647 plus 957305932?,1377718579
What is 7920465 plus 6270085?,14190550
What is 279239880864 plus 410228543382?,689468424246
What is 625375431994392 plus 542018493190915?,1167393925185307
What is 6581652256514 plus 2220929420085?,8802581676599
What is 912520706743286 plus 973431226625751?,1885951933369037
What is 890302 plus 605467?,1495769
What is 80787224 plus 47355424?,128142648
What is 5835 plus 1278?,7113
What is 34374971 plus 94926226?,129301197
What is 201342000 plus 978332792?,1179674792
What is 493 plus 867?,1360
What is 4850631903065 plus 7980595924881?,12831227827946
What is 94768 plus 20387?,115155
What is 22314256385952 plus 85581994891498?,107896251277450
What is 2988 plus 6633?,9621
What is 8034664 plus 5860860?,13895524
What is 311828 plus 606158?,917986
What is 766008761 plus 187772357?,953781118
What is 1150975635 plus 2371191922?,3522167557
What is 970089 plus 567255?,1537344
What is 658154352 plus 413810236?,1071964588
What is 16693 plus 71817?,88510
What is 9633 plus 7582?,17215
What is 457341688031896 plus 442198683543519?,899540371575415
What is 3463615146139 plus 4484832117724?,7948447263863
What is 4450276912 plus 5780343030?,10230619942
What is 948741259932444 plus 856903269516560?,1805644529449004
What is 829477140693752 plus 482614426502212?,1312091567195964
What is 169318 plus 901002?,1070320
What is 9549509233 plus 2100756934?,11650266167
What is 88016591156 plus 89354546769?,177371137925
What is 28 plus 83?,111
What is 978643199 plus 439219685?,1417862884
What is 6564 plus 6790?,13354
What is 54993154 plus 98065570?,153058724
What is 70 plus 94?,164
What is 973677893824397 plus 633052487052436?,1606730380876833
What is 158650 plus 667414?,826064
What is 89820251 plus 86621838?,176442089
What is 390983985699 plus 874902534088?,1265886519787
What is 64 plus 16?,80
What is 54790991 plus 85115792?,139906783
What is 83842219733 plus 52328051397?,136170271130
What is 887 plus 908?,1795
What is 32571320886063 plus 43852256062934?,76423576948997
What is 662298478910220 plus 318981322509231?,981279801419451
What is 967592625108 plus 620402148334?,1587994773442
What is 738 plus 786?,1524
What is 86955 plus 40065?,127020
What is 50946385472 plus 42440795528?,93387181000
What is 31 plus 57?,88
What is 353886272467313 plus 222151687151108?,576037959618421
What is 377 plus 113?,490
What is 3389838934 plus 4568863139?,7958702073
What is 475287352703 plus 923589436849?,1398876789552
What is 6848 plus 7201?,14049
What is 50345666376 plus 47022544862?,97368211238
What is 13 plus 66?,79
What is 3561 plus 7108?,10669
What is 12814 plus 90507?,103321
What is 628838342202 plus 480280703874?,1109119046076
What is 5138080 plus 1029110?,6167190
What is 361784625 plus 501747254?,863531879
What is 97668171841 plus 91361236163?,189029408004
What is 9700 plus 7184?,16884
What is 61 plus 53?,114
What is 39232610265 plus 72001459640?,111234069905
What is 80508495696635 plus 16746994315489?,97255490012124
What is 809937253 plus 454831437?,1264768690
What is 6432352522612 plus 6654790350101?,13087142872713
What is 16467222245753 plus 62958668809551?,79425891055304
What is 3307391799992 plus 2339347544614?,5646739344606
What is 424468 plus 155549?,580017
What is 59 plus 75?,134
What is 81956 plus 98785?,180741
What is 5437 plus 4760?,10197
What is 30869317403 plus 32624082952?,63493400355
What is 903 plus 966?,1869
What is 9322129628204 plus 7526275384319?,16848405012523
What is 70430695821769 plus 73771134158209?,144201829979978
What is 31494612396681 plus 56052100934898?,87546713331579
What is 320410689679 plus 486302032723?,806712722402
What is 20666587394 plus 40584227882?,61250815276
What is 64 plus 40?,104
What is 335177342 plus 956242187?,1291419529
What is 8144463769954 plus 1819971611168?,9964435381122
What is 314508 plus 490566?,805074
What is 271 plus 105?,376
What is 414208 plus 712643?,1126851
What is 84722270 plus 62892334?,147614604
What is 5797213416 plus 2875607543?,8672820959
What is 648 plus 687?,1335
What is 46697253275 plus 87636662570?,134333915845
What is 90838 plus 27046?,117884
What is 9665268831 plus 5644482233?,15309751064
What is 9774 plus 8859?,18633
What is 373146 plus 439712?,812858
What is 3015059 plus 4764243?,7779302
What is 969630461150538 plus 994874736045297?,1964505197195835
What is 19 plus 44?,63
What is 47 plus 81?,128
What is 36196 plus 80585?,116781
What is 312259969594992 plus 282068686824619?,594328656419611
What is 5800154949764 plus 1269842329603?,7069997279367
What is 1879918986 plus 6949275643?,8829194629
What is 547507488249 plus 856774131018?,1404281619267
What is 75762 plus 99080?,174842
What is 3097018 plus 7620603?,10717621
What is 864931586947206 plus 602179350049496?,1467110936996702
What is 25 plus 13?,38
What is 9859150961422 plus 5092749798319?,14951900759741
What is 8359895 plus 4415448?,12775343
What is 58651 plus 87844?,146495
What is 48644343648973 plus 40072928157848?,88717271806821
What is 490273592 plus 878978065?,1369251657
What is 846 plus 501?,1347
What is 5195327914 plus 6620569737?,11815897651
What is 177886427045760 plus 447063070185278?,624949497231038
What is 72638299680086 plus 74102770609477?,146741070289563
What is 2680723845 plus 1532868419?,4213592264
What is 24802297214400 plus 82232135811220?,107034433025620
What is 50837839 plus 86956649?,137794488
What is 107733934 plus 394443767?,502177701
What is 97177 plus 66388?,163565
What is 252703810517480 plus 145932052736399?,398635863253879
What is 7828241 plus 9771065?,17599306
What is 287 plus 321?,608
What is 4153 plus 4717?,8870
What is 467813349821 plus 490145125209?,957958475030
What is 79 plus 11?,90
What is 9038218785339 plus 7531337453082?,16569556238421
What is 251193 plus 480779?,731972
What is 97 plus 18?,115
What is 1680124187 plus 2952734117?,4632858304
What is 6765247930 plus 3265897856?,10031145786
What is 748549054514631 plus 579539870720600?,1328088925235231
What is 5865 plus 3807?,9672
What is 8913711 plus 6672638?,15586349
What is 280355969154485 plus 841338195401626?,1121694164556111
What is 578 plus 821?,1399
What is 7583529 plus 8963995?,16547524
What is 1419141169336 plus 9704299302574?,11123440471910
What is 51 plus 32?,83
What is 591364130 plus 893870403?,1485234533
What is 91417280 plus 87552972?,178970252
What is 87068670 plus 82072471?,169141141
What is 161988565327 plus 777987676381?,939976241708
What is 57929715 plus 51945532?,109875247
What is 891121752 plus 405096815?,1296218567
What is 1935 plus 8998?,10933
What is 3921286120 plus 5485569289?,9406855409
What is 467494 plus 217777?,685271
What is 340177869 plus 496409294?,836587163
What is 4900650 plus 7785913?,12686563
What is 8670 plus 1992?,10662
What is 5579470430808 plus 8518573860858?,14098044291666
What is 10478745712 plus 64467504274?,74946249986
What is 92286161592 plus 36397095097?,128683256689
What is 4319672 plus 2102802?,6422474
What is 672924024295 plus 286852378153?,959776402448
What is 155 plus 225?,380
What is 713957753874 plus 766766552687?,1480724306561
What is 80501247 plus 24881226?,105382473
What is 720475116832 plus 541011687011?,1261486803843
What is 989469968 plus 487673710?,1477143678
What is 439822033970349 plus 439915643072596?,879737677042945
What is 7588483672 plus 6492670265?,14081153937
What is 84 plus 84?,168
What is 549129169484 plus 693828981993?,1242958151477
What is 289830 plus 389937?,679767
What is 35422 plus 82715?,118137
What is 550392943 plus 518815355?,1069208298
What is 337 plus 190?,527
What is 94081 plus 47514?,141595
What is 890916424743 plus 666917547761?,1557833972504
What is 265201125156659 plus 698617491637355?,963818616794014
What is 66906522 plus 36376525?,103283047
What is 20994883931 plus 17256339006?,38251222937
What is 95320185 plus 86028771?,181348956
What is 50336 plus 67561?,117897
What is 984857 plus 184360?,1169217
What is 10964 plus 19379?,30343
What is 77726550342 plus 39528289009?,117254839351
What is 784 plus 690?,1474
What is 9729726 plus 8197336?,17927062
What is 9222247244029 plus 8687374561903?,17909621805932
What is 976426 plus 514516?,1490942
What is 647832633986593 plus 212598736377737?,860431370364330
What is 574083110 plus 496166309?,1070249419
What is 4704705 plus 8070216?,12774921
What is 7952667 plus 3218612?,11171279
What is 6697885806608 plus 3389019399915?,10086905206523
What is 4615786963313 plus 1446900020222?,6062686983535
What is 34 plus 53?,87
What is 734426369 plus 600867807?,1335294176
What is 71750 plus 70066?,141816
What is 489703627201981 plus 881020129314976?,1370723756516957
What is 5800 plus 2106?,7906
What is 150856504 plus 175899277?,326755781
What is 94309000619458 plus 29995299709645?,124304300329103
What is 74667 plus 56038?,130705
What is 6293216470061 plus 5588185248439?,11881401718500
What is 7886899420304 plus 5285445275805?,13172344696109
What is 7303052202045 plus 4728967155170?,12032019357215
What is 8655 plus 5336?,13991
What is 370945137 plus 552894027?,923839164
What is 979 plus 500?,1479
What is 7830345 plus 3467339?,11297684
What is 246 plus 666?,912
What is 868 plus 266?,1134
What is 683203630 plus 195370955?,878574585
What is 48873 plus 41426?,90299
What is 158220 plus 803979?,962199
What is 8411 plus 6248?,14659
What is 27958 plus 64021?,91979
What is 573798249 plus 561128199?,1134926448
What is 67712367303207 plus 95215563828954?,162927931132161
What is 74628082927 plus 27943733166?,102571816093
What is 99889856552283 plus 37396987503224?,137286844055507
What is 65692412835939 plus 41651687220766?,107344100056705
What is 3717 plus 2511?,6228
What is 7043475940 plus 2301337276?,9344813216
What is 69472 plus 59720?,129192
What is 364577536047162 plus 845736898944150?,1210314434991312
What is 572027542892959 plus 664196669387568?,1236224212280527
What is 40628683212 plus 94426375195?,135055058407
What is 782446719256683 plus 234917190452832?,1017363909709515
What is 4162138747 plus 8696531256?,12858670003
What is 34093640892 plus 16137141496?,50230782388
What is 3042268981 plus 2443219110?,5485488091
What is 150 plus 297?,447
What is 88050792 plus 86429130?,174479922
What is 20140963474 plus 26468258390?,46609221864
What is 75559695706 plus 97671804283?,173231499989
What is 476194 plus 353777?,829971
What is 3041500580 plus 8020604409?,11062104989
What is 9073 plus 2139?,11212
What is 55302719048 plus 79375080239?,134677799287
What is 6520541 plus 6414703?,12935244
What is 562315 plus 935380?,1497695
What is 67 plus 19?,86
What is 2347901 plus 6360628?,8708529
What is 187284135389 plus 109910582946?,297194718335
What is 175127226033 plus 639871628659?,814998854692
What is 129253800628 plus 873101519967?,1002355320595
What is 101601849 plus 474667233?,576269082
What is 8539303 plus 7027248?,15566551
What is 56545647239461 plus 70750964276957?,127296611516418
What is 690264326 plus 903900298?,1594164624
What is 974 plus 148?,1122
What is 60 plus 37?,97
What is 85783365551 plus 45512587538?,131295953089
What is 20542125 plus 85089017?,105631142
What is 7034050255931 plus 6837881129434?,13871931385365
What is 5598832498 plus 9402248186?,15001080684
What is 6630007 plus 3175247?,9805254
What is 163153237 plus 518039747?,681192984
What is 55 plus 47?,102
What is 728280326 plus 984860789?,1713141115
What is 3875 plus 6892?,10767
What is 12064731 plus 45151881?,57216612
What is 5966541393 plus 1185503526?,7152044919
What is 22541461560749 plus 32888133503209?,55429595063958
What is 86834 plus 72700?,159534
What is 477447543 plus 900103934?,1377551477
What is 3547918827431 plus 8725969482236?,12273888309667
What is 22988017 plus 84292786?,107280803
What is 206958089629904 plus 733360070456941?,940318160086845
What is 254568029177 plus 769297969163?,1023865998340
What is 317762 plus 633819?,951581
What is 85582362 plus 98148052?,183730414
What is 4474365972 plus 9698104177?,14172470149
What is 703829715 plus 968128308?,1671958023
What is 246 plus 442?,688
What is 1128215 plus 9455339?,10583554
What is 91 plus 38?,129
What is 2570842 plus 4232234?,6803076
What is 904 plus 850?,1754
What is 5857235323441 plus 6214831892366?,12072067215807
What is 25771252 plus 72100588?,97871840
What is 602663095619 plus 815633894473?,1418296990092
What is 2672977 plus 8003825?,10676802
What is 7034846 plus 2930012?,9964858
What is 86 plus 76?,162
What is 52676996841 plus 48525947745?,101202944586
What is 3840930094 plus 1216759310?,5057689404
What is 4615763171 plus 4783660032?,9399423203
What is 229 plus 450?,679
What is 9983619 plus 5878139?,15861758
What is 28889 plus 62465?,91354
What is 4241925024 plus 6199078658?,10441003682
What is 4149139 plus 5207744?,9356883
What is 43349708 plus 58923435?,102273143
What is 6321735 plus 7632292?,13954027
What is 994426 plus 405843?,1400269
What is 73054340 plus 56085068?,129139408
What is 94 plus 93?,187
What is 733575164683 plus 281560517874?,1015135682557
What is 971735 plus 891500?,1863235
What is 2161761833086 plus 3324824145411?,5486585978497
What is 5434 plus 9172?,14606
What is 219121219680 plus 432265923966?,651387143646
What is 82341 plus 82460?,164801
What is 3754499255 plus 5619149749?,9373649004
What is 285973 plus 112512?,398485
What is 733679386571402 plus 946037633436385?,1679717020007787
What is 93698166 plus 98514342?,192212508
What is 316863603902781 plus 404458800876391?,721322404779172
What is 3423952040 plus 1100361639?,4524313679
What is 28 plus 34?,62
What is 64 plus 25?,89
What is 17246828493361 plus 37011735508383?,54258564001744
What is 234 plus 589?,823
What is 57671 plus 98895?,156566
What is 372986059301852 plus 474140007485287?,847126066787139
What is 338 plus 839?,1177
What is 9295956273567 plus 2434100512287?,11730056785854
What is 20855622658 plus 34395237091?,55250859749
What is 1465079847 plus 4729961739?,6195041586
What is 2320988956065 plus 2776636133120?,5097625089185
What is 618101217441595 plus 230784400523185?,848885617964780
What is 8407 plus 2973?,11380
What is 180577754 plus 687206971?,867784725
What is 942116 plus 855751?,1797867
What is 516 plus 476?,992
What is 106 plus 400?,506
What is 905258431 plus 971674122?,1876932553
What is 471445453833394 plus 905803097670113?,1377248551503507
What is 98699824 plus 47540318?,146240142
What is 38431217727841 plus 80501606416583?,118932824144424
What is 8970912264412 plus 7317499297851?,16288411562263
What is 90 plus 28?,118
What is 79348849726 plus 31217497430?,110566347156
What is 522091627 plus 726959006?,1249050633
What is 7744633183 plus 2518394000?,10263027183
What is 85144 plus 91721?,176865
What is 10902511 plus 35602294?,46504805
What is 500721415 plus 109186419?,609907834
What is 5057613990 plus 8591979233?,13649593223
What is 15 plus 89?,104
What is 8573068 plus 3232744?,11805812
What is 62483 plus 89274?,151757
What is 7432 plus 4576?,12008
What is 796892 plus 365165?,1162057
What is 34633790931 plus 72693402301?,107327193232
What is 15096194 plus 52410040?,67506234
What is 41419 plus 47437?,88856
What is 59 plus 62?,121
What is 31 plus 46?,77
What is 536224623815 plus 771051788714?,1307276412529
What is 5300 plus 6703?,12003
What is 250 plus 754?,1004
What is 61 plus 14?,75
What is 5607463953 plus 4988415548?,10595879501
What is 684129271673902 plus 126612163650505?,810741435324407
What is 480356575 plus 466899788?,947256363
What is 72929482 plus 46433252?,119362734
What is 2656 plus 7605?,10261
What is 1568 plus 2022?,3590
What is 500291 plus 647423?,1147714
What is 61641448968 plus 29654867625?,91296316593
What is 658687912111 plus 349061379402?,1007749291513
What is 86238776222516 plus 27968630285615?,114207406508131
What is 207303378560 plus 822225517234?,1029528895794
What is 438131271143529 plus 440631965147016?,878763236290545
What is 104016647602900 plus 369101265669217?,473117913272117
What is 16589524 plus 48781174?,65370698
What is 136725 plus 545239?,681964
What is 3146624635199 plus 3748771256440?,6895395891639
What is 109317 plus 754185?,863502
What is 904783161 plus 988765217?,1893548378
What is 307 plus 492?,799
What is 393391693754915 plus 245920276438976?,639311970193891
What is 838 plus 275?,1113
What is 142107716917112 plus 769837009403294?,911944726320406
What is 9849 plus 8885?,18734
What is 9104304572162 plus 3634960711757?,12739265283919
What is 88215 plus 21312?,109527
What is 3092768552 plus 4683124320?,7775892872
What is 3932074 plus 9354037?,13286111
What is 1458660 plus 2420239?,3878899
What is 592609295923 plus 799034978584?,1391644274507
What is 137 plus 270?,407
What is 499907 plus 915713?,1415620
What is 741870078519254 plus 135457950428596?,877328028947850
What is 6393745205535 plus 2144158862802?,8537904068337
What is 99474519286 plus 13050725361?,112525244647
What is 232792694354961 plus 846788165734852?,1079580860089813
What is 587293241520564 plus 585557519973121?,1172850761493685
What is 39 plus 14?,53
What is 258996783110857 plus 902582537221536?,1161579320332393
What is 98 plus 72?,170
What is 35501 plus 44147?,79648
What is 374905 plus 108768?,483673
What is 543007 plus 837837?,1380844
What is 698489889 plus 958382825?,1656872714
What is 38380399132 plus 61882995111?,100263394243
What is 45 plus 11?,56
What is 7069380751526 plus 4584444042834?,11653824794360
What is 746579936 plus 822559877?,1569139813
What is 68872248253355 plus 73418500248679?,142290748502034
What is 28532 plus 74078?,102610
What is 11058305422 plus 89168247730?,100226553152
What is 145433623 plus 477220657?,622654280
What is 9972540502 plus 1426997711?,11399538213
What is 297461319710 plus 685838235248?,983299554958
What is 65400298067887 plus 52696926944973?,118097225012860
What is 71793549 plus 36750708?,108544257
What is 474823829413 plus 702629146242?,1177452975655
What is 443702270 plus 388470193?,832172463
What is 2906752788972 plus 6825857531934?,9732610320906
What is 453566 plus 837335?,1290901
What is 32533485 plus 42608045?,75141530
What is 8952169200715 plus 9160477046800?,18112646247515
What is 80624952166 plus 89251912336?,169876864502
What is 2659 plus 8496?,11155
What is 3987257059526 plus 3345553164707?,7332810224233
What is 47102848 plus 85643876?,132746724
What is 96503434 plus 47922271?,144425705
What is 5027077 plus 9407131?,14434208
What is 1557 plus 7066?,8623
What is 4576 plus 1224?,5800
What is 15190739075495 plus 31937295055815?,47128034131310
What is 3248 plus 2402?,5650
What is 33 plus 23?,56
What is 4260 plus 9762?,14022
What is 2977349983770 plus 1632765919420?,4610115903190
What is 463829839824490 plus 180972630853523?,644802470678013
What is 793276428 plus 404820767?,1198097195
What is 6324324677 plus 1205827974?,7530152651
What is 459090396019374 plus 985332715702995?,1444423111722369
What is 3659739 plus 8623919?,12283658
What is 380 plus 662?,1042
What is 68915 plus 22608?,91523
What is 484483492 plus 849458904?,1333942396
What is 568812 plus 205584?,774396
What is 32502319768 plus 71572996656?,104075316424
What is 874269 plus 498760?,1373029
What is 30512345165 plus 87455501836?,117967847001
What is 4351273754035 plus 2316590243505?,6667863997540
What is 713072 plus 495395?,1208467
What is 69398848299891 plus 18530316976755?,87929165276646
What is 72185861856 plus 72476603203?,144662465059
What is 20487042349319 plus 53288118266279?,73775160615598
What is 1457 plus 3084?,4541
What is 8467204 plus 7630542?,16097746
What is 615549344619 plus 247155745190?,862705089809
What is 404 plus 604?,1008
What is 66 plus 69?,135
What is 78524 plus 19341?,97865
What is 47218912 plus 44158451?,91377363
What is 43364350634124 plus 49955858632693?,93320209266817
What is 18 plus 38?,56
What is 984127903238307 plus 870106034087441?,1854233937325748
What is 5917054 plus 2733204?,8650258
What is 9362702276 plus 1596671448?,10959373724
What is 906878220328796 plus 759503540761552?,1666381761090348
What is 653 plus 421?,1074
What is 9316459 plus 7227506?,16543965
What is 7883519858 plus 2642338562?,10525858420
What is 53762 plus 44979?,98741
What is 30 plus 19?,49
What is 67072442611 plus 62138363013?,129210805624
What is 463077365769268 plus 967280516919827?,1430357882689095
What is 594211236 plus 283236160?,877447396
What is 22304568 plus 49190373?,71494941
What is 326 plus 254?,580
What is 5356723981610 plus 4949501427413?,10306225409023
What is 96 plus 19?,115
What is 897 plus 754?,1651
What is 9186026016936 plus 8664225667712?,17850251684648
What is 280 plus 939?,1219
What is 43 plus 21?,64
What is 68 plus 81?,149
What is 13761 plus 93267?,107028
What is 934556184 plus 183102321?,1117658505
What is 74331303559 plus 26208489910?,100539793469
What is 7930 plus 1435?,9365
What is 493235630825707 plus 287502038248009?,780737669073716
What is 23036169748 plus 62965516010?,86001685758
What is 699774843 plus 477919181?,1177694024
What is 9806635547154 plus 7044471269082?,16851106816236
What is 715051659 plus 998608169?,1713659828
What is 56498 plus 26178?,82676
What is 815944947985605 plus 462864316820409?,1278809264806014
What is 7927952 plus 9376942?,17304894
What is 9671588125 plus 8558966741?,18230554866
What is 382508060 plus 549973413?,932481473
What is 1307758621595 plus 5799546550365?,7107305171960
What is 23 plus 35?,58
What is 4133062186792 plus 1286294128263?,5419356315055
What is 27 plus 37?,64
What is 9661086 plus 2865599?,12526685
What is 975 plus 659?,1634
What is 75887965920 plus 77215263957?,153103229877
What is 25018840178465 plus 44359237691400?,69378077869865
What is 567998786060 plus 434737863141?,1002736649201
What is 732 plus 611?,1343
What is 292407831576304 plus 179150325345679?,471558156921983
What is 9864708328302 plus 1522757001207?,11387465329509
What is 693 plus 397?,1090
What is 84576 plus 82507?,167083
What is 8084959 plus 7541671?,15626630
What is 515109389588272 plus 965506354080686?,1480615743668958
What is 9669276320 plus 5865189572?,15534465892
What is 810 plus 841?,1651
What is 3389906682 plus 2133277310?,5523183992
What is 186321 plus 476262?,662583
What is 125 plus 708?,833
What is 551 plus 422?,973
What is 58519629 plus 28826733?,87346362
What is 5700 plus 4190?,9890
What is 75850011315 plus 52356308182?,128206319497
What is 435 plus 119?,554
What is 6688024761 plus 3721561758?,10409586519
What is 737803177341 plus 533328791430?,1271131968771
What is 1564673 plus 5158425?,6723098
What is 62125843446046 plus 68348233582315?,130474077028361
What is 83007511 plus 12099133?,95106644
What is 477158 plus 748187?,1225345
What is 55188524 plus 34383690?,89572214
What is 5850573432 plus 5429825322?,11280398754
What is 1640 plus 7721?,9361
What is 1908819711759 plus 1981956645557?,3890776357316
What is 36 plus 79?,115
What is 28 plus 22?,50
What is 11974 plus 34847?,46821
What is 56012333830 plus 24395490822?,80407824652
What is 58 plus 32?,90
What is 98350550 plus 55357038?,153707588
What is 27795 plus 17880?,45675
What is 5749966606 plus 9058414139?,14808380745
What is 25446931048 plus 26933423364?,52380354412
What is 4716 plus 7371?,12087
What is 17963954159 plus 18567264503?,36531218662
What is 68630102428 plus 32452896465?,101082998893
What is 28420411874583 plus 58420726450319?,86841138324902
What is 9062 plus 7781?,16843
What is 86544016 plus 99675354?,186219370
What is 359895446332712 plus 379215234926401?,739110681259113
What is 78004727178341 plus 33956091177931?,111960818356272
What is 4942244640617 plus 4283323212315?,9225567852932
What is 76412109101 plus 32440785841?,108852894942
What is 98 plus 43?,141
What is 33071701 plus 68822498?,101894199
What is 310608683121140 plus 109524674731217?,420133357852357
What is 337840 plus 228305?,566145
What is 298891551160034 plus 677096099126055?,975987650286089
What is 85488793499 plus 24532176430?,110020969929
What is 15344 plus 53927?,69271
What is 2166312076 plus 9006936810?,11173248886
What is 731695122596 plus 581693749980?,1313388872576
What is 193 plus 384?,577
What is 7211 plus 5010?,12221
What is 3961862437 plus 9729662101?,13691524538
What is 5821508812191 plus 8208098185285?,14029606997476
What is 423662769767 plus 118224488252?,541887258019
What is 55037 plus 78571?,133608
What is 5262993 plus 9834098?,15097091
What is 361887231615 plus 697879547113?,1059766778728
What is 84448733788936 plus 37474857787622?,121923591576558
What is 96412441267 plus 83098527188?,179510968455
What is 85952877 plus 78112963?,164065840
What is 34370 plus 54600?,88970
What is 51935885063341 plus 45858995160748?,97794880224089
What is 504 plus 328?,832
What is 741350 plus 805857?,1547207
What is 285279988649 plus 307980531108?,593260519757
What is 69855 plus 24264?,94119
What is 85551933914465 plus 32467852795907?,118019786710372
What is 151148880275135 plus 898738133137977?,1049887013413112
What is 9082857003 plus 2835642907?,11918499910
What is 6636 plus 3277?,9913
What is 964064211 plus 404089768?,1368153979
What is 614838256811 plus 978576878721?,1593415135532
What is 3711 plus 4366?,8077
What is 24845 plus 97154?,121999
What is 729691441 plus 724452298?,1454143739
What is 5916696421445 plus 5379491836874?,11296188258319
What is 39 plus 44?,83
What is 72405 plus 65437?,137842
What is 105486656558096 plus 142836961351139?,248323617909235
What is 586355 plus 206263?,792618
What is 581855409 plus 932038020?,1513893429
What is 660383 plus 354750?,1015133
What is 8257 plus 7150?,15407
What is 789 plus 547?,1336
What is 155146 plus 577370?,732516
What is 55 plus 74?,129
What is 28923011847130 plus 37156139670509?,66079151517639
What is 8485115865197 plus 2150718480520?,10635834345717
What is 742813 plus 847369?,1590182
What is 42969291378 plus 27794998830?,70764290208
What is 7529471 plus 2691948?,10221419
What is 545539567006733 plus 415706117939997?,961245684946730
What is 191512 plus 396629?,588141
What is 73 plus 96?,169
What is 536529093263 plus 132981716731?,669510809994
What is 29361460638016 plus 11761935205540?,41123395843556
What is 69558514713 plus 49997912413?,119556427126
What is 1430 plus 3263?,4693
What is 290293 plus 185383?,475676
What is 401475182655439 plus 877135993705675?,1278611176361114
What is 7300 plus 4767?,12067
What is 75909412 plus 48009597?,123919009
What is 58 plus 11?,69
What is 807318 plus 543993?,1351311
What is 2152879 plus 5490471?,7643350
What is 83779 plus 81177?,164956
What is 19444280 plus 84378514?,103822794
What is 1839833 plus 3183275?,5023108
What is 882 plus 233?,1115
What is 215865732632 plus 615033046837?,830898779469
What is 81 plus 32?,113
What is 10080943162 plus 74810284390?,84891227552
What is 231053455385914 plus 357058470284079?,588111925669993
What is 176085461687408 plus 559693522474310?,735778984161718
What is 6924 plus 7588?,14512
What is 59225555963 plus 59616633152?,118842189115
What is 3887 plus 1693?,5580
What is 4335 plus 8738?,13073
What is 308731675074147 plus 648759142335479?,957490817409626
What is 736202 plus 310406?,1046608
What is 764521 plus 307384?,1071905
What is 6669 plus 6821?,13490
What is 13727 plus 20634?,34361
What is 199423623720299 plus 337536338607447?,536959962327746
What is 3745 plus 4760?,8505
What is 821806 plus 528640?,1350446
What is 76366337298 plus 41181925443?,117548262741
What is 6906579 plus 8783992?,15690571
What is 8928 plus 2535?,11463
What is 830 plus 170?,1000
What is 35828368 plus 88019304?,123847672
What is 33760926296550 plus 85900702529694?,119661628826244
What is 45 plus 74?,119
What is 57441876109 plus 82839347115?,140281223224
What is 98 plus 25?,123
What is 1015909370566 plus 3426112135764?,4442021506330
What is 355347270145334 plus 911482312019678?,1266829582165012
What is 355799924 plus 167140845?,522940769
What is 273249 plus 668351?,941600
What is 824 plus 231?,1055
What is 1404485888 plus 5308769739?,6713255627
What is 23 plus 63?,86
What is 261242736782 plus 479352399693?,740595136475
What is 117535169 plus 956363464?,1073898633
What is 50772468 plus 33674391?,84446859
What is 26722594 plus 20715870?,47438464
What is 82626888 plus 68926125?,151553013
What is 43431727969904 plus 17571691150446?,61003419120350
What is 780 plus 957?,1737
What is 6488423143 plus 5806177879?,12294601022
What is 90710 plus 30824?,121534
What is 2173712 plus 6230234?,8403946
What is 820 plus 783?,1603
What is 1537905151034 plus 9909498653786?,11447403804820
What is 19090896855 plus 73661808397?,92752705252
What is 8213413243 plus 5256150478?,13469563721
What is 5051629454 plus 9428320935?,14479950389
What is 99 plus 61?,160
What is 13026 plus 40664?,53690
What is 211 plus 729?,940
What is 170 plus 449?,619
What is 11280 plus 16725?,28005
What is 639941884542 plus 275373805319?,915315689861
What is 88915 plus 90547?,179462
What is 559235853261 plus 416476242676?,975712095937
What is 237309478905 plus 131771851966?,369081330871
What is 5876 plus 6155?,12031
What is 920280 plus 323238?,1243518
What is 10444 plus 86727?,97171
What is 88393 plus 28466?,116859
What is 1589 plus 7484?,9073
What is 3003 plus 5259?,8262
What is 4035966371 plus 8715745680?,12751712051
What is 1673825073 plus 4694138411?,6367963484
What is 893594034756 plus 543186276143?,1436780310899
What is 8897587340 plus 8723189823?,17620777163
What is 475428225641729 plus 105760414491649?,581188640133378
What is 67914755013687 plus 33071696714360?,100986451728047
What is 71 plus 48?,119
What is 939570 plus 154612?,1094182
What is 99140578471120 plus 46069352328088?,145209930799208
What is 40058155946 plus 94904373069?,134962529015
What is 907290 plus 161130?,1068420
What is 9864 plus 7720?,17584
What is 1569411727 plus 3237860739?,4807272466
What is 1824 plus 3236?,5060
What is 8598187133 plus 9419692356?,18017879489
What is 912329461 plus 619841982?,1532171443
What is 497048702 plus 266254521?,763303223
What is 134180 plus 691096?,825276
What is 1079597818809 plus 9043952431335?,10123550250144
What is 162598700 plus 504503954?,667102654
What is 9449572228 plus 1784667371?,11234239599
What is 1254899368681 plus 9607957572812?,10862856941493
What is 640951850488268 plus 236441298626752?,877393149115020
What is 6140658 plus 4990286?,11130944
What is 237 plus 269?,506
What is 6615105879 plus 1999427135?,8614533014
What is 7332050034 plus 8926119344?,16258169378
What is 4569857 plus 4438989?,9008846
What is 555822751909 plus 718953206672?,1274775958581
What is 770467078646 plus 503778166545?,1274245245191
What is 280295007060 plus 237616685463?,517911692523
What is 91227095 plus 52805632?,144032727
What is 2626401256039 plus 9558749703465?,12185150959504
What is 172017013974326 plus 103307539830178?,275324553804504
What is 7064 plus 6307?,13371
What is 33536321881363 plus 86741240979281?,120277562860644
What is 78065715999 plus 64734490277?,142800206276
What is 509971910 plus 242539470?,752511380
What is 46277359406 plus 56315057587?,102592416993
What is 257486152858 plus 522666133148?,780152286006
What is 38437321106813 plus 84038438612871?,122475759719684
What is 88901781 plus 69122264?,158024045
What is 11 plus 42?,53
What is 596 plus 820?,1416
What is 22612758 plus 22283653?,44896411
What is 521163014297 plus 604425126822?,1125588141119
What is 41540 plus 52578?,94118
What is 41673 plus 20194?,61867
What is 604013106 plus 779872015?,1383885121
What is 7292435931253 plus 2827821243173?,10120257174426
What is 2761554551 plus 9637212975?,12398767526
What is 6322252547838 plus 5529232681856?,11851485229694
What is 2163 plus 5595?,7758
What is 553312 plus 592612?,1145924
What is 18182568655964 plus 97936088086143?,116118656742107
What is 1383530147406 plus 1400852744062?,2784382891468
What is 87381008239945 plus 83165073675291?,170546081915236
What is 7557042179913 plus 8243532368809?,15800574548722
What is 99609 plus 57571?,157180
What is 507406121160291 plus 602803389343829?,1110209510504120
What is 8481 plus 9766?,18247
What is 8985414 plus 2228779?,11214193
What is 709358249 plus 284359019?,993717268
What is 9346480906 plus 8915628144?,18262109050
What is 7941856648 plus 3257631045?,11199487693
What is 518 plus 699?,1217
What is 8422 plus 9019?,17441
What is 63 plus 11?,74
What is 7835759575 plus 4400339839?,12236099414
What is 70 plus 27?,97
What is 1026937861600 plus 2499884270243?,3526822131843
What is 128 plus 383?,511
What is 1578506067 plus 3818146945?,5396653012
What is 828605129752478 plus 902617897733469?,1731223027485947
What is 397636439532 plus 600932974051?,998569413583
What is 758571 plus 566569?,1325140
What is 52355 plus 88451?,140806
What is 38 plus 60?,98
What is 898584833466 plus 891164388584?,1789749222050
What is 3976 plus 5238?,9214
What is 11326464248 plus 34148536965?,45475001213
What is 638155 plus 760700?,1398855
What is 63 plus 45?,108
What is 766027471155 plus 496790129028?,1262817600183
What is 322876 plus 256657?,579533
What is 7520654799 plus 5758227796?,13278882595
What is 2320809876 plus 9683664206?,12004474082
What is 53 plus 24?,77
What is 3989434151909 plus 6735943100386?,10725377252295
What is 519638608 plus 771620388?,1291258996
What is 343449321890092 plus 851573444961694?,1195022766851786
What is 3510030 plus 5561043?,9071073
What is 95930351504484 plus 52186472288040?,148116823792524
What is 719301265 plus 256604435?,975905700
What is 106 plus 424?,530
What is 12600776788824 plus 68438906706769?,81039683495593
What is 276721677248281 plus 613935586265863?,890657263514144
What is 97878119540826 plus 88927715868618?,186805835409444
What is 663429289092 plus 813315556916?,1476744846008
What is 4768102 plus 3776198?,8544300
What is 3000686 plus 7937132?,10937818
What is 78727630034 plus 54461115413?,133188745447
What is 52136825524 plus 94035588494?,146172414018
What is 70614802674 plus 53296981907?,123911784581
What is 8184574 plus 5141746?,13326320
What is 76975344090 plus 81095420580?,158070764670
What is 977691179 plus 403538379?,1381229558
What is 24710 plus 72455?,97165
What is 65002 plus 46185?,111187
What is 112865083125984 plus 292531754314827?,405396837440811
What is 469685389232194 plus 376766139067460?,846451528299654
What is 36966493 plus 69042719?,106009212
What is 357925976 plus 797927190?,1155853166
What is 94372393 plus 74602852?,168975245
What is 723557 plus 847303?,1570860
What is 1896 plus 9315?,11211
What is 317 plus 608?,925
What is 170686 plus 223079?,393765
What is 91539 plus 12234?,103773
What is 816 plus 793?,1609
What is 2030 plus 1933?,3963
What is 542207 plus 912265?,1454472
What is 62031245532 plus 20354235278?,82385480810
What is 968560323249 plus 114109581545?,1082669904794
What is 64183728494 plus 42499218385?,106682946879
What is 280573865 plus 198550982?,479124847
What is 22661506 plus 26744555?,49406061
What is 974 plus 225?,1199
What is 8090 plus 4435?,12525
What is 727676 plus 684073?,1411749
What is 419577560 plus 877906595?,1297484155
What is 30 plus 71?,101
What is 5040213 plus 7483820?,12524033
What is 41 plus 64?,105
What is 73838 plus 49296?,123134
What is 31592767111659 plus 14315469510259?,45908236621918
What is 749 plus 777?,1526
What is 626831335135568 plus 895521729705845?,1522353064841413
What is 544924082798737 plus 143254129010940?,688178211809677
What is 55836 plus 48131?,103967
What is 3232 plus 2047?,5279
What is 1922877347 plus 8459639554?,10382516901
What is 989009 plus 561477?,1550486
What is 87918511 plus 64258428?,152176939
What is 1481219 plus 7521506?,9002725
What is 43362908667 plus 91941888598?,135304797265
What is 126593463 plus 717252528?,843845991
What is 6645211436728 plus 3442857467749?,10088068904477
What is 7111465017 plus 5938583132?,13050048149
What is 883823449 plus 437124305?,1320947754
What is 893670151 plus 244178204?,1137848355
What is 453607981 plus 671937259?,1125545240
What is 108783 plus 190701?,299484
What is 61869943 plus 91121855?,152991798
What is 5998321420 plus 8366351120?,14364672540
What is 69380860 plus 69546544?,138927404
What is 354 plus 936?,1290
What is 6994122075425 plus 5421802362983?,12415924438408
What is 722162560894115 plus 921225154122298?,1643387715016413
What is 226880075364900 plus 774820451724416?,1001700527089316
What is 9160 plus 9712?,18872
What is 366 plus 600?,966
What is 396260739822011 plus 551480146416618?,947740886238629
What is 6044 plus 5860?,11904
What is 78 plus 12?,90
What is 11 plus 30?,41
What is 37 plus 83?,120
What is 911965 plus 283997?,1195962
What is 565 plus 491?,1056
What is 140571912564396 plus 146692911125843?,287264823690239
What is 7864348782901 plus 3515569360602?,11379918143503
What is 8139974250 plus 8368264559?,16508238809
What is 5041246 plus 1109160?,6150406
What is 62142 plus 35958?,98100
What is 49 plus 54?,103
What is 9696031 plus 4864702?,14560733
What is 25747281066 plus 24621151010?,50368432076
What is 249589 plus 349583?,599172
What is 222902 plus 329899?,552801
What is 542974056421 plus 576201161965?,1119175218386
What is 2597027509851 plus 9185447884128?,11782475393979
What is 383 plus 426?,809
What is 81028774658 plus 51012844243?,132041618901
What is 78 plus 61?,139
What is 916964 plus 379054?,1296018
What is 263109138363376 plus 815328583228783?,1078437721592159
What is 7512765269 plus 9863880691?,17376645960
What is 81463783235204 plus 22619180039053?,104082963274257
What is 52819822107702 plus 86515319836808?,139335141944510
What is 392054 plus 656850?,1048904
What is 527182 plus 482388?,1009570
What is 65 plus 48?,113
What is 512247 plus 856064?,1368311
What is 5874680617616 plus 5281876052790?,11156556670406
What is 5216949526 plus 3944353769?,9161303295
What is 56288375173778 plus 34377938734827?,90666313908605
What is 510737 plus 773097?,1283834
What is 380 plus 623?,1003
What is 773151939 plus 579023571?,1352175510
What is 822883 plus 759283?,1582166
What is 873 plus 221?,1094
What is 767 plus 231?,998
What is 1369776867 plus 5856430235?,7226207102
What is 667208484720358 plus 553307399450810?,1220515884171168
What is 5824996266 plus 2311509413?,8136505679
What is 351374405215162 plus 225053366287002?,576427771502164
What is 35567059408 plus 36978649165?,72545708573
What is 166739600826 plus 629607838040?,796347438866
What is 936521077 plus 209008471?,1145529548
What is 7810 plus 7858?,15668
What is 86040799500719 plus 25591238853034?,111632038353753
What is 43232880269 plus 97541457746?,140774338015
What is 15 plus 95?,110
What is 54827194750093 plus 45550904767272?,100378099517365
What is 839316113200686 plus 251386510019799?,1090702623220485
What is 766956053867225 plus 623343085290351?,1390299139157576
What is 12009667 plus 57596124?,69605791
What is 17622994 plus 18330840?,35953834
What is 22865405352 plus 90503913736?,113369319088
What is 87923 plus 94040?,181963
What is 694 plus 104?,798
What is 22735696572 plus 10682065796?,33417762368
What is 3106547110358 plus 8059258707982?,11165805818340
What is 7299824597023 plus 6730238383911?,14030062980934
What is 42 plus 70?,112
What is 99 plus 21?,120
What is 5006139 plus 8121964?,13128103
What is 8101 plus 9849?,17950
What is 233 plus 584?,817
What is 547232727 plus 771937415?,1319170142
What is 671027054529 plus 573307916909?,1244334971438
What is 151126767 plus 609874618?,761001385
What is 872880986547428 plus 487297036558813?,1360178023106241
What is 407597426128707 plus 591801325461486?,999398751590193
What is 80733 plus 53580?,134313
What is 451686911257504 plus 582963146359239?,1034650057616743
What is 57 plus 28?,85
What is 7096 plus 8008?,15104
What is 34511473880470 plus 77726188448029?,112237662328499
What is 91441202488628 plus 22089618102384?,113530820591012
What is 5070727626 plus 2501917074?,7572644700
What is 250355788906 plus 114357219771?,364713008677
What is 537332917591 plus 646005642490?,1183338560081
What is 40359258962580 plus 25350041026974?,65709299989554
What is 1101 plus 2159?,3260
What is 84040 plus 47248?,131288
What is 461511634634 plus 627548575589?,1089060210223
What is 51911573 plus 98239657?,150151230
What is 3800300858 plus 9125599880?,12925900738
What is 528195573039 plus 498681336773?,1026876909812
What is 8935825727 plus 7288941536?,16224767263
What is 5384496 plus 9809421?,15193917
What is 450 plus 165?,615
What is 5189 plus 5012?,10201
What is 7097046915696 plus 1786763722940?,8883810638636
What is 700 plus 771?,1471
What is 4519 plus 5650?,10169
What is 969289477231 plus 438124909986?,1407414387217
What is 357560893 plus 471177100?,828737993
What is 8972849895843 plus 2079606356461?,11052456252304
What is 590070 plus 900428?,1490498
What is 36007 plus 50733?,86740
What is 90702142776887 plus 72719296041560?,163421438818447
What is 6365 plus 1260?,7625
What is 573197385467495 plus 757770585059075?,1330967970526570
What is 79111 plus 48069?,127180
What is 2070569 plus 2223890?,4294459
What is 1635296370597 plus 4706890318570?,6342186689167
What is 2561 plus 8133?,10694
What is 2484097322 plus 6091763364?,8575860686
What is 868 plus 207?,1075
What is 302627278 plus 303999286?,606626564
What is 275 plus 964?,1239
What is 28445 plus 24161?,52606
What is 587974431173774 plus 670658304098032?,1258632735271806
What is 250414 plus 340709?,591123
What is 341290 plus 355891?,697181
What is 9177705 plus 4267116?,13444821
What is 79159441 plus 94999221?,174158662
What is 271 plus 326?,597
What is 464508553847919 plus 833102837042507?,1297611390890426
What is 32 plus 83?,115
What is 76942978 plus 50374035?,127317013
What is 961666676272753 plus 439504347250522?,1401171023523275
What is 355923938755 plus 751075751821?,1106999690576
What is 39 plus 63?,102
What is 30756 plus 94484?,125240
What is 60 plus 99?,159
What is 4165 plus 4026?,8191
What is 282 plus 641?,923
What is 22675730440 plus 27312326114?,49988056554
What is 2764192 plus 8173076?,10937268
What is 530 plus 240?,770
What is 62347144 plus 61156425?,123503569
What is 52035632 plus 60427291?,112462923
What is 940335683 plus 342635285?,1282970968
What is 664989843150 plus 575579771046?,1240569614196
What is 1356 plus 8201?,9557
What is 718202 plus 943028?,1661230
What is 799741049855 plus 239460330307?,1039201380162
What is 21554256 plus 61560193?,83114449
What is 2398399 plus 1619598?,4017997
What is 701174433334813 plus 904184890949568?,1605359324284381
What is 28515620 plus 64522614?,93038234
What is 646 plus 340?,986
What is 9011 plus 8933?,17944
What is 50 plus 36?,86
What is 478255174544755 plus 557856308600002?,1036111483144757
What is 3057940139 plus 7917029316?,10974969455
What is 7013816340671 plus 3257176654724?,10270992995395
What is 7631966 plus 5118715?,12750681
What is 249 plus 205?,454
What is 7392 plus 1415?,8807
What is 1629 plus 8204?,9833
What is 8184 plus 2656?,10840
What is 51179 plus 15309?,66488
What is 8828404885 plus 6426528409?,15254933294
What is 1661582898873 plus 1670256497024?,3331839395897
What is 797 plus 452?,1249
What is 192934 plus 314412?,507346
What is 300 plus 322?,622
What is 84381167270 plus 46353839418?,130735006688
What is 916558 plus 241425?,1157983
What is 2526 plus 2229?,4755
What is 2308144 plus 8177421?,10485565
What is 9247212520502 plus 5686929274294?,14934141794796
What is 303 plus 816?,1119
What is 5855232 plus 3253778?,9109010
What is 75367999894 plus 61831755540?,137199755434
What is 59 plus 16?,75
What is 548 plus 372?,920
What is 989090883246 plus 743879904593?,1732970787839
What is 85245 plus 24151?,109396
What is 88804513570 plus 53346590631?,142151104201
What is 255165 plus 132730?,387895
What is 361 plus 148?,509
What is 51999829 plus 95793042?,147792871
What is 93143 plus 53847?,146990
What is 8996469891353 plus 6570971810629?,15567441701982
What is 20 plus 18?,38
What is 6405347969283 plus 5392003242535?,11797351211818
What is 5277315437 plus 7475493662?,12752809099
What is 26 plus 82?,108
What is 47894 plus 43015?,90909
What is 759131 plus 927383?,1686514
What is 4726 plus 9880?,14606
What is 5239547371850 plus 4832877380721?,10072424752571
What is 27 plus 79?,106
What is 427323 plus 895940?,1323263
What is 56454 plus 91411?,147865
What is 576132 plus 341285?,917417
What is 20821160448 plus 83188229496?,104009389944
What is 31116299 plus 27850139?,58966438
What is 404470329453620 plus 788395219128921?,1192865548582541
What is 302146188188469 plus 866408102428046?,1168554290616515
What is 6645 plus 1010?,7655
What is 81149553324 plus 66083547635?,147233100959
What is 978698233109 plus 527393272358?,1506091505467
What is 572007372852226 plus 930829899749368?,1502837272601594
What is 5695 plus 9250?,14945
What is 45209026177663 plus 46169589012397?,91378615190060
What is 26337916263 plus 19104976139?,45442892402
What is 851623682553 plus 173716291765?,1025339974318
What is 13082395252 plus 55974278249?,69056673501
What is 32201532144 plus 48544635346?,80746167490
What is 65960100908390 plus 28077596018810?,94037696927200
What is 377257275010 plus 629726431234?,1006983706244
What is 58620836821 plus 33923732087?,92544568908
What is 877342 plus 282805?,1160147
What is 93253739988 plus 79497681361?,172751421349
What is 548523750309565 plus 850102058000306?,1398625808309871
What is 33373 plus 78034?,111407
What is 18195464129 plus 61491121045?,79686585174
What is 9930 plus 8785?,18715
What is 268515100954193 plus 808521905917157?,1077037006871350
What is 65732522 plus 81197364?,146929886
What is 85 plus 78?,163
What is 78974929942 plus 45757517033?,124732446975
What is 323707861 plus 386428763?,710136624
What is 81 plus 28?,109
What is 11574531977022 plus 51996599693106?,63571131670128
What is 335765051953941 plus 619280523199412?,955045575153353
What is 92098005570189 plus 83023032431380?,175121038001569
What is 464599459755426 plus 853439466247879?,1318038926003305
What is 2843688914 plus 3882575951?,6726264865
What is 21899820869461 plus 32653334388572?,54553155258033
What is 911017 plus 563776?,1474793
What is 369991 plus 419122?,789113
What is 861193598285820 plus 428917662111227?,1290111260397047
What is 30407731575 plus 67754902292?,98162633867
What is 93581850 plus 92232651?,185814501
What is 703 plus 298?,1001
What is 5163 plus 3194?,8357
What is 631414510889264 plus 177377309352526?,808791820241790
What is 1400672 plus 2179890?,3580562
What is 1499 plus 9506?,11005
What is 64177441 plus 63680765?,127858206
What is 599434263516266 plus 135419161866951?,734853425383217
What is 518 plus 683?,1201
What is 1046633 plus 6132850?,7179483
What is 5324774354378 plus 1402864910896?,6727639265274
What is 752363996 plus 256089559?,1008453555
What is 49 plus 99?,148
What is 78834165296 plus 68715802873?,147549968169
What is 9569181323 plus 5463791135?,15032972458
What is 9634 plus 3291?,12925
What is 83 plus 70?,153
What is 957889 plus 132901?,1090790
What is 60390484 plus 79538606?,139929090
What is 72117 plus 42789?,114906
What is 141815169979 plus 947297609608?,1089112779587
What is 86904915778 plus 53298357233?,140203273011
What is 651055 plus 646998?,1298053
What is 395336656 plus 540160894?,935497550
What is 685447053361 plus 509399324202?,1194846377563
What is 7712 plus 9309?,17021
What is 1966255 plus 3768009?,5734264
What is 248699814 plus 498046958?,746746772
What is 994506573175509 plus 338450907346060?,1332957480521569
What is 8662 plus 3814?,12476
What is 756108908 plus 108845391?,864954299
What is 85359096 plus 14141705?,99500801
What is 365579 plus 794569?,1160148
What is 174 plus 707?,881
What is 4136028 plus 2964133?,7100161
What is 54853632464 plus 60664141402?,115517773866
What is 2144361030 plus 7095553194?,9239914224
What is 845325933405 plus 777591949705?,1622917883110
What is 556108946499215 plus 656030767406014?,1212139713905229
What is 76 plus 78?,154
What is 937114341561 plus 935366113285?,1872480454846
What is 54795435282841 plus 80134667500844?,134930102783685
What is 9567794561853 plus 2859128985639?,12426923547492
What is 17 plus 29?,46
What is 135102 plus 129696?,264798
What is 836 plus 709?,1545
What is 3418623 plus 7905926?,11324549
What is 2029 plus 8890?,10919
What is 747804 plus 149099?,896903
What is 70724684857337 plus 86819052563179?,157543737420516
What is 834 plus 294?,1128
What is 489593 plus 133889?,623482
What is 92483112433 plus 14368209658?,106851322091
What is 20597963 plus 70135578?,90733541
What is 11617 plus 24397?,36014
What is 87810 plus 65312?,153122
What is 747 plus 160?,907
What is 132877 plus 677165?,810042
What is 76768396977 plus 67463081046?,144231478023
What is 2525776332 plus 7221123458?,9746899790
What is 578375431612 plus 426964353885?,1005339785497
What is 283489406 plus 573433019?,856922425
What is 29427 plus 35771?,65198
What is 1671 plus 9746?,11417
What is 3863955360 plus 6734077104?,10598032464
What is 473585 plus 102081?,575666
What is 958 plus 799?,1757
What is 43 plus 24?,67
What is 416536198 plus 981329164?,1397865362
What is 1184360741038 plus 9563129961982?,10747490703020
What is 9616667 plus 6859918?,16476585
What is 62870062963746 plus 86547296190377?,149417359154123
What is 52871 plus 35331?,88202
What is 27197288 plus 15539995?,42737283
What is 723120 plus 417247?,1140367
What is 97 plus 44?,141
What is 4567821640817 plus 5697670988256?,10265492629073
What is 830591210 plus 300846505?,1131437715
What is 23975271512870 plus 85068531927747?,109043803440617
What is 9199 plus 2283?,11482
What is 9043 plus 1177?,10220
What is 126660137 plus 150991789?,277651926
What is 244732942 plus 319613557?,564346499
What is 5493852 plus 5517909?,11011761
What is 7020598628830 plus 9788985971803?,16809584600633
What is 38464461 plus 51006642?,89471103
What is 769598004183 plus 874125974398?,1643723978581
What is 9649 plus 7681?,17330
What is 699 plus 336?,1035
What is 9892968 plus 2802158?,12695126
What is 4571045 plus 7548553?,12119598
What is 66173619623 plus 20484595515?,86658215138
What is 9570 plus 2946?,12516
What is 90314 plus 43901?,134215
What is 10 plus 45?,55
What is 819408594626270 plus 744797940166767?,1564206534793037
What is 50450603056288 plus 29049533802735?,79500136859023
What is 1773409 plus 9737830?,11511239
What is 530322307 plus 230671942?,760994249
What is 50890 plus 99577?,150467
What is 4502 plus 5979?,10481
What is 45818250 plus 15764584?,61582834
What is 91202 plus 61287?,152489
What is 16720076909428 plus 18249897600998?,34969974510426
What is 730 plus 274?,1004
What is 199159 plus 473287?,672446
What is 755516561897089 plus 666409093088910?,1421925654985999
What is 495 plus 264?,759
What is 34 plus 35?,69
What is 39336156575 plus 20585617822?,59921774397
What is 383511 plus 588763?,972274
What is 810260 plus 389341?,1199601
What is 54660031473355 plus 15097930397728?,69757961871083
What is 6366698236 plus 8433830710?,14800528946
What is 57 plus 38?,95
What is 4617107 plus 2775523?,7392630
What is 39499836900452 plus 47475167841466?,86975004741918
What is 8252630 plus 5379993?,13632623
What is 21994498683466 plus 88301570984432?,110296069667898
What is 962878967 plus 995805037?,1958684004
What is 423855265409 plus 895588653759?,1319443919168
What is 66449 plus 10129?,76578
What is 99788 plus 97540?,197328
What is 753628353867 plus 664907741337?,1418536095204
What is 835 plus 361?,1196
What is 50104433705 plus 42039384104?,92143817809
What is 93730 plus 38478?,132208
What is 344970161678 plus 301429195554?,646399357232
What is 458189926403126 plus 825481564304888?,1283671490708014
What is 454503 plus 990060?,1444563
What is 27968254 plus 88062440?,116030694
What is 965852466216 plus 326274867484?,1292127333700
What is 60154911477085 plus 49073119064010?,109228030541095
What is 19580551083628 plus 70436952808300?,90017503891928
What is 7579722 plus 8548374?,16128096
What is 1386904134 plus 6920807802?,8307711936
What is 2450606693 plus 1849432226?,4300038919
What is 39721707931 plus 76228103706?,115949811637
What is 4217922 plus 9436660?,13654582
What is 500688 plus 754707?,1255395
What is 5968582966945 plus 8778218423596?,14746801390541
What is 40065499207980 plus 65453111367977?,105518610575957
What is 6399043790207 plus 9921598484288?,16320642274495
What is 691785393266101 plus 857357630422113?,1549143023688214
What is 657166640953482 plus 208085985496947?,865252626450429
What is 5503 plus 8778?,14281
What is 95420 plus 46325?,141745
What is 289010760609 plus 154876648178?,443887408787
What is 48139061634 plus 29991989401?,78131051035
What is 231824041310065 plus 921204272359833?,1153028313669898
What is 542 plus 505?,1047
What is 5443 plus 4554?,9997
What is 5914014 plus 3704354?,9618368
What is 96 plus 30?,126
What is 296881905096 plus 674515579826?,971397484922
What is 30229 plus 98892?,129121
What is 606513691 plus 126920369?,733434060
What is 9484860752562 plus 6607321871001?,16092182623563
What is 9549 plus 2336?,11885
What is 8567 plus 5682?,14249
What is 52622 plus 22685?,75307
What is 3423 plus 2847?,6270
What is 679048 plus 959536?,1638584
What is 985223185 plus 700360455?,1685583640
What is 804 plus 126?,930
What is 70996736924554 plus 81697725710232?,152694462634786
What is 543790529 plus 890282412?,1434072941
What is 815 plus 577?,1392
What is 43495950 plus 98314788?,141810738
What is 143097062 plus 280025264?,423122326
What is 23469150763 plus 29213695196?,52682845959
What is 81356076781 plus 78214159679?,159570236460
What is 667280 plus 671212?,1338492
What is 16874315 plus 69728368?,86602683
What is 88966303548 plus 45626183984?,134592487532
What is 91280524 plus 52163228?,143443752
What is 552845660110 plus 723521215541?,1276366875651
What is 7761091638 plus 9674371972?,17435463610
What is 1217352 plus 8552773?,9770125
What is 9546337947600 plus 1999513521646?,11545851469246
What is 92576 plus 33287?,125863
What is 18546 plus 85900?,104446
What is 548225 plus 598659?,1146884
What is 13354863623 plus 33599652468?,46954516091
What is 5769276172171 plus 4298432091897?,10067708264068
What is 6572261 plus 6588194?,13160455
What is 502405374072 plus 179605275936?,682010650008
What is 19648909 plus 87181137?,106830046
What is 428 plus 449?,877
What is 638908356283 plus 210879285985?,849787642268
What is 5487518640983 plus 7764879909625?,13252398550608
What is 238694890180 plus 959970478788?,1198665368968
What is 1505 plus 4803?,6308
What is 2229194649 plus 8995135597?,11224330246
What is 878779429013478 plus 539849209635086?,1418628638648564
What is 59737260705 plus 13831415524?,73568676229
What is 788213222744 plus 569965809091?,1358179031835
What is 8370 plus 7769?,16139
What is 31830693 plus 34706439?,66537132
What is 150 plus 239?,389
What is 6791031 plus 3449438?,10240469
What is 99217579786 plus 12541129302?,111758709088
What is 612791455 plus 897069173?,1509860628
What is 53744201 plus 84715058?,138459259
What is 29675928545826 plus 14071298989833?,43747227535659
What is 8432 plus 1517?,9949
What is 75029 plus 13659?,88688
What is 3873 plus 1184?,5057
What is 36758043362573 plus 70418328974740?,107176372337313
What is 385117499 plus 683031896?,1068149395
What is 52 plus 77?,129
What is 25264348763500 plus 27891058269158?,53155407032658
What is 50976 plus 95981?,146957
What is 97339961949 plus 10360811253?,107700773202
What is 2355 plus 5014?,7369
What is 551472425898639 plus 298382243118332?,849854669016971
What is 8895616584756 plus 2158538423728?,11054155008484
What is 1359355 plus 8034507?,9393862
What is 900856 plus 958679?,1859535
What is 4273131 plus 7982110?,12255241
What is 18828 plus 98660?,117488
What is 92297455 plus 99977903?,192275358
What is 16338085216 plus 72639859572?,88977944788
What is 4297643296 plus 2557011294?,6854654590
What is 6481850078739 plus 8483033449791?,14964883528530
What is 798433108490 plus 587568648237?,1386001756727
What is 6794 plus 3697?,10491
What is 651382394250 plus 711827543974?,1363209938224
What is 94905090 plus 98101222?,193006312
What is 38279 plus 14334?,52613
What is 72907 plus 48573?,121480
What is 2509711240 plus 8833177531?,11342888771
What is 50316748257 plus 56428506124?,106745254381
What is 530350 plus 391443?,921793
What is 925646 plus 617284?,1542930
What is 12 plus 90?,102
What is 27578745 plus 85277451?,112856196
What is 61 plus 20?,81
What is 197013617 plus 645554457?,842568074
What is 232628612 plus 386224947?,618853559
What is 713 plus 332?,1045
What is 75714 plus 84088?,159802
What is 59 plus 41?,100
What is 942200709 plus 303391426?,1245592135
What is 437917714884 plus 777747807992?,1215665522876
What is 79 plus 69?,148
What is 618469759 plus 271951518?,890421277
What is 577931540616 plus 288407175363?,866338715979
What is 2756895330 plus 5034962604?,7791857934
What is 147639279742 plus 537042455154?,684681734896
What is 399629453085 plus 677912821490?,1077542274575
What is 73019244 plus 84815634?,157834878
What is 10 plus 69?,79
What is 67 plus 82?,149
What is 74269058146 plus 88382408188?,162651466334
What is 3964941064172 plus 1832285146903?,5797226211075
What is 9455410013241 plus 7200153749858?,16655563763099
What is 61004 plus 41195?,102199
What is 558213189 plus 196754195?,754967384
What is 64675420687770 plus 35970693376444?,100646114064214
What is 270385830852803 plus 704252979969239?,974638810822042
What is 263462500979536 plus 591062528317799?,854525029297335
What is 46921712952 plus 63040772849?,109962485801
What is 1163511212 plus 6567915622?,7731426834
What is 24455250966 plus 60977975094?,85433226060
What is 20 plus 52?,72
What is 3184 plus 3906?,7090
What is 823 plus 605?,1428
What is 654786 plus 912101?,1566887
What is 566 plus 692?,1258
What is 574 plus 467?,1041
What is 176260193057354 plus 724660692403490?,900920885460844
What is 536921206303 plus 587423962770?,1124345169073
What is 2265 plus 5654?,7919
What is 44388897006453 plus 68782791631780?,113171688638233
What is 57547 plus 73701?,131248
What is 58683 plus 44797?,103480
What is 424753299759465 plus 530496276217583?,955249575977048
What is 22102 plus 33289?,55391
What is 7827321 plus 5731795?,13559116
What is 55 plus 94?,149
What is 284191 plus 393524?,677715
What is 1094 plus 3272?,4366
What is 55547370661034 plus 46077098988542?,101624469649576
What is 86344900566 plus 90037607749?,176382508315
What is 680106 plus 170590?,850696
What is 907278850 plus 441307512?,1348586362
What is 309979530977687 plus 878001078329610?,1187980609307297
What is 57493820789926 plus 61687261756966?,119181082546892
What is 673292419531224 plus 263100085182507?,936392504713731
What is 59184386978 plus 14432541463?,73616928441
What is 815 plus 139?,954
What is 431300854461128 plus 477796891619774?,909097746080902
What is 6844460 plus 6650812?,13495272
What is 17 plus 70?,87
What is 68 plus 77?,145
What is 73502719 plus 54256116?,127758835
What is 551 plus 539?,1090
What is 835 plus 568?,1403
What is 3709201697802 plus 7338414932246?,11047616630048
What is 84394997155 plus 67007644221?,151402641376
What is 828821891348543 plus 366674631031517?,1195496522380060
What is 96 plus 69?,165
What is 6155766616767 plus 2888183916613?,9043950533380
What is 3780 plus 2205?,5985
What is 24 plus 32?,56
What is 326414759593501 plus 257402928801629?,583817688395130
What is 86482826 plus 24744732?,111227558
What is 5796 plus 2530?,8326
What is 62905242763 plus 71785559399?,134690802162
What is 42416877887 plus 23737565184?,66154443071
What is 92402091728 plus 48370221912?,140772313640
What is 478148749155237 plus 313032053461539?,791180802616776
What is 584 plus 826?,1410
What is 16501 plus 22930?,39431
What is 3279205148 plus 8691781538?,11970986686
What is 528038 plus 497667?,1025705
What is 92 plus 45?,137
What is 8268 plus 6660?,14928
What is 8678 plus 8988?,17666
What is 586768495225 plus 788032910710?,1374801405935
What is 9136225 plus 4002374?,13138599
What is 5258302 plus 5330981?,10589283
What is 5085368753106 plus 7058792492438?,12144161245544
What is 553890717230380 plus 249537920789705?,803428638020085
What is 3385841 plus 3536511?,6922352
What is 8173096 plus 8403395?,16576491
What is 19132250707680 plus 38321123802044?,57453374509724
What is 197412056 plus 601417841?,798829897
What is 154018 plus 109528?,263546
What is 89589525731 plus 97783603504?,187373129235
What is 2495029210155 plus 1761906603184?,4256935813339
What is 642253969855121 plus 835036846848539?,1477290816703660
What is 6954149 plus 5049901?,12004050
What is 838543942204 plus 830321422658?,1668865364862
What is 7612340 plus 3991781?,11604121
What is 224 plus 400?,624
What is 468597 plus 329870?,798467
What is 53577609 plus 47689145?,101266754
What is 285356187 plus 879692981?,1165049168
What is 95415831 plus 83345924?,178761755
What is 613 plus 862?,1475
What is 2692945385774 plus 8380588497113?,11073533882887
What is 41015343 plus 94892059?,135907402
What is 48285 plus 42790?,91075
What is 739 plus 168?,907
What is 74221504 plus 63756823?,137978327
What is 248276 plus 663722?,911998
What is 61751223 plus 50021761?,111772984
What is 789049739 plus 900114769?,1689164508
What is 487627 plus 345339?,832966
What is 86486137609 plus 36233568718?,122719706327
What is 15919 plus 25461?,41380
What is 703 plus 857?,1560
What is 49516184868 plus 28413806274?,77929991142
What is 3470 plus 3238?,6708
What is 9775084 plus 3779501?,13554585
What is 185152714188251 plus 970218703368058?,1155371417556309
What is 1196 plus 9536?,10732
What is 223 plus 583?,806
What is 385 plus 393?,778
What is 4734 plus 2957?,7691
What is 500369448 plus 723714600?,1224084048
What is 39 plus 26?,65
What is 65744 plus 63759?,129503
What is 895484148985981 plus 180737641516503?,1076221790502484
What is 973649625 plus 275854476?,1249504101
What is 924633653635632 plus 689364245674147?,1613997899309779
What is 257799799 plus 605345687?,863145486
What is 621 plus 522?,1143
What is 7854280091 plus 9680589808?,17534869899
What is 3258693 plus 6522416?,9781109
What is 71723720761242 plus 44716519303860?,116440240065102
What is 629030957075866 plus 295732749670511?,924763706746377
What is 86979783 plus 13383953?,100363736
What is 1427113 plus 3099522?,4526635
What is 527997 plus 968556?,1496553
What is 2873912 plus 7678024?,10551936
What is 788922800 plus 769140059?,1558062859
What is 89 plus 67?,156
What is 2143801403 plus 7214090652?,9357892055
What is 610622561912700 plus 998012833343869?,1608635395256569
What is 56924728987 plus 84850757510?,141775486497
What is 54 plus 33?,87
What is 9203 plus 7696?,16899
What is 5556293636099 plus 9927122458870?,15483416094969
What is 212 plus 807?,1019
What is 6060740285 plus 1045518567?,7106258852
What is 888 plus 296?,1184
What is 9077330865687 plus 8564709273290?,17642040138977
What is 934 plus 923?,1857
What is 84 plus 31?,115
What is 32828340959 plus 46389454042?,79217795001
What is 73652 plus 65933?,139585
What is 4866 plus 1456?,6322
What is 284949 plus 446338?,731287
What is 2648658 plus 6182246?,8830904
What is 71855090703780 plus 69601584746423?,141456675450203
What is 498676202449425 plus 449059896402016?,947736098851441
What is 60037997468 plus 80763839680?,140801837148
What is 4123 plus 4549?,8672
What is 4342380464451 plus 6504738648449?,10847119112900
What is 6506674359804 plus 1113008192785?,7619682552589
What is 84197479 plus 40161530?,124359009
What is 4029 plus 7603?,11632
What is 587736259830398 plus 786552288680259?,1374288548510657
What is 28938381087760 plus 54724486460942?,83662867548702
What is 52691867 plus 82758107?,135449974
What is 916659103619 plus 477593707309?,1394252810928
What is 629648189 plus 327997468?,957645657
What is 519806502706 plus 601064891464?,1120871394170
What is 377833787769900 plus 497155948793609?,874989736563509
What is 34 plus 98?,132
What is 97 plus 27?,124
What is 12842295998 plus 19339757096?,32182053094
What is 701337 plus 452167?,1153504
What is 6637608001 plus 8608669989?,15246277990
What is 893950203 plus 401015977?,1294966180
What is 487124023 plus 916963289?,1404087312
What is 214691189236 plus 335695637316?,550386826552
What is 522486586643360 plus 377842081323629?,900328667966989
What is 632 plus 100?,732
What is 6598511 plus 8246543?,14845054
What is 941 plus 879?,1820
What is 742507 plus 689938?,1432445
What is 6051461 plus 2066736?,8118197
What is 2518 plus 3363?,5881
What is 1953391909 plus 5466521906?,7419913815
What is 37248539403 plus 86246356521?,123494895924
What is 79674937 plus 20364441?,100039378
What is 97945212397652 plus 64218135747022?,162163348144674
What is 4301731422 plus 1824689911?,6126421333
What is 59849836 plus 42521144?,102370980
What is 872570215754 plus 108360336023?,980930551777
What is 158992 plus 774062?,933054
What is 3678 plus 9906?,13584
What is 578356 plus 543830?,1122186
What is 87437 plus 53596?,141033
What is 1290320346 plus 2347693150?,3638013496
What is 740198098496 plus 734138705009?,1474336803505
What is 2669641524853 plus 3543701215924?,6213342740777
What is 590466910390 plus 901771096833?,1492238007223
What is 90 plus 13?,103
What is 7793184537122 plus 6171953654899?,13965138192021
What is 693579852694 plus 892367430178?,1585947282872
What is 186778128 plus 613708834?,800486962
What is 54625 plus 96209?,150834
What is 17441 plus 10338?,27779
What is 34899889363 plus 86695087759?,121594977122
What is 5825074525976 plus 7187445378753?,13012519904729
What is 80979 plus 86959?,167938
What is 9119915 plus 5130669?,14250584
What is 72310265731 plus 16529101339?,88839367070
What is 464457803 plus 775558024?,1240015827
What is 78787333851717 plus 38840768557794?,117628102409511
What is 9352123 plus 6867811?,16219934
What is 738222 plus 554057?,1292279
What is 66697426216975 plus 43853311679548?,110550737896523
What is 59407834755 plus 68326758715?,127734593470
What is 6940 plus 8095?,15035
What is 74339378 plus 54615293?,128954671
What is 59459747053 plus 13605099516?,73064846569
What is 44537 plus 81694?,126231
What is 76081 plus 99265?,175346
What is 90875247891110 plus 63145749281958?,154020997173068
What is 982872751029 plus 511747365881?,1494620116910
What is 9501063487165 plus 6149351606455?,15650415093620
What is 1307036380 plus 4084276015?,5391312395
What is 40231652 plus 37042666?,77274318
What is 3481557808 plus 6935439325?,10416997133
What is 598167523449 plus 212504161236?,810671684685
What is 19 plus 62?,81
What is 26187616935 plus 52128115392?,78315732327
What is 588120 plus 999866?,1587986
What is 10695793804 plus 80787596361?,91483390165
What is 66 plus 58?,124
What is 60807618531 plus 82366030849?,143173649380
What is 95958154259 plus 51848002755?,147806157014
What is 710935 plus 727530?,1438465
What is 366269 plus 677376?,1043645
What is 46933870940 plus 44241847617?,91175718557
What is 155178671221940 plus 204772368033864?,359951039255804
What is 2127 plus 7645?,9772
What is 875947 plus 477888?,1353835
What is 69 plus 94?,163
What is 2678 plus 4338?,7016
What is 4586101919399 plus 2526754659003?,7112856578402
What is 5099 plus 6045?,11144
What is 8417 plus 8581?,16998
What is 353879999139644 plus 339147850642439?,693027849782083
What is 35136042880293 plus 56283917510331?,91419960390624
What is 93111709254662 plus 67118105976236?,160229815230898
What is 7628050225271 plus 2914327414399?,10542377639670
What is 225995 plus 436064?,662059
What is 147 plus 577?,724
What is 634213084855 plus 454711818703?,1088924903558
What is 821635212 plus 186520653?,1008155865
What is 979312804 plus 884919396?,1864232200
What is 3730 plus 4539?,8269
What is 8450418692 plus 1948395034?,10398813726
What is 40518665099 plus 18970343581?,59489008680
What is 921374224263891 plus 889124359479145?,1810498583743036
What is 55451633204 plus 32843580665?,88295213869
What is 978158065635 plus 558253152219?,1536411217854
What is 972 plus 643?,1615
What is 8864084 plus 5346552?,14210636
What is 2327886123595 plus 2124832052613?,4452718176208
What is 3608687262660 plus 5043010364351?,8651697627011
What is 3412 plus 5677?,9089
What is 572336615557 plus 740994541394?,1313331156951
What is 19961 plus 15563?,35524
What is 3383616048 plus 1446362653?,4829978701
What is 3990847013 plus 9970411175?,13961258188
What is 763911361155105 plus 665070674792273?,1428982035947378
What is 15384843 plus 63715666?,79100509
What is 4257 plus 9098?,13355
What is 1161463860 plus 8321699991?,9483163851
What is 517949921 plus 220687172?,738637093
What is 742240779407641 plus 133230623175531?,875471402583172
What is 9118728 plus 6773102?,15891830
What is 34 plus 77?,111
What is 87783303863 plus 96605188995?,184388492858
What is 49467553 plus 27658411?,77125964
What is 174987370 plus 248383582?,423370952
What is 597408 plus 307270?,904678
What is 44407189587520 plus 78495135155796?,122902324743316
What is 639649877940252 plus 924271955398282?,1563921833338534
What is 347722451 plus 648038534?,995760985
What is 7829855640420 plus 1944976712496?,9774832352916
What is 595629744 plus 900577705?,1496207449
What is 4547179 plus 7994357?,12541536
What is 9265 plus 9118?,18383
What is 58200896591 plus 29143740945?,87344637536
What is 738743859116 plus 616007316760?,1354751175876
What is 97477067200782 plus 37211369237971?,134688436438753
What is 145767468720654 plus 361410576899818?,507178045620472
What is 3470251346 plus 5426730997?,8896982343
What is 7817919 plus 5606570?,13424489
What is 622275764621 plus 962011321686?,1584287086307
What is 1601 plus 6350?,7951
What is 201 plus 630?,831
What is 22155588745054 plus 45957030387124?,68112619132178
What is 5504 plus 8490?,13994
What is 468731 plus 834302?,1303033
What is 3073933382 plus 8933141244?,12007074626
What is 754937 plus 737290?,1492227
What is 4456879398 plus 3068593523?,7525472921
What is 70492758747549 plus 77740036320962?,148232795068511
What is 43229477 plus 98596225?,141825702
What is 44722811993060 plus 33679732291494?,78402544284554
What is 138486367969210 plus 621282368226237?,759768736195447
What is 89419269 plus 61632313?,151051582
What is 11246 plus 59348?,70594
What is 5693351 plus 8317090?,14010441
What is 15835880901754 plus 39289471988211?,55125352889965
What is 739064664663 plus 775433637159?,1514498301822
What is 2398 plus 3293?,5691
What is 67 plus 83?,150
What is 216082489887 plus 375653410544?,591735900431
What is 13 plus 99?,112
What is 42217 plus 60859?,103076
What is 541653964116 plus 884599672344?,1426253636460
What is 43262081647 plus 61088738701?,104350820348
What is 1653071 plus 3280793?,4933864
What is 63218103 plus 41902908?,105121011
What is 5700 plus 4499?,10199
What is 775804 plus 287876?,1063680
What is 349 plus 365?,714
What is 61481377902424 plus 17925363980851?,79406741883275
What is 7591 plus 1355?,8946
What is 60887 plus 10632?,71519
What is 86 plus 83?,169
What is 18419 plus 13782?,32201
What is 68481 plus 66997?,135478
What is 442513842 plus 275647663?,718161505
What is 698 plus 745?,1443
What is 888 plus 279?,1167
What is 98 plus 83?,181
What is 151289893001630 plus 885121093002558?,1036410986004188
What is 613512283403 plus 347801488716?,961313772119
What is 817 plus 834?,1651
What is 447426601430942 plus 315652851473320?,763079452904262
What is 49840 plus 48509?,98349
What is 532212 plus 175499?,707711
What is 779781836 plus 439878309?,1219660145
What is 306 plus 755?,1061
What is 9802556587 plus 4398948223?,14201504810
What is 7899513070 plus 1954833032?,9854346102
What is 82424 plus 15330?,97754
What is 7499903601656 plus 9594805180323?,17094708781979
What is 2743796 plus 3380250?,6124046
What is 4007892 plus 3219232?,7227124
What is 9520449 plus 3898374?,13418823
What is 405484967247114 plus 445254046084220?,850739013331334
What is 752937 plus 529723?,1282660
What is 84152067203999 plus 38827120747136?,122979187951135
What is 7978102395873 plus 9305540482662?,17283642878535
What is 4761506974902 plus 7841402609980?,12602909584882
What is 3077022 plus 9924732?,13001754
What is 53606660 plus 56726535?,110333195
What is 18730238 plus 90061371?,108791609
What is 48803 plus 52913?,101716
What is 116117671976 plus 127424960900?,243542632876
What is 73641062074 plus 70681072949?,144322135023
What is 122517976025 plus 231597163620?,354115139645
What is 63836 plus 48820?,112656
What is 93980732110 plus 61002786445?,154983518555
What is 590295413838 plus 859379426388?,1449674840226
What is 4202300015170 plus 2779697062975?,6981997078145
What is 69793634 plus 37284577?,107078211
What is 34094726 plus 34766652?,68861378
What is 8052198796 plus 4995835240?,13048034036
What is 89430 plus 58789?,148219
What is 8505 plus 5469?,13974
What is 744229 plus 406126?,1150355
What is 59 plus 48?,107
What is 741491843764 plus 176373610402?,917865454166
What is 80887241 plus 16705129?,97592370
What is 8096609233 plus 4790849123?,12887458356
What is 35 plus 48?,83
What is 37 plus 27?,64
What is 92990321472187 plus 41865394212192?,134855715684379
What is 56 plus 47?,103
What is 836354285402 plus 658280705425?,1494634990827
What is 567044 plus 911031?,1478075
What is 95 plus 43?,138
What is 4611 plus 8964?,13575
What is 35304119243 plus 10837002814?,46141122057
What is 64 plus 60?,124
What is 75862777 plus 12478476?,88341253
What is 55517386252217 plus 99945791509846?,155463177762063
What is 935 plus 909?,1844
What is 7068497621 plus 5936959649?,13005457270
What is 246 plus 912?,1158
What is 3816 plus 7077?,10893
What is 13649039 plus 55427931?,69076970
What is 8589658462692 plus 9256508401778?,17846166864470
What is 5877 plus 6183?,12060
What is 71845237 plus 46872336?,118717573
What is 772282395339 plus 214911723363?,987194118702
What is 1891699 plus 8025982?,9917681
What is 616339 plus 792618?,1408957
What is 922401357748547 plus 764684075690286?,1687085433438833
What is 106671933021045 plus 229027043450507?,335698976471552
What is 670063364037 plus 205053740771?,875117104808
What is 61836820562748 plus 74163214388557?,136000034951305
What is 9112 plus 5500?,14612
What is 691390094791 plus 368122189032?,1059512283823
What is 3160 plus 9242?,12402
What is 28 plus 99?,127
What is 9325930252 plus 4119832077?,13445762329
What is 794967 plus 767569?,1562536
What is 718307 plus 852966?,1571273
What is 1686131163402 plus 1501079265011?,3187210428413
What is 417646943 plus 656216481?,1073863424
What is 30 plus 70?,100
What is 5179897036129 plus 8844335329047?,14024232365176
What is 8281450142192 plus 8539691212619?,16821141354811
What is 5095722474278 plus 6591140954580?,11686863428858
What is 296069 plus 984614?,1280683
What is 772763800607535 plus 200103224911822?,972867025519357
What is 847356986987358 plus 120302708344801?,967659695332159
What is 166529179039 plus 161324350209?,327853529248
What is 9043285706 plus 8062372069?,17105657775
What is 6616785120 plus 1448605575?,8065390695
What is 1399619834 plus 9040155586?,10439775420
What is 98256 plus 33186?,131442
What is 230211758654127 plus 816973625974644?,1047185384628771
What is 773536322366401 plus 645344497416803?,1418880819783204
What is 59442 plus 11437?,70879
What is 4402786957 plus 4114288998?,8517075955
What is 710664029 plus 501101326?,1211765355
What is 1101178491 plus 2537950483?,3639128974
What is 460202196705 plus 188291996248?,648494192953
What is 72312916 plus 86399093?,158712009
What is 4216543654937 plus 2907926677237?,7124470332174
What is 624878 plus 386474?,1011352
What is 4129526369 plus 2889047484?,7018573853
What is 45566405153807 plus 11438844151212?,57005249305019
What is 52881898 plus 94763163?,147645061
What is 82699724875 plus 98412377706?,181112102581
What is 40928323386424 plus 45040687906740?,85969011293164
What is 8687408988 plus 1482841516?,10170250504
What is 46251846361867 plus 60151093885610?,106402940247477
What is 30627 plus 72959?,103586
What is 26711278 plus 35940981?,62652259
What is 75208362264 plus 17069519210?,92277881474
What is 542670521 plus 791419428?,1334089949
What is 937017 plus 733826?,1670843
What is 833482943032 plus 498072758076?,1331555701108
What is 8990 plus 9104?,18094
What is 2805023 plus 7506879?,10311902
What is 26935 plus 28890?,55825
What is 949 plus 215?,1164
What is 725929726154541 plus 605945522137621?,1331875248292162
What is 83240227 plus 98844427?,182084654
What is 49109143961 plus 22652877637?,71762021598
What is 59379 plus 26124?,85503
What is 163391811615039 plus 477419721242546?,640811532857585
What is 717 plus 527?,1244
What is 9111 plus 4403?,13514
What is 66420253 plus 31821775?,98242028
What is 3140131 plus 3914996?,7055127
What is 57476622969346 plus 10579230714614?,68055853683960
What is 1119395409107 plus 3134401720015?,4253797129122
What is 876511889 plus 151389080?,1027900969
What is 237617809 plus 718716192?,956334001
What is 77229765555 plus 40483738815?,117713504370
What is 923425534926 plus 847683620227?,1771109155153
What is 7324 plus 5662?,12986
What is 88 plus 20?,108
What is 634 plus 765?,1399
What is 218454714278269 plus 846252471054055?,1064707185332324
What is 240 plus 459?,699
What is 376310 plus 359489?,735799
What is 9399801399 plus 8592187179?,17991988578
What is 699277265760 plus 135842320828?,835119586588
What is 66722967595003 plus 46449951462645?,113172919057648
What is 569439184407758 plus 876748076949354?,1446187261357112
What is 3484931 plus 9890192?,13375123
What is 60298 plus 63597?,123895
What is 625 plus 405?,1030
What is 57883497242917 plus 70960253680976?,128843750923893
What is 68313634847320 plus 44575270207033?,112888905054353
What is 626 plus 542?,1168
What is 99 plus 87?,186
What is 6103573638457 plus 8451230034093?,14554803672550
What is 120899203 plus 628893318?,749792521
What is 21148095141384 plus 83778959518873?,104927054660257
What is 66771670 plus 73158849?,139930519
What is 991721198606045 plus 285862260999308?,1277583459605353
What is 29 plus 98?,127
What is 8424965070 plus 4612251975?,13037217045
What is 396725569104 plus 946836124626?,1343561693730
What is 8593404 plus 6934526?,15527930
What is 275044552557 plus 900833049875?,1175877602432
What is 663909860628443 plus 987639342985908?,1651549203614351
What is 261276756 plus 949240281?,1210517037
What is 194 plus 390?,584
What is 4708535 plus 9423836?,14132371
What is 961549372 plus 957622893?,1919172265
What is 5830252960369 plus 7486697866008?,13316950826377
What is 9912743 plus 2280704?,12193447
What is 67106328 plus 38608216?,105714544
What is 10464456002 plus 40528838697?,50993294699
What is 12921595933 plus 30482367868?,43403963801
What is 1916595221 plus 9574028300?,11490623521
What is 935 plus 615?,1550
What is 252121723666 plus 629636280259?,881758003925
What is 796444829 plus 382420865?,1178865694
What is 266154831213 plus 223022603647?,489177434860
What is 687992229435 plus 897549269537?,1585541498972
What is 674394680 plus 137604289?,811998969
What is 6477538742363 plus 6072499115792?,12550037858155
What is 199163536 plus 436115460?,635278996
What is 731720223992 plus 971543099335?,1703263323327
What is 90632866 plus 89356678?,179989544
What is 189607 plus 218732?,408339
What is 6517149534 plus 9341382004?,15858531538
What is 5365881551 plus 9443012568?,14808894119
What is 577608326288 plus 412911121298?,990519447586
What is 515350578462 plus 249285171500?,764635749962
What is 7541539223372 plus 6200419379547?,13741958602919
What is 367384128399975 plus 122504881802679?,489889010202654
What is 54709649 plus 23076503?,77786152
What is 83 plus 95?,178
What is 4514 plus 7361?,11875
What is 56 plus 80?,136
What is 271544768050 plus 484503058384?,756047826434
What is 134626139771995 plus 452700625422195?,587326765194190
What is 1309 plus 7417?,8726
What is 29653653991 plus 56443082179?,86096736170
What is 81363796405 plus 23619934925?,104983731330
What is 855697775 plus 963046263?,1818744038
What is 85312 plus 35850?,121162
What is 5403638728752 plus 5763237140640?,11166875869392
What is 7891151 plus 7005491?,14896642
What is 135 plus 524?,659
What is 227500635551 plus 401742077862?,629242713413
What is 72073299 plus 18371589?,90444888
What is 5608373328 plus 8027324182?,13635697510
What is 4454245 plus 9457872?,13912117
What is 540708512747 plus 550756942689?,1091465455436
What is 3021642 plus 5314380?,8336022
What is 637995534 plus 455482919?,1093478453
What is 81912901867867 plus 13998011282908?,95910913150775
What is 938420 plus 813972?,1752392
What is 968364373933 plus 351609457987?,1319973831920
What is 4190 plus 2088?,6278
What is 24195 plus 94019?,118214
What is 449768378699697 plus 710762875213829?,1160531253913526
What is 951026518440626 plus 672750071487230?,1623776589927856
What is 7055659922835 plus 3121582514806?,10177242437641
What is 930088661 plus 244010064?,1174098725
What is 6856 plus 1308?,8164
What is 34989250432198 plus 28698828690217?,63688079122415
What is 869104636529 plus 666259380740?,1535364017269
What is 1219 plus 5261?,6480
What is 902 plus 588?,1490
What is 7163215130424 plus 5435446137075?,12598661267499
What is 79638511 plus 92774849?,172413360
What is 57776439160018 plus 19976290273028?,77752729433046
What is 643327422613031 plus 840235174209122?,1483562596822153
What is 145181 plus 675348?,820529
What is 47637 plus 38396?,86033
What is 876560633413502 plus 490444235020897?,1367004868434399
What is 273241967 plus 456322377?,729564344
What is 119 plus 263?,382
What is 17406099733 plus 50145523081?,67551622814
What is 201544197164364 plus 518498810070734?,720043007235098
What is 2791664133370 plus 2696004060727?,5487668194097
What is 361023186408 plus 564000989807?,925024176215
What is 4330149964541 plus 4194794055864?,8524944020405
What is 662306208 plus 417794637?,1080100845
What is 594261175321498 plus 339452408952852?,933713584274350
What is 858108751777254 plus 560292080465863?,1418400832243117
What is 42411 plus 79913?,122324
What is 480944176660 plus 181748446673?,662692623333
What is 697 plus 295?,992
What is 882324 plus 444092?,1326416
What is 9908 plus 4906?,14814
What is 306016918 plus 383768495?,689785413
What is 733677535 plus 642264661?,1375942196
What is 463191 plus 345160?,808351
What is 817132433120 plus 351235340734?,1168367773854
What is 898329709 plus 623990656?,1522320365
What is 2894666 plus 9438973?,12333639
What is 230865 plus 229796?,460661
What is 9607 plus 1970?,11577
What is 2211641 plus 7670018?,9881659
What is 72172196111 plus 30712279287?,102884475398
What is 937950167483594 plus 907581868445043?,1845532035928637
What is 5622884703001 plus 7675100866992?,13297985569993
What is 248 plus 856?,1104
What is 8417654 plus 3511880?,11929534
What is 24 plus 65?,89
What is 471 plus 345?,816
What is 60 plus 53?,113
What is 319404353 plus 600941637?,920345990
What is 664206005 plus 624450047?,1288656052
What is 246505750051110 plus 695028914123740?,941534664174850
What is 95 plus 92?,187
What is 952 plus 894?,1846
What is 30 plus 46?,76
What is 66524583967 plus 45852833183?,112377417150
What is 757225 plus 961455?,1718680
What is 42370 plus 10759?,53129
What is 267297434942244 plus 504045804652658?,771343239594902
What is 287895 plus 798419?,1086314
What is 97766463068904 plus 68923514972919?,166689978041823
What is 44 plus 47?,91
What is 7900908672 plus 1586953381?,9487862053
What is 264380949 plus 344018393?,608399342
What is 408636995789877 plus 216779535060775?,625416530850652
What is 4401146295 plus 6260936597?,10662082892
What is 147913 plus 547662?,695575
What is 692957 plus 352450?,1045407
What is 368577889 plus 381836272?,750414161
What is 79 plus 73?,152
What is 4264 plus 8959?,13223
What is 240379 plus 400619?,640998
What is 37 plus 22?,59
What is 147306219009 plus 480304589419?,627610808428
What is 6514983992 plus 6549511861?,13064495853
What is 16887049488835 plus 55294414758716?,72181464247551
What is 45678728 plus 15989025?,61667753
What is 829 plus 377?,1206
What is 333735394 plus 568674932?,902410326
What is 111851051618669 plus 579994674190279?,691845725808948
What is 1603743339 plus 9283990245?,10887733584
What is 686 plus 121?,807
What is 9598632420 plus 8841060104?,18439692524
What is 42184843388 plus 28196572680?,70381416068
What is 202356438876906 plus 734684329438387?,937040768315293
What is 675773 plus 142862?,818635
What is 68282 plus 52783?,121065
What is 645789712 plus 809724736?,1455514448
What is 10 plus 57?,67
What is 7741320263 plus 7972742141?,15714062404
What is 103621626906442 plus 777786967754032?,881408594660474
What is 489188199929317 plus 279286151520149?,768474351449466
What is 42356028522866 plus 67990389926552?,110346418449418
What is 1749534156 plus 2729615212?,4479149368
What is 20936626313684 plus 50905497413524?,71842123727208
What is 554 plus 672?,1226
What is 893585761 plus 648129971?,1541715732
What is 12 plus 99?,111
What is 2517818908 plus 1227035905?,3744854813
What is 9800614184059 plus 7412550390591?,17213164574650
What is 464394128514 plus 551854158271?,1016248286785
What is 1562 plus 9621?,11183
What is 774263528 plus 774638312?,1548901840
What is 7846749255 plus 5952079332?,13798828587
What is 13377 plus 24332?,37709
What is 24469055780089 plus 39586676619557?,64055732399646
What is 2771544264999 plus 8436388804481?,11207933069480
What is 9691240447827 plus 6202829889150?,15894070336977
What is 395051344009 plus 277060055262?,672111399271
What is 310 plus 175?,485
What is 68975284388425 plus 90411978630655?,159387263019080
What is 176133 plus 478089?,654222
What is 82741829952 plus 81314891642?,164056721594
What is 80577750298 plus 66059508805?,146637259103
What is 119 plus 650?,769
What is 31920 plus 27248?,59168
What is 13226997172974 plus 98332694292535?,111559691465509
What is 75671 plus 98898?,174569
What is 41235439 plus 15330547?,56565986
What is 176564295762145 plus 559382173844033?,735946469606178
What is 352840 plus 542043?,894883
What is 37119525225 plus 80785406520?,117904931745
What is 9879290475375 plus 9655065902331?,19534356377706
What is 284589532 plus 774976481?,1059566013
What is 94084332165795 plus 77986274604552?,172070606770347
What is 45243271683 plus 86035019075?,131278290758
What is 294947057650816 plus 516759370398318?,811706428049134
What is 39529714 plus 35000805?,74530519
What is 415232022 plus 294526129?,709758151
What is 85207 plus 91531?,176738
What is 5596210452385 plus 6257774035974?,11853984488359
What is 81117690 plus 93142481?,174260171
What is 247068 plus 143996?,391064
What is 1742 plus 3765?,5507
What is 208 plus 267?,475
What is 10666485 plus 20077525?,30744010
What is 2951051283023 plus 9294305918377?,12245357201400
What is 41164238817 plus 17373934087?,58538172904
What is 435278 plus 307015?,742293
What is 315903952130804 plus 935931735167221?,1251835687298025
What is 9813793713 plus 4269919306?,14083713019
What is 1516822 plus 4616031?,6132853
What is 3880194811588 plus 4334771000963?,8214965812551
What is 315 plus 819?,1134
What is 57094519957553 plus 66810094098355?,123904614055908
What is 6523 plus 4752?,11275
What is 3530968 plus 9502932?,13033900
What is 2547 plus 2334?,4881
What is 552531921943378 plus 837976976774384?,1390508898717762
What is 47003000 plus 76120465?,123123465
What is 5430036 plus 6561585?,11991621
What is 4664313295 plus 3948401309?,8612714604
What is 183714127 plus 830039573?,1013753700
What is 6196 plus 3867?,10063
What is 302731945285 plus 193830003633?,496561948918
What is 5293368831 plus 2697491229?,7990860060
What is 189802601330 plus 758684929651?,948487530981
What is 1253449253 plus 4783571021?,6037020274
What is 9015 plus 9138?,18153
What is 332123150124576 plus 407216047400990?,739339197525566
What is 556070 plus 597143?,1153213
What is 3839 plus 8367?,12206
What is 29 plus 62?,91
What is 234008846855685 plus 655446446840072?,889455293695757
What is 642975 plus 819290?,1462265
What is 440084060 plus 340670507?,780754567
What is 3409960564395 plus 4034569189408?,7444529753803
What is 563815584 plus 692857622?,1256673206
What is 969107552835886 plus 765454678126726?,1734562230962612
What is 547052791036998 plus 998339365517244?,1545392156554242
What is 157352517 plus 866919956?,1024272473
What is 61759815422885 plus 26102474704433?,87862290127318
What is 66370956437 plus 85571443647?,151942400084
What is 56541520 plus 71089141?,127630661
What is 321 plus 574?,895
What is 392411 plus 394472?,786883
What is 303005634463774 plus 924202151458509?,1227207785922283
What is 74767840617 plus 93020895432?,167788736049
What is 1998 plus 3882?,5880
What is 98672617440 plus 78746886580?,177419504020
What is 8827 plus 4011?,12838
What is 9777842 plus 7357071?,17134913
What is 94353231924 plus 84561359903?,178914591827
What is 416908944614 plus 324134026919?,741042971533
What is 60020 plus 62321?,122341
What is 85050 plus 83801?,168851
What is 5919991232539 plus 7766550035235?,13686541267774
What is 2336310514 plus 3861791336?,6198101850
What is 91623208 plus 78426660?,170049868
What is 656 plus 318?,974
What is 818171258962 plus 685953207066?,1504124466028
What is 910 plus 412?,1322
What is 1467895521 plus 5191306750?,6659202271
What is 240 plus 907?,1147
What is 37313229 plus 63910497?,101223726
What is 59777394200 plus 18076498753?,77853892953
What is 673245 plus 335383?,1008628
What is 6537824728772 plus 5884107882175?,12421932610947
What is 39820633 plus 66198440?,106019073
What is 43773054841433 plus 21843782434118?,65616837275551
What is 352227869727554 plus 476470119456290?,828697989183844
What is 1176 plus 8219?,9395
What is 748 plus 457?,1205
What is 73 plus 24?,97
What is 559462786713227 plus 439556762717491?,999019549430718
What is 8227949518923 plus 9804832047181?,18032781566104
What is 79 plus 79?,158
What is 805945415325985 plus 543551308222213?,1349496723548198
What is 69957622 plus 19599811?,89557433
What is 396253434645 plus 739941308748?,1136194743393
What is 66542031499846 plus 96386541614955?,162928573114801
What is 75 plus 44?,119
What is 684117966159341 plus 714722305412656?,1398840271571997
What is 3685902589 plus 8650468995?,12336371584
What is 9642223731 plus 8306991614?,17949215345
What is 9505057 plus 6342583?,15847640
What is 663 plus 858?,1521
What is 5466265630700 plus 2939461334079?,8405726964779
What is 30008488709586 plus 17229222533234?,47237711242820
What is 5133989 plus 8398493?,13532482
What is 5808 plus 5746?,11554
What is 977 plus 964?,1941
What is 7934979751530 plus 2150067950961?,10085047702491
What is 6723595779 plus 5621423995?,12345019774
What is 26388398771 plus 52344125132?,78732523903
What is 1193 plus 2054?,3247
What is 496813593 plus 269429778?,766243371
What is 7195 plus 7732?,14927
What is 9712242661344 plus 6392046855863?,16104289517207
What is 427381093 plus 720889914?,1148271007
What is 42 plus 91?,133
What is 3482761 plus 3121634?,6604395
What is 547 plus 723?,1270
What is 25 plus 36?,61
What is 593943 plus 934617?,1528560
What is 868266 plus 594355?,1462621
What is 111427 plus 818283?,929710
What is 1653791 plus 6169631?,7823422
What is 15104 plus 63848?,78952
What is 3481411862992 plus 4819009397664?,8300421260656
What is 66332 plus 86957?,153289
What is 559266714799340 plus 294213756956290?,853480471755630
What is 63845870058679 plus 76295125741335?,140140995800014
What is 507665947 plus 467893418?,975559365
What is 27268075272 plus 88664840250?,115932915522
What is 54 plus 39?,93
What is 29682841285 plus 66275359646?,95958200931
What is 43645487526 plus 45071821184?,88717308710
What is 321643 plus 774974?,1096617
What is 235010 plus 777931?,1012941
What is 32195630247941 plus 62288518033266?,94484148281207
What is 881664932 plus 861471560?,1743136492
What is 564544041524 plus 225184931443?,789728972967
What is 763055410357 plus 755011591063?,1518067001420
What is 952946 plus 715732?,1668678
What is 792915012 plus 960607678?,1753522690
What is 5060626698 plus 9155692782?,14216319480
What is 4924163 plus 9171561?,14095724
What is 977966 plus 641184?,1619150
What is 84196252 plus 81744738?,165940990
What is 43368 plus 53160?,96528
What is 25799 plus 24373?,50172
What is 6723901 plus 5841836?,12565737
What is 9962 plus 3616?,13578
What is 236 plus 311?,547
What is 41 plus 42?,83
What is 472122349 plus 612278156?,1084400505
What is 56 plus 75?,131
What is 5648818448841 plus 4263962341535?,9912780790376
What is 584591630841 plus 433386629147?,1017978259988
What is 687508 plus 459673?,1147181
What is 577612062 plus 761427267?,1339039329
What is 175 plus 706?,881
What is 938383779036 plus 130030206235?,1068413985271
What is 51222331 plus 70194327?,121416658
What is 1305854398067 plus 2921823333314?,4227677731381
What is 973019547696482 plus 771630980135982?,1744650527832464
What is 5187397636 plus 5087921022?,10275318658
What is 3536088039 plus 6528296457?,10064384496
What is 42 plus 26?,68
What is 1409373 plus 9737881?,11147254
What is 864 plus 882?,1746
What is 773 plus 583?,1356
What is 39902 plus 51823?,91725
What is 821283941938076 plus 314375816197745?,1135659758135821
What is 4466291 plus 9946797?,14413088
What is 886 plus 314?,1200
What is 875263895242 plus 803930954737?,1679194849979
What is 89661035984821 plus 85498635264088?,175159671248909
What is 846344 plus 117706?,964050
What is 89953603 plus 45434071?,135387674
What is 347123669781996 plus 719886820467534?,1067010490249530
What is 3486942040 plus 1792246095?,5279188135
What is 575953889722841 plus 211365916490352?,787319806213193
What is 155700 plus 867181?,1022881
What is 5241245 plus 3601827?,8843072
What is 7786 plus 2087?,9873
What is 310982172336038 plus 907033079659788?,1218015251995826
What is 7616 plus 6844?,14460
What is 105 plus 370?,475
What is 862184119637699 plus 311674090625589?,1173858210263288
What is 568975613996241 plus 357266891023581?,926242505019822
What is 74247 plus 99505?,173752
What is 164279090 plus 123930086?,288209176
What is 830447897866 plus 161069093946?,991516991812
What is 6740637460 plus 1857758320?,8598395780
What is 8299571191926 plus 5484023307159?,13783594499085
What is 895621162 plus 462904471?,1358525633
What is 379 plus 545?,924
What is 869104589 plus 499741182?,1368845771
What is 4798904907951 plus 1263762308170?,6062667216121
What is 809533146281744 plus 273365417105561?,1082898563387305
What is 1975708976 plus 9934361923?,11910070899
What is 430868 plus 521887?,952755
What is 446922 plus 647015?,1093937
What is 2407663350404 plus 1505747911138?,3913411261542
What is 170162 plus 744085?,914247
What is 473319 plus 983112?,1456431
What is 88416274 plus 25554144?,113970418
What is 67995203859 plus 64014775334?,132009979193
What is 52790476663 plus 45153798263?,97944274926
What is 9391 plus 6871?,16262
What is 327293627123 plus 621827662012?,949121289135
What is 8960993501009 plus 5284795163441?,14245788664450
What is 4586 plus 3991?,8577
What is 12799779342414 plus 92597973987051?,105397753329465
What is 14812 plus 37325?,52137
What is 8247728147347 plus 1373684210005?,9621412357352
What is 8082624 plus 6108347?,14190971
What is 84738532 plus 26785414?,111523946
What is 85979736791516 plus 88453913113134?,174433649904650
What is 3699413996 plus 8826174128?,12525588124
What is 149715 plus 278809?,428524
What is 6120971371221 plus 6275164006342?,12396135377563
What is 4762586491882 plus 2264521483505?,7027107975387
What is 686841 plus 315883?,1002724
What is 876374248361 plus 589908004905?,1466282253266
What is 246317964 plus 989503746?,1235821710
What is 910513 plus 445671?,1356184
What is 42309421111010 plus 92265116389386?,134574537500396
What is 4274845522 plus 1658283792?,5933129314
What is 19857522 plus 98723987?,118581509
What is 28262 plus 67604?,95866
What is 482195243 plus 912053154?,1394248397
What is 22075923941 plus 83066687372?,105142611313
What is 40 plus 17?,57
What is 402 plus 203?,605
What is 4890614 plus 5601223?,10491837
What is 462 plus 374?,836
What is 27037446169006 plus 86000904252952?,113038350421958
What is 3187288 plus 1010756?,4198044
What is 56770444 plus 64979847?,121750291
What is 609823620828259 plus 625623494356983?,1235447115185242
What is 91339 plus 10468?,101807
What is 8892 plus 4452?,13344
What is 182280338371 plus 887606356373?,1069886694744
What is 3432 plus 6562?,9994
What is 33268612353668 plus 98543593082410?,131812205436078
What is 861760848 plus 870016985?,1731777833
What is 40823806031 plus 32934762942?,73758568973
What is 48 plus 64?,112
What is 851 plus 204?,1055
What is 26756271852972 plus 61418427639493?,88174699492465
What is 5615 plus 9235?,14850
What is 960 plus 973?,1933
What is 88 plus 10?,98
What is 266091906573928 plus 875235303307492?,1141327209881420
What is 6655347708 plus 8579407528?,15234755236
What is 803045035359754 plus 788610466877691?,1591655502237445
What is 486207982696 plus 851836432133?,1338044414829
What is 131863521311478 plus 455878347336227?,587741868647705
What is 5229502 plus 1921417?,7150919
What is 8077096 plus 8039661?,16116757
What is 1619980284420 plus 2524399868347?,4144380152767
What is 452 plus 349?,801
What is 72745515 plus 38054497?,110800012
What is 22 plus 73?,95
What is 95 plus 12?,107
What is 432430 plus 745223?,1177653
What is 89088 plus 55479?,144567
What is 3634 plus 6503?,10137
What is 26274617969993 plus 51675865298129?,77950483268122
What is 85142 plus 66456?,151598
What is 85387506156 plus 58922254523?,144309760679
What is 4845892 plus 8757058?,13602950
What is 916 plus 339?,1255
What is 4788646 plus 7783951?,12572597
What is 686 plus 759?,1445
What is 11416619163 plus 88166371015?,99582990178
What is 643521261082 plus 132502660241?,776023921323
What is 1391812715 plus 7407377136?,8799189851
What is 1332205992057 plus 8397951556750?,9730157548807
What is 59973108426837 plus 62187051607628?,122160160034465
What is 62 plus 48?,110
What is 73656 plus 94302?,167958
What is 627583793 plus 727046131?,1354629924
What is 31149075 plus 20467123?,51616198
What is 85037321 plus 13787365?,98824686
What is 260034909374456 plus 419626025138449?,679660934512905
What is 1696937668879 plus 6693914347740?,8390852016619
What is 118 plus 325?,443
What is 42723 plus 82370?,125093
What is 3029 plus 7851?,10880
What is 3696290 plus 2144476?,5840766
What is 384218302736 plus 289601490038?,673819792774
What is 25459595 plus 73497162?,98956757
What is 718 plus 299?,1017
What is 21170506623 plus 58032330095?,79202836718
What is 788995430529758 plus 319510488739800?,1108505919269558
What is 59229691734103 plus 29085917665474?,88315609399577
What is 6686 plus 6973?,13659
What is 99767883708 plus 87111785604?,186879669312
What is 5010658 plus 5778078?,10788736
What is 37148831569 plus 64187677430?,101336508999
What is 9847554 plus 9365938?,19213492
What is 2579891339706 plus 6684161931687?,9264053271393
What is 999220394124523 plus 433732932252289?,1432953326376812
What is 2124947089289 plus 8900377108535?,11025324197824
What is 642 plus 672?,1314
What is 81599 plus 89659?,171258
What is 97 plus 34?,131
What is 393176091848602 plus 196743780574196?,589919872422798
What is 63158092 plus 98536746?,161694838
What is 67 plus 49?,116
What is 14833737 plus 79752277?,94586014
What is 63745 plus 84433?,148178
What is 2260 plus 7097?,9357
What is 874 plus 147?,1021
What is 2524 plus 4343?,6867
What is 93591216181 plus 80285841730?,173877057911
What is 1101453 plus 1409729?,2511182
What is 955358 plus 658414?,1613772
What is 279 plus 152?,431
What is 3867270096 plus 4227291110?,8094561206
What is 78640 plus 28739?,107379
What is 3331 plus 1010?,4341
What is 811145 plus 506756?,1317901
What is 637806 plus 316481?,954287
What is 512722 plus 203601?,716323
What is 460 plus 272?,732
What is 442644 plus 920053?,1362697
What is 737399960734211 plus 590182787877220?,1327582748611431
What is 460 plus 681?,1141
What is 963846487904 plus 773370459138?,1737216947042
What is 94344 plus 46753?,141097
What is 496586189036 plus 617708188147?,1114294377183
What is 89 plus 32?,121
What is 1821143 plus 4659276?,6480419
What is 309879 plus 140617?,450496
What is 595308522 plus 792478307?,1387786829
What is 453650936711 plus 803034837021?,1256685773732
What is 208567802 plus 680069497?,888637299
What is 492 plus 666?,1158
What is 614571 plus 943314?,1557885
What is 59092094005768 plus 39299201290039?,98391295295807
What is 646 plus 873?,1519
What is 677388165 plus 301893094?,979281259
What is 45 plus 64?,109
What is 38762 plus 31757?,70519
What is 7048976025 plus 2167681867?,9216657892
What is 199061050 plus 892147660?,1091208710
What is 4110737794862 plus 8126142315862?,12236880110724
What is 13075052541 plus 37065009558?,50140062099
What is 987078564325032 plus 581013855540835?,1568092419865867
What is 22625099655 plus 44302967747?,66928067402
What is 949448776 plus 379795869?,1329244645
What is 87435560240 plus 47347906473?,134783466713
What is 61693166153620 plus 14732846896839?,76426013050459
What is 832869897630508 plus 187258263350773?,1020128160981281
What is 22160732 plus 37631915?,59792647
What is 822273746 plus 630454679?,1452728425
What is 82668 plus 52982?,135650
What is 585868 plus 584786?,1170654
What is 176345890 plus 217769970?,394115860
What is 75303068 plus 78747164?,154050232
What is 8919990153 plus 9126526336?,18046516489
What is 69138095175 plus 38920676278?,108058771453
What is 993671716120 plus 680166955497?,1673838671617
What is 87 plus 84?,171
What is 1161 plus 7288?,8449
What is 795796591450663 plus 503289529483938?,1299086120934601
What is 681809169 plus 277993484?,959802653
What is 87947186 plus 73747063?,161694249
What is 434 plus 947?,1381
What is 571052 plus 464344?,1035396
What is 5592727219 plus 5261835370?,10854562589
What is 62285323031786 plus 79748903820393?,142034226852179
What is 583470605083645 plus 133793562967423?,717264168051068
What is 180960 plus 760798?,941758
What is 40112 plus 39567?,79679
What is 763063031781770 plus 417851850503306?,1180914882285076
What is 3302448565842 plus 6663274033624?,9965722599466
What is 72403713 plus 31920468?,104324181
What is 188603 plus 113080?,301683
What is 51339517899235 plus 49595937963579?,100935455862814
What is 5560938392962 plus 8368788180871?,13929726573833
What is 6088578550064 plus 8074537768422?,14163116318486
What is 821446641 plus 461736140?,1283182781
What is 315329 plus 863999?,1179328
What is 928179 plus 375156?,1303335
What is 47043033 plus 39706995?,86750028
What is 91522338497 plus 62720571698?,154242910195
What is 97953530528652 plus 38189629990342?,136143160518994
What is 21205212069 plus 30665379657?,51870591726
What is 9853695033 plus 3458381123?,13312076156
What is 828526831222 plus 685925698334?,1514452529556
What is 8370 plus 4001?,12371
What is 401741 plus 542861?,944602
What is 35 plus 74?,109
What is 57629371281 plus 39585967770?,97215339051
What is 260 plus 771?,1031
What is 4805433 plus 6803090?,11608523
What is 13042939082 plus 62038754906?,75081693988
What is 422073865550 plus 171107954401?,593181819951
What is 31 plus 33?,64
What is 662286 plus 568557?,1230843
What is 53 plus 64?,117
What is 34142223325545 plus 84029331566931?,118171554892476
What is 90477 plus 71484?,161961
What is 8187438854288 plus 4303855741717?,12491294596005
What is 577861014 plus 345035198?,922896212
What is 92644988554 plus 73551471084?,166196459638
What is 9006135625702 plus 8208644532296?,17214780157998
What is 88651272 plus 51625084?,140276356
What is 835288615158133 plus 484215126511620?,1319503741669753
What is 1607807939 plus 8114548201?,9722356140
What is 50801606 plus 51204510?,102006116
What is 7777 plus 3895?,11672
What is 27957825620762 plus 35662970961001?,63620796581763
What is 270922 plus 257566?,528488
What is 98654 plus 50687?,149341
What is 5716304515 plus 4719119813?,10435424328
What is 1959 plus 9036?,10995
What is 96275627 plus 45630592?,141906219
What is 664893554 plus 232326429?,897219983
What is 5992827445 plus 2983920123?,8976747568
What is 943375084050 plus 948528311345?,1891903395395
What is 765456922880 plus 134668430450?,900125353330
What is 434494569 plus 342454550?,776949119
What is 110058936 plus 664290226?,774349162
What is 62 plus 60?,122
What is 532543894 plus 705403530?,1237947424
What is 50392139843 plus 82359331532?,132751471375
What is 323668169990022 plus 214888859433258?,538557029423280
What is 3826436506530 plus 4674945665687?,8501382172217
What is 205 plus 160?,365
What is 5954929450 plus 4792962383?,10747891833
What is 12 plus 37?,49
What is 16223753 plus 99365212?,115588965
What is 94276772 plus 93156096?,187432868
What is 682142084 plus 445817779?,1127959863
What is 689470571577871 plus 374033620526304?,1063504192104175
What is 16005863747 plus 82053284315?,98059148062
What is 886061210394 plus 593895302933?,1479956513327
What is 6136021787 plus 2816343395?,8952365182
What is 347378697401080 plus 729153551614510?,1076532249015590
What is 94 plus 88?,182
What is 1598270758691 plus 9073107143997?,10671377902688
What is 22580778863 plus 12356674636?,34937453499
What is 856839247 plus 958123014?,1814962261
What is 506715 plus 152944?,659659
What is 81 plus 88?,169
What is 458883009196 plus 343123265450?,802006274646
What is 5107386931233 plus 9629423293663?,14736810224896
What is 3070330543 plus 3285447411?,6355777954
What is 948745114 plus 173295382?,1122040496
What is 748379241 plus 368106151?,1116485392
What is 9981 plus 9585?,19566
What is 40988 plus 45148?,86136
What is 4963 plus 6998?,11961
What is 315086382717851 plus 211618459532384?,526704842250235
What is 960360 plus 870398?,1830758
What is 933516 plus 416086?,1349602
What is 49127 plus 27700?,76827
What is 94381274 plus 30265076?,124646350
What is 8789 plus 7320?,16109
What is 152071863 plus 133008364?,285080227
What is 6811923032 plus 2688201530?,9500124562
What is 660 plus 335?,995
What is 99662 plus 76726?,176388
What is 18 plus 45?,63
What is 234 plus 868?,1102
What is 43981391 plus 19232623?,63214014
What is 960460133188944 plus 920308072967819?,1880768206156763
What is 9219025871 plus 2189984593?,11409010464
What is 76196650 plus 81423854?,157620504
What is 66 plus 32?,98
What is 162208 plus 526350?,688558
What is 334225421 plus 141905526?,476130947
What is 998715761988 plus 423019215211?,1421734977199
What is 162646268060795 plus 560268997512576?,722915265573371
What is 30832 plus 65637?,96469
What is 72558955 plus 95300536?,167859491
What is 2416 plus 5363?,7779
What is 95582331 plus 95518145?,191100476
What is 75 plus 27?,102
What is 93963508881 plus 61571567394?,155535076275
What is 62 plus 75?,137
What is 2644636 plus 3965026?,6609662
What is 18 plus 89?,107
What is 252440020039 plus 188079368041?,440519388080
What is 875 plus 726?,1601
What is 56480167 plus 82865699?,139345866
What is 290932811 plus 607336237?,898269048
What is 30592 plus 98348?,128940
What is 690739731685746 plus 630975578352617?,1321715310038363
What is 14818 plus 12316?,27134
What is 7543098 plus 4773232?,12316330
What is 810770617 plus 336918076?,1147688693
What is 9003169813 plus 2604776116?,11607945929
What is 578397290012643 plus 305241749983966?,883639039996609
What is 36318743794575 plus 45080314504368?,81399058298943
What is 7146 plus 4837?,11983
What is 905401 plus 228646?,1134047
What is 68202485392548 plus 58835352820701?,127037838213249
What is 5514308 plus 9217396?,14731704
What is 8553306540 plus 9170064614?,17723371154
What is 5093803 plus 7838131?,12931934
What is 756897 plus 393548?,1150445
What is 14179476096 plus 79657138176?,93836614272
What is 8872801 plus 4216174?,13088975
What is 703 plus 676?,1379
What is 1355897475 plus 2779238185?,4135135660
What is 411286770 plus 133144709?,544431479
What is 890381 plus 615985?,1506366
What is 85161 plus 48456?,133617
What is 20066837211 plus 29082041568?,49148878779
What is 87607443 plus 96848180?,184455623
What is 4184295522 plus 7162986264?,11347281786
What is 70727605813 plus 23897970531?,94625576344
What is 9030599652 plus 9118951726?,18149551378
What is 25106941805 plus 95716128957?,120823070762
What is 901524 plus 931458?,1832982
What is 50 plus 93?,143
What is 44763437531 plus 37758662000?,82522099531
What is 9933008 plus 6711858?,16644866
What is 63398955343085 plus 18755147473141?,82154102816226
What is 89 plus 34?,123
What is 7566342 plus 9240404?,16806746
What is 5204 plus 7468?,12672
What is 70 plus 40?,110
What is 680962 plus 577465?,1258427
What is 314542 plus 651400?,965942
What is 20967256 plus 14680986?,35648242
What is 7152264 plus 3701937?,10854201
What is 43 plus 29?,72
What is 1797 plus 7029?,8826
What is 152923552060 plus 901295689033?,1054219241093
What is 682841459 plus 509508746?,1192350205
What is 848922400657 plus 375529639188?,1224452039845
What is 818191571227 plus 837650805170?,1655842376397
What is 6252753 plus 7984591?,14237344
What is 8855173597958 plus 5805775517786?,14660949115744
What is 886301 plus 333675?,1219976
What is 4218952383131 plus 1784840082848?,6003792465979
What is 5827496131 plus 8834815180?,14662311311
What is 4489 plus 4802?,9291
What is 236079022992 plus 374148534864?,610227557856
What is 7497 plus 6258?,13755
What is 771292316 plus 950996637?,1722288953
What is 3198004370 plus 1463651204?,4661655574
What is 802244 plus 915801?,1718045
What is 222 plus 293?,515
What is 1750333944699 plus 9121511620243?,10871845564942
What is 7953303 plus 8699296?,16652599
What is 28937497178491 plus 75282985765714?,104220482944205
What is 407329584696 plus 769698676496?,1177028261192
What is 94382 plus 21922?,116304
What is 19 plus 12?,31
What is 37214159 plus 50323647?,87537806
What is 86 plus 51?,137
What is 8268500 plus 8222426?,16490926
What is 118655304518585 plus 155000049305193?,273655353823778
What is 74592 plus 65605?,140197
What is 118508316 plus 825026408?,943534724
What is 9281513 plus 5613592?,14895105
What is 3247 plus 3365?,6612
What is 4650772121 plus 5870075472?,10520847593
What is 1789765689977 plus 1112576835528?,2902342525505
What is 1449 plus 6528?,7977
What is 6294 plus 5370?,11664
What is 612729860582 plus 533004299921?,1145734160503
What is 487 plus 727?,1214
What is 8191721343 plus 4898036996?,13089758339
What is 562 plus 406?,968
What is 663100 plus 903856?,1566956
What is 346715 plus 479225?,825940
What is 18837982 plus 57335811?,76173793
What is 38539732032759 plus 68894931983829?,107434664016588
What is 1664412746 plus 4520278582?,6184691328
What is 8207702 plus 7697060?,15904762
What is 22404885 plus 55358672?,77763557
What is 736397009 plus 213825346?,950222355
What is 3585216 plus 7473268?,11058484
What is 31498386 plus 21699774?,53198160
What is 85856269791682 plus 39865344627659?,125721614419341
What is 77 plus 33?,110
What is 770578174938 plus 816933669510?,1587511844448
What is 416614639576691 plus 243776723611094?,660391363187785
What is 81 plus 13?,94
What is 123378282 plus 707437009?,830815291
What is 9653099770804 plus 5901702703409?,15554802474213
What is 96736459748 plus 87101331383?,183837791131
What is 5841 plus 5141?,10982
What is 26382328 plus 72679452?,99061780
What is 613235369006246 plus 149221354855205?,762456723861451
What is 806513044515866 plus 376434118356695?,1182947162872561
What is 40297197 plus 67280459?,107577656
What is 5146069 plus 1142218?,6288287
What is 61124293573704 plus 58442767807435?,119567061381139
What is 7411140 plus 1953651?,9364791
What is 81969321978592 plus 72082421103572?,154051743082164
What is 220034700584 plus 719649499059?,939684199643
What is 39823728 plus 34140586?,73964314
What is 194290 plus 973075?,1167365
What is 24540141201245 plus 63075015916743?,87615157117988
What is 268 plus 774?,1042
What is 627678152187 plus 332405868339?,960084020526
What is 54582904 plus 76609319?,131192223
What is 99 plus 28?,127
What is 5544246579381 plus 3719791979412?,9264038558793
What is 98581099233 plus 47623944576?,146205043809
What is 71295279 plus 56484068?,127779347
What is 484938 plus 386897?,871835
What is 4479116 plus 1504700?,5983816
What is 970 plus 278?,1248
What is 76914152122 plus 34328511506?,111242663628
What is 2193524229163 plus 4079260795788?,6272785024951
What is 784179354093608 plus 567712679532653?,1351892033626261
What is 22430488036752 plus 17647884339492?,40078372376244
What is 7075164044599 plus 1870961769786?,8946125814385
What is 17360 plus 35528?,52888
What is 72 plus 34?,106
What is 3762234 plus 3769885?,7532119
What is 87 plus 69?,156
What is 230489104974 plus 130819069797?,361308174771
What is 76534184898 plus 47244753380?,123778938278
What is 723231922965 plus 138203454645?,861435377610
What is 3165456670 plus 2652706582?,5818163252
What is 150558498 plus 433737130?,584295628
What is 1624633502812 plus 5078864521007?,6703498023819
What is 354157427542 plus 671769400165?,1025926827707
What is 31554197033867 plus 38104982280587?,69659179314454
What is 372813 plus 463677?,836490
What is 1575365 plus 8478943?,10054308
What is 77737169 plus 10753808?,88490977
What is 811409 plus 172968?,984377
What is 981139738497 plus 405513525431?,1386653263928
What is 86691 plus 46064?,132755
What is 44950338707 plus 37697395322?,82647734029
What is 3829330643558 plus 9220525416808?,13049856060366
What is 798153852526 plus 645035484466?,1443189336992
What is 1422887 plus 4529250?,5952137
What is 693 plus 816?,1509
What is 132895 plus 859731?,992626
What is 66046871334518 plus 83703482122952?,149750353457470
What is 308210394204 plus 825711603526?,1133921997730
What is 1770186036448 plus 1326499315266?,3096685351714
What is 8951289534 plus 1774829670?,10726119204
What is 862629252 plus 994507263?,1857136515
What is 73589614921126 plus 37610462562578?,111200077483704
What is 831652881616 plus 629552721524?,1461205603140
What is 747451877913 plus 957911029028?,1705362906941
What is 6059328559 plus 7979511720?,14038840279
What is 172232801021768 plus 614469817002568?,786702618024336
What is 95971225294 plus 42049876316?,138021101610
What is 83539151928 plus 63050484411?,146589636339
What is 5018054771571 plus 7965630798382?,12983685569953
What is 693985 plus 351159?,1045144
What is 5450713748376 plus 4289167520189?,9739881268565
What is 9483449 plus 7437113?,16920562
What is 3624056532471 plus 5081918853225?,8705975385696
What is 484411234928314 plus 314779069624702?,799190304553016
What is 45059139610902 plus 56630305818798?,101689445429700
What is 2000572456 plus 3634894670?,5635467126
What is 555048 plus 453333?,1008381
What is 14248093439496 plus 49849986262882?,64098079702378
What is 797 plus 868?,1665
What is 8519291400 plus 9843467577?,18362758977
What is 65375469102212 plus 96079556372647?,161455025474859
What is 7587972 plus 3038555?,10626527
What is 206 plus 877?,1083
What is 5557104 plus 1672864?,7229968
What is 560575869 plus 201697779?,762273648
What is 721 plus 168?,889
What is 6632 plus 2351?,8983
What is 7306892133937 plus 3907813107502?,11214705241439
What is 459423768 plus 513572515?,972996283
What is 956094162880079 plus 474806772764635?,1430900935644714
What is 971201643 plus 618294459?,1589496102
What is 908902363665912 plus 670453604132691?,1579355967798603
What is 694545463694 plus 803978361758?,1498523825452
What is 568 plus 555?,1123
What is 624507071769 plus 625515845995?,1250022917764
What is 8567 plus 6464?,15031
What is 4819938286 plus 4180856334?,9000794620
What is 39121 plus 45139?,84260
What is 170 plus 461?,631
What is 4271 plus 7192?,11463
What is 45532 plus 90116?,135648
What is 78 plus 62?,140
What is 9974545257285 plus 4581105385345?,14555650642630
What is 2784202 plus 6926681?,9710883
What is 4900568231398 plus 9423006388270?,14323574619668
What is 80 plus 56?,136
What is 950206 plus 851792?,1801998
What is 89288321887 plus 93840008551?,183128330438
What is 64625037454889 plus 59222372958984?,123847410413873
What is 60244074761 plus 95501853870?,155745928631
What is 5253 plus 6156?,11409
What is 43004 plus 32341?,75345
What is 512131 plus 695986?,1208117
What is 344916 plus 590623?,935539
What is 4915674 plus 3278819?,8194493
What is 4713 plus 7931?,12644
What is 57869514058 plus 44161774997?,102031289055
What is 73564 plus 94028?,167592
What is 157258713598 plus 307801166527?,465059880125
What is 6395 plus 5159?,11554
What is 9778666513 plus 6049384421?,15828050934
What is 242429 plus 821673?,1064102
What is 2877 plus 6715?,9592
What is 86979 plus 73145?,160124
What is 823319 plus 836049?,1659368
What is 38856 plus 78639?,117495
What is 296067125242753 plus 917539047237111?,1213606172479864
What is 8426080314 plus 8532185421?,16958265735
What is 89 plus 43?,132
What is 9233265 plus 9151483?,18384748
What is 5424 plus 2958?,8382
What is 325295 plus 734741?,1060036
What is 82150474 plus 93898615?,176049089
What is 88360 plus 11899?,100259
What is 669309 plus 442997?,1112306
What is 11 plus 76?,87
What is 387733481876 plus 772633730389?,1160367212265
What is 6030694 plus 4860201?,10890895
What is 52774 plus 43467?,96241
What is 535967344446845 plus 123337283531368?,659304627978213
What is 76553 plus 41641?,118194
What is 1870 plus 7273?,9143
What is 278921038 plus 284506884?,563427922
What is 570115735 plus 128650897?,698766632
What is 919211753 plus 131989145?,1051200898
What is 19902540 plus 16931539?,36834079
What is 81701616 plus 49180755?,130882371
What is 351619729 plus 227801500?,579421229
What is 5814100 plus 7388125?,13202225
What is 6104212 plus 1243259?,7347471
What is 6293805 plus 2833743?,9127548
What is 66339 plus 80733?,147072
What is 18164686 plus 65215015?,83379701
What is 987 plus 580?,1567
What is 6684 plus 7294?,13978
What is 497908314754863 plus 987277175144741?,1485185489899604
What is 704019040137558 plus 735563598883845?,1439582639021403
What is 586 plus 312?,898
What is 7293233 plus 2644054?,9937287
What is 20303955469 plus 77792297963?,98096253432
What is 1921186010751 plus 1184135943802?,3105321954553
What is 7909646979 plus 5296229074?,13205876053
What is 2411 plus 6456?,8867
What is 37381770059 plus 63117822957?,100499593016
What is 960622059770702 plus 790029686590145?,1750651746360847
What is 850322982 plus 596298872?,1446621854
What is 661 plus 703?,1364
What is 46 plus 18?,64
What is 2184568 plus 4749298?,6933866
What is 250832511 plus 734490594?,985323105
What is 3141964392581 plus 5150803093566?,8292767486147
What is 6670276067839 plus 5323233684675?,11993509752514
What is 968156440368666 plus 842804433603965?,1810960873972631
What is 1041 plus 6844?,7885
What is 6792765 plus 2680340?,9473105
What is 558291372 plus 941995269?,1500286641
What is 7854 plus 1037?,8891
What is 1146866922144 plus 8256520704178?,9403387626322
What is 542370884560503 plus 348104525353676?,890475409914179
What is 21497251 plus 33516586?,55013837
What is 74328339831 plus 76173679413?,150502019244
What is 4425876 plus 4628948?,9054824
What is 7575 plus 2403?,9978
What is 84 plus 39?,123
What is 66681576104 plus 71846766881?,138528342985
What is 682007 plus 898328?,1580335
What is 8682667377721 plus 4557510211898?,13240177589619
What is 963 plus 794?,1757
What is 44028989139826 plus 21143578243954?,65172567383780
What is 5078 plus 3198?,8276
What is 531627343814217 plus 231620059383679?,763247403197896
What is 826789572583531 plus 282604437532357?,1109394010115888
What is 34545134390 plus 56061752245?,90606886635
What is 1429249 plus 8968649?,10397898
What is 61598889 plus 19395412?,80994301
What is 1809908243 plus 8815291780?,10625200023
What is 11785833672517 plus 73718736554745?,85504570227262
What is 9318 plus 7363?,16681
What is 158391906235 plus 116471003159?,274862909394
What is 2347357348197 plus 2054547736490?,4401905084687
What is 5292848 plus 4743575?,10036423
What is 43375640 plus 45746886?,89122526
What is 1093345634 plus 6518214616?,7611560250
What is 870154646 plus 503837470?,1373992116
What is 42294371743 plus 69235557770?,111529929513
What is 208127017788 plus 655184254734?,863311272522
What is 61557 plus 88270?,149827
What is 70023 plus 31144?,101167
What is 59450220236049 plus 36614170631985?,96064390868034
What is 58063805699861 plus 40504221552808?,98568027252669
What is 292148410 plus 551973843?,844122253
What is 1892 plus 4625?,6517
What is 3333643751 plus 5601380897?,8935024648
What is 29421879066 plus 61750732053?,91172611119
What is 550515304109039 plus 519941368677248?,1070456672786287
What is 4929330 plus 7464110?,12393440
What is 363955 plus 399494?,763449
What is 654962923377641 plus 332155488176344?,987118411553985
What is 6959163807807 plus 5653798163618?,12612961971425
What is 2303917 plus 3360525?,5664442
What is 64437863106 plus 39964487259?,104402350365
What is 5134056847 plus 2137526852?,7271583699
What is 47291 plus 16069?,63360
What is 8372247 plus 8935510?,17307757
What is 34730603 plus 50814370?,85544973
What is 611309 plus 754649?,1365958
What is 3636787 plus 2447309?,6084096
What is 98 plus 31?,129
What is 49 plus 41?,90
What is 6320 plus 8155?,14475
What is 786762571 plus 238545116?,1025307687
What is 479783 plus 197172?,676955
What is 9257720 plus 1113488?,10371208
What is 178457810580887 plus 705252020045674?,883709830626561
What is 12341 plus 70902?,83243
What is 242 plus 274?,516
What is 999 plus 117?,1116
What is 717533788512345 plus 946884692063551?,1664418480575896
What is 6342 plus 9995?,16337
What is 925513007268 plus 474379656460?,1399892663728
What is 558118428 plus 437599053?,995717481
What is 741170079450051 plus 854689278167841?,1595859357617892
What is 1165562 plus 3439669?,4605231
What is 5471405 plus 3594085?,9065490
What is 21 plus 35?,56
What is 439720187 plus 942180149?,1381900336
What is 246201 plus 630407?,876608
What is 393614278 plus 476133318?,869747596
What is 300240671 plus 799015482?,1099256153
What is 9235025588 plus 3657484485?,12892510073
What is 85 plus 77?,162
What is 62 plus 22?,84
What is 22 plus 34?,56
What is 3206 plus 7019?,10225
What is 1533 plus 9390?,10923
What is 3731439 plus 8953389?,12684828
What is 678202996952 plus 271327082084?,949530079036
What is 730679 plus 812660?,1543339
What is 161995700017 plus 380629304421?,542625004438
What is 7904584004 plus 8933557058?,16838141062
What is 299655931952805 plus 539543660712381?,839199592665186
What is 492 plus 197?,689
What is 93 plus 92?,185
What is 179163518 plus 589896192?,769059710
What is 358179455104 plus 317909125471?,676088580575
What is 307118401 plus 476020644?,783139045
What is 85551868161744 plus 40039150440848?,125591018602592
What is 53499228 plus 27899500?,81398728
What is 55727190 plus 32698898?,88426088
What is 989417708745 plus 594707366769?,1584125075514
What is 39 plus 61?,100
What is 27372961959328 plus 25471541774689?,52844503734017
What is 8718 plus 4204?,12922
What is 48057 plus 58639?,106696
What is 6057 plus 6379?,12436
What is 73 plus 36?,109
What is 56594936001 plus 22280908101?,78875844102
What is 541444422485 plus 713379105752?,1254823528237
What is 59787295033 plus 91312232677?,151099527710
What is 2554815 plus 8779656?,11334471
What is 691198 plus 624764?,1315962
What is 837903143114 plus 368049945421?,1205953088535
What is 194 plus 974?,1168
What is 6163480974977 plus 1144807539368?,7308288514345
What is 33 plus 24?,57
What is 74020062 plus 19126692?,93146754
What is 30 plus 98?,128
What is 7747264532 plus 3258826013?,11006090545
What is 92102617 plus 32483404?,124586021
What is 300 plus 296?,596
What is 40348357 plus 81638742?,121987099
What is 10 plus 16?,26
What is 696520 plus 568265?,1264785
What is 96370369 plus 34286512?,130656881
What is 5750998 plus 5033878?,10784876
What is 581974360343 plus 162890743820?,744865104163
What is 34822341831751 plus 91320932402957?,126143274234708
What is 4923806157624 plus 1096673537604?,6020479695228
What is 7791697496 plus 6896150131?,14687847627
What is 19883455 plus 11788721?,31672176
What is 63667473516 plus 63686276838?,127353750354
What is 594535374929 plus 282754553995?,877289928924
What is 3255385 plus 8602856?,11858241
What is 9698749093635 plus 6003885808295?,15702634901930
What is 286679443 plus 997535785?,1284215228
What is 48 plus 15?,63
What is 254117209 plus 997836277?,1251953486
What is 4741 plus 2970?,7711
What is 902620 plus 391138?,1293758
What is 9979023875 plus 7535800625?,17514824500
What is 7870391197 plus 8537410169?,16407801366
What is 823251400150775 plus 358285858411567?,1181537258562342
What is 17231667 plus 65449252?,82680919
What is 62 plus 54?,116
What is 1925 plus 8199?,10124
What is 761611 plus 781815?,1543426
What is 633 plus 668?,1301
What is 5240850396 plus 6365719476?,11606569872
What is 93506 plus 99203?,192709
What is 96944761600 plus 62944907188?,159889668788
What is 871040622 plus 291645868?,1162686490
What is 43299051 plus 17457285?,60756336
What is 9878127 plus 9006767?,18884894
What is 1287783911 plus 5908512430?,7196296341
What is 4137 plus 5034?,9171
What is 481772288437 plus 760706001213?,1242478289650
What is 513511300 plus 283383569?,796894869
What is 197 plus 794?,991
What is 7482 plus 3022?,10504
What is 157168 plus 937628?,1094796
What is 318391566812078 plus 895360536662652?,1213752103474730
What is 4968495207139 plus 5634801160933?,10603296368072
What is 44277 plus 45274?,89551
What is 4317 plus 8757?,13074
What is 81303742339 plus 73358696135?,154662438474
What is 5184 plus 4919?,10103
What is 5980958322 plus 2497968564?,8478926886
What is 59315822433 plus 72918497578?,132234320011
What is 2352078563570 plus 8625392017505?,10977470581075
What is 790406390 plus 792115805?,1582522195
What is 310119 plus 860357?,1170476
What is 49 plus 79?,128
What is 3055 plus 7223?,10278
What is 54403377025 plus 34610550495?,89013927520
What is 4527155830213 plus 3030686389486?,7557842219699
What is 78120628 plus 15622066?,93742694
What is 1788584754420 plus 8209411472810?,9997996227230
What is 5249495 plus 9120460?,14369955
What is 218237 plus 703164?,921401
What is 274600 plus 367991?,642591
What is 475254 plus 942754?,1418008
What is 5647063899 plus 9500400789?,15147464688
What is 257335488288 plus 449073836102?,706409324390
What is 332811684421982 plus 557670576555498?,890482260977480
What is 5881032085690 plus 9067466014596?,14948498100286
What is 444670 plus 262222?,706892
What is 2782627 plus 1459001?,4241628
What is 974784100340963 plus 839298759651017?,1814082859991980
What is 42718085662133 plus 31003939970760?,73722025632893
What is 797171838349021 plus 451194587811995?,1248366426161016
What is 1180574180 plus 4406673650?,5587247830
What is 943329448440479 plus 899375205184326?,1842704653624805
What is 659969 plus 620119?,1280088
What is 90098592315 plus 91926554885?,182025147200
What is 57 plus 61?,118
What is 21 plus 49?,70
What is 76901212100 plus 81183672837?,158084884937
What is 159424440 plus 462577170?,622001610
What is 69913548050 plus 24413437478?,94326985528
What is 693693638788 plus 657691748747?,1351385387535
What is 35 plus 97?,132
What is 64909236 plus 84503410?,149412646
What is 2617657018028 plus 7219982542774?,9837639560802
What is 758 plus 417?,1175
What is 938850 plus 488124?,1426974
What is 29615794208 plus 97716308786?,127332102994
What is 178545 plus 659798?,838343
What is 614 plus 108?,722
What is 864998597556 plus 401743613473?,1266742211029
What is 9157 plus 4926?,14083
What is 22175145758 plus 54205809456?,76380955214
What is 80253705917 plus 52965871708?,133219577625
What is 95747029 plus 81427982?,177175011
What is 6538997687018 plus 1337667956346?,7876665643364
What is 9280 plus 7929?,17209
What is 7673708464 plus 4053120465?,11726828929
What is 80192505504 plus 28939155663?,109131661167
What is 6522 plus 4929?,11451
What is 42214 plus 74957?,117171
What is 5205761494580 plus 3954662017158?,9160423511738
What is 575 plus 825?,1400
What is 908423144394980 plus 753983075937479?,1662406220332459
What is 3585294749 plus 9547230456?,13132525205
What is 4628154 plus 7521030?,12149184
What is 107754628190 plus 742945216872?,850699845062
What is 23109 plus 82886?,105995
What is 219 plus 148?,367
What is 476158485 plus 358172625?,834331110
What is 76479513797 plus 17350279678?,93829793475
What is 6879993830100 plus 6484850721827?,13364844551927
What is 3905 plus 1065?,4970
What is 56808930 plus 21811933?,78620863
What is 7388 plus 5597?,12985
What is 96985932576436 plus 40358111668054?,137344044244490
What is 18125 plus 25619?,43744
What is 445912465316 plus 105392350961?,551304816277
What is 45 plus 41?,86
What is 69275 plus 19919?,89194
What is 39016084914 plus 19999067391?,59015152305
What is 23114 plus 13189?,36303
What is 300128064 plus 869709258?,1169837322
What is 181515 plus 844528?,1026043
What is 33901 plus 37320?,71221
What is 321816 plus 748130?,1069946
What is 124 plus 528?,652
What is 281246302737993 plus 229069319350672?,510315622088665
What is 40 plus 99?,139
What is 736630837474600 plus 841722762362465?,1578353599837065
What is 714 plus 222?,936
What is 210974900 plus 816268132?,1027243032
What is 18 plus 79?,97
What is 8339100719 plus 7159741990?,15498842709
What is 719446379632593 plus 184347328029372?,903793707661965
What is 3768266647 plus 2763947958?,6532214605
What is 87662736520 plus 82365147206?,170027883726
What is 230169581 plus 179277768?,409447349
What is 710430 plus 360495?,1070925
What is 140706793 plus 983393680?,1124100473
What is 61393947 plus 91145367?,152539314
What is 587801521665 plus 156727972617?,744529494282
What is 9249311 plus 3778394?,13027705
What is 814545746 plus 773262657?,1587808403
What is 349453168460 plus 734190159343?,1083643327803
What is 1344572 plus 1764870?,3109442
What is 77152634 plus 96690770?,173843404
What is 2818 plus 1260?,4078
What is 94172152701291 plus 79759993699283?,173932146400574
What is 71153 plus 93595?,164748
What is 807375774 plus 874619082?,1681994856
What is 45765041236 plus 68942059375?,114707100611
What is 41794664894459 plus 47280573429714?,89075238324173
What is 7434 plus 9939?,17373
What is 4025932243 plus 8223688973?,12249621216
What is 69804623494 plus 13799403106?,83604026600
What is 6868534983 plus 4915248132?,11783783115
What is 77445490 plus 66898554?,144344044
What is 9197 plus 7850?,17047
What is 74708003807 plus 83442352547?,158150356354
What is 11 plus 63?,74
What is 24 plus 31?,55
What is 71960989450 plus 60579245091?,132540234541
What is 3014395187 plus 1343199556?,4357594743
What is 1303 plus 1617?,2920
What is 35 plus 82?,117
What is 772632322041 plus 210200675974?,982832998015
What is 632112 plus 478147?,1110259
What is 2729945 plus 8388519?,11118464
What is 23595515354 plus 14011022427?,37606537781
What is 9339352142517 plus 5774785572324?,15114137714841
What is 9099693170458 plus 4060557082852?,13160250253310
What is 22769527953738 plus 95697858315446?,118467386269184
What is 169 plus 156?,325
What is 913 plus 609?,1522
What is 9018 plus 4090?,13108
What is 496 plus 320?,816
What is 13423648315459 plus 71318547836539?,84742196151998
What is 295139636 plus 576208493?,871348129
What is 9821372063 plus 5008223207?,14829595270
What is 5030025881318 plus 5543823969623?,10573849850941
What is 826585176109738 plus 491304618073178?,1317889794182916
What is 5685549466543 plus 3050189968770?,8735739435313
What is 387599 plus 542235?,929834
What is 1086069794 plus 8932008548?,10018078342
What is 23639363 plus 61737794?,85377157
What is 5381 plus 6524?,11905
What is 24467884 plus 35524291?,59992175
What is 823432 plus 347291?,1170723
What is 7356854313 plus 1516265978?,8873120291
What is 6037 plus 4611?,10648
What is 8762878 plus 7142093?,15904971
What is 100087032 plus 887984780?,988071812
What is 2053426722399 plus 9254568116251?,11307994838650
What is 713251 plus 435304?,1148555
What is 3920218237 plus 8573801939?,12494020176
What is 768101786866412 plus 112605904262051?,880707691128463
What is 137187 plus 991118?,1128305
What is 8031857608 plus 8823227761?,16855085369
What is 5711021738360 plus 8553643454423?,14264665192783
What is 58 plus 12?,70
What is 48 plus 52?,100
What is 310927273800 plus 208101070660?,519028344460
What is 25 plus 67?,92
What is 52954738 plus 44915006?,97869744
What is 455773177305099 plus 215809936676614?,671583113981713
What is 493603183184 plus 217034023953?,710637207137
What is 1235374640 plus 6661621716?,7896996356
What is 3421498 plus 8463217?,11884715
What is 102628 plus 577150?,679778
What is 89 plus 11?,100
What is 3324 plus 6921?,10245
What is 66280 plus 67107?,133387
What is 640140 plus 469471?,1109611
What is 349540 plus 482986?,832526
What is 80895 plus 66304?,147199
What is 3306 plus 9958?,13264
What is 475793108516041 plus 739241227138108?,1215034335654149
What is 780423531254159 plus 306847788228312?,1087271319482471
What is 1648009 plus 2862180?,4510189
What is 4617602 plus 6019724?,10637326
What is 46989691169294 plus 83330124001636?,130319815170930
What is 7977164264111 plus 9426038413324?,17403202677435
What is 42649468365 plus 58255239148?,100904707513
What is 65067188148609 plus 40438023893169?,105505212041778
What is 78778298908916 plus 84880855998842?,163659154907758
What is 35 plus 17?,52
What is 539239775 plus 259961148?,799200923
What is 1456020352054 plus 3475594641906?,4931614993960
What is 96262590851 plus 48427134769?,144689725620
What is 7008319339 plus 8588312156?,15596631495
What is 722404396518699 plus 590610952353579?,1313015348872278
What is 3266314655 plus 6628636771?,9894951426
What is 152852167 plus 411621277?,564473444
What is 60 plus 76?,136
What is 4453891700837 plus 8652529817175?,13106421518012
What is 9092856 plus 2811355?,11904211
What is 77893619851920 plus 31062970997337?,108956590849257
What is 12380 plus 97216?,109596
What is 6918711875148 plus 4095017192167?,11013729067315
What is 61950682887394 plus 96437379676303?,158388062563697
What is 122108651815415 plus 687280249932925?,809388901748340
What is 827 plus 206?,1033
What is 804911553 plus 262910578?,1067822131
What is 4491 plus 6214?,10705
What is 353634532 plus 431335190?,784969722
What is 97647249 plus 55811999?,153459248
What is 56848222444063 plus 40910242851829?,97758465295892
What is 262433346092898 plus 769360010717168?,1031793356810066
What is 60942833016077 plus 90967542651669?,151910375667746
What is 3654812176 plus 2757482996?,6412295172
What is 1696338306 plus 6789198358?,8485536664
What is 2552 plus 5665?,8217
What is 79610 plus 93718?,173328
What is 5265687 plus 1858649?,7124336
What is 11359549304251 plus 51511307232065?,62870856536316
What is 633320750962385 plus 790957530645367?,1424278281607752
What is 872302234702 plus 904998196846?,1777300431548
What is 5887939059 plus 6925490553?,12813429612
What is 657322126533959 plus 364319013221238?,1021641139755197
What is 40144765 plus 40345638?,80490403
What is 88680 plus 43856?,132536
What is 55655989 plus 77145897?,132801886
What is 7127464154 plus 1299229951?,8426694105
What is 331947368511661 plus 380727818875380?,712675187387041
What is 2403433 plus 1519841?,3923274
What is 4230748526319 plus 6766503314436?,10997251840755
What is 343 plus 786?,1129
What is 663 plus 657?,1320
What is 31 plus 32?,63
What is 727904863044862 plus 964567496842122?,1692472359886984
What is 73022854 plus 62290840?,135313694
What is 58214945 plus 30731663?,88946608
What is 1592898729 plus 3044514283?,4637413012
What is 2180419 plus 2831323?,5011742
What is 474297681 plus 619699411?,1093997092
What is 439337084451205 plus 802067009286975?,1241404093738180
What is 52392207 plus 37548679?,89940886
What is 7181049110 plus 8842920202?,16023969312
What is 976847 plus 380616?,1357463
What is 42 plus 76?,118
What is 36439 plus 23335?,59774
What is 258591072664401 plus 329520917738317?,588111990402718
What is 86667073361555 plus 98197333284203?,184864406645758
What is 8507 plus 4974?,13481
What is 40789340849 plus 44976213413?,85765554262
What is 4766247574448 plus 4625003469287?,9391251043735
What is 9559929 plus 1433812?,10993741
What is 815737854775 plus 829647249895?,1645385104670
What is 416 plus 836?,1252
What is 6406 plus 2811?,9217
What is 5393170457 plus 3782279331?,9175449788
What is 989 plus 294?,1283
What is 10865782351 plus 70428873990?,81294656341
What is 407 plus 982?,1389
What is 25574089 plus 69250035?,94824124
What is 44390057524 plus 59129608767?,103519666291
What is 60946444 plus 88995736?,149942180
What is 4544329773 plus 1763059318?,6307389091
What is 381704747122606 plus 898018499243100?,1279723246365706
What is 3253023911140 plus 7204749817246?,10457773728386
What is 87772 plus 96472?,184244
What is 32 plus 60?,92
What is 83970561865 plus 95189865911?,179160427776
What is 643613961 plus 613570909?,1257184870
What is 317490579 plus 406452834?,723943413
What is 616 plus 913?,1529
What is 3733 plus 6093?,9826
What is 5228575194264 plus 8001336490590?,13229911684854
What is 9275 plus 1881?,11156
What is 23782436137889 plus 41476400528448?,65258836666337
What is 776 plus 856?,1632
What is 546753236044 plus 597749906220?,1144503142264
What is 59024437259 plus 77118391854?,136142829113
What is 958787599078414 plus 996525627850767?,1955313226929181
What is 61155619543 plus 20042840587?,81198460130
What is 3840558 plus 9933579?,13774137
What is 5641085483751 plus 3176556224194?,8817641707945
What is 13872 plus 46044?,59916
What is 535683926914987 plus 764213882386719?,1299897809301706
What is 83023744018 plus 32118493847?,115142237865
What is 73955948091270 plus 76155278592244?,150111226683514
What is 919312080099631 plus 275795060456683?,1195107140556314
What is 6712 plus 6695?,13407
What is 5891 plus 4790?,10681
What is 4556371449 plus 1143371055?,5699742504
What is 4485594882600 plus 6121300599046?,10606895481646
What is 96 plus 26?,122
What is 5934 plus 7529?,13463
What is 1013474055278 plus 5717625235678?,6731099290956
What is 5906251484 plus 3716711953?,9622963437
What is 504997 plus 508939?,1013936
What is 24120 plus 63050?,87170
What is 248275794 plus 493933304?,742209098
What is 691229 plus 262288?,953517
What is 481724736131848 plus 693306350447082?,1175031086578930
What is 507995143731381 plus 507286733316727?,1015281877048108
What is 19721883 plus 24752786?,44474669
What is 132721086 plus 297501643?,430222729
What is 6701 plus 1224?,7925
What is 772477 plus 780122?,1552599
What is 768001949834302 plus 942200240004520?,1710202189838822
What is 91512108 plus 14946112?,106458220
What is 3111694 plus 1508816?,4620510
What is 1204128931341 plus 1022567896087?,2226696827428
What is 58358 plus 66089?,124447
What is 686169240182 plus 409639699463?,1095808939645
What is 23928727 plus 77614796?,101543523
What is 37049765461808 plus 32166579442749?,69216344904557
What is 38927353728350 plus 46803622318157?,85730976046507
What is 656756976 plus 967900091?,1624657067
What is 1303662 plus 3504931?,4808593
What is 88637156112 plus 33242666950?,121879823062
What is 571354819754 plus 128370074134?,699724893888
What is 5188038475957 plus 6323338419152?,11511376895109
What is 9694 plus 2774?,12468
What is 699 plus 656?,1355
What is 81196168056161 plus 87208767699619?,168404935755780
What is 50 plus 76?,126
What is 1667591652 plus 9336502460?,11004094112
What is 73492789935 plus 42086201304?,115578991239
What is 732 plus 356?,1088
What is 72259024 plus 98310871?,170569895
What is 109585560 plus 975387284?,1084972844
What is 37 plus 36?,73
What is 4455136 plus 2113715?,6568851
What is 47 plus 80?,127
What is 445 plus 367?,812
What is 8107 plus 7430?,15537
What is 538164388500529 plus 257259136370172?,795423524870701
What is 30023 plus 94841?,124864
What is 634651 plus 181519?,816170
What is 8136724 plus 2093402?,10230126
What is 605 plus 699?,1304
What is 1303 plus 3979?,5282
What is 676723656720 plus 423543208247?,1100266864967
What is 98 plus 66?,164
What is 638003652026 plus 369250192052?,1007253844078
What is 3730 plus 3203?,6933
What is 624696 plus 856507?,1481203
What is 9241 plus 6035?,15276
What is 955184093347195 plus 775967278850743?,1731151372197938
What is 10 plus 22?,32
What is 38250225853207 plus 47216463084159?,85466688937366
What is 4506498603 plus 2790333011?,7296831614
What is 7549515113 plus 8784418179?,16333933292
What is 88365713764 plus 67889447117?,156255160881
What is 752222710 plus 767050291?,1519273001
What is 289865057 plus 740571351?,1030436408
What is 5205370291 plus 8121561978?,13326932269
What is 724 plus 714?,1438
What is 876518628 plus 448961194?,1325479822
What is 316 plus 737?,1053
What is 41088 plus 68660?,109748
What is 110829554595740 plus 581514706079522?,692344260675262
What is 15293 plus 21923?,37216
What is 50 plus 33?,83
What is 93493 plus 62620?,156113
What is 5805460 plus 4106781?,9912241
What is 921395715664 plus 143477340144?,1064873055808
What is 8496336519606 plus 8200721284547?,16697057804153
What is 5227 plus 7722?,12949
What is 1200 plus 1249?,2449
What is 768155039048090 plus 907414382150152?,1675569421198242
What is 9033227591 plus 8096301883?,17129529474
What is 44 plus 62?,106
What is 18179146 plus 52678120?,70857266
What is 190696672 plus 121442164?,312138836
What is 77158925989747 plus 78668942915988?,155827868905735
What is 481883227780 plus 685125988590?,1167009216370
What is 46000279 plus 47830924?,93831203
What is 203656 plus 338938?,542594
What is 50873 plus 81732?,132605
What is 3855 plus 6831?,10686
What is 489433185 plus 110361848?,599795033
What is 4335029134 plus 4138800978?,8473830112
What is 8988996686578 plus 6031780793034?,15020777479612
What is 5550624751 plus 1606602898?,7157227649
What is 386 plus 911?,1297
What is 8137859414766 plus 6409162257085?,14547021671851
What is 6739444264165 plus 8500594378337?,15240038642502
What is 27077770724 plus 38823858034?,65901628758
What is 75 plus 53?,128
What is 38010663 plus 15476939?,53487602
What is 216795 plus 611275?,828070
What is 14 plus 56?,70
What is 9531369287873 plus 9013706364146?,18545075652019
What is 4434 plus 4018?,8452
What is 9705262437595 plus 4246265559766?,13951527997361
What is 8298559 plus 4745197?,13043756
What is 2357 plus 7027?,9384
What is 69008650 plus 24163335?,93171985
What is 602 plus 700?,1302
What is 721656468975849 plus 322077244777053?,1043733713752902
What is 192724202974283 plus 790296196218003?,983020399192286
What is 422775036604 plus 798839317334?,1221614353938
What is 61430111447649 plus 98264915557531?,159695027005180
What is 7852647992 plus 1546777490?,9399425482
What is 309847669453876 plus 708074869943145?,1017922539397021
What is 13 plus 45?,58
What is 386879000 plus 287555623?,674434623
What is 92 plus 17?,109
What is 805205474173 plus 663528090926?,1468733565099
What is 20597 plus 87380?,107977
What is 78214318463 plus 98473281164?,176687599627
What is 3164379489820 plus 5621089742471?,8785469232291
What is 48547181 plus 52160373?,100707554
What is 4826224579 plus 5767074775?,10593299354
What is 876991229 plus 695150707?,1572141936
What is 5154053208 plus 7776184205?,12930237413
What is 657647438513314 plus 928342877075453?,1585990315588767
What is 60178215 plus 69410042?,129588257
What is 616 plus 997?,1613
What is 9830 plus 5969?,15799
What is 3488 plus 4471?,7959
What is 37658 plus 34435?,72093
What is 4736604377366 plus 1289252572359?,6025856949725
What is 421304419 plus 100969581?,522274000
What is 4687 plus 3672?,8359
What is 998779915183636 plus 624098758798617?,1622878673982253
What is 568448337932666 plus 594872979838655?,1163321317771321
What is 448254 plus 204129?,652383
What is 921704996032219 plus 121069748164297?,1042774744196516
What is 97981558132 plus 69735478111?,167717036243
What is 84424035 plus 48212958?,132636993
What is 222350887225 plus 517655397478?,740006284703
What is 18 plus 49?,67
What is 90669 plus 41339?,132008
What is 123983355563870 plus 595215375761130?,719198731325000
What is 2173772224061 plus 1550092086959?,3723864311020
What is 73143826 plus 30139904?,103283730
What is 88189 plus 43946?,132135
What is 5382 plus 5748?,11130
What is 23449 plus 84344?,107793
What is 832329272488374 plus 286080070566152?,1118409343054526
What is 33535 plus 66672?,100207
What is 7612759743551 plus 2333259821630?,9946019565181
What is 729799197911855 plus 112495189926910?,842294387838765
What is 62890703 plus 10773645?,73664348
What is 96402669 plus 50857073?,147259742
What is 9327730582 plus 8649318541?,17977049123
What is 3639080 plus 4378344?,8017424
What is 8530891957 plus 9574909915?,18105801872
What is 22873367 plus 21509625?,44382992
What is 798 plus 560?,1358
What is 625811 plus 364616?,990427
What is 95750809 plus 52381196?,148132005
What is 39934185 plus 41388768?,81322953
What is 9113499 plus 6354747?,15468246
What is 296071271992585 plus 919071636924466?,1215142908917051
What is 673 plus 554?,1227
What is 7795826835775 plus 1519936830083?,9315763665858
What is 584609 plus 925179?,1509788
What is 1464834842209 plus 1632886105474?,3097720947683
What is 5428 plus 5775?,11203
What is 1057603597 plus 5352206945?,6409810542
What is 7574 plus 2328?,9902
What is 295 plus 886?,1181
What is 708 plus 456?,1164
What is 30 plus 90?,120
What is 4326614780 plus 3644468020?,7971082800
What is 216617 plus 717491?,934108
What is 265148589552 plus 864006893515?,1129155483067
What is 85 plus 27?,112
What is 7572424481 plus 9681729613?,17254154094
What is 986690717084577 plus 502662378101903?,1489353095186480
What is 12571125655 plus 21217731797?,33788857452
What is 84 plus 31?,115
What is 78 plus 36?,114
What is 66833933 plus 50409641?,117243574
What is 986887424633 plus 588136141024?,1575023565657
What is 648 plus 388?,1036
What is 20948 plus 15556?,36504
What is 73 plus 89?,162
What is 329058 plus 638518?,967576
What is 815822645294 plus 140776189581?,956598834875
What is 8425391 plus 1014923?,9440314
What is 34737801474135 plus 75240789568642?,109978591042777
What is 55169 plus 18998?,74167
What is 36 plus 82?,118
What is 64244124284 plus 89585855653?,153829979937
What is 6545 plus 2909?,9454
What is 21355759 plus 27376491?,48732250
What is 980600548535118 plus 641420820047052?,1622021368582170
What is 13405 plus 60056?,73461
What is 5070207 plus 4928969?,9999176
What is 635758933 plus 184141566?,819900499
What is 331744472 plus 605200158?,936944630
What is 925357274111430 plus 747132852471305?,1672490126582735
What is 64303381440493 plus 57493290776795?,121796672217288
What is 549667 plus 136202?,685869
What is 53201 plus 48066?,101267
What is 22988357 plus 30318795?,53307152
What is 86239452 plus 36141803?,122381255
What is 165022057 plus 965589054?,1130611111
What is 159 plus 800?,959
What is 73300020753653 plus 55271403511286?,128571424264939
What is 248315816711 plus 564742001633?,813057818344
What is 410623 plus 750468?,1161091
What is 603407 plus 296534?,899941
What is 5365546763161 plus 6869654162501?,12235200925662
What is 9030 plus 5582?,14612
What is 5969909162924 plus 5447501294544?,11417410457468
What is 236195131252370 plus 945448661476524?,1181643792728894
What is 853905448 plus 589920186?,1443825634
What is 168324987611 plus 555190789311?,723515776922
What is 47440450924 plus 81231466450?,128671917374
What is 727804 plus 281377?,1009181
What is 141584861 plus 424452703?,566037564
What is 6389584 plus 4313448?,10703032
What is 560138 plus 970075?,1530213
What is 33512655553515 plus 90887278576041?,124399934129556
What is 797861747180281 plus 396520815693530?,1194382562873811
What is 8509078546994 plus 3553265989770?,12062344536764
What is 4110660187190 plus 5363804627761?,9474464814951
What is 16429329961485 plus 40814708700329?,57244038661814
What is 70 plus 19?,89
What is 60490622647 plus 11296649311?,71787271958
What is 921 plus 580?,1501
What is 94566534 plus 97722879?,192289413
What is 67634 plus 10127?,77761
What is 282088 plus 459266?,741354
What is 9758573 plus 5507497?,15266070
What is 67 plus 19?,86
What is 4432255828613 plus 5246693428645?,9678949257258
What is 632156090756505 plus 834887413506534?,1467043504263039
What is 8641 plus 6349?,14990
What is 69714363 plus 71652946?,141367309
What is 823570894 plus 194485772?,1018056666
What is 474552829229017 plus 219950523635642?,694503352864659
What is 88873808297147 plus 39828431689560?,128702239986707
What is 6358924155223 plus 9682424756388?,16041348911611
What is 172 plus 464?,636
What is 4393 plus 3926?,8319
What is 83 plus 46?,129
What is 310721480372 plus 856670260946?,1167391741318
What is 3010265202271 plus 2845159233641?,5855424435912
What is 771 plus 294?,1065
What is 2767 plus 9596?,12363
What is 6290192687187 plus 5092480116995?,11382672804182
What is 123131293618548 plus 132066186790628?,255197480409176
What is 343264101733 plus 880059493623?,1223323595356
What is 631314558867584 plus 886372306662679?,1517686865530263
What is 93565 plus 90813?,184378
What is 41370 plus 42023?,83393
What is 9427 plus 8911?,18338
What is 50584 plus 64855?,115439
What is 97725169 plus 60818769?,158543938
What is 99417831732 plus 71649269830?,171067101562
What is 72186228158 plus 83552862704?,155739090862
What is 50191 plus 83492?,133683
What is 82381 plus 23445?,105826
What is 54399745751 plus 39324679843?,93724425594
What is 2777388 plus 2193932?,4971320
What is 9552475107674 plus 4988842019281?,14541317126955
What is 1854740787155 plus 4393641401980?,6248382189135
What is 6672 plus 4389?,11061
What is 30178870 plus 89771424?,119950294
What is 63717 plus 36386?,100103
What is 57303943864 plus 86872067591?,144176011455
What is 19346976 plus 12731801?,32078777
What is 54780183515 plus 47876897120?,102657080635
What is 417 plus 649?,1066
What is 87735856701 plus 81691494338?,169427351039
What is 258 plus 502?,760
What is 33262532 plus 23022517?,56285049
What is 805 plus 851?,1656
What is 80742514829 plus 71907960166?,152650474995
What is 5799180771385 plus 9099925240715?,14899106012100
What is 70 plus 86?,156
What is 144 plus 943?,1087
What is 860810 plus 868664?,1729474
What is 527456675 plus 225978082?,753434757
What is 13000 plus 77546?,90546
What is 174781315319 plus 790791502163?,965572817482
What is 5436 plus 1426?,6862
What is 9304858251 plus 3408980973?,12713839224
What is 33 plus 13?,46
What is 9412152 plus 3891615?,13303767
What is 124849855171116 plus 584915115337535?,709764970508651
What is 809 plus 173?,982
What is 288559598042 plus 471395477005?,759955075047
What is 62753876 plus 67034177?,129788053
What is 295634248233 plus 224889418446?,520523666679
What is 201 plus 963?,1164
What is 648 plus 733?,1381
What is 7096 plus 3333?,10429
What is 33666925947702 plus 45496970158683?,79163896106385
What is 1667 plus 8558?,10225
What is 141252 plus 111892?,253144
What is 2632 plus 5370?,8002
What is 11 plus 38?,49
What is 92270131 plus 14105561?,106375692
What is 56587978 plus 36434089?,93022067
What is 1163183660550 plus 4669316951483?,5832500612033
What is 57 plus 61?,118
What is 471617515754864 plus 142203107268132?,613820623022996
What is 400 plus 441?,841
What is 62 plus 22?,84
What is 49649227119 plus 75098847869?,124748074988
What is 117336614356 plus 197541083236?,314877697592
What is 273605083 plus 204161842?,477766925
What is 79 plus 96?,175
What is 2351835172261 plus 2280800975723?,4632636147984
What is 5256030 plus 3342005?,8598035
What is 5384070962 plus 2066156646?,7450227608
What is 5364273372250 plus 8129777473369?,13494050845619
What is 47976573 plus 71890593?,119867166
What is 28053 plus 70404?,98457
What is 8711079850923 plus 4738779002548?,13449858853471
What is 33 plus 53?,86
What is 111543393991 plus 685921600322?,797464994313
What is 78340032636 plus 20841530946?,99181563582
What is 7073 plus 4118?,11191
What is 40263612221984 plus 20026328348381?,60289940570365
What is 7962416896492 plus 5205984109257?,13168401005749
What is 60592 plus 70223?,130815
What is 662839297635 plus 196468287432?,859307585067
What is 17976571769 plus 60956022274?,78932594043
What is 629 plus 971?,1600
What is 758620678 plus 304797597?,1063418275
What is 4667 plus 2826?,7493
What is 413773572532 plus 913132293499?,1326905866031
What is 23 plus 96?,119
What is 16706905 plus 56662055?,73368960
What is 533 plus 582?,1115
What is 457451168153403 plus 306202297582849?,763653465736252
What is 53735977299 plus 20923457354?,74659434653
What is 5512 plus 6081?,11593
What is 882220605503 plus 656633151981?,1538853757484
What is 3398754 plus 3714513?,7113267
What is 300640236 plus 499390797?,800031033
What is 608052103 plus 534068405?,1142120508
What is 23307783 plus 28785797?,52093580
What is 58 plus 55?,113
What is 45463 plus 52746?,98209
What is 937150575845 plus 405529749469?,1342680325314
What is 1878300603 plus 8218628593?,10096929196
What is 92307681198671 plus 69130963883203?,161438645081874
What is 391043525 plus 812082710?,1203126235
What is 8961829 plus 6633593?,15595422
What is 157272 plus 433217?,590489
What is 1152 plus 5693?,6845
What is 67966724 plus 27612119?,95578843
What is 1486317 plus 1937464?,3423781
What is 2812791811393 plus 4352421859810?,7165213671203
What is 592279633077 plus 112842231332?,705121864409
What is 153131 plus 234510?,387641
What is 54 plus 54?,108
What is 63643850311 plus 61917404058?,125561254369
What is 5488829 plus 8892600?,14381429
What is 774200071948 plus 330011171437?,1104211243385
What is 6845194992362 plus 4250552892090?,11095747884452
What is 9243404 plus 1585910?,10829314
What is 34438048219340 plus 78668923460450?,113106971679790
What is 23550917 plus 48181285?,71732202
What is 5451293 plus 6326700?,11777993
What is 55075 plus 65076?,120151
What is 36410805 plus 50969123?,87379928
What is 467547644 plus 750091230?,1217638874
What is 8099849568 plus 8743660395?,16843509963
What is 294025679 plus 835981509?,1130007188
What is 56321171134195 plus 89660822423345?,145981993557540
What is 6143 plus 4589?,10732
What is 66 plus 54?,120
What is 54464925426884 plus 57199364241079?,111664289667963
What is 2694 plus 6417?,9111
What is 9776 plus 1475?,11251
What is 874814609418089 plus 524737680720993?,1399552290139082
What is 871349781 plus 482040104?,1353389885
What is 4225714 plus 1946803?,6172517
What is 1117438127 plus 8545722707?,9663160834
What is 3219939981094 plus 4574238233729?,7794178214823
What is 1605580045561 plus 3695135518371?,5300715563932
What is 6062343415041 plus 5310700340497?,11373043755538
What is 1107883 plus 3151607?,4259490
What is 614436 plus 844023?,1458459
What is 479 plus 658?,1137
What is 4745171 plus 3408404?,8153575
What is 820178704863755 plus 541633290573392?,1361811995437147
What is 891260 plus 227375?,1118635
What is 936818145035676 plus 808760408304012?,1745578553339688
What is 65809 plus 67372?,133181
What is 9343072461112 plus 5411515156458?,14754587617570
What is 162903 plus 266365?,429268
What is 813426138 plus 914454968?,1727881106
What is 77 plus 51?,128
What is 88211580 plus 76629145?,164840725
What is 3327038 plus 6502842?,9829880
What is 307146426773970 plus 397822708581889?,704969135355859
What is 4886872997 plus 2167466862?,7054339859
What is 27918257 plus 65588255?,93506512
What is 94734152 plus 89429728?,184163880
What is 876 plus 872?,1748
What is 407694675 plus 945750986?,1353445661
What is 7578315591488 plus 4006664320669?,11584979912157
What is 696382226208062 plus 292358928740831?,988741154948893
What is 813 plus 476?,1289
What is 7488097 plus 9909844?,17397941
What is 953663717676371 plus 210048094109248?,1163711811785619
What is 82859116 plus 10244284?,93103400
What is 226082334 plus 552786895?,778869229
What is 901779735126337 plus 669203909705553?,1570983644831890
What is 24376263 plus 92251817?,116628080
What is 1157344 plus 9724441?,10881785
What is 50535759 plus 25221440?,75757199
What is 1900 plus 5238?,7138
What is 10 plus 77?,87
What is 453307394211 plus 114935548215?,568242942426
What is 93372 plus 64694?,158066
What is 971 plus 847?,1818
What is 14928324123927 plus 47886681920974?,62815006044901
What is 26501627 plus 52690875?,79192502
What is 1975 plus 9395?,11370
What is 106087765862 plus 109140023978?,215227789840
What is 516069 plus 302270?,818339
What is 606 plus 919?,1525
What is 9859 plus 7192?,17051
What is 515187037690469 plus 684781126832882?,1199968164523351
What is 3600459422 plus 6575752790?,10176212212
What is 2839035069 plus 6295971231?,9135006300
What is 83172054852 plus 73599573026?,156771627878
What is 707513865278 plus 299779322675?,1007293187953
What is 4165 plus 9575?,13740
What is 55829 plus 28099?,83928
What is 380947515 plus 975882217?,1356829732
What is 762282484849 plus 689978007026?,1452260491875
What is 953708147 plus 711621787?,1665329934
What is 661685299 plus 950078309?,1611763608
What is 324 plus 255?,579
What is 8999747684177 plus 5017070306991?,14016817991168
What is 202137465 plus 435546623?,637684088
What is 57203552207 plus 79832706574?,137036258781
What is 9105974 plus 6427602?,15533576
What is 2043493 plus 9635783?,11679276
What is 541517985742863 plus 444683517468420?,986201503211283
What is 19538518 plus 16569295?,36107813
What is 4196207 plus 9762466?,13958673
What is 7921202781 plus 1852444034?,9773646815
What is 7175216809 plus 5740524371?,12915741180
What is 3972980188 plus 2262364134?,6235344322
What is 904495337633981 plus 538531851426936?,1443027189060917
What is 898884959094366 plus 121523256152980?,1020408215247346
What is 39894471 plus 55427374?,95321845
What is 5988028433 plus 9284331372?,15272359805
What is 32720010182594 plus 58091751321552?,90811761504146
What is 520434837 plus 607076522?,1127511359
What is 80106 plus 42522?,122628
What is 4097 plus 2988?,7085
What is 5053761619 plus 3019318121?,8073079740
What is 60532855266497 plus 30193002450485?,90725857716982
What is 255992 plus 638397?,894389
What is 5175138 plus 6103178?,11278316
What is 272404030416 plus 110494238785?,382898269201
What is 69666205307244 plus 63570435475169?,133236640782413
What is 40344500 plus 82117687?,122462187
What is 45096019318422 plus 45417734070781?,90513753389203
What is 651178922 plus 648094826?,1299273748
What is 85 plus 23?,108
What is 8627251144 plus 6595521982?,15222773126
What is 224564262591 plus 938775715389?,1163339977980
What is 652581 plus 998972?,1651553
What is 4417627 plus 8839960?,13257587
What is 37 plus 67?,104
What is 5176659 plus 7519168?,12695827
What is 87919 plus 52630?,140549
What is 740797 plus 570314?,1311111
What is 624320 plus 438917?,1063237
What is 50920118 plus 99303948?,150224066
What is 1023201955393 plus 7494049979503?,8517251934896
What is 15650718637517 plus 88142600136714?,103793318774231
What is 4409 plus 9320?,13729
What is 4169 plus 7697?,11866
What is 6890 plus 4869?,11759
What is 504250042046613 plus 435635844776819?,939885886823432
What is 4072216191527 plus 4142906246316?,8215122437843
What is 16386669 plus 13939664?,30326333
What is 86088 plus 67430?,153518
What is 89552503951716 plus 41430590152950?,130983094104666
What is 191218488801 plus 273833862867?,465052351668
What is 5124 plus 4440?,9564
What is 80298 plus 37284?,117582
What is 854466407344 plus 507252797543?,1361719204887
What is 922 plus 478?,1400
What is 3747779 plus 7301520?,11049299
What is 3943948142 plus 6661391583?,10605339725
What is 339809 plus 299705?,639514
What is 8272234 plus 8321197?,16593431
What is 34855425 plus 25891220?,60746645
What is 1339004 plus 6258000?,7597004
What is 72 plus 44?,116
What is 147798 plus 954690?,1102488
What is 277429744 plus 995134792?,1272564536
What is 32089722266 plus 43777306559?,75867028825
What is 1264038870341 plus 1362239599025?,2626278469366
What is 5803633587405 plus 2838232383192?,8641865970597
What is 1713459009207 plus 4299446734295?,6012905743502
What is 75033479006139 plus 41012768632820?,116046247638959
What is 806211919465 plus 546542641819?,1352754561284
What is 7700181950 plus 9125822608?,16826004558
What is 1617546485 plus 1281157808?,2898704293
What is 680045 plus 865570?,1545615
What is 6329535281408 plus 7601183305438?,13930718586846
What is 4192079918 plus 4752368948?,8944448866
What is 53 plus 44?,97
What is 34134147784219 plus 24470573927086?,58604721711305
What is 6862650374 plus 3357882688?,10220533062
What is 954268 plus 662947?,1617215
What is 9435247727 plus 6796987710?,16232235437
What is 510230138076104 plus 609570556870628?,1119800694946732
What is 626493 plus 748982?,1375475
What is 443423 plus 711771?,1155194
What is 2777736 plus 2372311?,5150047
What is 81215373863764 plus 42586784675206?,123802158538970
What is 821 plus 522?,1343
What is 3096022 plus 9671629?,12767651
What is 391055098 plus 642357282?,1033412380
What is 96097565225025 plus 56702050764409?,152799615989434
What is 61138439007 plus 97743720507?,158882159514
What is 73408857560 plus 57219528053?,130628385613
What is 907819929 plus 667125532?,1574945461
What is 4365 plus 9671?,14036
What is 4087964073 plus 4987843009?,9075807082
What is 748 plus 980?,1728
What is 439793538529262 plus 699451903660929?,1139245442190191
What is 17 plus 20?,37
What is 560867127894365 plus 205630002529746?,766497130424111
What is 145054047 plus 376574413?,521628460
What is 555 plus 835?,1390
What is 9211865816582 plus 8090432031381?,17302297847963
What is 956 plus 146?,1102
What is 79 plus 85?,164
What is 523684107718319 plus 340088209882541?,863772317600860
What is 7374 plus 2965?,10339
What is 36105 plus 91462?,127567
What is 58752195223 plus 70576274134?,129328469357
What is 185331726 plus 817692697?,1003024423
What is 320700 plus 431605?,752305
What is 49498613816053 plus 99856136284494?,149354750100547
What is 66 plus 69?,135
What is 768071538303 plus 405254533420?,1173326071723
What is 6118847721 plus 9414717741?,15533565462
What is 20 plus 53?,73
What is 22303295 plus 56130202?,78433497
What is 530952648736875 plus 403320152974230?,934272801711105
What is 41986088324737 plus 86454410436862?,128440498761599
What is 47619447 plus 64889679?,112509126
What is 69704242859564 plus 98503660803665?,168207903663229
What is 9281558 plus 1840347?,11121905
What is 631475149398268 plus 387050498563155?,1018525647961423
What is 63357329482 plus 83347333505?,146704662987
What is 541029 plus 786891?,1327920
What is 82 plus 62?,144
What is 4859702 plus 6384539?,11244241
What is 669092 plus 118885?,787977
What is 36814627 plus 48592249?,85406876
What is 54395823759554 plus 39705529431592?,94101353191146
What is 497 plus 825?,1322
What is 8028 plus 6070?,14098
What is 1299046 plus 5498918?,6797964
What is 64662216701 plus 16477180837?,81139397538
What is 8101742962073 plus 9522239469735?,17623982431808
What is 962 plus 140?,1102
What is 43776 plus 83725?,127501
What is 1198 plus 5401?,6599
What is 56040 plus 77105?,133145
What is 2314673463 plus 3110392402?,5425065865
What is 87 plus 55?,142
What is 1925 plus 3263?,5188
What is 882515205315432 plus 120823690783548?,1003338896098980
What is 449 plus 417?,866
What is 4631 plus 5314?,9945
What is 3846844479106 plus 2612668924800?,6459513403906
What is 245625752466077 plus 252279158363625?,497904910829702
What is 3470 plus 7645?,11115
What is 83625092 plus 47750530?,131375622
What is 6364902719 plus 3195848026?,9560750745
What is 106 plus 119?,225
What is 1388505675382 plus 6295836510801?,7684342186183
What is 829828773411 plus 190312079379?,1020140852790
What is 9555359 plus 4909018?,14464377
What is 41227734602020 plus 17967488362308?,59195222964328
What is 713528035 plus 546628298?,1260156333
What is 398257084 plus 747812336?,1146069420
What is 33334 plus 60341?,93675
What is 697531 plus 795694?,1493225
What is 83427679907 plus 83675342104?,167103022011
What is 347 plus 657?,1004
What is 77607 plus 48072?,125679
What is 730277758 plus 626252601?,1356530359
What is 5849 plus 5234?,11083
What is 19755474560 plus 71438195426?,91193669986
What is 8836726 plus 9545280?,18382006
What is 37284 plus 95997?,133281
What is 482601553 plus 982402774?,1465004327
What is 120796185 plus 229013126?,349809311
What is 98996080440 plus 85677173328?,184673253768
What is 36 plus 10?,46
What is 8984964990 plus 9563619659?,18548584649
What is 282 plus 622?,904
What is 93768327155 plus 46516381679?,140284708834
What is 44 plus 38?,82
What is 7097248822 plus 9378907669?,16476156491
What is 734811636284693 plus 586883846454190?,1321695482738883
What is 1230424250 plus 3693321795?,4923746045
What is 332137473 plus 633986037?,966123510
What is 89969205 plus 75544769?,165513974
What is 626683236379225 plus 848417000275562?,1475100236654787
What is 52 plus 95?,147
What is 930424915 plus 153826447?,1084251362
What is 73 plus 25?,98
What is 498126564465 plus 238428617259?,736555181724
What is 337208270 plus 678808068?,1016016338
What is 767664739609 plus 654122164225?,1421786903834
What is 977 plus 791?,1768
What is 12009281694286 plus 85598085883272?,97607367577558
What is 2801 plus 3538?,6339
What is 55177120786 plus 45597592517?,100774713303
What is 82391689 plus 53416662?,135808351
What is 171867 plus 642658?,814525
What is 32480 plus 92616?,125096
What is 90986406 plus 14970067?,105956473
What is 56536445103940 plus 72332704155505?,128869149259445
What is 1499851 plus 4731556?,6231407
What is 82052875660 plus 59774886706?,141827762366
What is 3130454074 plus 8060335130?,11190789204
What is 897331 plus 407948?,1305279
What is 73332 plus 77995?,151327
What is 57079738 plus 31593088?,88672826
What is 313321 plus 893957?,1207278
What is 3584029 plus 7327692?,10911721
What is 869095170107490 plus 543999277341366?,1413094447448856
What is 31084626 plus 69226322?,100310948
What is 670189299 plus 939783506?,1609972805
What is 642 plus 306?,948
What is 465908020830 plus 101359003163?,567267023993
What is 39114872 plus 18442236?,57557108
What is 475316125 plus 236199305?,711515430
What is 284002037 plus 372243759?,656245796
What is 75753 plus 51282?,127035
What is 21238659 plus 75792449?,97031108
What is 1677500130336 plus 3251923427230?,4929423557566
What is 953686964109 plus 506964015825?,1460650979934
What is 6989050330 plus 6833574049?,13822624379
What is 944419 plus 980403?,1924822
What is 69 plus 65?,134
What is 78955721178824 plus 33725763396289?,112681484575113
What is 80623407807 plus 21395593585?,102019001392
What is 76865155214566 plus 11764391524406?,88629546738972
What is 490852347 plus 116866716?,607719063
What is 7891266874775 plus 2057362252451?,9948629127226
What is 190619 plus 578146?,768765
What is 76675118472 plus 80582081443?,157257199915
What is 883740696808 plus 219166216228?,1102906913036
What is 58011823 plus 60377796?,118389619
What is 20533 plus 76079?,96612
What is 15 plus 19?,34
What is 20342 plus 17640?,37982
What is 1030408 plus 5268472?,6298880
What is 448160085 plus 408049615?,856209700
What is 831787 plus 649664?,1481451
What is 39126524008 plus 68290600069?,107417124077
What is 44462329 plus 25219364?,69681693
What is 4414104 plus 7413321?,11827425
What is 14134943883251 plus 82585992292527?,96720936175778
What is 288 plus 215?,503
What is 89511008774 plus 23417195716?,112928204490
What is 527921052443 plus 651038136525?,1178959188968
What is 26018459240083 plus 96394783610774?,122413242850857
What is 16163054783544 plus 76109060414327?,92272115197871
What is 2875 plus 3150?,6025
What is 622031744473 plus 124966919469?,746998663942
What is 472190 plus 221084?,693274
What is 363819939 plus 655304595?,1019124534
What is 53043473434 plus 56746670337?,109790143771
What is 27773954297617 plus 33574212178156?,61348166475773
What is 8453033 plus 8694709?,17147742
What is 286912790 plus 833016078?,1119928868
What is 281826080146115 plus 583489132120842?,865315212266957
What is 56526 plus 54364?,110890
What is 530613 plus 846877?,1377490
What is 6178 plus 3030?,9208
What is 9419 plus 3027?,12446
What is 9075723999 plus 6812285044?,15888009043
What is 851 plus 765?,1616
What is 815 plus 209?,1024
What is 99531343130316 plus 66024476908110?,165555820038426
What is 4240695496670 plus 4456965782831?,8697661279501
What is 53208557 plus 63788378?,116996935
What is 592385255 plus 975582004?,1567967259
What is 16629814259862 plus 40821897285779?,57451711545641
What is 1224937 plus 1007298?,2232235
What is 493707238854052 plus 888631511773449?,1382338750627501
What is 139877220030 plus 449768771430?,589645991460
What is 6188566581759 plus 2189965172554?,8378531754313
What is 660 plus 178?,838
What is 259045 plus 167387?,426432
What is 1593989981713 plus 7273497147501?,8867487129214
What is 744172383973977 plus 199629831010729?,943802214984706
What is 112111 plus 286576?,398687
What is 182856974 plus 502392349?,685249323
What is 992774645782075 plus 182528601690052?,1175303247472127
What is 13745064435 plus 68769585023?,82514649458
What is 33 plus 28?,61
What is 9771 plus 2000?,11771
What is 160274183478 plus 922993476950?,1083267660428
What is 165234599002406 plus 735324194326025?,900558793328431
What is 781220361943327 plus 926005686801811?,1707226048745138
What is 18737525651 plus 71001001702?,89738527353
What is 27927 plus 92995?,120922
What is 105634 plus 286800?,392434
What is 9342701565 plus 9659405596?,19002107161
What is 15174879 plus 99943103?,115117982
What is 59199 plus 67808?,127007
What is 10 plus 34?,44
What is 784 plus 189?,973
What is 2627 plus 1248?,3875
What is 756835 plus 691755?,1448590
What is 495550847 plus 463023034?,958573881
What is 189065 plus 706467?,895532
What is 27423529125162 plus 75421276849557?,102844805974719
What is 54790 plus 56078?,110868
What is 70509963725580 plus 13581129021314?,84091092746894
What is 99070413 plus 36574499?,135644912
What is 66083 plus 34367?,100450
What is 539519536794 plus 454389122112?,993908658906
What is 7838622 plus 6717023?,14555645
What is 85470349 plus 63214452?,148684801
What is 89510823734 plus 32217128440?,121727952174
What is 706915573 plus 681955874?,1388871447
What is 186337956444387 plus 643871489892798?,830209446337185
What is 289841203 plus 532749787?,822590990
What is 9795 plus 2507?,12302
What is 1131 plus 2268?,3399
What is 31534326 plus 45652889?,77187215
What is 2456276277 plus 9506879430?,11963155707
What is 34435629775287 plus 36043444254175?,70479074029462
What is 336 plus 350?,686
What is 2069 plus 5523?,7592
What is 35856022428773 plus 67804306969255?,103660329398028
What is 57160 plus 33301?,90461
What is 6759 plus 3963?,10722
What is 918961697964436 plus 512097153370520?,1431058851334956
What is 98544600 plus 65401042?,163945642
What is 73476925069408 plus 36786267126083?,110263192195491
What is 76244312 plus 90289851?,166534163
What is 495554102396 plus 660417862737?,1155971965133
What is 5107 plus 3372?,8479
What is 4210896411 plus 3806734344?,8017630755
What is 57 plus 72?,129
What is 833994308162 plus 983769682443?,1817763990605
What is 9019303884482 plus 3663546099830?,12682849984312
What is 15 plus 28?,43
What is 7805 plus 6834?,14639
What is 309742970 plus 315197402?,624940372
What is 224328 plus 939876?,1164204
What is 12780996906 plus 70365541097?,83146538003
What is 134561086209713 plus 880382849379644?,1014943935589357
What is 8073709165981 plus 7855159226869?,15928868392850
What is 1307 plus 4049?,5356
What is 40149726334879 plus 47692322621783?,87842048956662
What is 389499524709581 plus 867724623389122?,1257224148098703
What is 171 plus 196?,367
What is 51226564509551 plus 26130886704354?,77357451213905
What is 20440 plus 74502?,94942
What is 408151694839163 plus 531917140942441?,940068835781604
What is 20537734 plus 77175100?,97712834
What is 87573 plus 47956?,135529
What is 19968581947 plus 63274053686?,83242635633
What is 8263 plus 6087?,14350
What is 47630854 plus 98432212?,146063066
What is 896668360912458 plus 113589006153985?,1010257367066443
What is 32167971981 plus 17962679792?,50130651773
What is 423 plus 545?,968
What is 99225089042 plus 55033696996?,154258786038
What is 162427128889142 plus 252788110035052?,415215238924194
What is 83996 plus 45312?,129308
What is 375171 plus 861892?,1237063
What is 3158106979346 plus 4824536560041?,7982643539387
What is 8822456514924 plus 9227845176960?,18050301691884
What is 920 plus 294?,1214
What is 563 plus 452?,1015
What is 441952 plus 698728?,1140680
What is 58740536817 plus 28650265871?,87390802688
What is 228379040 plus 147669438?,376048478
What is 46007506818 plus 94753971422?,140761478240
What is 796705038040036 plus 435323593969549?,1232028632009585
What is 1639 plus 9297?,10936
What is 240997707263533 plus 239183619545534?,480181326809067
What is 2979118161 plus 2333689429?,5312807590
What is 793578436124 plus 429426919005?,1223005355129
What is 79125407009 plus 87546145360?,166671552369
What is 642336165417 plus 735727585578?,1378063750995
What is 4592224 plus 9672863?,14265087
What is 265641453190829 plus 881014061805229?,1146655514996058
What is 429812811990 plus 191364107272?,621176919262
What is 1444 plus 7530?,8974
What is 60596470403 plus 34751431427?,95347901830
What is 228008409514 plus 120255500847?,348263910361
What is 12075885215 plus 84017041920?,96092927135
What is 916733148785 plus 471388919789?,1388122068574
What is 221284787702 plus 760729307196?,982014094898
What is 405176527257 plus 781008841558?,1186185368815
What is 519 plus 512?,1031
What is 509376405953284 plus 684126113057660?,1193502519010944
What is 74 plus 49?,123
What is 92261034151008 plus 57723165291995?,149984199443003
What is 9215575177079 plus 4969547908045?,14185123085124
What is 9811168783 plus 2660216826?,12471385609
What is 48 plus 98?,146
What is 220517 plus 911151?,1131668
What is 37625992318506 plus 58344630683651?,95970623002157
What is 2703 plus 5783?,8486
What is 83930526458 plus 82441804512?,166372330970
What is 8797334 plus 9510489?,18307823
What is 970791617386381 plus 441436055931499?,1412227673317880
What is 937755662137 plus 583316648563?,1521072310700
What is 436735412126081 plus 516784236108152?,953519648234233
What is 450723834 plus 829521327?,1280245161
What is 497 plus 159?,656
What is 72 plus 25?,97
What is 5787933 plus 9625484?,15413417
What is 2339290790 plus 7324833961?,9664124751
What is 1762374949653 plus 8268560892458?,10030935842111
What is 255550576 plus 702384324?,957934900
What is 3458325625035 plus 6123239855639?,9581565480674
What is 4464288733 plus 6592382956?,11056671689
What is 154406361 plus 292361761?,446768122
What is 35239 plus 62830?,98069
What is 10 plus 31?,41
What is 568540144 plus 479141330?,1047681474
What is 577 plus 804?,1381
What is 391161028588269 plus 373455120108955?,764616148697224
What is 802 plus 578?,1380
What is 76526 plus 92531?,169057
What is 9798760319643 plus 4871533634090?,14670293953733
What is 90947531 plus 61545186?,152492717
What is 9174 plus 9956?,19130
What is 385305490415 plus 438600287935?,823905778350
What is 830707157606123 plus 260253555883657?,1090960713489780
What is 25268 plus 45182?,70450
What is 359509788177 plus 441463088439?,800972876616
What is 396 plus 398?,794
What is 622936749686872 plus 813454517030831?,1436391266717703
What is 249249155472 plus 284482090737?,533731246209
What is 49279959407 plus 22015164307?,71295123714
What is 42913814 plus 41335513?,84249327
What is 87405981160538 plus 26311429846915?,113717411007453
What is 4284 plus 4719?,9003
What is 775947479821 plus 836348599333?,1612296079154
What is 67222647576 plus 35958795816?,103181443392
What is 954448872380714 plus 766063256914839?,1720512129295553
What is 408211602128 plus 306424413656?,714636015784
What is 997 plus 882?,1879
What is 17994407810850 plus 52877330523198?,70871738334048
What is 6597 plus 4044?,10641
What is 132 plus 735?,867
What is 68 plus 56?,124
What is 82 plus 71?,153
What is 3784569 plus 5711228?,9495797
What is 7315274337 plus 8374801116?,15690075453
What is 26 plus 32?,58
What is 904471 plus 343801?,1248272
What is 84537229382353 plus 67309301018718?,151846530401071
What is 58174784961 plus 58064377332?,116239162293
What is 55043 plus 70402?,125445
What is 45851732259397 plus 61107499048021?,106959231307418
What is 4167183755391 plus 7662503750125?,11829687505516
What is 528239028266133 plus 244470692018207?,772709720284340
What is 828979 plus 699034?,1528013
What is 46087230 plus 59130991?,105218221
What is 22412780599479 plus 89259846751551?,111672627351030
What is 28123593 plus 20775841?,48899434
What is 5078159313 plus 4588715535?,9666874848
What is 31739945 plus 20222948?,51962893
What is 3091475962384 plus 1480192241554?,4571668203938
What is 78568758 plus 87096314?,165665072
What is 3516146241883 plus 1647665808490?,5163812050373
What is 706585227426 plus 785399307765?,1491984535191
What is 16521667093899 plus 75603984275597?,92125651369496
What is 726779 plus 436851?,1163630
What is 2834704 plus 5562902?,8397606
What is 322698820 plus 400311081?,723009901
What is 24 plus 20?,44
What is 146339895 plus 602404527?,748744422
What is 796584277 plus 841699486?,1638283763
What is 88966357025 plus 28085026012?,117051383037
What is 9645 plus 7566?,17211
What is 42380688 plus 41614132?,83994820
What is 8494712230 plus 6795752994?,15290465224
What is 63 plus 32?,95
What is 484307 plus 275496?,759803
What is 10334 plus 41833?,52167
What is 15682627932 plus 28408553909?,44091181841
What is 773905373 plus 130431242?,904336615
What is 24 plus 72?,96
What is 973827581354 plus 926749873125?,1900577454479
What is 16513 plus 68767?,85280
What is 19421910279 plus 38583513922?,58005424201
What is 79195 plus 34733?,113928
What is 6727291 plus 9542215?,16269506
What is 5634152 plus 3263679?,8897831
What is 22033228 plus 24622999?,46656227
What is 896037366298 plus 977362613239?,1873399979537
What is 34623581766 plus 75523913977?,110147495743
What is 95905093 plus 17005517?,112910610
What is 206950384 plus 246056390?,453006774
What is 29557089 plus 68971330?,98528419
What is 76790342499 plus 74689212183?,151479554682
What is 6253937481 plus 4785875676?,11039813157
What is 703014396968294 plus 437752970646728?,1140767367615022
What is 38391 plus 23352?,61743
What is 96868284 plus 60538356?,157406640
What is 88606273 plus 93452627?,182058900
What is 95 plus 90?,185
What is 616340 plus 982535?,1598875
What is 6625448595718 plus 2813002592700?,9438451188418
What is 270606 plus 856929?,1127535
What is 1466082 plus 1008472?,2474554
What is 44398832599725 plus 29106852621903?,73505685221628
What is 51 plus 10?,61
What is 3691097702 plus 8407914760?,12099012462
What is 54 plus 21?,75
What is 689 plus 921?,1610
What is 245248391642242 plus 513639396629850?,758887788272092
What is 681075009517624 plus 521233237842588?,1202308247360212
What is 96994 plus 71844?,168838
What is 78548 plus 78123?,156671
What is 2739 plus 9295?,12034
What is 93238 plus 17003?,110241
What is 14467266 plus 23194277?,37661543
What is 299121 plus 519990?,819111
What is 4994 plus 3020?,8014
What is 8122044694931 plus 2675265999581?,10797310694512
What is 63738974814697 plus 41009555408082?,104748530222779
What is 418682606860 plus 670111050674?,1088793657534
What is 89408 plus 91733?,181141
What is 936002 plus 876794?,1812796
What is 8457981671834 plus 8900138525235?,17358120197069
What is 7635500990440 plus 8239360669929?,15874861660369
What is 3006028898 plus 5740564611?,8746593509
What is 12383465 plus 88975946?,101359411
What is 3809066442375 plus 6790812791076?,10599879233451
What is 56283 plus 60542?,116825
What is 9282191804374 plus 5584766875625?,14866958679999
What is 49779141 plus 30195606?,79974747
What is 80532763 plus 62594607?,143127370
What is 94 plus 92?,186
What is 9448461040 plus 4802715414?,14251176454
What is 9779666488822 plus 7979995956833?,17759662445655
What is 4400 plus 9163?,13563
What is 241390 plus 650855?,892245
What is 686308181331806 plus 234795604224404?,921103785556210
What is 9923178 plus 3969231?,13892409
What is 352150 plus 535547?,887697
What is 67825373662515 plus 64125914793428?,131951288455943
What is 697 plus 416?,1113
What is 69507 plus 67339?,136846
What is 396716092 plus 541734172?,938450264
What is 871 plus 568?,1439
What is 3114138 plus 4320452?,7434590
What is 2744 plus 4811?,7555
What is 8948038 plus 9171089?,18119127
What is 92299535408 plus 25425407140?,117724942548
What is 97364185980 plus 59195079137?,156559265117
What is 374038125442 plus 805623928725?,1179662054167
What is 17638125136256 plus 66395034307261?,84033159443517
What is 20 plus 23?,43
What is 4440971494 plus 5395746786?,9836718280
What is 16109185223 plus 97922573637?,114031758860
What is 7190899433080 plus 6906801268681?,14097700701761
What is 2519 plus 8573?,11092
What is 58941472546 plus 50536387168?,109477859714
What is 551983387 plus 404675524?,956658911
What is 96502 plus 76296?,172798
What is 2620446261 plus 2284573354?,4905019615
What is 99963452215 plus 93122842389?,193086294604
What is 175395 plus 988317?,1163712
What is 9149641026748 plus 1132005413707?,10281646440455
What is 47015319267 plus 54619354800?,101634674067
What is 128661682479 plus 492450388015?,621112070494
What is 56 plus 52?,108
What is 786 plus 478?,1264
What is 9283158853297 plus 2557833362707?,11840992216004
What is 22859 plus 93545?,116404
What is 400606152718 plus 550355504942?,950961657660
What is 1301150889 plus 7338140165?,8639291054
What is 13458320 plus 17406327?,30864647
What is 622096520371 plus 404131012966?,1026227533337
What is 632 plus 671?,1303
What is 663107 plus 374561?,1037668
What is 9489606085457 plus 3311355431917?,12800961517374
What is 50 plus 70?,120
What is 90989 plus 77996?,168985
What is 881 plus 982?,1863
What is 427312235354 plus 250125536198?,677437771552
What is 878280407 plus 450888688?,1329169095
What is 90413240991614 plus 41756320830280?,132169561821894
What is 40897 plus 47477?,88374
What is 42979 plus 46586?,89565
What is 9331400 plus 4799957?,14131357
What is 64136207014953 plus 76216072437299?,140352279452252
What is 9386527838170 plus 1066906354995?,10453434193165
What is 43758354 plus 67713788?,111472142
What is 41185739106 plus 67654340498?,108840079604
What is 52951163 plus 65864678?,118815841
What is 7195714437 plus 7967334609?,15163049046
What is 4151461 plus 8102398?,12253859
What is 70686 plus 87762?,158448
What is 4027 plus 1625?,5652
What is 392066417886735 plus 303862716881831?,695929134768566
What is 586904735838 plus 188469972024?,775374707862
What is 7777420756939 plus 4498767758199?,12276188515138
What is 218647 plus 986800?,1205447
What is 777406 plus 151893?,929299
What is 889071 plus 750910?,1639981
What is 8269448028812 plus 4388948067675?,12658396096487
What is 5645382483999 plus 5817663014035?,11463045498034
What is 498656685925873 plus 569505710736752?,1068162396662625
What is 170268893865663 plus 831651622087597?,1001920515953260
What is 87194814480 plus 58961028529?,146155843009
What is 846 plus 677?,1523
What is 91333130304540 plus 10843388223756?,102176518528296
What is 648894 plus 230766?,879660
What is 14020 plus 16179?,30199
What is 1451 plus 4161?,5612
What is 421866069159 plus 919857295306?,1341723364465
What is 90 plus 95?,185
What is 22389097059136 plus 81566593893439?,103955690952575
What is 799968761924905 plus 691557747266013?,1491526509190918
What is 34730197842226 plus 75930620583250?,110660818425476
What is 55233 plus 71969?,127202
What is 25089482 plus 79169457?,104258939
What is 46944278 plus 15901926?,62846204
What is 505 plus 946?,1451
What is 2614 plus 8413?,11027
What is 595082668605510 plus 213362163399697?,808444832005207
What is 45 plus 48?,93
What is 65137 plus 49487?,114624
What is 42 plus 80?,122
What is 584820895 plus 349080263?,933901158
What is 35883776 plus 91806106?,127689882
What is 12867 plus 69492?,82359
What is 175176715 plus 372345707?,547522422
What is 86153225746886 plus 34804038347942?,120957264094828
What is 6960209182779 plus 4037014587243?,10997223770022
What is 295341865400 plus 689333202985?,984675068385
What is 31281924240922 plus 15378160568652?,46660084809574
What is 324101 plus 626700?,950801
What is 25061709213026 plus 18571917733424?,43633626946450
What is 79 plus 76?,155
What is 32 plus 56?,88
What is 284055609697 plus 967040949349?,1251096559046
What is 78935973064882 plus 29800504920680?,108736477985562
What is 884303712 plus 724107757?,1608411469
What is 626 plus 588?,1214
What is 951965863439 plus 165992983557?,1117958846996
What is 874746 plus 823299?,1698045
What is 7329835 plus 4657020?,11986855
What is 1620036031 plus 4661805533?,6281841564
What is 2202682625021 plus 3057196992670?,5259879617691
What is 207221 plus 900790?,1108011
What is 520567381 plus 488376359?,1008943740
What is 7632225957798 plus 4891818678554?,12524044636352
What is 3156713928 plus 5644723151?,8801437079
What is 779 plus 261?,1040
What is 819663960446447 plus 583938261480634?,1403602221927081
What is 5518985514571 plus 6176944662800?,11695930177371
What is 3207 plus 3736?,6943
What is 4909794498 plus 9214852336?,14124646834
What is 551380696 plus 524758589?,1076139285
What is 2241029543 plus 8856175557?,11097205100
What is 8181 plus 9719?,17900
What is 387588930162 plus 320453912362?,708042842524
What is 2530051556148 plus 5887593176808?,8417644732956
What is 40436958 plus 77798035?,118234993
What is 5581205066 plus 6709148043?,12290353109
What is 258405527922957 plus 606534441221840?,864939969144797
What is 65894084754 plus 62267209291?,128161294045
What is 6291774 plus 5174641?,11466415
What is 26 plus 34?,60
What is 79 plus 22?,101
What is 821762508479561 plus 333867197130786?,1155629705610347
What is 908427474379119 plus 599546567645464?,1507974042024583
What is 1764212 plus 5627444?,7391656
What is 74 plus 44?,118
What is 888883405 plus 803676277?,1692559682
What is 89996098 plus 41003705?,130999803
What is 14505203024 plus 28929150068?,43434353092
What is 7881 plus 6145?,14026
What is 23545 plus 86593?,110138
What is 635096715 plus 824579845?,1459676560
What is 533 plus 182?,715
What is 2477903750 plus 8450952790?,10928856540
What is 1082026790039 plus 5994057740835?,7076084530874
What is 7178952574839 plus 3074221156732?,10253173731571
What is 39156945019 plus 22790861279?,61947806298
What is 84182405 plus 92896498?,177078903
What is 10260669729344 plus 83935048425425?,94195718154769
What is 8496 plus 8448?,16944
What is 17 plus 13?,30
What is 483 plus 187?,670
What is 473 plus 462?,935
What is 2540966178 plus 7828197595?,10369163773
What is 8619395165759 plus 2219727362097?,10839122527856
What is 778 plus 597?,1375
What is 352842115946 plus 736970795342?,1089812911288
What is 11890 plus 41623?,53513
What is 8677105 plus 2522995?,11200100
What is 331540168162179 plus 147664733437889?,479204901600068
What is 805 plus 891?,1696
What is 1527798556892 plus 2085622559108?,3613421116000
What is 5649 plus 3629?,9278
What is 5371574 plus 5939518?,11311092
What is 7960257 plus 1495366?,9455623
What is 84378231374937 plus 92810988424435?,177189219799372
What is 4313877722 plus 8369297014?,12683174736
What is 3714052164 plus 6632285518?,10346337682
What is 69366100 plus 15388393?,84754493
What is 742896 plus 415876?,1158772
What is 408599685 plus 438803837?,847403522
What is 53352192726 plus 24529711967?,77881904693
What is 840118 plus 515801?,1355919
What is 329 plus 809?,1138
What is 210 plus 650?,860
What is 9723 plus 4308?,14031
What is 42326 plus 27179?,69505
What is 9815592560133 plus 4912571522891?,14728164083024
What is 6807214251 plus 5426689248?,12233903499
What is 9459663 plus 5294316?,14753979
What is 408830 plus 742143?,1150973
What is 6347623341 plus 6596448820?,12944072161
What is 499121754 plus 100488584?,599610338
What is 146471 plus 886337?,1032808
What is 9500 plus 4839?,14339
What is 2543738 plus 4962239?,7505977
What is 597039081244914 plus 366169418102042?,963208499346956
What is 399888648183 plus 642821491537?,1042710139720
What is 4745970174647 plus 7186144023025?,11932114197672
What is 85531 plus 91021?,176552
What is 141419002817205 plus 144252501816731?,285671504633936
What is 4828459267 plus 6646780163?,11475239430
What is 61842313343 plus 73143971375?,134986284718
What is 323667309165 plus 200014175094?,523681484259
What is 7542548 plus 7191348?,14733896
What is 678230704103651 plus 664141080928251?,1342371785031902
What is 1801834 plus 5891354?,7693188
What is 36697462067 plus 49663178649?,86360640716
What is 3197960 plus 7610935?,10808895
What is 433928367685125 plus 108264990160561?,542193357845686
What is 608405072345964 plus 366194854313400?,974599926659364
What is 7255 plus 2430?,9685
What is 37220013091053 plus 48848866045610?,86068879136663
What is 62266 plus 22182?,84448
What is 858571407002362 plus 102469324962568?,961040731964930
What is 6673303 plus 7034949?,13708252
What is 69533147476 plus 44563889438?,114097036914
What is 76 plus 49?,125
What is 9288 plus 1314?,10602
What is 1869 plus 9144?,11013
What is 7786 plus 2527?,10313
What is 224734286418 plus 800128086570?,1024862372988
What is 91573 plus 22097?,113670
What is 58 plus 30?,88
What is 97056249 plus 54614011?,151670260
What is 92 plus 62?,154
What is 58642 plus 86950?,145592
What is 738296758605 plus 719539501005?,1457836259610
What is 8858 plus 1941?,10799
What is 4125 plus 7505?,11630
What is 8510 plus 3281?,11791
What is 6765275 plus 9961149?,16726424
What is 98327315 plus 93408766?,191736081
What is 74066658289940 plus 24021226435102?,98087884725042
What is 901114796835273 plus 831453700137534?,1732568496972807
What is 56698153901 plus 10076675069?,66774828970
What is 37938712809463 plus 70492106462501?,108430819271964
What is 431994610047 plus 483940786972?,915935397019
What is 77019191 plus 90513381?,167532572
What is 93596 plus 54508?,148104
What is 4222 plus 5250?,9472
What is 6652333004434 plus 7284048616985?,13936381621419
What is 81293889232746 plus 66943368605837?,148237257838583
What is 8878996 plus 5176875?,14055871
What is 4965885 plus 5337195?,10303080
What is 15262843 plus 89269993?,104532836
What is 4261 plus 9634?,13895
What is 17244995810140 plus 85668415723724?,102913411533864
What is 818585856100 plus 703001027032?,1521586883132
What is 59976501 plus 48767285?,108743786
What is 162804777875174 plus 521222923588352?,684027701463526
What is 311705544674 plus 115221057305?,426926601979
What is 501244738216 plus 662117557797?,1163362296013
What is 24348325429 plus 53959485784?,78307811213
What is 448812420 plus 700059970?,1148872390
What is 43969191059 plus 70652523913?,114621714972
What is 41 plus 30?,71
What is 1918310 plus 6422955?,8341265
What is 746756647 plus 476919915?,1223676562
What is 553045 plus 153801?,706846
What is 88817726 plus 22074503?,110892229
What is 6168 plus 4893?,11061
What is 384156337 plus 319650652?,703806989
What is 644888117488 plus 381060327628?,1025948445116
What is 10580613184828 plus 89816624974143?,100397238158971
What is 971 plus 758?,1729
What is 3741912113 plus 3740337688?,7482249801
What is 650150692680284 plus 286811754907293?,936962447587577
What is 4307613600 plus 4990025221?,9297638821
What is 2644567260 plus 7162530868?,9807098128
What is 34538 plus 95882?,130420
What is 96820231224 plus 24413963846?,121234195070
What is 585 plus 414?,999
What is 9411 plus 4445?,13856
What is 93784395640 plus 48936088397?,142720484037
What is 454 plus 270?,724
What is 26420060773545 plus 14402746448309?,40822807221854
What is 98 plus 18?,116
What is 9822533113 plus 2684731198?,12507264311
What is 880289 plus 142722?,1023011
What is 424182 plus 202613?,626795
What is 380881470127 plus 636250473292?,1017131943419
What is 902 plus 597?,1499
What is 9302572149947 plus 1385387227978?,10687959377925
What is 343870860175630 plus 289981265676267?,633852125851897
What is 93 plus 33?,126
What is 23078180 plus 10485445?,33563625
What is 4519 plus 9478?,13997
What is 5388884421850 plus 3824887377154?,9213771799004
What is 18 plus 46?,64
What is 909166435281 plus 827912839430?,1737079274711
What is 2157986 plus 1305821?,3463807
What is 5734245 plus 8286860?,14021105
What is 93966 plus 80811?,174777
What is 34686563 plus 92862613?,127549176
What is 5647016 plus 9612782?,15259798
What is 76753 plus 80282?,157035
What is 903264574040459 plus 799236909859107?,1702501483899566
What is 9039215922 plus 6240763607?,15279979529
What is 122204 plus 178345?,300549
What is 60392125057 plus 71340825416?,131732950473
What is 854649 plus 141297?,995946
What is 246022 plus 791735?,1037757
What is 165 plus 193?,358
What is 8609530368963 plus 8091256218675?,16700786587638
What is 4961019 plus 7713839?,12674858
What is 5129487 plus 8159843?,13289330
What is 8176 plus 3918?,12094
What is 28796 plus 20978?,49774
What is 925 plus 668?,1593
What is 3487534356 plus 3354921069?,6842455425
What is 137758 plus 379193?,516951
What is 393852683842374 plus 917880251474828?,1311732935317202
What is 174356198 plus 590255683?,764611881
What is 66528372930 plus 33216194485?,99744567415
What is 6644 plus 8573?,15217
What is 435987917397983 plus 242226624453310?,678214541851293
What is 3924 plus 5604?,9528
What is 6281 plus 4446?,10727
What is 156075052812 plus 607098732549?,763173785361
What is 365686161 plus 463034070?,828720231
What is 62797 plus 13085?,75882
What is 648941778608185 plus 666250416322028?,1315192194930213
What is 321503 plus 393720?,715223
What is 1808717 plus 1277411?,3086128
What is 8339857815952 plus 5475577655668?,13815435471620
What is 64577 plus 63711?,128288
What is 13663252364437 plus 51186324498586?,64849576863023
What is 3725882093 plus 6789863328?,10515745421
What is 625456311489724 plus 568476881710613?,1193933193200337
What is 3606152 plus 7046801?,10652953
What is 22711 plus 57476?,80187
What is 54330308875 plus 23904304405?,78234613280
What is 1201613686724 plus 6966600464619?,8168214151343
What is 390760109 plus 921117072?,1311877181
What is 40447724 plus 57870622?,98318346
What is 277807480050 plus 318484348378?,596291828428
What is 843142593892 plus 204541657666?,1047684251558
What is 9169968545510 plus 6188075269973?,15358043815483
What is 38923904 plus 98943385?,137867289
What is 78989369382803 plus 68092591175960?,147081960558763
What is 763 plus 424?,1187
What is 435461 plus 518473?,953934
What is 4370 plus 5178?,9548
What is 3098892 plus 5875169?,8974061
What is 3286899885129 plus 5418272915951?,8705172801080
What is 2285885875949 plus 7460538807865?,9746424683814
What is 52466 plus 78567?,131033
What is 7942152 plus 2118285?,10060437
What is 678472214671296 plus 990404706548838?,1668876921220134
What is 16493500459 plus 51633393484?,68126893943
What is 9082082372724 plus 6735257225090?,15817339597814
What is 510760637548529 plus 244432511156710?,755193148705239
What is 938214 plus 218083?,1156297
What is 9360042963 plus 2404664743?,11764707706
What is 39256494123880 plus 25657990639852?,64914484763732
What is 215353 plus 859076?,1074429
What is 142089 plus 686456?,828545
What is 53002 plus 14039?,67041
What is 43658 plus 64532?,108190
What is 67987921185 plus 13110694173?,81098615358
What is 545 plus 984?,1529
What is 31245982 plus 44533554?,75779536
What is 70 plus 98?,168
What is 9060999849 plus 7604670619?,16665670468
What is 3587097237614 plus 1448071874969?,5035169112583
What is 210532 plus 878913?,1089445
What is 485948 plus 800194?,1286142
What is 5715269158063 plus 3723661008953?,9438930167016
What is 686 plus 242?,928
What is 957911 plus 202113?,1160024
What is 496 plus 595?,1091
What is 397731901 plus 860797103?,1258529004
What is 283731716 plus 625835171?,909566887
What is 65739899695589 plus 88358031013054?,154097930708643
What is 21917344283 plus 20224520421?,42141864704
What is 714 plus 164?,878
What is 136046145398 plus 633196234724?,769242380122
What is 38696264776 plus 51154759291?,89851024067
What is 32571195679 plus 95962411609?,128533607288
What is 113 plus 265?,378
What is 93493082431 plus 81224878135?,174717960566
What is 19340 plus 27099?,46439
What is 36367816978 plus 97182835034?,133550652012
What is 9100 plus 2183?,11283
What is 35088 plus 41590?,76678
What is 57509149277284 plus 51184055928017?,108693205205301
What is 1243669 plus 2478494?,3722163
What is 3772116177 plus 6932558986?,10704675163
What is 61 plus 28?,89
What is 9645670379062 plus 1815331196208?,11461001575270
What is 347 plus 609?,956
What is 25492959448477 plus 11780720020025?,37273679468502
What is 514303304122473 plus 809677517344667?,1323980821467140
What is 593781122483744 plus 408843207766069?,1002624330249813
What is 55200122013707 plus 14873692352976?,70073814366683
What is 313686244165 plus 347903184734?,661589428899
What is 52105114 plus 19287215?,71392329
What is 32618047 plus 94448372?,127066419
What is 688 plus 558?,1246
What is 97144594836 plus 91522852221?,188667447057
What is 32384071272269 plus 48041643709608?,80425714981877
What is 969794763676 plus 259514537417?,1229309301093
What is 5356135 plus 9955552?,15311687
What is 521077 plus 874080?,1395157
What is 725099 plus 762290?,1487389
What is 26307492 plus 28388343?,54695835
What is 9807 plus 2061?,11868
What is 8215505 plus 7261996?,15477501
What is 127 plus 174?,301
What is 819391803412 plus 876669961706?,1696061765118
What is 47484828936 plus 50796795670?,98281624606
What is 40514658 plus 85763430?,126278088
What is 836023 plus 890322?,1726345
What is 59143375377 plus 18674912759?,77818288136
What is 23268307405 plus 79218168280?,102486475685
What is 9207097 plus 6515124?,15722221
What is 9823 plus 9555?,19378
What is 7654290709645 plus 8643466883565?,16297757593210
What is 169 plus 908?,1077
What is 12069527591566 plus 49938962576282?,62008490167848
What is 6715 plus 1583?,8298
What is 462966 plus 770342?,1233308
What is 23281414928756 plus 88591163232995?,111872578161751
What is 364204 plus 557364?,921568
What is 6987060312 plus 4774581779?,11761642091
What is 69443567048378 plus 55053230360572?,124496797408950
What is 59185 plus 44159?,103344
What is 8192840771384 plus 8120871451820?,16313712223204
What is 3375091 plus 8125110?,11500201
What is 4447431 plus 5861514?,10308945
What is 2844 plus 2899?,5743
What is 1865 plus 8096?,9961
What is 537 plus 122?,659
What is 85952 plus 81185?,167137
What is 4638388106 plus 5332801738?,9971189844
What is 80401 plus 47125?,127526
What is 32321390370 plus 27933473712?,60254864082
What is 1326 plus 2198?,3524
What is 549754248 plus 367914228?,917668476
What is 67476068 plus 99953683?,167429751
What is 7602244067 plus 7929403329?,15531647396
What is 541580914 plus 605906722?,1147487636
What is 98 plus 90?,188
What is 883 plus 909?,1792
What is 28408975 plus 12218197?,40627172
What is 655614 plus 253601?,909215
What is 28 plus 15?,43
What is 11885878271 plus 84170292383?,96056170654
What is 75392 plus 10992?,86384
What is 352047795 plus 623330870?,975378665
What is 140819279 plus 992750664?,1133569943
What is 254765958674311 plus 735036433134297?,989802391808608
What is 243104 plus 129749?,372853
What is 23410004272 plus 53324035019?,76734039291
What is 88722745 plus 49000462?,137723207
What is 8237884223 plus 6530586457?,14768470680
What is 105081711360 plus 109987337960?,215069049320
What is 719705 plus 659030?,1378735
What is 194 plus 899?,1093
What is 9970980 plus 5113779?,15084759
What is 860 plus 944?,1804
What is 4755655 plus 8811666?,13567321
What is 8764134 plus 7707871?,16472005
What is 31994673604446 plus 56565351536847?,88560025141293
What is 2291494071462 plus 5707097271992?,7998591343454
What is 2284481528 plus 2462339986?,4746821514
What is 265328371 plus 922248951?,1187577322
What is 110 plus 705?,815
What is 288335517 plus 946349324?,1234684841
What is 8403572682 plus 8508449767?,16912022449
What is 6298977903568 plus 2094761704283?,8393739607851
What is 16882 plus 99413?,116295
What is 74775208145 plus 68930858177?,143706066322
What is 88475571 plus 15911842?,104387413
What is 23 plus 88?,111
What is 5484490 plus 1568957?,7053447
What is 9503962648 plus 9184505690?,18688468338
What is 910224444335698 plus 970467634937640?,1880692079273338
What is 67563589 plus 32110113?,99673702
What is 49345788155 plus 86751687814?,136097475969
What is 445983553468 plus 634460292108?,1080443845576
What is 72761958227 plus 45564972488?,118326930715
What is 968 plus 691?,1659
What is 63 plus 46?,109
What is 78480 plus 29203?,107683
What is 9674837428 plus 3456093306?,13130930734
What is 317581343862 plus 817622703598?,1135204047460
What is 60097302973 plus 43314050411?,103411353384
What is 9929637136497 plus 8683674579569?,18613311716066
What is 56930482482 plus 73220698920?,130151181402
What is 73697404 plus 97768018?,171465422
What is 50 plus 87?,137
What is 346370310089276 plus 468762162474603?,815132472563879
What is 24 plus 22?,46
What is 616536973987 plus 866731297047?,1483268271034
What is 43 plus 20?,63
What is 266579 plus 698730?,965309
What is 136623109417069 plus 327832574681125?,464455684098194
What is 47 plus 53?,100
What is 535400998 plus 445202963?,980603961
What is 823 plus 102?,925
What is 9830724 plus 3399436?,13230160
What is 429710276500996 plus 128326047576174?,558036324077170
What is 395302 plus 798902?,1194204
What is 813906 plus 679407?,1493313
What is 702134890335680 plus 621222283508098?,1323357173843778
What is 29628 plus 61044?,90672
What is 436850 plus 588457?,1025307
What is 81919576 plus 60830403?,142749979
What is 6951211 plus 9211862?,16163073
What is 27575879654 plus 45105000287?,72680879941
What is 518863062 plus 663121716?,1181984778
What is 47579545066083 plus 93828320873159?,141407865939242
What is 3140761 plus 4074120?,7214881
What is 184115449179159 plus 624389638030590?,808505087209749
What is 496536122 plus 253739998?,750276120
What is 12300465 plus 48029645?,60330110
What is 67875 plus 23780?,91655
What is 49496027754 plus 24579805354?,74075833108
What is 51387611 plus 17134457?,68522068
What is 786 plus 712?,1498
What is 965150595142 plus 927498066170?,1892648661312
What is 7777615 plus 3948053?,11725668
What is 220 plus 626?,846
What is 89771257213894 plus 54285707851071?,144056965064965
What is 379890629865 plus 241172436966?,621063066831
What is 1622 plus 3593?,5215
What is 2338924573111 plus 2209545326639?,4548469899750
What is 71807218111 plus 65307809268?,137115027379
What is 76821450714256 plus 86684618576241?,163506069290497
What is 3409 plus 5228?,8637
What is 957942140758 plus 555503200684?,1513445341442
What is 703 plus 782?,1485
What is 260286 plus 414717?,675003
What is 894010496645 plus 640768753074?,1534779249719
What is 965 plus 991?,1956
What is 8347682451 plus 7045705366?,15393387817
What is 6826689531 plus 3103840143?,9930529674
What is 16596737 plus 71272322?,87869059
What is 5062717938 plus 9327558922?,14390276860
What is 302479 plus 848466?,1150945
What is 6189049 plus 3104524?,9293573
What is 7278612 plus 3309434?,10588046
What is 218 plus 451?,669
What is 27496 plus 37402?,64898
What is 945 plus 358?,1303
What is 264540 plus 478973?,743513
What is 1147068489 plus 8385215646?,9532284135
What is 909715319512 plus 257002648811?,1166717968323
What is 1415254609549 plus 4775298938483?,6190553548032
What is 98655894886 plus 65193284255?,163849179141
What is 644 plus 531?,1175
What is 34 plus 22?,56
What is 7023261 plus 9447629?,16470890
What is 794989 plus 941620?,1736609
What is 60332051143 plus 12418033965?,72750085108
What is 6636654416 plus 1622246672?,8258901088
What is 335062894 plus 620454339?,955517233
What is 935950188 plus 446406445?,1382356633
What is 681111261065981 plus 194997450793125?,876108711859106
What is 61 plus 49?,110
What is 5031001587033 plus 9625350220428?,14656351807461
What is 245939 plus 925619?,1171558
What is 410357 plus 647150?,1057507
What is 279 plus 151?,430
What is 85864344748 plus 35811018945?,121675363693
What is 7419605 plus 2702529?,10122134
What is 66 plus 20?,86
What is 717356750888 plus 492786857390?,1210143608278
What is 28049762174121 plus 19965255826293?,48015018000414
What is 350764504 plus 125535045?,476299549
What is 121567996836 plus 156062057958?,277630054794
What is 47602932295 plus 84398689885?,132001622180
What is 3932 plus 2314?,6246
What is 7088486608 plus 8546861833?,15635348441
What is 18068955487407 plus 52749683297036?,70818638784443
What is 94734 plus 78869?,173603
What is 39229152 plus 63859295?,103088447
What is 101823309247826 plus 640564580290408?,742387889538234
What is 1374 plus 9004?,10378
What is 662313752 plus 500560007?,1162873759
What is 28 plus 74?,102
What is 71026946234901 plus 92141695881167?,163168642116068
What is 277 plus 213?,490
What is 8041981949 plus 2165228299?,10207210248
What is 9458954063 plus 7884361373?,17343315436
What is 458561608409 plus 746358722800?,1204920331209
What is 613417982 plus 474978412?,1088396394
What is 4110187689830 plus 7060468027928?,11170655717758
What is 6408 plus 1290?,7698
What is 3463 plus 7378?,10841
What is 2760497065170 plus 4239134108113?,6999631173283
What is 37018228696963 plus 87542485732624?,124560714429587
What is 610 plus 405?,1015
What is 806636 plus 320863?,1127499
What is 7017732884539 plus 1178762374145?,8196495258684
What is 5035616964799 plus 8526550620237?,13562167585036
What is 129950 plus 598704?,728654
What is 6880202033235 plus 4076007204512?,10956209237747
What is 66412778820 plus 20625474562?,87038253382
What is 950 plus 967?,1917
What is 9631616447 plus 7521782088?,17153398535
What is 33250 plus 51620?,84870
What is 4849779841089 plus 4517830033535?,9367609874624
What is 31444 plus 22440?,53884
What is 2346557650 plus 2118781840?,4465339490
What is 81 plus 56?,137
What is 118689773 plus 874718620?,993408393
What is 72505698423361 plus 13065426452659?,85571124876020
What is 903683 plus 295193?,1198876
What is 575736695349 plus 857456331046?,1433193026395
What is 706 plus 238?,944
What is 1208687190 plus 6332721718?,7541408908
What is 1450423910153 plus 2020976812911?,3471400723064
What is 1635489283 plus 7945016993?,9580506276
What is 58363 plus 57392?,115755
What is 66929 plus 61580?,128509
What is 74068 plus 24061?,98129
What is 618020639286 plus 551354124601?,1169374763887
What is 4474360 plus 7750731?,12225091
What is 80 plus 49?,129
What is 874762552243 plus 402959926308?,1277722478551
What is 125001248 plus 536226789?,661228037
What is 16896456 plus 97667047?,114563503
What is 489744 plus 391093?,880837
What is 112470653 plus 282864992?,395335645
What is 4674 plus 6703?,11377
What is 8215727792 plus 7650550683?,15866278475
What is 5515444261853 plus 6668385238995?,12183829500848
What is 650378223720 plus 588889595602?,1239267819322
What is 71350 plus 37657?,109007
What is 886138455462 plus 213235082456?,1099373537918
What is 810780 plus 736842?,1547622
What is 3552417175 plus 2898088074?,6450505249
What is 3168 plus 1764?,4932
What is 1921 plus 6696?,8617
What is 9879 plus 7246?,17125
What is 84406 plus 47242?,131648
What is 95931 plus 61925?,157856
What is 47 plus 34?,81
What is 8656054025547 plus 7485924814409?,16141978839956
What is 416 plus 190?,606
What is 493167 plus 724124?,1217291
What is 23786963977 plus 44302072338?,68089036315
What is 4638878798 plus 7912134128?,12551012926
What is 8576370199131 plus 8211692881910?,16788063081041
What is 661780376 plus 644643097?,1306423473
What is 16506529 plus 15868831?,32375360
What is 95 plus 60?,155
What is 5984963751 plus 7900353317?,13885317068
What is 778228502035 plus 577430050435?,1355658552470
What is 7639886685032 plus 6647435120610?,14287321805642
What is 93004453398805 plus 99427299617743?,192431753016548
What is 570000 plus 307721?,877721
What is 8981910 plus 5901569?,14883479
What is 68200 plus 70751?,138951
What is 4038 plus 7165?,11203
What is 79625117 plus 61342872?,140967989
What is 965399203 plus 592561660?,1557960863
What is 1220138 plus 4284851?,5504989
What is 6002352191500 plus 4943352576215?,10945704767715
What is 47054794305 plus 30118590154?,77173384459
What is 14 plus 36?,50
What is 20320688616 plus 49772244396?,70092933012
What is 8604335 plus 9233335?,17837670
What is 3904135858584 plus 3171724772395?,7075860630979
What is 49735030 plus 75107610?,124842640
What is 8671566 plus 6773921?,15445487
What is 1470369594712 plus 2354836665286?,3825206259998
What is 33 plus 46?,79
What is 9595 plus 8387?,17982
What is 51 plus 38?,89
What is 39 plus 49?,88
What is 916588208 plus 977529266?,1894117474
What is 8218468 plus 6489957?,14708425
What is 21843540062 plus 55030203166?,76873743228
What is 72 plus 83?,155
What is 532015507325726 plus 434637785701949?,966653293027675
What is 8829 plus 8606?,17435
What is 288 plus 373?,661
What is 939107387 plus 694281044?,1633388431
What is 29489626014228 plus 18754584382911?,48244210397139
What is 30 plus 79?,109
What is 74565393540859 plus 85414072327257?,159979465868116
What is 21442885 plus 85503667?,106946552
What is 8532634 plus 5456611?,13989245
What is 777992555355903 plus 883411914464261?,1661404469820164
What is 513926423555 plus 781472093697?,1295398517252
What is 210 plus 636?,846
What is 182976052371704 plus 537564751826643?,720540804198347
What is 202207 plus 311715?,513922
What is 309014283838310 plus 273953051312436?,582967335150746
What is 541382 plus 695215?,1236597
What is 401245 plus 976183?,1377428
What is 317867 plus 590420?,908287
What is 66211274526 plus 97020341709?,163231616235
What is 7067006 plus 7687384?,14754390
What is 21627953971078 plus 54447095009136?,76075048980214
What is 3890247971178 plus 9075992837858?,12966240809036
What is 45 plus 66?,111
What is 168009 plus 506557?,674566
What is 407919453654326 plus 444446814796589?,852366268450915
What is 74510637 plus 99603542?,174114179
What is 790331 plus 273087?,1063418
What is 64469596471 plus 21833987122?,86303583593
What is 22573 plus 95022?,117595
What is 31 plus 60?,91
What is 773677046338 plus 257777965778?,1031455012116
What is 7527239 plus 9717608?,17244847
What is 57391 plus 25847?,83238
What is 7170260034554 plus 4975951785384?,12146211819938
What is 319989922830 plus 955789112146?,1275779034976
What is 48215 plus 79653?,127868
What is 578213871639973 plus 527407078784699?,1105620950424672
What is 47930 plus 34014?,81944
What is 97578206697 plus 23547395803?,121125602500
What is 705 plus 908?,1613
What is 817848782179 plus 452103924971?,1269952707150
What is 89 plus 34?,123
What is 6679148414 plus 8016914556?,14696062970
What is 82692 plus 98127?,180819
What is 704875045460 plus 838354637841?,1543229683301
What is 92353400302 plus 30032946031?,122386346333
What is 86191 plus 57571?,143762
What is 4043719905 plus 5677529634?,9721249539
What is 7991539 plus 8783670?,16775209
What is 4600761 plus 7519875?,12120636
What is 851309317 plus 883999693?,1735309010
What is 648480280445493 plus 657614497888317?,1306094778333810
What is 2712679239664 plus 7289291262786?,10001970502450
What is 807448 plus 572708?,1380156
What is 5522 plus 5406?,10928
What is 492616035215550 plus 131472266954759?,624088302170309
What is 747569 plus 254648?,1002217
What is 123 plus 710?,833
What is 2214093 plus 9427709?,11641802
What is 91 plus 76?,167
What is 708590428471443 plus 525335944905736?,1233926373377179
What is 749062332649 plus 825794998882?,1574857331531
What is 3567683809 plus 9022761336?,12590445145
What is 15456 plus 81939?,97395
What is 170160307690124 plus 268970357488046?,439130665178170
What is 81 plus 90?,171
What is 802493734160933 plus 911010331384635?,1713504065545568
What is 490 plus 549?,1039
What is 673470 plus 123371?,796841
What is 60 plus 73?,133
What is 22574601132 plus 30832417230?,53407018362
What is 631902743634 plus 588773340059?,1220676083693
What is 50335445628174 plus 70091729319814?,120427174947988
What is 13552867297873 plus 88046640625485?,101599507923358
What is 463585 plus 124237?,587822
What is 29655 plus 26880?,56535
What is 763 plus 548?,1311
What is 63444 plus 15373?,78817
What is 98 plus 22?,120
What is 7509 plus 6748?,14257
What is 8406 plus 1994?,10400
What is 558710827750 plus 546803854303?,1105514682053
What is 31 plus 90?,121
What is 725266729 plus 992210245?,1717476974
What is 42115 plus 88675?,130790
What is 66296 plus 40773?,107069
What is 947894 plus 451333?,1399227
What is 73939 plus 71907?,145846
What is 513732 plus 697973?,1211705
What is 72790240 plus 29146558?,101936798
What is 72 plus 40?,112
What is 91288863 plus 79076135?,170364998
What is 650674 plus 155846?,806520
What is 46797653424 plus 63691198559?,110488851983
What is 3334976558760 plus 3108765066234?,6443741624994
What is 1931 plus 3529?,5460
What is 2603347944 plus 4181453261?,6784801205
What is 444506584 plus 999431851?,1443938435
What is 1275 plus 2686?,3961
What is 4532065212854 plus 9661796138077?,14193861350931
What is 80 plus 11?,91
What is 5058 plus 4791?,9849
What is 749543413 plus 551018026?,1300561439
What is 4726 plus 3946?,8672
What is 70367488439 plus 33960026934?,104327515373
What is 78000525 plus 62818990?,140819515
What is 4356 plus 6680?,11036
What is 8323854 plus 8566664?,16890518
What is 881 plus 760?,1641
What is 47884185205 plus 34791226535?,82675411740
What is 13911078 plus 57977680?,71888758
What is 37901 plus 85763?,123664
What is 560058493306977 plus 120195582359846?,680254075666823
What is 4971124 plus 4344976?,9316100
What is 99 plus 25?,124
What is 28 plus 94?,122
What is 60055335300 plus 10402525837?,70457861137
What is 4535 plus 9060?,13595
What is 3019664 plus 3803113?,6822777
What is 7930432 plus 7060548?,14990980
What is 6030736 plus 9381699?,15412435
What is 8392968524 plus 4041526308?,12434494832
What is 6515795 plus 7480715?,13996510
What is 27 plus 99?,126
What is 191488296 plus 785302624?,976790920
What is 5347 plus 7205?,12552
What is 19898942722 plus 93074557622?,112973500344
What is 9369757620495 plus 2786014263613?,12155771884108
What is 711652228985345 plus 397773797323579?,1109426026308924
What is 94695745850962 plus 99128242176976?,193823988027938
What is 612735754673964 plus 856070654896781?,1468806409570745
What is 459114240949192 plus 478146244417591?,937260485366783
What is 4944 plus 4753?,9697
What is 2773835 plus 3705258?,6479093
What is 89450592 plus 47572787?,137023379
What is 59932551850599 plus 92611060842154?,152543612692753
What is 98514 plus 68032?,166546
What is 491 plus 166?,657
What is 5160891 plus 6641879?,11802770
What is 663641714 plus 966216281?,1629857995
What is 8207033636938 plus 1590485753873?,9797519390811
What is 201103480536 plus 758095654603?,959199135139
What is 9774722 plus 1919931?,11694653
What is 4137294124075 plus 9525766477378?,13663060601453
What is 811368 plus 646014?,1457382
What is 57377590520 plus 56596601946?,113974192466
What is 386 plus 494?,880
What is 349 plus 897?,1246
What is 269680802920 plus 653868132877?,923548935797
What is 52614 plus 36079?,88693
What is 418212778 plus 792378805?,1210591583
What is 593176384 plus 959267966?,1552444350
What is 92 plus 41?,133
What is 8223912526585 plus 4734183235508?,12958095762093
What is 8257 plus 4207?,12464
What is 4959747230 plus 2306589808?,7266337038
What is 9883 plus 2597?,12480
What is 7174852397039 plus 6638167131932?,13813019528971
What is 836370971938 plus 190946664330?,1027317636268
What is 8210042 plus 1916254?,10126296
What is 4148193 plus 3517194?,7665387
What is 68872904243103 plus 51753616880777?,120626521123880
What is 702 plus 505?,1207
What is 1677460825598 plus 1147936792799?,2825397618397
What is 7920 plus 8509?,16429
What is 5239313126 plus 1260656242?,6499969368
What is 222374564485 plus 802889235247?,1025263799732
What is 24 plus 17?,41
What is 45599793417 plus 83683334093?,129283127510
What is 382161508 plus 424485823?,806647331
What is 6394674 plus 3406933?,9801607
What is 21437837419 plus 60192240518?,81630077937
What is 2136444375292 plus 3641002714394?,5777447089686
What is 5188654 plus 9028509?,14217163
What is 76375096645 plus 51783065723?,128158162368
What is 4109 plus 6323?,10432
What is 764813484 plus 958599463?,1723412947
What is 60152511612867 plus 20927596449842?,81080108062709
What is 172658933062444 plus 481528774872429?,654187707934873
What is 790689331326 plus 687873515603?,1478562846929
What is 836744 plus 474354?,1311098
What is 927400733757576 plus 871565022938258?,1798965756695834
What is 489045587628 plus 129487964289?,618533551917
What is 6812913 plus 8720682?,15533595
What is 7313495742 plus 7136834054?,14450329796
What is 3011580391 plus 7246314968?,10257895359
What is 4972388522 plus 8820211811?,13792600333
What is 43 plus 23?,66
What is 818889 plus 133298?,952187
What is 806595580 plus 657083930?,1463679510
What is 89 plus 46?,135
What is 270087435204943 plus 419361329347862?,689448764552805
What is 189516064 plus 771125810?,960641874
What is 35490936010008 plus 26183633721431?,61674569731439
What is 212507487584621 plus 386001371909403?,598508859494024
What is 873512414 plus 576636312?,1450148726
What is 254 plus 802?,1056
What is 475 plus 499?,974
What is 7414 plus 7505?,14919
What is 78159 plus 85638?,163797
What is 62889605 plus 20246209?,83135814
What is 62068 plus 84616?,146684
What is 6010354 plus 5151256?,11161610
What is 7697483675355 plus 5246875578977?,12944359254332
What is 9663 plus 8383?,18046
What is 1079 plus 2527?,3606
What is 9607745835 plus 9954109384?,19561855219
What is 5848803 plus 5873723?,11722526
What is 65843066327 plus 22928006036?,88771072363
What is 580500 plus 874447?,1454947
What is 33225343 plus 57710292?,90935635
What is 233461181 plus 202215922?,435677103
What is 33382 plus 67031?,100413
What is 591185 plus 241171?,832356
What is 89 plus 64?,153
What is 6782347529353 plus 4050959725592?,10833307254945
What is 273753 plus 789671?,1063424
What is 9304 plus 9064?,18368
What is 7886 plus 1618?,9504
What is 8316675 plus 1435749?,9752424
What is 6775 plus 1314?,8089
What is 91981286936 plus 82647964911?,174629251847
What is 3065 plus 8707?,11772
What is 988877362931446 plus 845849268622631?,1834726631554077
What is 5473440404 plus 7337513511?,12810953915
What is 636317 plus 375119?,1011436
What is 4110970562315 plus 4147749934904?,8258720497219
What is 165372130309 plus 911030243524?,1076402373833
What is 881321937907 plus 205931747336?,1087253685243
What is 2213665 plus 3414135?,5627800
What is 10 plus 78?,88
What is 138245290714244 plus 270305736971817?,408551027686061
What is 8179555334796 plus 6417813270401?,14597368605197
What is 42363 plus 82868?,125231
What is 67773949036906 plus 28026145158045?,95800094194951
What is 2101109 plus 9448437?,11549546
What is 7786 plus 2075?,9861
What is 9131184579 plus 5314691711?,14445876290
What is 8783990464218 plus 6777564554437?,15561555018655
What is 28 plus 72?,100
What is 4674 plus 5991?,10665
What is 76009134 plus 84532524?,160541658
What is 80644857 plus 13120042?,93764899
What is 39962629 plus 33858794?,73821423
What is 8976483819 plus 2496832446?,11473316265
What is 2733 plus 5379?,8112
What is 79562927 plus 52212210?,131775137
What is 79239699 plus 68446778?,147686477
What is 915 plus 927?,1842
What is 60 plus 87?,147
What is 7785 plus 5024?,12809
What is 9003 plus 7803?,16806
What is 2614859435 plus 1320731864?,3935591299
What is 1646598649202 plus 8707047882888?,10353646532090
What is 25 plus 89?,114
What is 794350371080368 plus 789522225203319?,1583872596283687
What is 73517325239324 plus 80475592719348?,153992917958672
What is 6527888 plus 1758680?,8286568
What is 534973526 plus 396828371?,931801897
What is 253812 plus 784133?,1037945
What is 3358075 plus 9192092?,12550167
What is 245927422553 plus 858186626927?,1104114049480
What is 4535543937 plus 8894814844?,13430358781
What is 9697125 plus 8161661?,17858786
What is 9633269741391 plus 3386919186183?,13020188927574
What is 8669854103 plus 6194541666?,14864395769
What is 590153930 plus 993423781?,1583577711
What is 8490 plus 5439?,13929
What is 853642700 plus 100473279?,954115979
What is 590314167669 plus 631882357739?,1222196525408
What is 72492665 plus 63206225?,135698890
What is 2354204 plus 1572047?,3926251
What is 3531918974298 plus 7900414835494?,11432333809792
What is 441325751 plus 499518872?,940844623
What is 1565029 plus 5281566?,6846595
What is 7862 plus 5288?,13150
What is 2076924495 plus 9487206839?,11564131334
What is 26019319225118 plus 75338338105715?,101357657330833
What is 22824087191907 plus 25595488129423?,48419575321330
What is 11310992274 plus 34615963688?,45926955962
What is 58044728000557 plus 77282807776092?,135327535776649
What is 396412711 plus 675386933?,1071799644
What is 330 plus 963?,1293
What is 747977558918 plus 422870895718?,1170848454636
What is 735284 plus 545534?,1280818
What is 7454848041 plus 1523981604?,8978829645
What is 1168 plus 3071?,4239
What is 836036 plus 142805?,978841
What is 46920261656 plus 92122859281?,139043120937
What is 8541 plus 6128?,14669
What is 65358598 plus 14820217?,80178815
What is 6683427231556 plus 1182127738804?,7865554970360
What is 8005432989 plus 2004434211?,10009867200
What is 45936917 plus 99702381?,145639298
What is 479 plus 361?,840
What is 1730475611069 plus 3541569309910?,5272044920979
What is 93 plus 59?,152
What is 465522513563101 plus 322614761654063?,788137275217164
What is 603098972 plus 274802063?,877901035
What is 872273 plus 303841?,1176114
What is 204210376500364 plus 859656219837322?,1063866596337686
What is 25616746195 plus 96822441658?,122439187853
What is 21808917 plus 96723441?,118532358
What is 1151 plus 7985?,9136
What is 8064 plus 2514?,10578
What is 1095900003 plus 8269755346?,9365655349
What is 2878860526 plus 6332139094?,9210999620
What is 16468359922527 plus 36137674592888?,52606034515415
What is 85862023 plus 31818534?,117680557
What is 83 plus 64?,147
What is 16428388596 plus 79630819762?,96059208358
What is 56683830587379 plus 54038676409421?,110722506996800
What is 2188050680289 plus 1407725474943?,3595776155232
What is 4952411 plus 7857773?,12810184
What is 32279995595816 plus 53738227895312?,86018223491128
What is 351776317 plus 254019960?,605796277
What is 35850730049692 plus 18748583042872?,54599313092564
What is 73182214761697 plus 88993947646246?,162176162407943
What is 60133042 plus 42971520?,103104562
What is 61246331 plus 12605450?,73851781
What is 5402545 plus 2298072?,7700617
What is 32977 plus 68046?,101023
What is 303949 plus 568391?,872340
What is 19728358070918 plus 35089500739701?,54817858810619
What is 1980537 plus 4848425?,6828962
What is 38971206 plus 90294853?,129266059
What is 9424442 plus 1506829?,10931271
What is 871062908595 plus 701872960250?,1572935868845
What is 954909 plus 418862?,1373771
What is 8017876634838 plus 9916881200248?,17934757835086
What is 91552383 plus 84744100?,176296483
What is 33185456 plus 75781099?,108966555
What is 82155 plus 33236?,115391
What is 1900317219477 plus 3673109951477?,5573427170954
What is 96494466299 plus 67103373692?,163597839991
What is 283 plus 699?,982
What is 12450913880164 plus 99621328062411?,112072241942575
What is 781223650596 plus 189877055187?,971100705783
What is 98110 plus 97966?,196076
What is 414009588212291 plus 435285629822030?,849295218034321
What is 9259 plus 3794?,13053
What is 468 plus 563?,1031
What is 858584813166 plus 458637469795?,1317222282961
What is 3376 plus 8592?,11968
What is 671 plus 484?,1155
What is 765727107459248 plus 807717697187493?,1573444804646741
What is 733803265367944 plus 261851978569582?,995655243937526
What is 65950001 plus 74097874?,140047875
What is 6545182 plus 8159819?,14705001
What is 97177 plus 65482?,162659
What is 40741 plus 98462?,139203
What is 64403995 plus 71542639?,135946634
What is 4062148399 plus 7321247826?,11383396225
What is 333896652600421 plus 153885069881698?,487781722482119
What is 2382444049 plus 2337502828?,4719946877
What is 672019679 plus 458465663?,1130485342
What is 6767929744 plus 2370962067?,9138891811
What is 4965151378 plus 3482376211?,8447527589
What is 875817141 plus 925532708?,1801349849
What is 8464955061 plus 4183009002?,12647964063
What is 579 plus 250?,829
What is 482084780 plus 865329667?,1347414447
What is 49236 plus 48860?,98096
What is 28 plus 42?,70
What is 8461752318043 plus 6115911493190?,14577663811233
What is 513 plus 703?,1216
What is 46751525 plus 34164540?,80916065
What is 92 plus 10?,102
What is 26 plus 85?,111
What is 6580217972011 plus 2860458808930?,9440676780941
What is 7318698692 plus 8961139137?,16279837829
What is 4598979442922 plus 4754311662937?,9353291105859
What is 66801893 plus 88595590?,155397483
What is 2089824379 plus 9702533786?,11792358165
What is 91819011790783 plus 64468483472282?,156287495263065
What is 49990 plus 46841?,96831
What is 958340 plus 736771?,1695111
What is 9937 plus 3987?,13924
What is 265 plus 771?,1036
What is 29 plus 56?,85
What is 52245228350 plus 39213348269?,91458576619
What is 7865791566 plus 9909295987?,17775087553
What is 99844624358985 plus 99252688983124?,199097313342109
What is 94461266 plus 92861852?,187323118
What is 6718721632287 plus 8623061215018?,15341782847305
What is 2007 plus 8290?,10297
What is 722 plus 303?,1025
What is 3349 plus 4483?,7832
What is 9917543764 plus 4933964356?,14851508120
What is 4268 plus 1986?,6254
What is 14 plus 15?,29
What is 613760984022 plus 519440223151?,1133201207173
What is 80470125919856 plus 38610919371686?,119081045291542
What is 656998 plus 969167?,1626165
What is 6182 plus 7564?,13746
What is 509571585726 plus 343084632645?,852656218371
What is 206904486191 plus 800538425285?,1007442911476
What is 3013 plus 1452?,4465
What is 53066 plus 11175?,64241
What is 3508440851 plus 2193963567?,5702404418
What is 46193924 plus 60249482?,106443406
What is 2799861 plus 5984246?,8784107
What is 64674 plus 44819?,109493
What is 603683 plus 914718?,1518401
What is 11505988353 plus 39477932380?,50983920733
What is 98014165 plus 41016051?,139030216
What is 440570 plus 136095?,576665
What is 858763900181 plus 709970503842?,1568734404023
What is 53160487892997 plus 71800655577958?,124961143470955
What is 5095 plus 3792?,8887
What is 83 plus 88?,171
What is 89263881966 plus 81695690797?,170959572763
What is 8606812736770 plus 7572557657455?,16179370394225
What is 907230317707739 plus 882739318612236?,1789969636319975
What is 9804829 plus 6423611?,16228440
What is 7750264521326 plus 3632199921557?,11382464442883
What is 64784610411 plus 39335924005?,104120534416
What is 28142012 plus 27321628?,55463640
What is 51047 plus 13904?,64951
What is 306385888 plus 124963930?,431349818
What is 48031 plus 16228?,64259
What is 3048237008827 plus 7741437623729?,10789674632556
What is 9818597942 plus 9554936197?,19373534139
What is 4570605482297 plus 2450655306217?,7021260788514
What is 957509702558 plus 618997363184?,1576507065742
What is 647 plus 789?,1436
What is 89600 plus 59502?,149102
What is 334148313288 plus 900302538182?,1234450851470
What is 1760419 plus 4089142?,5849561
What is 43385250865675 plus 73646468386829?,117031719252504
What is 61286 plus 17089?,78375
What is 768826815 plus 848977848?,1617804663
What is 3677224280 plus 5988196322?,9665420602
What is 872 plus 274?,1146
What is 72 plus 25?,97
What is 444745796470 plus 207753632277?,652499428747
What is 76254072 plus 24369161?,100623233
What is 51108121889 plus 16234335910?,67342457799
What is 8042364 plus 6807738?,14850102
What is 4811906128 plus 9115212684?,13927118812
What is 554 plus 865?,1419
What is 1873211 plus 2439653?,4312864
What is 688079363 plus 623238472?,1311317835
What is 4650061 plus 9316084?,13966145
What is 98 plus 19?,117
What is 351742780823 plus 785010856291?,1136753637114
What is 1878780433374 plus 2029654867358?,3908435300732
What is 23 plus 76?,99
What is 597064807557 plus 101741640172?,698806447729
What is 6493927881970 plus 6600420776391?,13094348658361
What is 372506872 plus 168536516?,541043388
What is 47090259638 plus 11223244355?,58313503993
What is 916 plus 159?,1075
What is 852386209993014 plus 610083976040566?,1462470186033580
What is 21 plus 75?,96
What is 9466 plus 7499?,16965
What is 112020386142 plus 155781016734?,267801402876
What is 329143 plus 802188?,1131331
What is 8321055 plus 2511732?,10832787
What is 103928758880247 plus 747412295217246?,851341054097493
What is 225247 plus 779466?,1004713
What is 96084072 plus 86743741?,182827813
What is 142811 plus 466301?,609112
What is 9254 plus 6660?,15914
What is 87090 plus 79471?,166561
What is 648681399421 plus 390895596863?,1039576996284
What is 58340971769457 plus 75281259794864?,133622231564321
What is 899 plus 425?,1324
What is 3960 plus 5192?,9152
What is 308 plus 127?,435
What is 90 plus 93?,183
What is 4676111268759 plus 4396175716421?,9072286985180
What is 472351 plus 775743?,1248094
What is 63437199686 plus 95052472197?,158489671883
What is 31918313142 plus 36395241273?,68313554415
What is 9279506 plus 7279249?,16558755
What is 26967547 plus 22306379?,49273926
What is 950297 plus 722069?,1672366
What is 121 plus 175?,296
What is 68561162871 plus 43494101907?,112055264778
What is 29474866 plus 21890107?,51364973
What is 921 plus 306?,1227
What is 6534 plus 3351?,9885
What is 381344757492313 plus 497101679260073?,878446436752386
What is 37196970 plus 80296623?,117493593
What is 3007717201583 plus 5208310307877?,8216027509460
What is 9856596 plus 2997329?,12853925
What is 65 plus 94?,159
What is 641657739088 plus 436908956495?,1078566695583
What is 15313596 plus 16602429?,31916025
What is 725594108231 plus 597630858135?,1323224966366
What is 3939535 plus 2934585?,6874120
What is 4653 plus 9933?,14586
What is 127 plus 712?,839
What is 64647513410 plus 31010813343?,95658326753
What is 156269340468 plus 381240962412?,537510302880
What is 6740145 plus 4485380?,11225525
What is 427991779785 plus 326444397032?,754436176817
What is 37315 plus 10490?,47805
What is 65010508650977 plus 72383531588575?,137394040239552
What is 134708258 plus 331056515?,465764773
What is 20 plus 71?,91
What is 462793226408 plus 830265073057?,1293058299465
What is 5437186161 plus 7022606246?,12459792407
What is 9019 plus 1805?,10824
What is 77 plus 92?,169
What is 155 plus 378?,533
What is 950179300259 plus 218776838810?,1168956139069
What is 88 plus 43?,131
What is 7727 plus 9863?,17590
What is 992322236635663 plus 340850505399009?,1333172742034672
What is 165530714059537 plus 909996666867061?,1075527380926598
What is 25922 plus 29769?,55691
What is 1014 plus 8638?,9652
What is 1145062213781 plus 1769751130416?,2914813344197
What is 7025236 plus 8193786?,15219022
What is 2755116580836 plus 5429821377901?,8184937958737
What is 596391899 plus 411921301?,1008313200
What is 295458530 plus 667902296?,963360826
What is 27 plus 79?,106
What is 7256991069375 plus 1498913313190?,8755904382565
What is 2382 plus 5509?,7891
What is 7131264771524 plus 4743472615147?,11874737386671
What is 6806165064 plus 2397351612?,9203516676
What is 371444442571 plus 674773541780?,1046217984351
What is 701056780 plus 372569503?,1073626283
What is 4697363274 plus 5864092005?,10561455279
What is 67988 plus 69151?,137139
What is 29689184806989 plus 11457882619626?,41147067426615
What is 512133 plus 357544?,869677
What is 3609 plus 1867?,5476
What is 4514 plus 9079?,13593
What is 98 plus 23?,121
What is 323929312 plus 299743869?,623673181
What is 414363289 plus 440530932?,854894221
What is 202521 plus 326766?,529287
What is 8433460843 plus 9510947011?,17944407854
What is 392302 plus 946219?,1338521
What is 3209311 plus 8742812?,11952123
What is 912604 plus 219191?,1131795
What is 34529702022396 plus 99399610427608?,133929312450004
What is 6340861927904 plus 7308857310469?,13649719238373
What is 610597881 plus 167383266?,777981147
What is 77 plus 31?,108
What is 74370 plus 31606?,105976
What is 3737041640801 plus 4146819686818?,7883861327619
What is 25 plus 48?,73
What is 29545462 plus 66138953?,95684415
What is 265 plus 183?,448
What is 4023043932 plus 1168802006?,5191845938
What is 657422288 plus 120206178?,777628466
What is 67 plus 85?,152
What is 64 plus 61?,125
What is 5586 plus 6200?,11786
What is 13354 plus 97357?,110711
What is 2671429845907 plus 7938601753538?,10610031599445
What is 7585 plus 6495?,14080
What is 869122734 plus 802453623?,1671576357
What is 4086873 plus 8797537?,12884410
What is 999267 plus 462654?,1461921
What is 828312 plus 867714?,1696026
What is 305 plus 703?,1008
What is 203019 plus 738535?,941554
What is 53816 plus 90775?,144591
What is 4849348833 plus 3136410776?,7985759609
What is 123504 plus 521246?,644750
What is 9553427 plus 6992844?,16546271
What is 7499203 plus 2743567?,10242770
What is 7120519 plus 7672454?,14792973
What is 5468673767704 plus 9440236487890?,14908910255594
What is 469 plus 917?,1386
What is 678 plus 702?,1380
What is 295564963434667 plus 982796255884799?,1278361219319466
What is 6952680146 plus 7163603245?,14116283391
What is 385 plus 980?,1365
What is 315316340 plus 535797256?,851113596
What is 953902901079 plus 858072982800?,1811975883879
What is 422 plus 905?,1327
What is 744207531510 plus 199556967301?,943764498811
What is 90716538 plus 73223096?,163939634
What is 609470158481251 plus 874678393584171?,1484148552065422
What is 421413304 plus 624571390?,1045984694
What is 27699358853 plus 43273895758?,70973254611
What is 8688100 plus 5281674?,13969774
What is 6156750 plus 3070006?,9226756
What is 5308 plus 5926?,11234
What is 393338310259526 plus 435000554742747?,828338865002273
What is 1276086810 plus 5365664945?,6641751755
What is 710430443763249 plus 700582681523110?,1411013125286359
What is 5699 plus 2062?,7761
What is 713495 plus 543510?,1257005
What is 8833 plus 4411?,13244
What is 228621427703829 plus 395763169975579?,624384597679408
What is 4948020164 plus 6393034838?,11341055002
What is 286044519678368 plus 225641891155137?,511686410833505
What is 84114981575 plus 14997585953?,99112567528
What is 624372240097435 plus 623709561737394?,1248081801834829
What is 955452903 plus 903964280?,1859417183
What is 230570 plus 492642?,723212
What is 705847260801 plus 514295757860?,1220143018661
What is 2999740820 plus 7727855670?,10727596490
What is 3873371 plus 9118324?,12991695
What is 460849072809 plus 812323012969?,1273172085778
What is 95744654281470 plus 47435030600258?,143179684881728
What is 80675000372266 plus 51915202011590?,132590202383856
What is 54779 plus 68313?,123092
What is 136 plus 721?,857
What is 197577006953 plus 891110579323?,1088687586276
What is 4162228 plus 5252407?,9414635
What is 70577374410012 plus 15707008997942?,86284383407954
What is 43860449343 plus 13631511258?,57491960601
What is 6519808 plus 7444015?,13963823
What is 18352 plus 56330?,74682
What is 21028753455 plus 99559888978?,120588642433
What is 1977728 plus 2989907?,4967635
What is 5956 plus 4391?,10347
What is 58968 plus 73573?,132541
What is 365743 plus 730417?,1096160
What is 482243590985 plus 173878730999?,656122321984
What is 122871953873 plus 267501584320?,390373538193
What is 5417 plus 5671?,11088
What is 7745783100490 plus 1028155018588?,8773938119078
What is 407 plus 148?,555
What is 619 plus 273?,892
What is 958856037294177 plus 729604515516637?,1688460552810814
What is 3281653 plus 8509048?,11790701
What is 3128253221445 plus 4590584928894?,7718838150339
What is 2804323 plus 2841378?,5645701
What is 56369732 plus 58824788?,115194520
What is 12936788044 plus 82340458827?,95277246871
What is 7271 plus 1697?,8968
What is 3878344 plus 8082786?,11961130
What is 26306390473568 plus 20575919800045?,46882310273613
What is 645 plus 349?,994
What is 166149014 plus 543374666?,709523680
What is 6325 plus 4062?,10387
What is 621095368731 plus 362049222909?,983144591640
What is 1384 plus 9377?,10761
What is 50230735 plus 91236650?,141467385
What is 46857955721117 plus 96114136805195?,142972092526312
What is 837678716 plus 266054304?,1103733020
What is 11868 plus 21253?,33121
What is 175090 plus 718527?,893617
What is 245053 plus 716708?,961761
What is 667 plus 852?,1519
What is 837449 plus 157431?,994880
What is 41854895 plus 12887638?,54742533
What is 283 plus 802?,1085
What is 29883471830427 plus 77648151221063?,107531623051490
What is 89169888 plus 39088744?,128258632
What is 5963 plus 1349?,7312
What is 20174043695703 plus 25140075169356?,45314118865059
What is 853244054901 plus 466708909430?,1319952964331
What is 40509 plus 42782?,83291
What is 30157886070184 plus 15404708864809?,45562594934993
What is 407528 plus 241128?,648656
What is 9942726 plus 6665450?,16608176
What is 2418 plus 6021?,8439
What is 553506153258164 plus 886354547442059?,1439860700700223
What is 717885500325016 plus 173496288858193?,891381789183209
What is 718327781154 plus 131173597005?,849501378159
What is 830734779617394 plus 528831289850451?,1359566069467845
What is 9677 plus 4497?,14174
What is 511954002488 plus 528579656523?,1040533659011
What is 355942 plus 290057?,645999
What is 6681825299256 plus 2490716797737?,9172542096993
What is 917213930146132 plus 405929494461570?,1323143424607702
What is 96612630969 plus 73765365552?,170377996521
What is 824447 plus 240463?,1064910
What is 2632649642425 plus 9793730491332?,12426380133757
What is 699769506181 plus 148461444764?,848230950945
What is 5712 plus 6435?,12147
What is 717 plus 971?,1688
What is 24232320476673 plus 81848207216024?,106080527692697
What is 42 plus 58?,100
What is 13671726 plus 44577205?,58248931
What is 5789 plus 2219?,8008
What is 92490444473 plus 70616223190?,163106667663
What is 68172127 plus 75499212?,143671339
What is 840671730804567 plus 907395612729894?,1748067343534461
What is 5828 plus 1009?,6837
What is 975395088923 plus 704854578712?,1680249667635
What is 980393762514 plus 825011279866?,1805405042380
What is 691601916963 plus 698529605286?,1390131522249
What is 78 plus 57?,135
What is 1901588505 plus 2491483659?,4393072164
What is 99839114574 plus 60212553337?,160051667911
What is 238108387120 plus 683013386682?,921121773802
What is 78312977785 plus 54730416545?,133043394330
What is 573262285632778 plus 343171674063062?,916433959695840
What is 776416 plus 625312?,1401728
What is 295 plus 183?,478
What is 48578997 plus 77382613?,125961610
What is 71709906390 plus 47067766418?,118777672808
What is 1730781367 plus 3030430681?,4761212048
What is 989583459812984 plus 297422817259824?,1287006277072808
What is 54526907 plus 66918937?,121445844
What is 9211653686496 plus 6871403085263?,16083056771759
What is 334661115 plus 109688390?,444349505
What is 806200 plus 687435?,1493635
What is 63 plus 44?,107
What is 9216697527 plus 6018728137?,15235425664
What is 759219983 plus 584856438?,1344076421
What is 681557228 plus 782469154?,1464026382
What is 63418464453 plus 35073006394?,98491470847
What is 512779094 plus 272788666?,785567760
What is 58852155797945 plus 84775398507966?,143627554305911
What is 4860831 plus 2081882?,6942713
What is 827826972301 plus 646940976165?,1474767948466
What is 5485212122 plus 8863848463?,14349060585
What is 882503 plus 939971?,1822474
What is 71095001708703 plus 19952435343393?,91047437052096
What is 5826835904 plus 2395689286?,8222525190
What is 196 plus 827?,1023
What is 135177 plus 291216?,426393
What is 52182141292357 plus 36315827875322?,88497969167679
What is 279051001 plus 198746248?,477797249
What is 39 plus 75?,114
What is 81389771078 plus 68384961025?,149774732103
What is 31 plus 96?,127
What is 14738651413231 plus 44250273394093?,58988924807324
What is 1481489891 plus 3719159900?,5200649791
What is 308104456 plus 253859918?,561964374
What is 36 plus 95?,131
What is 9928364 plus 8281188?,18209552
What is 604527559 plus 129435223?,733962782
What is 7018423073 plus 4837510798?,11855933871
What is 9009 plus 6175?,15184
What is 15641884 plus 88316551?,103958435
What is 44695406 plus 22843388?,67538794
What is 79 plus 30?,109
What is 2613849 plus 7794387?,10408236
What is 492 plus 255?,747
What is 30173839761042 plus 78214790943989?,108388630705031
What is 610385990652 plus 143515553915?,753901544567
What is 58789323204280 plus 90644217365457?,149433540569737
What is 183820044856612 plus 820603919730399?,1004423964587011
What is 2238296832 plus 8740602986?,10978899818
What is 4597 plus 9065?,13662
What is 3062127526165 plus 1230664835454?,4292792361619
What is 3138225 plus 9080566?,12218791
What is 248552451 plus 773811195?,1022363646
What is 130486993 plus 608384717?,738871710
What is 949525121514 plus 783525445434?,1733050566948
What is 5360 plus 7641?,13001
What is 1644759 plus 5293874?,6938633
What is 41395479809708 plus 94404651242763?,135800131052471
What is 915 plus 325?,1240
What is 40505 plus 51456?,91961
What is 394619345806 plus 521186869612?,915806215418
What is 53 plus 28?,81
What is 520011 plus 858593?,1378604
What is 59111 plus 11840?,70951
What is 246126 plus 208286?,454412
What is 101228 plus 581929?,683157
What is 453242824817043 plus 677396056618270?,1130638881435313
What is 38288397551 plus 75639454637?,113927852188
What is 7924377116761 plus 5941150594958?,13865527711719
What is 5221 plus 5376?,10597
What is 35975013044937 plus 52722319016544?,88697332061481
What is 78549501 plus 23925798?,102475299
What is 17756318 plus 57130332?,74886650
What is 4028171198494 plus 2572382424028?,6600553622522
What is 60 plus 50?,110
What is 4440 plus 2184?,6624
What is 868586 plus 832831?,1701417
What is 1027676843303 plus 1647133370674?,2674810213977
What is 140868 plus 133308?,274176
What is 6285 plus 5449?,11734
What is 9153 plus 2184?,11337
What is 25748349953 plus 27528993917?,53277343870
What is 13284367236553 plus 72012004944880?,85296372181433
What is 7803251 plus 9176954?,16980205
What is 135742776 plus 995521919?,1131264695
What is 7887029 plus 1772758?,9659787
What is 717 plus 264?,981
What is 165 plus 171?,336
What is 1784529 plus 5866027?,7650556
What is 29652143 plus 62014502?,91666645
What is 96284662686068 plus 62873429558123?,159158092244191
What is 266638334 plus 543427843?,810066177
What is 777848499091567 plus 407019314893489?,1184867813985056
What is 98890262613 plus 22499743925?,121390006538
What is 8367832728 plus 3327656032?,11695488760
What is 7097814842 plus 2481914912?,9579729754
What is 12624946 plus 58543246?,71168192
What is 15676 plus 28100?,43776
What is 256698749462 plus 439208411885?,695907161347
What is 762277 plus 675987?,1438264
What is 250001004035909 plus 808722679180573?,1058723683216482
What is 8619 plus 9860?,18479
What is 80024879506 plus 39108855891?,119133735397
What is 61 plus 58?,119
What is 6573821 plus 7325308?,13899129
What is 258429380 plus 498422950?,756852330
What is 6760602803080 plus 5793256247624?,12553859050704
What is 5002696887 plus 4260329262?,9263026149
What is 81439860325368 plus 93480765845316?,174920626170684
What is 415 plus 381?,796
What is 6601906310667 plus 1982702238454?,8584608549121
What is 299109420888 plus 930806031857?,1229915452745
What is 603650 plus 158645?,762295
What is 63522017099713 plus 67860807494161?,131382824593874
What is 300602 plus 380718?,681320
What is 2791530 plus 8936936?,11728466
What is 19665147 plus 71104417?,90769564
What is 15 plus 15?,30
What is 9288044 plus 2007050?,11295094
What is 8020530975104 plus 9383534401577?,17404065376681
What is 40009854309324 plus 47532724110838?,87542578420162
What is 15196620251 plus 24165135081?,39361755332
What is 3952021853060 plus 6780373235363?,10732395088423
What is 152114054076635 plus 709822544515846?,861936598592481
What is 47 plus 64?,111
What is 668 plus 625?,1293
What is 4366315515 plus 1512574590?,5878890105
What is 979283661 plus 644001197?,1623284858
What is 38 plus 62?,100
What is 2026 plus 6457?,8483
What is 92594040 plus 45609493?,138203533
What is 644063948117 plus 770070314245?,1414134262362
What is 114391014652 plus 971979962184?,1086370976836
What is 360706436 plus 557394820?,918101256
What is 7688007 plus 9827258?,17515265
What is 3154154 plus 7766614?,10920768
What is 58172052138 plus 85528055816?,143700107954
What is 12 plus 80?,92
What is 68558 plus 85911?,154469
What is 866899810327 plus 288191060371?,1155090870698
What is 91729311 plus 39034939?,130764250
What is 4216 plus 3665?,7881
What is 959233 plus 415365?,1374598
What is 23158495710447 plus 72316609592002?,95475105302449
What is 3460 plus 5146?,8606
What is 8377 plus 4329?,12706
What is 272208998153434 plus 171307638628705?,443516636782139
What is 429552796 plus 986793026?,1416345822
What is 34068709248643 plus 43525933346055?,77594642594698
What is 909157768 plus 554058896?,1463216664
What is 8632414666612 plus 8806463460642?,17438878127254
What is 6221 plus 7848?,14069
What is 283664135137 plus 308875013670?,592539148807
What is 130 plus 134?,264
What is 42 plus 93?,135
What is 94974580969287 plus 47393179655060?,142367760624347
What is 302 plus 414?,716
What is 377711 plus 714361?,1092072
What is 9329 plus 1705?,11034
What is 90 plus 62?,152
What is 61 plus 78?,139
What is 207894 plus 865895?,1073789
What is 8025426600653 plus 3676246326785?,11701672927438
What is 920115 plus 541166?,1461281
What is 2535098 plus 4377041?,6912139
What is 9959722728639 plus 8797816215271?,18757538943910
What is 4337068252722 plus 5447364953583?,9784433206305
What is 840 plus 600?,1440
What is 9030042460985 plus 6352953589968?,15382996050953
What is 5357334 plus 1812159?,7169493
What is 82 plus 33?,115
What is 944 plus 990?,1934
What is 44358797905626 plus 76701794790817?,121060592696443
What is 626865174173 plus 872188907721?,1499054081894
What is 727 plus 295?,1022
What is 60726564128 plus 40948316177?,101674880305
What is 51430473 plus 73884625?,125315098
What is 369006583604 plus 309190610325?,678197193929
What is 4840870 plus 3179865?,8020735
What is 631 plus 693?,1324
What is 759714239 plus 258772496?,1018486735
What is 74578803819 plus 50589397691?,125168201510
What is 1573830583 plus 4079155045?,5652985628
What is 749757922656506 plus 117456234794443?,867214157450949
What is 244331 plus 498529?,742860
What is 98926726 plus 65157729?,164084455
What is 40611 plus 40531?,81142
What is 656433294295787 plus 560910655072327?,1217343949368114
What is 78 plus 45?,123
What is 7198324919553 plus 4368455697882?,11566780617435
What is 8632939 plus 8027346?,16660285
What is 941 plus 147?,1088
What is 885944 plus 475979?,1361923
What is 9358 plus 1942?,11300
What is 9637204015 plus 4303367612?,13940571627
What is 86534105293256 plus 26656922505143?,113191027798399
What is 95479996772004 plus 48423471724253?,143903468496257
What is 676 plus 672?,1348
What is 99871972487206 plus 79993275474554?,179865247961760
What is 48768037051133 plus 54424573065439?,103192610116572
What is 542209 plus 396741?,938950
What is 56742882415 plus 49850400369?,106593282784
What is 101 plus 323?,424
What is 60805781630609 plus 69120124355687?,129925905986296
What is 844953639174 plus 904805768938?,1749759408112
What is 171861170116 plus 398548315468?,570409485584
What is 73148469 plus 23224934?,96373403
What is 6815307 plus 3744905?,10560212
What is 939606858 plus 131938713?,1071545571
What is 42738 plus 71845?,114583
What is 33926365483 plus 26330143167?,60256508650
What is 38434818181 plus 87978304852?,126413123033
What is 4546145 plus 1651078?,6197223
What is 71506906932 plus 12583261409?,84090168341
What is 31197833478175 plus 12183274133251?,43381107611426
What is 216065067110 plus 642836609313?,858901676423
What is 406095790 plus 354508583?,760604373
What is 63 plus 75?,138
What is 155361465734809 plus 840993853546696?,996355319281505
What is 359326 plus 116400?,475726
What is 794278 plus 721965?,1516243
What is 33660377692 plus 41603620685?,75263998377
What is 50390550 plus 68697962?,119088512
What is 6395585847 plus 6432293767?,12827879614
What is 867105237 plus 128411546?,995516783
What is 31 plus 13?,44
What is 168807373 plus 285890304?,454697677
What is 4235236628 plus 1247414638?,5482651266
What is 20879234 plus 97701867?,118581101
What is 698081679728 plus 292469830657?,990551510385
What is 37290116208381 plus 87890798708509?,125180914916890
What is 2820905 plus 9769607?,12590512
What is 800646963375 plus 307927999632?,1108574963007
What is 9129719557465 plus 2853619079614?,11983338637079
What is 7455027 plus 4515814?,11970841
What is 4057966 plus 7045944?,11103910
What is 5535412673 plus 8179139693?,13714552366
What is 78453347845 plus 29277015168?,107730363013
What is 6515 plus 3161?,9676
What is 7070508627 plus 6528087384?,13598596011
What is 7704864 plus 1694184?,9399048
What is 54531429039255 plus 49437694093201?,103969123132456
What is 44 plus 25?,69
What is 33 plus 80?,113
What is 746688135 plus 210268992?,956957127
What is 496733 plus 836430?,1333163
What is 9529256 plus 2826774?,12356030
What is 3392538 plus 9578203?,12970741
What is 587054632376451 plus 161679404661838?,748734037038289
What is 878234659725 plus 819419549324?,1697654209049
What is 254851 plus 402491?,657342
What is 61999324955 plus 88333224336?,150332549291
What is 890507838734 plus 962962811118?,1853470649852
What is 944551 plus 348807?,1293358
What is 860984153015 plus 208624606016?,1069608759031
What is 3425108708 plus 3359906792?,6785015500
What is 9271582516083 plus 4610975605918?,13882558122001
What is 679406811106237 plus 941527778977467?,1620934590083704
What is 156274203638 plus 155243114618?,311517318256
What is 6047722696 plus 9275065673?,15322788369
What is 98 plus 26?,124
What is 42434903686 plus 19551626644?,61986530330
What is 7319 plus 4478?,11797
What is 6640925 plus 8724197?,15365122
What is 522126544229621 plus 168044403301279?,690170947530900
What is 374005787546 plus 972738988578?,1346744776124
What is 5324860960 plus 6456159855?,11781020815
What is 5768133 plus 9217040?,14985173
What is 9018070 plus 9395004?,18413074
What is 3322391938802 plus 5790466890465?,9112858829267
What is 3908753687 plus 1064652254?,4973405941
What is 530259 plus 923631?,1453890
What is 125045 plus 174956?,300001
What is 81004 plus 95052?,176056
What is 81236693577522 plus 83699094174897?,164935787752419
What is 5223 plus 1045?,6268
What is 489627218091527 plus 825648010797096?,1315275228888623
What is 5877 plus 9241?,15118
What is 212586 plus 580100?,792686
What is 78740168315 plus 88074298594?,166814466909
What is 6737 plus 6628?,13365
What is 51852908 plus 53758435?,105611343
What is 851833960384 plus 240881799025?,1092715759409
What is 47592567 plus 50999699?,98592266
What is 638177943 plus 615996459?,1254174402
What is 983 plus 202?,1185
What is 3504223377134 plus 6316056576052?,9820279953186
What is 502236204 plus 631693660?,1133929864
What is 45160 plus 64799?,109959
What is 18394989 plus 86491056?,104886045
What is 553503458 plus 562065866?,1115569324
What is 754 plus 892?,1646
What is 235 plus 469?,704
What is 67835 plus 50220?,118055
What is 90469612971906 plus 63741677888650?,154211290860556
What is 77 plus 98?,175
What is 93480333 plus 10966871?,104447204
What is 728539861855459 plus 398123532604973?,1126663394460432
What is 735306 plus 101094?,836400
What is 366522295 plus 647646015?,1014168310
What is 7643928 plus 4372664?,12016592
What is 4714755 plus 4416446?,9131201
What is 71491451523787 plus 47525849609016?,119017301132803
What is 4886363801805 plus 1972716752143?,6859080553948
What is 97471329653 plus 73309296381?,170780626034
What is 82 plus 94?,176
What is 724304290 plus 903848666?,1628152956
What is 6848131 plus 8184959?,15033090
What is 20 plus 89?,109
What is 770842373108246 plus 893123634760798?,1663966007869044
What is 465817708 plus 697292644?,1163110352
What is 45570539834933 plus 27255733095988?,72826272930921
What is 954657036157 plus 498621623367?,1453278659524
What is 649830199061783 plus 994568624491051?,1644398823552834
What is 895 plus 998?,1893
What is 7169163 plus 6653483?,13822646
What is 99 plus 41?,140
What is 7120182756570 plus 8814408018327?,15934590774897
What is 63216028911214 plus 50859899826121?,114075928737335
What is 5834382 plus 1380271?,7214653
What is 96003898867 plus 40646612196?,136650511063
What is 3543809052513 plus 8093290206399?,11637099258912
What is 9823809652087 plus 1081623903254?,10905433555341
What is 1448863413 plus 1382979937?,2831843350
What is 60579123694 plus 50071462674?,110650586368
What is 4396623 plus 4952024?,9348647
What is 303 plus 375?,678
What is 820 plus 480?,1300
What is 50121458328149 plus 52460507039408?,102581965367557
What is 3887756165670 plus 6430196050252?,10317952215922
What is 98977517094087 plus 59296343601378?,158273860695465
What is 2893 plus 1718?,4611
What is 7402649 plus 4722601?,12125250
What is 601810403562146 plus 609267724886884?,1211078128449030
What is 60747438 plus 13183390?,73930828
What is 457622940826058 plus 714248864391120?,1171871805217178
What is 5569119 plus 3051296?,8620415
What is 391164920572804 plus 934602646593381?,1325767567166185
What is 425180412 plus 290909326?,716089738
What is 897317196180 plus 783034712294?,1680351908474
What is 7235140160973 plus 5705712346900?,12940852507873
What is 62070375230495 plus 48319970566477?,110390345796972
What is 46837606 plus 41099110?,87936716
What is 35765604789334 plus 61121903079042?,96887507868376
What is 37191 plus 20323?,57514
What is 670207231 plus 994386061?,1664593292
What is 37024987462 plus 58315632093?,95340619555
What is 9412 plus 8162?,17574
What is 1861 plus 6576?,8437
What is 14120 plus 84545?,98665
What is 5711827777 plus 7429778544?,13141606321
What is 420 plus 384?,804
What is 786671 plus 471689?,1258360
What is 23132 plus 13714?,36846
What is 312 plus 462?,774
What is 349 plus 748?,1097
What is 2920 plus 5838?,8758
What is 2818344 plus 4762412?,7580756
What is 6073732576 plus 1448403452?,7522136028
What is 689472614804960 plus 432840319423043?,1122312934228003
What is 21989907306200 plus 17684954993636?,39674862299836
What is 753771553896 plus 243558801619?,997330355515
What is 568405404434023 plus 501033139819163?,1069438544253186
What is 10483491 plus 20851826?,31335317
What is 93289 plus 39703?,132992
What is 18427735914893 plus 40241483242990?,58669219157883
What is 68586449 plus 35584750?,104171199
What is 4939 plus 6978?,11917
What is 845438 plus 718359?,1563797
What is 808633337040589 plus 714852779556629?,1523486116597218
What is 13441 plus 30812?,44253
What is 34012 plus 65183?,99195
What is 894837133 plus 963808214?,1858645347
What is 84468604416 plus 30873531542?,115342135958
What is 6866940177 plus 6967507120?,13834447297
What is 8600155 plus 5640376?,14240531
What is 71686951 plus 43280963?,114967914
What is 96 plus 76?,172
What is 6078703 plus 7197507?,13276210
What is 1133 plus 1328?,2461
What is 208704744 plus 164487724?,373192468
What is 553539538277 plus 665108164347?,1218647702624
What is 48 plus 12?,60
What is 491 plus 569?,1060
What is 521379459787428 plus 925385320234290?,1446764780021718
What is 77299598281074 plus 74935620820427?,152235219101501
What is 704146436 plus 733534459?,1437680895
What is 537064 plus 496353?,1033417
What is 34072 plus 23452?,57524
What is 89501971089446 plus 28711672230751?,118213643320197
What is 668044405292698 plus 542416667225244?,1210461072517942
What is 4705 plus 7779?,12484
What is 62102211 plus 38529864?,100632075
What is 20005893 plus 56678517?,76684410
What is 4157694 plus 2493700?,6651394
What is 1133836282338 plus 6618103316375?,7751939598713
What is 3455297879 plus 1167503430?,4622801309
What is 596330807107 plus 552847206103?,1149178013210
What is 244032 plus 415523?,659555
What is 35 plus 91?,126
What is 43529061015382 plus 13021509527033?,56550570542415
What is 923 plus 770?,1693
What is 7629421562 plus 2685010749?,10314432311
What is 8111 plus 3083?,11194
What is 67952712 plus 12377883?,80330595
What is 792983 plus 846779?,1639762
What is 8002905 plus 5132746?,13135651
What is 3675 plus 9308?,12983
What is 577 plus 941?,1518
What is 78663 plus 76104?,154767
What is 492474 plus 815822?,1308296
What is 49 plus 75?,124
What is 7672475549 plus 4431748690?,12104224239
What is 9530 plus 4977?,14507
What is 73 plus 64?,137
What is 48051068384888 plus 61972729662176?,110023798047064
What is 72022995 plus 66883082?,138906077
What is 913378 plus 175578?,1088956
What is 55460965427 plus 69740712495?,125201677922
What is 72970 plus 11891?,84861
What is 21545598 plus 74924641?,96470239
What is 2284365511876 plus 4851864531101?,7136230042977
What is 9408 plus 2964?,12372
What is 64114 plus 21653?,85767
What is 62 plus 23?,85
What is 23243772020424 plus 12930709404284?,36174481424708
What is 9719102791162 plus 8969631156134?,18688733947296
What is 83402135 plus 50951104?,134353239
What is 21733 plus 26773?,48506
What is 3816209629 plus 4496575770?,8312785399
What is 944517968226 plus 538969812321?,1483487780547
What is 147297444 plus 983200182?,1130497626
What is 266577 plus 232986?,499563
What is 52447887 plus 30087406?,82535293
What is 354805 plus 819433?,1174238
What is 63756662589 plus 82622943674?,146379606263
What is 4466537 plus 3947864?,8414401
What is 2612 plus 4412?,7024
What is 560 plus 702?,1262
What is 435328569 plus 920723694?,1356052263
What is 21140 plus 81279?,102419
What is 748341503399 plus 460275027337?,1208616530736
What is 60712 plus 14268?,74980
What is 9512976 plus 4312288?,13825264
What is 921256255 plus 475020000?,1396276255
What is 7830243739785 plus 6187935291049?,14018179030834
What is 763176507 plus 953732929?,1716909436
What is 52957826821895 plus 85902184882456?,138860011704351
What is 2934 plus 5249?,8183
What is 2265757824 plus 5187012341?,7452770165
What is 673952757678 plus 632388582124?,1306341339802
What is 7738662717 plus 6259692970?,13998355687
What is 43383660680 plus 75468096490?,118851757170
What is 65588265823 plus 94467365999?,160055631822
What is 983 plus 573?,1556
What is 645349491 plus 241215132?,886564623
What is 82959 plus 36992?,119951
What is 7969515597861 plus 1556797617851?,9526313215712
What is 346922459022 plus 721604736398?,1068527195420
What is 35494410 plus 59783028?,95277438
What is 87724205219 plus 74965860025?,162690065244
What is 817289372 plus 173436184?,990725556
What is 498383818749 plus 898560922608?,1396944741357
What is 7386350666 plus 2145343658?,9531694324
What is 6172203092 plus 4230762784?,10402965876
What is 7520 plus 4153?,11673
What is 5063879 plus 9180275?,14244154
What is 275179190 plus 205103349?,480282539
What is 39430970828 plus 85394677424?,124825648252
What is 6453630 plus 9406689?,15860319
What is 798540874873910 plus 846516344015329?,1645057218889239
What is 2499714 plus 2319063?,4818777
What is 532 plus 419?,951
What is 9689906701604 plus 9646168510975?,19336075212579
What is 51709068730 plus 93230250090?,144939318820
What is 8285933 plus 3951168?,12237101
What is 221050803 plus 521130914?,742181717
What is 686639317 plus 269253661?,955892978
What is 91020126358 plus 26340040440?,117360166798
What is 701645782161 plus 957819454328?,1659465236489
What is 69049370 plus 86782216?,155831586
What is 88693977 plus 50061162?,138755139
What is 483280 plus 973067?,1456347
What is 182 plus 197?,379
What is 836880582828813 plus 250195435153346?,1087076017982159
What is 6583301120 plus 1340671336?,7923972456
What is 59468965337 plus 15802659437?,75271624774
What is 525312 plus 876903?,1402215
What is 846977 plus 394447?,1241424
What is 916801779847782 plus 102041178409671?,1018842958257453
What is 7198012225 plus 9063339589?,16261351814
What is 73014918370 plus 97784513992?,170799432362
What is 2599 plus 8217?,10816
What is 26 plus 92?,118
What is 1559 plus 5348?,6907
What is 59712077 plus 35140454?,94852531
What is 74944 plus 55099?,130043
What is 412958397456 plus 490524437877?,903482835333
What is 8456393224 plus 4561539158?,13017932382
What is 8000 plus 8126?,16126
What is 55821047130405 plus 55039995416024?,110861042546429
What is 424 plus 731?,1155
What is 63896332174446 plus 94637705761752?,158534037936198
What is 8356118041 plus 5060782481?,13416900522
What is 896634182858 plus 452895433997?,1349529616855
What is 845862390162392 plus 497186929896857?,1343049320059249
What is 687 plus 250?,937
What is 3535966909 plus 1804188140?,5340155049
What is 61 plus 23?,84
What is 71083127262 plus 76907404445?,147990531707
What is 35382 plus 79288?,114670
What is 978633 plus 412194?,1390827
What is 138718 plus 615688?,754406
What is 120318114709 plus 313429518590?,433747633299
What is 991038573529 plus 578223793818?,1569262367347
What is 774861326205 plus 401861102363?,1176722428568
What is 15 plus 78?,93
What is 34853 plus 46258?,81111
What is 798823 plus 661225?,1460048
What is 979302586816 plus 297157981693?,1276460568509
What is 752146990329276 plus 213981224868574?,966128215197850
What is 95296305 plus 73016461?,168312766
What is 605977 plus 756941?,1362918
What is 24143 plus 16729?,40872
What is 61054729 plus 97237711?,158292440
What is 692 plus 411?,1103
What is 8982 plus 8229?,17211
What is 6129291961864 plus 8197762304331?,14327054266195
What is 7037985 plus 8827089?,15865074
What is 1854467019 plus 3158590217?,5013057236
What is 926577429 plus 103858171?,1030435600
What is 23409 plus 20530?,43939
What is 84400 plus 64942?,149342
What is 4475989669190 plus 7621491752703?,12097481421893
What is 202094523782 plus 160514944343?,362609468125
What is 322618750 plus 906909323?,1229528073
What is 19922 plus 85654?,105576
What is 800917720202 plus 774102280933?,1575020001135
What is 943133745 plus 585078002?,1528211747
What is 727280778402 plus 323753763149?,1051034541551
What is 367287 plus 911743?,1279030
What is 2991 plus 4105?,7096
What is 713928607124 plus 995660563928?,1709589171052
What is 92357450810 plus 14585235209?,106942686019
What is 23778043066 plus 64866724897?,88644767963
What is 76 plus 19?,95
What is 69114475 plus 60764422?,129878897
What is 1057 plus 7051?,8108
What is 978150235 plus 857631227?,1835781462
What is 495733324575199 plus 947542888367164?,1443276212942363
What is 3371326225418 plus 2364699158791?,5736025384209
What is 219646453 plus 448309317?,667955770
What is 62 plus 27?,89
What is 546 plus 678?,1224
What is 40 plus 44?,84
What is 5961 plus 6834?,12795
What is 373571002042424 plus 781886398128271?,1155457400170695
What is 717773749 plus 428182779?,1145956528
What is 93 plus 99?,192
What is 8337516866 plus 9771857760?,18109374626
What is 58 plus 40?,98
What is 720 plus 341?,1061
What is 49715778 plus 44453955?,94169733
What is 216885 plus 803972?,1020857
What is 82 plus 50?,132
What is 765963282 plus 372148643?,1138111925
What is 753053329754 plus 102472136579?,855525466333
What is 5989072061891 plus 7005022667073?,12994094728964
What is 24289 plus 49829?,74118
What is 910729570 plus 476513538?,1387243108
What is 91683 plus 65865?,157548
What is 221759673135 plus 535072046755?,756831719890
What is 99291500591673 plus 36296516061375?,135588016653048
What is 55306868895 plus 47375851771?,102682720666
What is 1965653 plus 3115892?,5081545
What is 181 plus 578?,759
What is 567843 plus 590191?,1158034
What is 589211 plus 614546?,1203757
What is 5977 plus 3847?,9824
What is 352967 plus 853844?,1206811
What is 57348 plus 47760?,105108
What is 971 plus 802?,1773
What is 25 plus 20?,45
What is 874680643018170 plus 605137629156549?,1479818272174719
What is 7474827249 plus 6492379634?,13967206883
What is 4181364901629 plus 1396891485062?,5578256386691
What is 88909 plus 32311?,121220
What is 31 plus 52?,83
What is 23086147119 plus 20506590094?,43592737213
What is 9495659674387 plus 3787617187655?,13283276862042
What is 45935770018560 plus 24903493759567?,70839263778127
What is 42611793469 plus 93007996213?,135619789682
What is 95420522378 plus 33829160243?,129249682621
What is 2242775 plus 3860644?,6103419
What is 68 plus 10?,78
What is 244314624399 plus 184154137974?,428468762373
What is 497730922742 plus 200495721842?,698226644584
What is 1435 plus 4332?,5767
What is 15189957 plus 73879465?,89069422
What is 3153 plus 1283?,4436
What is 2038821430 plus 1497007844?,3535829274
What is 90301 plus 76428?,166729
What is 656555730075 plus 400889850566?,1057445580641
What is 45653057211 plus 20278016059?,65931073270
What is 6676549 plus 7429678?,14106227
What is 890881 plus 650070?,1540951
What is 86 plus 19?,105
What is 5449767 plus 8958214?,14407981
What is 682029214175928 plus 394498353514273?,1076527567690201
What is 793531749227685 plus 306403589671233?,1099935338898918
What is 9024 plus 1959?,10983
What is 29995721 plus 82311449?,112307170
What is 38 plus 83?,121
What is 19794664756 plus 58793859844?,78588524600
What is 8298 plus 1971?,10269
What is 71480303 plus 98021911?,169502214
What is 60012790160865 plus 97740996316937?,157753786477802
What is 9672137 plus 1473894?,11146031
What is 515360403842 plus 521671944689?,1037032348531
What is 6280332171 plus 4507899677?,10788231848
What is 48052200386 plus 17102442597?,65154642983
What is 9781415248392 plus 3242169683284?,13023584931676
What is 2759564 plus 8706592?,11466156
What is 407580882 plus 966355722?,1373936604
What is 537312967 plus 463943132?,1001256099
What is 71343693439964 plus 36844630776491?,108188324216455
What is 106 plus 899?,1005
What is 25086741881651 plus 53451749054457?,78538490936108
What is 884109300369803 plus 196554569716694?,1080663870086497
What is 73637585302663 plus 77351344892575?,150988930195238
What is 201 plus 979?,1180
What is 132897167 plus 881903975?,1014801142
What is 431 plus 952?,1383
What is 7118742 plus 1682260?,8801002
What is 21779294531742 plus 51620015964524?,73399310496266
What is 6625 plus 6486?,13111
What is 9315786 plus 8775962?,18091748
What is 1417985682316 plus 9930704597231?,11348690279547
What is 43576733507 plus 94645273411?,138222006918
What is 99267 plus 56846?,156113
What is 3175 plus 3557?,6732
What is 4722541718334 plus 5376193319084?,10098735037418
What is 13 plus 39?,52
What is 781030247784 plus 816816068740?,1597846316524
What is 61 plus 57?,118
What is 39412030007 plus 58406880787?,97818910794
What is 5256781440 plus 9309415959?,14566197399
What is 64352 plus 30238?,94590
What is 60002711573535 plus 80737053019347?,140739764592882
What is 626867 plus 568123?,1194990
What is 25065 plus 15354?,40419
What is 172214 plus 142704?,314918
What is 57871014 plus 87887642?,145758656
What is 829464039376671 plus 231425436545476?,1060889475922147
What is 2954662191844 plus 7199317187764?,10153979379608
What is 991908 plus 306655?,1298563
What is 7914784705776 plus 3620604575208?,11535389280984
What is 45337924407 plus 66997591580?,112335515987
What is 18548335611 plus 49976999976?,68525335587
What is 58595727 plus 50692810?,109288537
What is 80120653241617 plus 62028425092638?,142149078334255
What is 926693 plus 504392?,1431085
What is 8419657110352 plus 4289041420082?,12708698530434
What is 267251661173014 plus 379045704556481?,646297365729495
What is 3199 plus 4267?,7466
What is 3615599743 plus 7749228522?,11364828265
What is 41396778263412 plus 76892675621174?,118289453884586
What is 726156680 plus 643669049?,1369825729
What is 589219204479 plus 941240893863?,1530460098342
What is 539732 plus 334055?,873787
What is 24061672487 plus 30189612971?,54251285458
What is 34243638173374 plus 37570497624367?,71814135797741
What is 80979852296 plus 33248038836?,114227891132
What is 5209 plus 9485?,14694
What is 36 plus 96?,132
What is 3414614 plus 1809007?,5223621
What is 59535 plus 26241?,85776
What is 41 plus 67?,108
What is 8815603153 plus 1740890300?,10556493453
What is 297 plus 184?,481
What is 77 plus 52?,129
What is 65120 plus 34554?,99674
What is 4392307083015 plus 7105432100591?,11497739183606
What is 10812 plus 43963?,54775
What is 80 plus 90?,170
What is 891140547 plus 825635420?,1716775967
What is 58480 plus 72774?,131254
What is 9331434127 plus 9195394937?,18526829064
What is 2784027 plus 2223774?,5007801
What is 340289933398669 plus 139885022140702?,480174955539371
What is 351331663537 plus 725055545417?,1076387208954
What is 236814 plus 638456?,875270
What is 190683129339938 plus 481364720484764?,672047849824702
What is 62543176 plus 78979070?,141522246
What is 35564566 plus 99972060?,135536626
What is 8786358 plus 8194536?,16980894
What is 9268 plus 9454?,18722
What is 594678952952862 plus 834283263573751?,1428962216526613
What is 2986242437450 plus 3662304587364?,6648547024814
What is 163 plus 147?,310
What is 3399558 plus 2567929?,5967487
What is 71329 plus 89418?,160747
What is 764 plus 872?,1636
What is 358223020565 plus 136856745376?,495079765941
What is 369 plus 867?,1236
What is 270536908 plus 326689353?,597226261
What is 82951309 plus 11431230?,94382539
What is 831619149116099 plus 682415090677979?,1514034239794078
What is 530119498920 plus 359218659771?,889338158691
What is 666109927510429 plus 859793187039445?,1525903114549874
What is 2563437 plus 7158730?,9722167
What is 6973 plus 1814?,8787
What is 6947 plus 6856?,13803
What is 520365434 plus 689688030?,1210053464
What is 915 plus 477?,1392
What is 275780 plus 512097?,787877
What is 7554319126977 plus 1180962432656?,8735281559633
What is 33602 plus 41819?,75421
What is 8653362131073 plus 4467020761597?,13120382892670
What is 452288562080 plus 366804127973?,819092690053
What is 9017 plus 3076?,12093
What is 82066383 plus 57077060?,139143443
What is 128037 plus 152188?,280225
What is 791862889 plus 726161016?,1518023905
What is 854516697170 plus 820115807829?,1674632504999
What is 149562 plus 163013?,312575
What is 157790469688290 plus 226023189723408?,383813659411698
What is 28729 plus 72061?,100790
What is 1776344628 plus 9788792970?,11565137598
What is 4303576746 plus 5139889559?,9443466305
What is 270786 plus 488650?,759436
What is 7579375850 plus 2164177833?,9743553683
What is 748471964967272 plus 510782080006730?,1259254044974002
What is 249532593 plus 830837241?,1080369834
What is 51865350425921 plus 88952891638822?,140818242064743
What is 1944709695 plus 5801991938?,7746701633
What is 84140702 plus 12432197?,96572899
What is 25757938892 plus 38406607708?,64164546600
What is 98633794527 plus 77122172913?,175755967440
What is 34103511450 plus 92976606317?,127080117767
What is 12148274759206 plus 54518215920287?,66666490679493
What is 592240296156163 plus 785096726271706?,1377337022427869
What is 46602768099 plus 75858077624?,122460845723
What is 3196453578 plus 3240409865?,6436863443
What is 9504 plus 7026?,16530
What is 8311555048121 plus 2808814671745?,11120369719866
What is 937921253103 plus 973124397074?,1911045650177
What is 5974 plus 5866?,11840
What is 51358480 plus 55585328?,106943808
What is 29494 plus 66359?,95853
What is 828218757989 plus 757456167151?,1585674925140
What is 167783418434516 plus 139687885853175?,307471304287691
What is 8144122129374 plus 3040335565174?,11184457694548
What is 771035676099688 plus 440410927079287?,1211446603178975
What is 6274133 plus 1764423?,8038556
What is 121563689620138 plus 292653177409658?,414216867029796
What is 32796859594 plus 64392656694?,97189516288
What is 76694391846 plus 29446905328?,106141297174
What is 7560 plus 8944?,16504
What is 547311 plus 982741?,1530052
What is 99450526787465 plus 45272868990426?,144723395777891
What is 338785627016084 plus 471717226540512?,810502853556596
What is 75104840 plus 90476267?,165581107
What is 120475 plus 543007?,663482
What is 5861379 plus 2425275?,8286654
What is 8474917815917 plus 9098736249907?,17573654065824
What is 82274527571 plus 37316562942?,119591090513
What is 99152840 plus 36401759?,135554599
What is 87565 plus 66708?,154273
What is 8750158 plus 4463606?,13213764
What is 7327905 plus 1235501?,8563406
What is 509092706 plus 265310132?,774402838
What is 19079777862318 plus 58198870452324?,77278648314642
What is 3648930848 plus 5958892610?,9607823458
What is 30122307 plus 47623436?,77745743
What is 19420229 plus 72501815?,91922044
What is 479928110 plus 899062534?,1378990644
What is 5146014010 plus 5230930197?,10376944207
What is 91037555 plus 85308728?,176346283
What is 45802579075428 plus 28416633177654?,74219212253082
What is 43516933028 plus 68095838515?,111612771543
What is 1022541367 plus 4287485970?,5310027337
What is 722766924 plus 325912865?,1048679789
What is 85 plus 48?,133
What is 9675773993 plus 8107034023?,17782808016
What is 50299 plus 94907?,145206
What is 9547716508964 plus 6481015589636?,16028732098600
What is 696241501122290 plus 362241154314325?,1058482655436615
What is 8816030 plus 6798415?,15614445
What is 753707455 plus 718244282?,1471951737
What is 9430592026753 plus 4395027321883?,13825619348636
What is 98135851942477 plus 49720758346141?,147856610288618
What is 333565 plus 273817?,607382
What is 839860713012144 plus 492786378949736?,1332647091961880
What is 84022729329706 plus 28510829157739?,112533558487445
What is 405130 plus 760794?,1165924
What is 8996626 plus 1248733?,10245359
What is 10216 plus 24899?,35115
What is 6386 plus 9526?,15912
What is 831303859492 plus 671616114141?,1502919973633
What is 9720218815653 plus 8208403504868?,17928622320521
What is 719 plus 687?,1406
What is 705708723 plus 371006722?,1076715445
What is 7040838 plus 3430357?,10471195
What is 326449924 plus 610262874?,936712798
What is 68776 plus 13595?,82371
What is 573 plus 570?,1143
What is 11 plus 36?,47
What is 20623 plus 55335?,75958
What is 93881124437396 plus 87828290170376?,181709414607772
What is 24053 plus 22765?,46818
What is 273197783 plus 213312775?,486510558
What is 977325894362258 plus 863842863973948?,1841168758336206
What is 4102576427263 plus 6771459862753?,10874036290016
What is 57201754201999 plus 13291887392692?,70493641594691
What is 52362 plus 53255?,105617
What is 45056 plus 52120?,97176
What is 3204478251 plus 6533918894?,9738397145
What is 5771909 plus 9470820?,15242729
What is 718290 plus 756009?,1474299
What is 3083259 plus 4136617?,7219876
What is 38247416301031 plus 40338558280638?,78585974581669
What is 5521 plus 3771?,9292
What is 49713176090208 plus 33803957771759?,83517133861967
What is 349327021791027 plus 654976055149656?,1004303076940683
What is 2808 plus 7997?,10805
What is 3917 plus 6342?,10259
What is 7949196227 plus 6983569126?,14932765353
What is 510768534211512 plus 404424519290620?,915193053502132
What is 641999679 plus 254479014?,896478693
What is 541 plus 370?,911
What is 22132623686 plus 22236341649?,44368965335
What is 278128946065055 plus 164522311865665?,442651257930720
What is 81505962412 plus 37645983419?,119151945831
What is 1156501525 plus 4766630667?,5923132192
What is 4549756320865 plus 3392276212593?,7942032533458
What is 59938056067 plus 86788084825?,146726140892
What is 60785665 plus 96401613?,157187278
What is 83461229 plus 29358824?,112820053
What is 82942 plus 39287?,122229
What is 797042735 plus 608507380?,1405550115
What is 65552255412902 plus 85033536574891?,150585791987793
What is 8754 plus 3085?,11839
What is 39600284 plus 78577280?,118177564
What is 1691574 plus 6635684?,8327258
What is 2110404445 plus 3881705384?,5992109829
What is 1985223401675 plus 8266725678429?,10251949080104
What is 5456342 plus 8358333?,13814675
What is 43696948297298 plus 64102229880533?,107799178177831
What is 8406909377629 plus 6372270310812?,14779179688441
What is 935803158759 plus 120029107977?,1055832266736
What is 243058146 plus 275586868?,518645014
What is 710320934 plus 835716180?,1546037114
What is 95201747466 plus 88107090838?,183308838304
What is 484158714 plus 297936433?,782095147
What is 639245277479296 plus 141828009989621?,781073287468917
What is 93873826482714 plus 44127996534767?,138001823017481
What is 2410 plus 6551?,8961
What is 486803804 plus 484736369?,971540173
What is 95664 plus 75522?,171186
What is 59331 plus 67861?,127192
What is 703179982 plus 366716289?,1069896271
What is 264485136244939 plus 549403989931010?,813889126175949
What is 598207091686386 plus 529986523010194?,1128193614696580
What is 5023272006396 plus 8350275778101?,13373547784497
What is 34923286727 plus 58411905099?,93335191826
What is 49378 plus 42909?,92287
What is 55722627567119 plus 66127992661895?,121850620229014
What is 321 plus 919?,1240
What is 7737752913 plus 7467278808?,15205031721
What is 3497808895 plus 5007515064?,8505323959
What is 136042966 plus 708373523?,844416489
What is 10 plus 87?,97
What is 638758227480 plus 732698268671?,1371456496151
What is 697581 plus 855500?,1553081
What is 35504 plus 55576?,91080
What is 5754 plus 3803?,9557
What is 10167802200 plus 42756466618?,52924268818
What is 956067886169 plus 885678840907?,1841746727076
What is 64 plus 37?,101
What is 86260767321 plus 65662280157?,151923047478
What is 4605 plus 6218?,10823
What is 514657 plus 866535?,1381192
What is 69627498147427 plus 35110211693695?,104737709841122
What is 9365 plus 5439?,14804
What is 370 plus 366?,736
What is 3575476868341 plus 6329764644852?,9905241513193
What is 626197707 plus 294803448?,921001155
What is 232139 plus 200967?,433106
What is 1433059 plus 9270894?,10703953
What is 58667671381 plus 24617419281?,83285090662
What is 86051993 plus 17694544?,103746537
What is 252157 plus 304889?,557046
What is 45820834353 plus 40781602425?,86602436778
What is 910306295 plus 775761360?,1686067655
What is 335351885 plus 108533911?,443885796
What is 31516254 plus 53015333?,84531587
What is 20380553476681 plus 50808004846810?,71188558323491
What is 94953794856 plus 80551397328?,175505192184
What is 912130870784 plus 428801568189?,1340932438973
What is 330818127111748 plus 739869741830019?,1070687868941767
What is 585364588 plus 780119079?,1365483667
What is 889056002 plus 132854133?,1021910135
What is 98734272 plus 13513618?,112247890
What is 19866841375546 plus 23423923666730?,43290765042276
What is 26185419513217 plus 94276161810195?,120461581323412
What is 4856586601784 plus 7508822289280?,12365408891064
What is 67892 plus 99481?,167373
What is 100909861 plus 109556135?,210465996
What is 80349603787 plus 55358063438?,135707667225
What is 143958 plus 903091?,1047049
What is 8625934889 plus 2049852118?,10675787007
What is 656675803788938 plus 835432662825139?,1492108466614077
What is 663113 plus 857998?,1521111
What is 95635 plus 70038?,165673
What is 903825 plus 750090?,1653915
What is 872844607 plus 538530909?,1411375516
What is 643825 plus 179045?,822870
What is 26509160725037 plus 70910487912126?,97419648637163
What is 879526227727741 plus 887024436173269?,1766550663901010
What is 723866180726250 plus 406616032251677?,1130482212977927
What is 3878446839055 plus 9195374211673?,13073821050728
What is 809287148864 plus 196473046381?,1005760195245
What is 24814011311775 plus 12218578115197?,37032589426972
What is 8348574683690 plus 8269550721712?,16618125405402
What is 398378487 plus 736879571?,1135258058
What is 97930117 plus 16589145?,114519262
What is 368058458882 plus 261951591449?,630010050331
What is 19324 plus 76180?,95504
What is 742648970134 plus 569415246546?,1312064216680
What is 922130172431 plus 712362317661?,1634492490092
What is 37112 plus 50718?,87830
What is 76894 plus 89555?,166449
What is 319128548458418 plus 563960926753257?,883089475211675
What is 6753479 plus 1641007?,8394486
What is 57108 plus 82230?,139338
What is 2420 plus 6240?,8660
What is 633383 plus 599612?,1232995
What is 2678402 plus 6685236?,9363638
What is 203262618 plus 563147819?,766410437
What is 76992249933969 plus 77651166641282?,154643416575251
What is 417168 plus 338635?,755803
What is 751471 plus 726502?,1477973
What is 64290320672315 plus 44645872145508?,108936192817823
What is 934149426344 plus 339984399820?,1274133826164
What is 31 plus 75?,106
What is 43031056373 plus 95859565464?,138890621837
What is 200412563167964 plus 599681929280395?,800094492448359
What is 2365 plus 1681?,4046
What is 99075 plus 23491?,122566
What is 508953746934 plus 855548357996?,1364502104930
What is 2376348 plus 2298634?,4674982
What is 271 plus 504?,775
What is 87965346 plus 67056910?,155022256
What is 3589526 plus 6371135?,9960661
What is 922705585852 plus 401503084327?,1324208670179
What is 4874434586592 plus 7680976561401?,12555411147993
What is 88383496 plus 93733356?,182116852
What is 66842371 plus 22784482?,89626853
What is 685039383 plus 350437811?,1035477194
What is 880 plus 861?,1741
What is 6551288312 plus 7876341186?,14427629498
What is 33443375 plus 40391732?,73835107
What is 1872037 plus 6394163?,8266200
What is 6950215 plus 7096067?,14046282
What is 869966291045 plus 490031818477?,1359998109522
What is 42056578577086 plus 44563765616038?,86620344193124
What is 53 plus 63?,116
What is 17 plus 58?,75
What is 20638459 plus 23115284?,43753743
What is 338783949664850 plus 111835942055974?,450619891720824
What is 115509321 plus 166485019?,281994340
What is 56368938421 plus 10415241156?,66784179577
What is 41894 plus 83417?,125311
What is 7695 plus 8227?,15922
What is 9371588515 plus 2455460674?,11827049189
What is 465103849 plus 194817448?,659921297
What is 1604172 plus 9036503?,10640675
What is 596093137963368 plus 768917288257248?,1365010426220616
What is 25849965735 plus 52557623820?,78407589555
What is 4278332 plus 4464644?,8742976
What is 1745236651057 plus 6861448256053?,8606684907110
What is 2188575 plus 4565048?,6753623
What is 66387013420 plus 59198651517?,125585664937
What is 560329887238 plus 348904804993?,909234692231
What is 899294 plus 913521?,1812815
What is 5479340453001 plus 3550798272693?,9030138725694
What is 660380075 plus 911869371?,1572249446
What is 362 plus 937?,1299
What is 417 plus 237?,654
What is 281 plus 375?,656
What is 79 plus 40?,119
What is 997282376022 plus 317595477503?,1314877853525
What is 38 plus 83?,121
What is 476414 plus 321930?,798344
What is 582791374949829 plus 290407957057067?,873199332006896
What is 29557396655 plus 63435983006?,92993379661
What is 1668064614923 plus 3544813509342?,5212878124265
What is 2255242909325 plus 3539908648941?,5795151558266
What is 90748302998227 plus 54255963033838?,145004266032065
What is 5996 plus 8907?,14903
What is 2725 plus 8835?,11560
What is 572112284 plus 484208699?,1056320983
What is 2826262509 plus 7048681615?,9874944124
What is 540005 plus 944621?,1484626
What is 41375685801 plus 43956928877?,85332614678
What is 4735 plus 9067?,13802
What is 778647265142485 plus 178884533048391?,957531798190876
What is 674665799 plus 171676075?,846341874
What is 11514327395 plus 46793275152?,58307602547
What is 3199954114 plus 5946452122?,9146406236
What is 25 plus 82?,107
What is 32781 plus 95478?,128259
What is 5090 plus 7002?,12092
What is 4154 plus 4728?,8882
What is 912350024 plus 575295258?,1487645282
What is 9025166566 plus 2540850480?,11566017046
What is 7968856 plus 7635518?,15604374
What is 74480474011 plus 11236249165?,85716723176
What is 81258606 plus 21701278?,102959884
What is 5854 plus 4158?,10012
What is 994956943754592 plus 399279395525234?,1394236339279826
What is 635227495839 plus 121416832492?,756644328331
What is 6958 plus 4898?,11856
What is 73999 plus 52030?,126029
What is 39033430301 plus 83675692760?,122709123061
What is 79 plus 53?,132
What is 1271 plus 7675?,8946
What is 3294 plus 9470?,12764
What is 2565642087 plus 6868327610?,9433969697
What is 51380151 plus 16539376?,67919527
What is 795591336649 plus 810799645377?,1606390982026
What is 22521 plus 60760?,83281
What is 158 plus 556?,714
What is 12052790594 plus 64898867018?,76951657612
What is 8245820619748 plus 5524432906836?,13770253526584
What is 7023845216696 plus 1929204238529?,8953049455225
What is 7298381 plus 1877691?,9176072
What is 2523794 plus 7973346?,10497140
What is 33399362250594 plus 16506166061610?,49905528312204
What is 3434311038 plus 8094197265?,11528508303
What is 165 plus 382?,547
What is 3343 plus 3325?,6668
What is 85095245 plus 43193016?,128288261
What is 10 plus 83?,93
What is 157507483741900 plus 920951414728550?,1078458898470450
What is 74400 plus 13824?,88224
What is 644885358454148 plus 647999551565200?,1292884910019348
What is 495331786249 plus 661722964472?,1157054750721
What is 42 plus 65?,107
What is 30824 plus 51929?,82753
What is 476050224 plus 649038933?,1125089157
What is 48828 plus 15664?,64492
What is 403 plus 220?,623
What is 3122747 plus 4440947?,7563694
What is 752661728588871 plus 203104952232741?,955766680821612
What is 83 plus 70?,153
What is 467 plus 129?,596
What is 923 plus 458?,1381
What is 7968 plus 9290?,17258
What is 5840 plus 4942?,10782
What is 12701924 plus 29885999?,42587923
What is 41975887 plus 56359238?,98335125
What is 726716107518 plus 517218233127?,1243934340645
What is 192470238 plus 161340052?,353810290
What is 719483 plus 330174?,1049657
What is 3373 plus 5808?,9181
What is 81718384957670 plus 77143345291729?,158861730249399
What is 3865689778345 plus 2200287342924?,6065977121269
What is 289142293302 plus 933987496544?,1223129789846
What is 919596195283850 plus 437061479880690?,1356657675164540
What is 8491 plus 1098?,9589
What is 8181710 plus 1283815?,9465525
What is 9302300 plus 8450959?,17753259
What is 54 plus 82?,136
What is 3299765832 plus 3209985302?,6509751134
What is 84413187 plus 50630673?,135043860
What is 401884934488294 plus 582978111771606?,984863046259900
What is 58637025604983 plus 86125480397827?,144762506002810
What is 35198736 plus 49504395?,84703131
What is 8671465869 plus 2701228364?,11372694233
What is 5302754 plus 8719341?,14022095
What is 16228387270726 plus 83834527273086?,100062914543812
What is 281753 plus 687359?,969112
What is 620 plus 167?,787
What is 75562187175877 plus 96041057205094?,171603244380971
What is 944351087272 plus 500158494273?,1444509581545
What is 94432452289 plus 31663066886?,126095519175
What is 3184229332 plus 7102783005?,10287012337
What is 50867910 plus 89657483?,140525393
What is 172898118407 plus 527682621535?,700580739942
What is 6065689769 plus 4547826677?,10613516446
What is 9364 plus 9593?,18957
What is 24233 plus 71744?,95977
What is 5826 plus 2746?,8572
What is 589 plus 132?,721
What is 316498943845198 plus 817524556129920?,1134023499975118
What is 168352316 plus 421325143?,589677459
What is 1519287 plus 5472338?,6991625
What is 2476607 plus 5936695?,8413302
What is 99533468783 plus 10707848370?,110241317153
What is 9473 plus 2666?,12139
What is 34664125 plus 65157670?,99821795
What is 4256830394859 plus 3328302889058?,7585133283917
What is 665029232 plus 462260797?,1127290029
What is 97701550310089 plus 38058687982937?,135760238293026
What is 6863334859 plus 2472265831?,9335600690
What is 7831313 plus 6182427?,14013740
What is 390950 plus 700437?,1091387
What is 3634776 plus 5265058?,8899834
What is 229960928 plus 267198014?,497158942
What is 29421308311897 plus 49467963084169?,78889271396066
What is 912394541643540 plus 310509906886766?,1222904448530306
What is 527789316290 plus 159566709381?,687356025671
What is 8005696 plus 2072800?,10078496
What is 155910763204 plus 721905177180?,877815940384
What is 137534443 plus 734460580?,871995023
What is 266724526 plus 343021528?,609746054
What is 795121 plus 422235?,1217356
What is 74559870 plus 87331356?,161891226
What is 795131009 plus 387925294?,1183056303
What is 913139440 plus 222744318?,1135883758
What is 6335 plus 5623?,11958
What is 73727170771595 plus 35450663042582?,109177833814177
What is 8489 plus 9799?,18288
What is 3267249582 plus 8105455566?,11372705148
What is 627479869976 plus 807779206085?,1435259076061
What is 24278105311 plus 73030560044?,97308665355
What is 5189 plus 3098?,8287
What is 65436740 plus 35295430?,100732170
What is 632 plus 733?,1365
What is 84515185346824 plus 91489529530852?,176004714877676
What is 2801393467 plus 8615754124?,11417147591
What is 855 plus 419?,1274
What is 486754 plus 835740?,1322494
What is 52 plus 77?,129
What is 98655792 plus 64966980?,163622772
What is 124356 plus 250464?,374820
What is 18623514890710 plus 20374782454764?,38998297345474
What is 95170363 plus 93538003?,188708366
What is 43523257 plus 73853594?,117376851
What is 4048530236 plus 8722293920?,12770824156
What is 703763 plus 634288?,1338051
What is 3069266096037 plus 3568615296547?,6637881392584
What is 152755 plus 209423?,362178
What is 280676687002 plus 133884456633?,414561143635
What is 324 plus 938?,1262
What is 678959 plus 774512?,1453471
What is 70 plus 28?,98
What is 49 plus 25?,74
What is 13701130 plus 95608608?,109309738
What is 63276522299 plus 10675558385?,73952080684
What is 237370535302 plus 776839902560?,1014210437862
What is 2668920284 plus 6879947253?,9548867537
What is 52986794457 plus 57402952193?,110389746650
What is 8169 plus 3937?,12106
What is 284792194 plus 413532721?,698324915
What is 25816 plus 25623?,51439
What is 15807059 plus 94887446?,110694505
What is 78474573470 plus 47415253520?,125889826990
What is 93 plus 46?,139
What is 164748200 plus 142100198?,306848398
What is 96649301885264 plus 37891455548321?,134540757433585
What is 50681380 plus 20251969?,70933349
What is 583919329389 plus 944338744617?,1528258074006
What is 100556986856 plus 805307863708?,905864850564
What is 18183577164 plus 73936121374?,92119698538
What is 831 plus 261?,1092
What is 921954590997 plus 432218235701?,1354172826698
What is 20618 plus 81033?,101651
What is 798432673 plus 552980518?,1351413191
What is 67391 plus 11734?,79125
What is 72258293656964 plus 51357394647871?,123615688304835
What is 983981406255596 plus 725837061775866?,1709818468031462
What is 4901713636 plus 1828584846?,6730298482
What is 81745371 plus 12182014?,93927385
What is 2462467488014 plus 1230699581158?,3693167069172
What is 50 plus 99?,149
What is 52706247 plus 45834858?,98541105
What is 2962522191654 plus 3584481887814?,6547004079468
What is 2983883 plus 2649350?,5633233
What is 330254803200482 plus 815852164682036?,1146106967882518
What is 43653788 plus 87120076?,130773864
What is 792968276 plus 130309565?,923277841
What is 3931520323563 plus 8892863689603?,12824384013166
What is 3708210432598 plus 6679867736468?,10388078169066
What is 670139663676 plus 980501423453?,1650641087129
What is 91986451889 plus 89996750423?,181983202312
What is 181545326 plus 803891857?,985437183
What is 8514316827 plus 9311771881?,17826088708
What is 2682381513 plus 8049706888?,10732088401
What is 27 plus 78?,105
What is 241824 plus 424033?,665857
What is 374986274 plus 711223106?,1086209380
What is 953 plus 948?,1901
What is 97316031386017 plus 31237885351849?,128553916737866
What is 5149 plus 7868?,13017
What is 6151819480 plus 7245816432?,13397635912
What is 163204099622066 plus 444538353340707?,607742452962773
What is 15881641132 plus 50561978029?,66443619161
What is 73340852 plus 28039522?,101380374
What is 80600 plus 44909?,125509
What is 82939494034633 plus 42565611404833?,125505105439466
What is 4452924872022 plus 6357981600408?,10810906472430
What is 39952466261 plus 14993612408?,54946078669
What is 7332 plus 8398?,15730
What is 90 plus 21?,111
What is 341032360720 plus 757297929634?,1098330290354
What is 31955462720 plus 93597305993?,125552768713
What is 851386 plus 374738?,1226124
What is 7869846380 plus 6760940855?,14630787235
What is 2696441437 plus 7207940949?,9904382386
What is 302853 plus 697715?,1000568
What is 77 plus 19?,96
What is 6364 plus 2152?,8516
What is 84381 plus 11519?,95900
What is 757 plus 167?,924
What is 6771833675472 plus 1212072549867?,7983906225339
What is 4750396970 plus 3616334608?,8366731578
What is 88622 plus 83546?,172168
What is 91104660 plus 52396149?,143500809
What is 4387646 plus 4035297?,8422943
What is 601418 plus 962019?,1563437
What is 84550865640077 plus 77032950219883?,161583815859960
What is 30888802453 plus 14873327275?,45762129728
What is 340670 plus 354150?,694820
What is 4023 plus 9411?,13434
What is 194 plus 715?,909
What is 2507 plus 9133?,11640
What is 9338653052 plus 9126959532?,18465612584
What is 22 plus 23?,45
What is 4359 plus 1344?,5703
What is 58 plus 45?,103
What is 2922 plus 4114?,7036
What is 80589 plus 86924?,167513
What is 2232456589 plus 1546256220?,3778712809
What is 588458375933747 plus 744900748624512?,1333359124558259
What is 96679 plus 98854?,195533
What is 950 plus 121?,1071
What is 8951971 plus 9125234?,18077205
What is 29086947340865 plus 52936900389076?,82023847729941
What is 987470514385120 plus 298631337855666?,1286101852240786
What is 923049231657228 plus 724627878811806?,1647677110469034
What is 278560661 plus 878502410?,1157063071
What is 721317037844863 plus 561720231463276?,1283037269308139
What is 23376612977 plus 38811093930?,62187706907
What is 78 plus 29?,107
What is 3722507 plus 5316516?,9039023
What is 33 plus 15?,48
What is 8014654023 plus 1171393764?,9186047787
What is 83 plus 27?,110
What is 153434 plus 110860?,264294
What is 95727730238 plus 78648480171?,174376210409
What is 2053158526762 plus 8551021097560?,10604179624322
What is 215846346 plus 568227678?,784074024
What is 44672296857 plus 36511641613?,81183938470
What is 90648333084236 plus 44892818876987?,135541151961223
What is 519507 plus 612605?,1132112
What is 84 plus 73?,157
What is 2348428006026 plus 4762801703497?,7111229709523
What is 12951983 plus 96154670?,109106653
What is 7064 plus 3411?,10475
What is 54 plus 50?,104
What is 78474039222215 plus 68343312436100?,146817351658315
What is 52049545 plus 22821094?,74870639
What is 729151772755777 plus 131314360943733?,860466133699510
What is 73106 plus 34496?,107602
What is 7201 plus 5328?,12529
What is 5483704832 plus 3875481892?,9359186724
What is 985957599951479 plus 121909340905176?,1107866940856655
What is 9078 plus 8152?,17230
What is 6985641631 plus 4444563568?,11430205199
What is 13124764485123 plus 88388704157498?,101513468642621
What is 70718119444 plus 61408277537?,132126396981
What is 682 plus 342?,1024
What is 5996 plus 4846?,10842
What is 58411 plus 31832?,90243
What is 413062 plus 546763?,959825
What is 80 plus 10?,90
What is 8850680 plus 5146480?,13997160
What is 684937 plus 342562?,1027499
What is 258950079 plus 241109757?,500059836
What is 6629358323 plus 6685590384?,13314948707
What is 90558490 plus 11268351?,101826841
What is 224873824 plus 603158530?,828032354
What is 1065334740 plus 1252083031?,2317417771
What is 25185 plus 98673?,123858
What is 41165692 plus 22046437?,63212129
What is 701203469 plus 741053204?,1442256673
What is 76447354489 plus 92249379015?,168696733504
What is 96 plus 40?,136
What is 202563 plus 725323?,927886
What is 39349418530 plus 42645727697?,81995146227
What is 92 plus 46?,138
What is 38812034 plus 58813073?,97625107
What is 360251 plus 636196?,996447
What is 9411 plus 4459?,13870
What is 2911794 plus 5322131?,8233925
What is 457302694309448 plus 712364906697345?,1169667601006793
What is 6295332176462 plus 9205509101383?,15500841277845
What is 360797418967876 plus 490604366269242?,851401785237118
What is 37645101882127 plus 21651888394213?,59296990276340
What is 710899243 plus 787553765?,1498453008
What is 277398 plus 375474?,652872
What is 14011802 plus 73552886?,87564688
What is 9159131 plus 3363686?,12522817
What is 372076 plus 653216?,1025292
What is 394199 plus 725093?,1119292
What is 65973 plus 94722?,160695
What is 22756470229111 plus 40022159837950?,62778630067061
What is 37710 plus 24689?,62399
What is 140 plus 601?,741
What is 777 plus 585?,1362
What is 87047364444 plus 86630318814?,173677683258
What is 2906623094331 plus 5077935149310?,7984558243641
What is 39 plus 62?,101
What is 201502616 plus 449093473?,650596089
What is 86088 plus 13070?,99158
What is 2798160702 plus 8303992707?,11102153409
What is 2977882819949 plus 9081683196734?,12059566016683
What is 244683 plus 452248?,696931
What is 24417930 plus 85208659?,109626589
What is 97602268364 plus 22306211821?,119908480185
What is 392543 plus 269536?,662079
What is 596867 plus 652737?,1249604
What is 331076136 plus 206759355?,537835491
What is 5218320 plus 1646204?,6864524
What is 440991 plus 518792?,959783
What is 2048252800 plus 9512257917?,11560510717
What is 77572 plus 85499?,163071
What is 372622884 plus 812348636?,1184971520
What is 73087 plus 47374?,120461
What is 16572503813027 plus 53605782455728?,70178286268755
What is 936828274 plus 790659766?,1727488040
What is 1873389530477 plus 7627706422174?,9501095952651
What is 76929198220996 plus 25499841410321?,102429039631317
What is 2285902790 plus 9036712634?,11322615424
What is 85 plus 67?,152
What is 48114196834422 plus 23083833618670?,71198030453092
What is 1707 plus 7488?,9195
What is 2445860 plus 8962295?,11408155
What is 864098629 plus 149364965?,1013463594
What is 225209687826 plus 743350537333?,968560225159
What is 79743468234157 plus 34944076658762?,114687544892919
What is 874869912864200 plus 524843600096894?,1399713512961094
What is 438820342168271 plus 307157628824766?,745977970993037
What is 71 plus 44?,115
What is 8265283673253 plus 7891668147839?,16156951821092
What is 207 plus 664?,871
What is 4652 plus 1709?,6361
What is 5740 plus 6578?,12318
What is 982216 plus 571262?,1553478
What is 951563170952533 plus 609041734174785?,1560604905127318
What is 5311572399429 plus 6696533146673?,12008105546102
What is 209576030885 plus 469054300305?,678630331190
What is 2014325700 plus 3966502564?,5980828264
What is 27878961 plus 22792760?,50671721
What is 937635028773920 plus 502290455262563?,1439925484036483
What is 2552083 plus 3211635?,5763718
What is 6100094 plus 9159828?,15259922
What is 58443347 plus 38334388?,96777735
What is 212884 plus 866705?,1079589
What is 99 plus 17?,116
What is 7095 plus 2586?,9681
What is 39265 plus 96367?,135632
What is 6823919 plus 1507517?,8331436
What is 790768238122 plus 554881120920?,1345649359042
What is 78028681615 plus 96258999793?,174287681408
What is 9087278424921 plus 2621172167140?,11708450592061
What is 503454227370114 plus 304884362395260?,808338589765374
What is 7035387 plus 9027738?,16063125
What is 3312976000532 plus 6831860254781?,10144836255313
What is 6706802 plus 5616950?,12323752
What is 46232549 plus 36393638?,82626187
What is 44032 plus 95644?,139676
What is 4587458311 plus 6951060055?,11538518366
What is 51635667794 plus 22420547360?,74056215154
What is 41679529 plus 26448733?,68128262
What is 7535 plus 4504?,12039
What is 17627 plus 55173?,72800
What is 111982 plus 372896?,484878
What is 642562232776387 plus 964271346538776?,1606833579315163
What is 23109410 plus 55285737?,78395147
What is 210263 plus 791926?,1002189
What is 164657351794 plus 800600698911?,965258050705
What is 271 plus 960?,1231
What is 30347896483258 plus 15098402966187?,45446299449445
What is 2741276 plus 8158857?,10900133
What is 66487244473593 plus 99535647438938?,166022891912531
What is 3767799510716 plus 7642813125740?,11410612636456
What is 3214 plus 8685?,11899
What is 1844147419055 plus 4338406382439?,6182553801494
What is 9323496085 plus 1342624200?,10666120285
What is 547124805 plus 146779552?,693904357
What is 17990810 plus 83921410?,101912220
What is 10 plus 38?,48
What is 76455 plus 44814?,121269
What is 938655600578 plus 549663570276?,1488319170854
What is 62778262536472 plus 47688488528973?,110466751065445
What is 52638 plus 66357?,118995
What is 3960070 plus 7079042?,11039112
What is 326733 plus 529494?,856227
What is 882376895 plus 258175517?,1140552412
What is 9103 plus 1450?,10553
What is 3374625267062 plus 5802591901348?,9177217168410
What is 46960763208211 plus 91724595389310?,138685358597521
What is 6470702410687 plus 6057643504177?,12528345914864
What is 74443300 plus 42499425?,116942725
What is 4297669536 plus 5070937728?,9368607264
What is 60707497629959 plus 52726516667518?,113434014297477
What is 791226466986379 plus 554740806076381?,1345967273062760
What is 191248 plus 530926?,722174
What is 79336896562921 plus 43058212919480?,122395109482401
What is 1831206701 plus 2012606269?,3843812970
What is 1851 plus 1715?,3566
What is 3883864 plus 3139012?,7022876
What is 4218 plus 1889?,6107
What is 380015011 plus 846251233?,1226266244
What is 7873 plus 5872?,13745
What is 68411165507927 plus 98769550411960?,167180715919887
What is 240523110795872 plus 213468612254562?,453991723050434
What is 8795 plus 1936?,10731
What is 4220031 plus 6852775?,11072806
What is 178503061470 plus 237006666126?,415509727596
What is 629702 plus 255077?,884779
What is 67 plus 43?,110
What is 7444235358572 plus 5165564476500?,12609799835072
What is 104 plus 349?,453
What is 3930 plus 2820?,6750
What is 84299787 plus 99394001?,183693788
What is 229560830 plus 397026968?,626587798
What is 967 plus 406?,1373
What is 71920 plus 37315?,109235
What is 375 plus 457?,832
What is 507 plus 837?,1344
What is 707488759 plus 984001390?,1691490149
What is 545529 plus 235049?,780578
What is 68686387 plus 50666013?,119352400
What is 4298 plus 4802?,9100
What is 35389083438161 plus 19915599536176?,55304682974337
What is 29225 plus 41801?,71026
What is 223117497 plus 673049025?,896166522
What is 53 plus 10?,63
What is 192327563403009 plus 197022817268818?,389350380671827
What is 985814484430 plus 272485232336?,1258299716766
What is 30289223483 plus 32090780500?,62380003983
What is 1734804433 plus 7586627009?,9321431442
What is 83893 plus 41783?,125676
What is 3049 plus 9549?,12598
What is 61966128 plus 92331350?,154297478
What is 4719 plus 1269?,5988
What is 53724 plus 52645?,106369
What is 70729 plus 17133?,87862
What is 663443 plus 729038?,1392481
What is 20373589910 plus 84891152126?,105264742036
What is 540 plus 428?,968
What is 23865025613 plus 22831647303?,46696672916
What is 85 plus 99?,184
What is 216509 plus 110575?,327084
What is 999148 plus 280611?,1279759
What is 629945891020 plus 535041258644?,1164987149664
What is 9406569 plus 1835000?,11241569
What is 207 plus 215?,422
What is 40913842 plus 86323085?,127236927
What is 136232866 plus 589192035?,725424901
What is 255728985695 plus 224853485010?,480582470705
What is 6924647554 plus 2408071769?,9332719323
What is 632683702706 plus 144868939870?,777552642576
What is 191679342 plus 694717456?,886396798
What is 29 plus 64?,93
What is 742260 plus 588363?,1330623
What is 67740 plus 17134?,84874
What is 93300135003118 plus 18550425573376?,111850560576494
What is 91153 plus 63377?,154530
What is 928551366482635 plus 336998296311879?,1265549662794514
What is 293777 plus 246689?,540466
What is 79838957 plus 37336739?,117175696
What is 2712983833 plus 7320600761?,10033584594
What is 27113451233924 plus 69195345604305?,96308796838229
What is 4777411979626 plus 1849040385640?,6626452365266
What is 91 plus 88?,179
What is 14 plus 90?,104
What is 2907 plus 6805?,9712
What is 20772965 plus 50106368?,70879333
What is 5967 plus 5139?,11106
What is 1281543 plus 1177037?,2458580
What is 1561586915 plus 7861296411?,9422883326
What is 7579177125 plus 6868159068?,14447336193
What is 154577246392133 plus 193832880135800?,348410126527933
What is 95 plus 11?,106
What is 91299802228 plus 93199120526?,184498922754
