0,1
What is 5059807706 plus 8633581965?,13693389671
What is 3796 plus 9774?,13570
What is 27964746 plus 64067715?,92032461
What is 9517 plus 3285?,12802
What is 797 plus 925?,1722
What is 21029429 plus 46569806?,67599235
What is 70584335 plus 57515484?,128099819
What is 3546 plus 3418?,6964
What is 350458728 plus 537544874?,888003602
What is 35 plus 96?,131
What is 76494 plus 36831?,113325
What is 398247 plus 541519?,939766
What is 5564816429 plus 7078075950?,12642892379
What is 265986975 plus 649521356?,915508331
What is 4171 plus 8921?,13092
What is 4812 plus 1832?,6644
What is 8886386250 plus 5804025006?,14690411256
What is 16906 plus 70191?,87097
What is 900414 plus 798487?,1698901
What is 405 plus 523?,928
What is 3637353 plus 1671779?,5309132
What is 7974574100 plus 3000912336?,10975486436
What is 513 plus 614?,1127
What is 80 plus 51?,131
What is 236 plus 963?,1199
What is 96721186 plus 72898816?,169620002
What is 68109 plus 64034?,132143
What is 427 plus 458?,885
What is 3175431 plus 1124533?,4299964
What is 556484880 plus 172152879?,728637759
What is 650789162 plus 154557547?,805346709
What is 3514697 plus 8045985?,11560682
What is 7849158 plus 9420296?,17269454
What is 40812 plus 76584?,117396
What is 21246 plus 66574?,87820
What is 98 plus 35?,133
What is 1564920 plus 2934321?,4499241
What is 878 plus 830?,1708
What is 3158 plus 2281?,5439
What is 4664336795 plus 9881062825?,14545399620
What is 549594631 plus 355879334?,905473965
What is 77037901 plus 97851955?,174889856
What is 7965955101 plus 4427333963?,12393289064
What is 51475 plus 66023?,117498
What is 30485435 plus 20753771?,51239206
What is 367555 plus 837945?,1205500
What is 39 plus 87?,126
What is 79696530 plus 40066165?,119762695
What is 512037 plus 310906?,822943
What is 80077472 plus 28630496?,108707968
What is 1400172 plus 2510834?,3911006
What is 662324349 plus 159108998?,821433347
What is 897615 plus 850588?,1748203
What is 8627 plus 4180?,12807
What is 739955636 plus 312087582?,1052043218
What is 9817465 plus 6302245?,16119710
What is 791762 plus 905175?,1696937
What is 639445 plus 256504?,895949
What is 86246332 plus 97263458?,183509790
What is 6093775 plus 2931789?,9025564
What is 29913 plus 19268?,49181
What is 89 plus 22?,111
What is 228313 plus 319049?,547362
What is 11 plus 22?,33
What is 2528226565 plus 8467549456?,10995776021
What is 824596 plus 825931?,1650527
What is 2290060 plus 3249754?,5539814
What is 2903 plus 7846?,10749
What is 108200 plus 432754?,540954
What is 18 plus 13?,31
What is 7286 plus 2432?,9718
What is 56 plus 78?,134
What is 121272069 plus 567324808?,688596877
What is 12925198 plus 21577890?,34503088
What is 34625273 plus 57367888?,91993161
What is 44 plus 35?,79
What is 57956 plus 17286?,75242
What is 9075 plus 7495?,16570
What is 2098090418 plus 3366164454?,5464254872
What is 7816603 plus 5542831?,13359434
What is 193770 plus 782735?,976505
What is 61270627 plus 65990700?,127261327
What is 4429611981 plus 8311642358?,12741254339
What is 431330 plus 692382?,1123712
What is 8703577 plus 9319310?,18022887
What is 131960 plus 268873?,400833
What is 99494169 plus 68317550?,167811719
What is 382 plus 102?,484
What is 511 plus 868?,1379
What is 72865524 plus 59397789?,132263313
What is 25148 plus 76374?,101522
What is 9335761362 plus 4691548797?,14027310159
What is 6486 plus 4461?,10947
What is 310474439 plus 661725648?,972200087
What is 475057 plus 316281?,791338
What is 64 plus 84?,148
What is 75596 plus 48970?,124566
What is 28830705 plus 43024562?,71855267
What is 1927786 plus 6600986?,8528772
What is 8124080 plus 3872045?,11996125
What is 48 plus 52?,100
What is 616 plus 770?,1386
What is 52030947 plus 70849386?,122880333
What is 285668043 plus 457691900?,743359943
What is 3578583401 plus 5780229268?,9358812669
What is 44793410 plus 63188304?,107981714
What is 7435420524 plus 8497044779?,15932465303
What is 3612447965 plus 5732335884?,9344783849
What is 30345 plus 27396?,57741
What is 27597485 plus 65224810?,92822295
What is 443 plus 169?,612
What is 846999536 plus 445672351?,1292671887
What is 701807 plus 670671?,1372478
What is 4606 plus 9815?,14421
What is 698174357 plus 245743142?,943917499
What is 3616258 plus 6773713?,10389971
What is 34 plus 99?,133
What is 3722 plus 2719?,6441
What is 88465037 plus 93814568?,182279605
What is 16903646 plus 37972368?,54876014
What is 78 plus 51?,129
What is 4023 plus 3005?,7028
What is 5892986235 plus 5123450214?,11016436449
What is 370823 plus 339986?,710809
What is 85961 plus 72084?,158045
What is 819917322 plus 611765611?,1431682933
What is 69531 plus 95901?,165432
What is 6079 plus 3423?,9502
What is 1535408 plus 1650331?,3185739
What is 93908 plus 80882?,174790
What is 27790 plus 88398?,116188
What is 739651104 plus 918194619?,1657845723
What is 6889473844 plus 2455868053?,9345341897
What is 97263 plus 45241?,142504
What is 269 plus 148?,417
What is 25863 plus 88306?,114169
What is 211244522 plus 545950373?,757194895
What is 18 plus 91?,109
What is 366 plus 928?,1294
What is 962 plus 304?,1266
What is 2414644 plus 2835481?,5250125
What is 3568 plus 9205?,12773
What is 486423675 plus 469093756?,955517431
What is 3723925 plus 4647151?,8371076
What is 13103 plus 97532?,110635
What is 65879006 plus 84695757?,150574763
What is 190796447 plus 412927962?,603724409
What is 62 plus 52?,114
What is 7894177442 plus 4654764191?,12548941633
What is 11581829 plus 75627546?,87209375
What is 729 plus 766?,1495
What is 57 plus 79?,136
What is 54 plus 71?,125
What is 30050146 plus 27190866?,57241012
What is 8798985780 plus 8399817210?,17198802990
What is 9519960889 plus 3727754652?,13247715541
What is 77870 plus 69054?,146924
What is 691474 plus 919670?,1611144
What is 7608073 plus 1412845?,9020918
What is 9557 plus 3743?,13300
What is 548 plus 815?,1363
What is 5293455 plus 1481969?,6775424
What is 77 plus 45?,122
What is 9094058 plus 9166251?,18260309
What is 9247791 plus 7175716?,16423507
What is 317590 plus 682087?,999677
What is 92829033 plus 17918308?,110747341
What is 803775 plus 784622?,1588397
What is 85 plus 61?,146
What is 82 plus 52?,134
What is 480 plus 754?,1234
What is 53045 plus 36851?,89896
What is 9975533 plus 1283098?,11258631
What is 529738138 plus 899909335?,1429647473
What is 1416033 plus 8314077?,9730110
What is 12632416 plus 60832730?,73465146
What is 9492057378 plus 8367428161?,17859485539
What is 78518121 plus 31008869?,109526990
What is 1833 plus 3687?,5520
What is 824941 plus 766330?,1591271
What is 2202 plus 4885?,7087
What is 242324 plus 114493?,356817
What is 55618 plus 97580?,153198
What is 8251 plus 6485?,14736
What is 5085021 plus 6400873?,11485894
What is 1839 plus 1314?,3153
What is 12 plus 87?,99
What is 3676669935 plus 5241384312?,8918054247
What is 10 plus 59?,69
What is 9815 plus 4334?,14149
What is 2150888 plus 1004053?,3154941
What is 9776 plus 1102?,10878
What is 5766 plus 4895?,10661
What is 10064649 plus 97825737?,107890386
What is 4275253 plus 3391622?,7666875
What is 65156874 plus 72201727?,137358601
What is 8868400602 plus 4559103688?,13427504290
What is 159034087 plus 560093120?,719127207
What is 56192776 plus 63330562?,119523338
What is 651 plus 697?,1348
What is 446015250 plus 649493278?,1095508528
What is 194014 plus 104355?,298369
What is 29 plus 87?,116
What is 154637129 plus 440929317?,595566446
What is 3165827 plus 4424302?,7590129
What is 36 plus 56?,92
What is 40184 plus 68603?,108787
What is 3797212243 plus 2294503159?,6091715402
What is 206 plus 246?,452
What is 557759 plus 660215?,1217974
What is 81214 plus 92239?,173453
What is 248903 plus 953257?,1202160
What is 128267 plus 204606?,332873
What is 6280312689 plus 4161018889?,10441331578
What is 7036455785 plus 1532421421?,8568877206
What is 96077349 plus 65274727?,161352076
What is 673478859 plus 675169216?,1348648075
What is 4859461 plus 3954073?,8813534
What is 545 plus 455?,1000
What is 3681 plus 3032?,6713
What is 136715351 plus 406040301?,542755652
What is 89478 plus 47619?,137097
What is 816 plus 986?,1802
What is 624195139 plus 276905870?,901101009
What is 303711281 plus 801641114?,1105352395
What is 75156 plus 32486?,107642
What is 4702 plus 9118?,13820
What is 526428 plus 545262?,1071690
What is 36525 plus 44868?,81393
What is 439195 plus 968007?,1407202
What is 147106 plus 671106?,818212
What is 141292 plus 134391?,275683
What is 875962 plus 933596?,1809558
What is 644 plus 950?,1594
What is 953449432 plus 567327028?,1520776460
What is 9311845 plus 1698282?,11010127
What is 91874 plus 27588?,119462
What is 6653 plus 3964?,10617
What is 6503112879 plus 7183582951?,13686695830
What is 77474 plus 20558?,98032
What is 17725 plus 87293?,105018
What is 9685 plus 4132?,13817
What is 3065 plus 6440?,9505
What is 6955507 plus 8765863?,15721370
What is 760 plus 271?,1031
What is 3054 plus 5046?,8100
What is 71410 plus 57681?,129091
What is 175256304 plus 455631734?,630888038
What is 32779 plus 39623?,72402
What is 71679 plus 46504?,118183
What is 34 plus 92?,126
What is 80062653 plus 24599412?,104662065
What is 3289858593 plus 6524519354?,9814377947
What is 79223473 plus 70933129?,150156602
What is 141 plus 186?,327
What is 39662 plus 69847?,109509
What is 33 plus 65?,98
What is 233 plus 343?,576
What is 2419898 plus 9379553?,11799451
What is 93 plus 43?,136
What is 27 plus 83?,110
What is 93960727 plus 29825009?,123785736
What is 835103 plus 944727?,1779830
What is 85063345 plus 21422561?,106485906
What is 4674906 plus 7326251?,12001157
What is 14782782 plus 76479984?,91262766
What is 16021 plus 91713?,107734
What is 2541 plus 5450?,7991
What is 9877798120 plus 8959012513?,18836810633
What is 12 plus 74?,86
What is 4139491262 plus 3088768794?,7228260056
What is 8388 plus 5233?,13621
What is 97215807 plus 16534886?,113750693
What is 8570730151 plus 7868322461?,16439052612
What is 8057499834 plus 5627392626?,13684892460
What is 979223 plus 244587?,1223810
What is 8956400801 plus 1178605518?,10135006319
What is 694 plus 363?,1057
What is 410 plus 481?,891
What is 14 plus 83?,97
What is 48 plus 72?,120
What is 72946 plus 13139?,86085
What is 408284 plus 121240?,529524
What is 7584605 plus 1358739?,8943344
What is 835636635 plus 903222780?,1738859415
What is 148922 plus 620534?,769456
What is 2096312279 plus 9552707827?,11649020106
What is 92 plus 62?,154
What is 18161158 plus 17929552?,36090710
What is 9112 plus 1760?,10872
What is 191 plus 861?,1052
What is 7836846401 plus 9855005976?,17691852377
What is 37 plus 67?,104
What is 47376 plus 29072?,76448
What is 748608071 plus 294459572?,1043067643
What is 6908832 plus 9480880?,16389712
What is 6517 plus 4547?,11064
What is 2829509374 plus 1370573043?,4200082417
What is 91481424 plus 26149589?,117631013
What is 5073019295 plus 8709140790?,13782160085
What is 276555 plus 857597?,1134152
What is 513613475 plus 337247104?,850860579
What is 63 plus 41?,104
What is 5644679525 plus 7248509898?,12893189423
What is 83 plus 83?,166
What is 31290351 plus 45422222?,76712573
What is 14226272 plus 43060886?,57287158
What is 723 plus 204?,927
What is 942 plus 790?,1732
What is 335001620 plus 109467829?,444469449
What is 52322 plus 91408?,143730
What is 1462 plus 9706?,11168
What is 300038475 plus 713848856?,1013887331
What is 37165 plus 67406?,104571
What is 604111 plus 955383?,1559494
What is 418 plus 383?,801
What is 48725224 plus 31988405?,80713629
What is 342149537 plus 472043829?,814193366
What is 8551118175 plus 5110046080?,13661164255
What is 7179 plus 2971?,10150
What is 23421 plus 12340?,35761
What is 368921 plus 691665?,1060586
What is 1522845 plus 9493898?,11016743
What is 427 plus 403?,830
What is 8278 plus 7830?,16108
What is 8294 plus 9624?,17918
What is 454219592 plus 790436159?,1244655751
What is 5962900 plus 7677865?,13640765
What is 54347 plus 21888?,76235
What is 1372 plus 3737?,5109
What is 4023257 plus 4982356?,9005613
What is 429726265 plus 620929435?,1050655700
What is 93065 plus 15744?,108809
What is 1143278 plus 3680120?,4823398
What is 38121782 plus 55012861?,93134643
What is 714261048 plus 837869094?,1552130142
What is 929425 plus 555314?,1484739
What is 4306967 plus 5728318?,10035285
What is 158599398 plus 832087603?,990687001
What is 949526590 plus 292135407?,1241661997
What is 608 plus 901?,1509
What is 66532029 plus 90208157?,156740186
What is 239 plus 679?,918
What is 7094 plus 1960?,9054
What is 3925139129 plus 8464523662?,12389662791
What is 24028987 plus 63447230?,87476217
What is 810161982 plus 399520133?,1209682115
What is 2667702 plus 8228164?,10895866
What is 5649325 plus 4330842?,9980167
What is 81 plus 98?,179
What is 836114 plus 628462?,1464576
What is 1304320915 plus 3809586725?,5113907640
What is 990 plus 761?,1751
What is 736239 plus 239382?,975621
What is 16 plus 53?,69
What is 78830 plus 93245?,172075
What is 543 plus 150?,693
What is 860202894 plus 200612377?,1060815271
What is 94 plus 99?,193
What is 2899 plus 6873?,9772
What is 1580 plus 8693?,10273
What is 3683 plus 4826?,8509
What is 32715 plus 37226?,69941
What is 78982 plus 99732?,178714
What is 360937 plus 887235?,1248172
What is 740115 plus 440571?,1180686
What is 2590217 plus 2348927?,4939144
What is 6337123180 plus 9580702924?,15917826104
What is 3136887698 plus 3607753787?,6744641485
What is 5162 plus 3624?,8786
What is 551578923 plus 460014861?,1011593784
What is 153 plus 307?,460
What is 16424114 plus 75034750?,91458864
What is 8942565 plus 9079979?,18022544
What is 4787421 plus 7151942?,11939363
What is 7992351 plus 5561528?,13553879
What is 95 plus 56?,151
What is 28762873 plus 10948819?,39711692
What is 6560010598 plus 4228335841?,10788346439
What is 4668882 plus 6825699?,11494581
What is 62920738 plus 79140191?,142060929
What is 80671516 plus 10409807?,91081323
What is 52953 plus 74185?,127138
What is 472899383 plus 392124081?,865023464
What is 79087158 plus 88287486?,167374644
What is 307274 plus 728980?,1036254
What is 3238708 plus 7461858?,10700566
What is 152 plus 720?,872
What is 832485 plus 132638?,965123
What is 29431084 plus 20591777?,50022861
What is 887029 plus 300462?,1187491
What is 52443 plus 46175?,98618
What is 73 plus 46?,119
What is 8281 plus 7687?,15968
What is 5492924 plus 3170323?,8663247
What is 44 plus 93?,137
What is 929 plus 473?,1402
What is 9085242 plus 3993013?,13078255
What is 8515891028 plus 1936797940?,10452688968
What is 3256315936 plus 2797158214?,6053474150
What is 470498 plus 235695?,706193
What is 856687 plus 227937?,1084624
What is 426953 plus 553239?,980192
What is 98 plus 70?,168
What is 975854 plus 267501?,1243355
What is 722711 plus 183005?,905716
What is 79481381 plus 12588255?,92069636
What is 247137147 plus 624962093?,872099240
What is 414356902 plus 253564714?,667921616
What is 912868279 plus 389708490?,1302576769
What is 451 plus 196?,647
What is 12688 plus 43309?,55997
What is 54929 plus 65181?,120110
What is 71165 plus 81307?,152472
What is 1774 plus 8466?,10240
What is 6740999896 plus 5655939964?,12396939860
What is 613 plus 192?,805
What is 6398299 plus 6523726?,12922025
What is 51898512 plus 41050784?,92949296
What is 867 plus 419?,1286
What is 61 plus 28?,89
What is 2323290356 plus 9788965581?,12112255937
What is 41151 plus 20859?,62010
What is 79 plus 31?,110
What is 8357871835 plus 9867479804?,18225351639
What is 9638690506 plus 3372921538?,13011612044
What is 7226196711 plus 5949392280?,13175588991
What is 21883362 plus 56302774?,78186136
What is 174 plus 109?,283
What is 149 plus 591?,740
What is 417067403 plus 462758710?,879826113
What is 575 plus 370?,945
What is 3786 plus 1506?,5292
What is 246 plus 821?,1067
What is 782888 plus 929565?,1712453
What is 490786 plus 955040?,1445826
What is 600 plus 766?,1366
What is 90 plus 61?,151
What is 53914 plus 67049?,120963
What is 5552205871 plus 5556485954?,11108691825
What is 8244262375 plus 7865652611?,16109914986
What is 8742082059 plus 8058887008?,16800969067
What is 311 plus 148?,459
What is 617332 plus 352640?,969972
What is 87397 plus 18010?,105407
What is 18922 plus 12346?,31268
What is 78637729 plus 86030717?,164668446
What is 9058 plus 7806?,16864
What is 2320530177 plus 3692564677?,6013094854
What is 9558 plus 4389?,13947
What is 5977922065 plus 5070381444?,11048303509
What is 57 plus 99?,156
What is 29579 plus 61791?,91370
What is 52673445 plus 89618035?,142291480
What is 328 plus 902?,1230
What is 842 plus 313?,1155
What is 650765733 plus 827292190?,1478057923
What is 2193418 plus 6439841?,8633259
What is 95609489 plus 28221126?,123830615
What is 226 plus 449?,675
What is 9521445 plus 6099025?,15620470
What is 3626218 plus 8140805?,11767023
What is 555233097 plus 384651342?,939884439
What is 9554 plus 4458?,14012
What is 86 plus 24?,110
What is 40 plus 50?,90
What is 92 plus 67?,159
What is 286424 plus 732145?,1018569
What is 807 plus 869?,1676
What is 38071246 plus 79569924?,117641170
What is 7757241 plus 3232940?,10990181
What is 359645330 plus 265504465?,625149795
What is 568564 plus 999763?,1568327
What is 577706343 plus 567746551?,1145452894
What is 9847 plus 8458?,18305
What is 78023 plus 83572?,161595
What is 43619522 plus 34591371?,78210893
What is 4036523 plus 4625609?,8662132
What is 819 plus 253?,1072
What is 909 plus 458?,1367
What is 547619 plus 404137?,951756
What is 3540 plus 1721?,5261
What is 92 plus 57?,149
What is 38 plus 77?,115
What is 929222 plus 155127?,1084349
What is 75016043 plus 33983564?,108999607
What is 83 plus 63?,146
What is 7741894 plus 2288739?,10030633
What is 585519 plus 999503?,1585022
What is 86474201 plus 53856712?,140330913
What is 505840 plus 669599?,1175439
What is 25 plus 87?,112
What is 50488 plus 50376?,100864
What is 85703267 plus 60056237?,145759504
What is 3721919 plus 2687916?,6409835
What is 7205 plus 6596?,13801
What is 68880151 plus 28296035?,97176186
What is 142269 plus 780669?,922938
What is 53 plus 22?,75
What is 3098121823 plus 9993766582?,13091888405
What is 56949 plus 87540?,144489
What is 282 plus 235?,517
What is 5477 plus 3372?,8849
What is 440 plus 944?,1384
What is 496590831 plus 289243006?,785833837
What is 3067077030 plus 9628701636?,12695778666
What is 4918645082 plus 3046345868?,7964990950
What is 344 plus 350?,694
What is 213449 plus 755250?,968699
What is 2906151 plus 4882465?,7788616
What is 10992 plus 91051?,102043
What is 2653773 plus 8145521?,10799294
What is 67 plus 14?,81
What is 512 plus 131?,643
What is 562226 plus 214852?,777078
What is 86 plus 77?,163
What is 3789265672 plus 6913323790?,10702589462
What is 22 plus 32?,54
What is 9715 plus 5278?,14993
What is 811493 plus 324002?,1135495
What is 654 plus 200?,854
What is 12025619 plus 83489075?,95514694
What is 902836215 plus 544731148?,1447567363
What is 12081 plus 73921?,86002
What is 828 plus 188?,1016
What is 100238606 plus 746124543?,846363149
What is 23 plus 13?,36
What is 7859 plus 4815?,12674
What is 91 plus 15?,106
What is 87759224 plus 80074338?,167833562
What is 106 plus 780?,886
What is 302723783 plus 143824592?,446548375
What is 2332 plus 2545?,4877
What is 3524750 plus 8249655?,11774405
What is 893511 plus 815976?,1709487
What is 32503 plus 53666?,86169
What is 3231620 plus 6498594?,9730214
What is 43443 plus 78963?,122406
What is 42568144 plus 62624016?,105192160
What is 88 plus 31?,119
What is 8335418678 plus 3526842532?,11862261210
What is 377626 plus 713029?,1090655
What is 519083738 plus 190941201?,710024939
What is 5121 plus 8930?,14051
What is 2762 plus 2464?,5226
What is 803417 plus 817060?,1620477
What is 7034538009 plus 1728530805?,8763068814
What is 564005 plus 570432?,1134437
What is 2975044 plus 9540924?,12515968
What is 7157 plus 3577?,10734
What is 9523 plus 7733?,17256
What is 42602 plus 81310?,123912
What is 19 plus 44?,63
What is 96684 plus 84809?,181493
What is 3738982 plus 9883509?,13622491
What is 4877299735 plus 9727848402?,14605148137
What is 8241319429 plus 8803005456?,17044324885
What is 522866 plus 838870?,1361736
What is 5458734 plus 6189616?,11648350
What is 31235389 plus 88000728?,119236117
What is 8146230 plus 3810901?,11957131
What is 3143 plus 9846?,12989
What is 89 plus 23?,112
What is 87854 plus 99949?,187803
What is 35305679 plus 25069505?,60375184
What is 28851105 plus 32007152?,60858257
What is 8806 plus 7290?,16096
What is 2420357933 plus 1474226616?,3894584549
What is 233434 plus 853437?,1086871
What is 962 plus 122?,1084
What is 40684 plus 61864?,102548
What is 7684772926 plus 8582464684?,16267237610
What is 4860784340 plus 4822928613?,9683712953
What is 37211415 plus 77995267?,115206682
What is 74466907 plus 41376112?,115843019
What is 27 plus 63?,90
What is 85728381 plus 68756463?,154484844
What is 7131214895 plus 7463116821?,14594331716
What is 52896714 plus 46518379?,99415093
What is 7696 plus 7508?,15204
What is 8456100485 plus 8415505274?,16871605759
What is 4289220397 plus 2926646844?,7215867241
What is 65133366 plus 10384838?,75518204
What is 1655710685 plus 6703763699?,8359474384
What is 2366468011 plus 3880261016?,6246729027
What is 9460 plus 6370?,15830
What is 746 plus 870?,1616
What is 949566 plus 983385?,1932951
What is 137810783 plus 430187466?,567998249
What is 92943 plus 21578?,114521
What is 38629600 plus 58233798?,96863398
What is 803536 plus 170911?,974447
What is 4597 plus 2922?,7519
What is 81436 plus 57662?,139098
What is 161309748 plus 779133354?,940443102
What is 3057 plus 6254?,9311
What is 76914 plus 18855?,95769
What is 24453 plus 73077?,97530
What is 46953449 plus 14158940?,61112389
What is 4128543 plus 3724453?,7852996
What is 240 plus 970?,1210
What is 635 plus 604?,1239
What is 53150359 plus 13430760?,66581119
What is 347351 plus 166968?,514319
What is 339319803 plus 711836357?,1051156160
What is 5272613 plus 4688148?,9960761
What is 434 plus 786?,1220
What is 57133766 plus 68161611?,125295377
What is 569582437 plus 179539490?,749121927
What is 6886818092 plus 2376653219?,9263471311
What is 64307979 plus 13477780?,77785759
What is 76 plus 87?,163
What is 18380 plus 31379?,49759
What is 84460355 plus 33802574?,118262929
What is 82984 plus 23771?,106755
What is 150328 plus 725912?,876240
What is 2624888 plus 1620741?,4245629
What is 23 plus 86?,109
What is 7663920233 plus 9790721565?,17454641798
What is 6104454 plus 9600632?,15705086
What is 2031184 plus 4754827?,6786011
What is 3456215142 plus 1305731834?,4761946976
What is 174102 plus 438704?,612806
What is 245773855 plus 365271716?,611045571
What is 174434 plus 234997?,409431
What is 799 plus 452?,1251
What is 35034 plus 17901?,52935
What is 2834 plus 1915?,4749
What is 49 plus 73?,122
What is 93550 plus 94858?,188408
What is 394003 plus 671860?,1065863
What is 144839217 plus 710751144?,855590361
What is 66 plus 69?,135
What is 69648 plus 69537?,139185
What is 85 plus 81?,166
What is 94 plus 17?,111
What is 529074 plus 197344?,726418
What is 637 plus 161?,798
What is 831141256 plus 795422449?,1626563705
What is 3931728557 plus 9148627732?,13080356289
What is 544 plus 739?,1283
What is 4205 plus 6329?,10534
What is 524 plus 541?,1065
What is 4086481637 plus 4594230467?,8680712104
What is 9051 plus 6280?,15331
What is 2574 plus 1108?,3682
What is 25 plus 62?,87
What is 263 plus 948?,1211
What is 2264 plus 2164?,4428
What is 715796 plus 894370?,1610166
What is 6618085 plus 2346325?,8964410
What is 9047 plus 2216?,11263
What is 779135 plus 404758?,1183893
What is 4855324 plus 9060843?,13916167
What is 218 plus 620?,838
What is 699113507 plus 244377342?,943490849
What is 30 plus 53?,83
What is 801203680 plus 451237363?,1252441043
What is 614013 plus 942036?,1556049
What is 99963259 plus 85689042?,185652301
What is 7030 plus 7889?,14919
What is 90 plus 78?,168
What is 825599167 plus 283833191?,1109432358
What is 593811457 plus 744849324?,1338660781
What is 7184373 plus 9345070?,16529443
What is 618874342 plus 689233628?,1308107970
What is 8358352 plus 8316744?,16675096
What is 262885 plus 892763?,1155648
What is 97827 plus 39599?,137426
What is 19564 plus 40048?,59612
What is 1489 plus 5898?,7387
What is 205453633 plus 802501899?,1007955532
What is 694454573 plus 255280906?,949735479
What is 202330543 plus 885000754?,1087331297
What is 66361063 plus 40384855?,106745918
What is 9709695296 plus 2981480560?,12691175856
What is 4199656842 plus 7061156753?,11260813595
What is 39577453 plus 66739973?,106317426
What is 7930368097 plus 1009568077?,8939936174
What is 56104633 plus 58759162?,114863795
What is 328993 plus 345102?,674095
What is 5914251 plus 1702527?,7616778
What is 82 plus 54?,136
What is 1742 plus 4855?,6597
What is 29472676 plus 67030950?,96503626
What is 569579 plus 460638?,1030217
What is 14 plus 84?,98
What is 7862 plus 3877?,11739
What is 5035609075 plus 8161431530?,13197040605
What is 95 plus 26?,121
What is 5608473641 plus 4300157204?,9908630845
What is 38187 plus 78028?,116215
What is 6788 plus 7495?,14283
What is 44112 plus 99731?,143843
What is 14 plus 68?,82
What is 50899218 plus 68067521?,118966739
What is 949 plus 309?,1258
What is 78667606 plus 27870585?,106538191
What is 7631383766 plus 2289455372?,9920839138
What is 673855 plus 331015?,1004870
What is 506743 plus 940418?,1447161
What is 62394 plus 98099?,160493
What is 6368 plus 8826?,15194
What is 73 plus 34?,107
What is 580616 plus 510429?,1091045
What is 5052790150 plus 3230364800?,8283154950
What is 8162933 plus 5530806?,13693739
What is 180391 plus 520278?,700669
What is 4814 plus 9307?,14121
What is 1466777 plus 9605279?,11072056
What is 36 plus 72?,108
What is 41086053 plus 83033151?,124119204
What is 6823 plus 7667?,14490
What is 4155306 plus 7212424?,11367730
What is 883 plus 395?,1278
What is 77 plus 64?,141
What is 1773 plus 7227?,9000
What is 1953507417 plus 3666898299?,5620405716
What is 317049127 plus 264539144?,581588271
What is 427633 plus 406484?,834117
What is 1651280261 plus 5173843701?,6825123962
What is 4317227 plus 1809050?,6126277
What is 3310 plus 3043?,6353
What is 42837 plus 97608?,140445
What is 94 plus 91?,185
What is 1867833 plus 2818768?,4686601
What is 3593476 plus 3073410?,6666886
What is 206200662 plus 678635245?,884835907
What is 13 plus 30?,43
What is 804 plus 818?,1622
What is 58601051 plus 88611617?,147212668
What is 34588 plus 79090?,113678
What is 322 plus 502?,824
What is 690438 plus 581534?,1271972
What is 53246104 plus 80445811?,133691915
What is 48204711 plus 95275862?,143480573
What is 7917595 plus 6162158?,14079753
What is 69 plus 84?,153
What is 855209134 plus 673552925?,1528762059
What is 22867806 plus 28700176?,51567982
What is 9026958 plus 9043888?,18070846
What is 34 plus 35?,69
What is 1259 plus 5998?,7257
What is 3784313 plus 1116496?,4900809
What is 7670426 plus 7772250?,15442676
What is 72896815 plus 51419479?,124316294
What is 255756983 plus 139474140?,395231123
What is 2959767 plus 9692889?,12652656
What is 26872919 plus 80046959?,106919878
What is 99 plus 37?,136
What is 68163 plus 45581?,113744
What is 8158695303 plus 3705087063?,11863782366
What is 227668 plus 862150?,1089818
What is 92 plus 85?,177
What is 375745 plus 736849?,1112594
What is 996172891 plus 302056550?,1298229441
What is 57599 plus 30090?,87689
What is 74 plus 66?,140
What is 96341736 plus 60373378?,156715114
What is 2526 plus 5068?,7594
What is 2960 plus 3026?,5986
What is 7621 plus 5594?,13215
What is 58374 plus 59240?,117614
What is 417 plus 849?,1266
What is 197 plus 424?,621
What is 5669986 plus 6422217?,12092203
What is 20526 plus 92320?,112846
What is 98832 plus 45468?,144300
What is 209 plus 453?,662
What is 929600081 plus 114406630?,1044006711
What is 75 plus 70?,145
What is 5784 plus 2207?,7991
What is 5431441 plus 9460921?,14892362
What is 102153916 plus 307028967?,409182883
What is 391 plus 664?,1055
What is 422 plus 696?,1118
What is 5055725002 plus 2159609326?,7215334328
What is 4039962 plus 9976423?,14016385
What is 3754140741 plus 1257495664?,5011636405
What is 2822 plus 4866?,7688
What is 376446982 plus 293966393?,670413375
What is 37681 plus 75059?,112740
What is 630 plus 269?,899
What is 625886422 plus 540253780?,1166140202
What is 79281 plus 68937?,148218
What is 18693673 plus 48257091?,66950764
What is 7778 plus 4373?,12151
What is 78 plus 61?,139
What is 9043142 plus 1230151?,10273293
What is 8479228449 plus 1994506453?,10473734902
What is 39 plus 37?,76
What is 33263865 plus 29824829?,63088694
What is 67554 plus 43960?,111514
What is 534433 plus 806753?,1341186
What is 48 plus 77?,125
What is 5459883886 plus 5442668250?,10902552136
What is 87 plus 87?,174
What is 650 plus 932?,1582
What is 374 plus 347?,721
What is 8894256 plus 8496401?,17390657
What is 32087048 plus 53249741?,85336789
What is 30 plus 27?,57
What is 3362058306 plus 9958678347?,13320736653
What is 694063 plus 150423?,844486
What is 827403 plus 337260?,1164663
What is 4517993947 plus 5595691135?,10113685082
What is 889698 plus 977467?,1867165
What is 7916062 plus 1185368?,9101430
What is 6815 plus 4095?,10910
What is 810135222 plus 477330059?,1287465281
What is 72 plus 77?,149
What is 463 plus 404?,867
What is 607587 plus 356295?,963882
What is 3350284 plus 5150252?,8500536
What is 29652742 plus 99474837?,129127579
What is 429 plus 423?,852
What is 74806533 plus 27639326?,102445859
What is 912 plus 172?,1084
What is 9307 plus 2174?,11481
What is 690 plus 457?,1147
What is 79 plus 95?,174
What is 74716 plus 57190?,131906
What is 16873 plus 64530?,81403
What is 36630 plus 60588?,97218
What is 88 plus 34?,122
What is 382460 plus 864493?,1246953
What is 2783353650 plus 4479536977?,7262890627
What is 61851985 plus 20629956?,82481941
What is 2847 plus 6503?,9350
What is 454 plus 148?,602
What is 31 plus 66?,97
What is 3029775 plus 9769762?,12799537
What is 199 plus 937?,1136
What is 305763 plus 486901?,792664
What is 4468430264 plus 8149179474?,12617609738
What is 66217 plus 69798?,136015
What is 2628643833 plus 7560333156?,10188976989
What is 4202258 plus 9464735?,13666993
What is 24 plus 23?,47
What is 804261 plus 826852?,1631113
What is 56189628 plus 17407729?,73597357
What is 26443 plus 71958?,98401
What is 85463802 plus 61845556?,147309358
What is 56601447 plus 81103357?,137704804
What is 79 plus 33?,112
What is 95171 plus 26132?,121303
What is 36 plus 88?,124
What is 96 plus 77?,173
What is 497912018 plus 118976040?,616888058
What is 426442100 plus 230865982?,657308082
What is 5497 plus 5118?,10615
What is 488462 plus 261901?,750363
What is 1599 plus 2301?,3900
What is 5271 plus 2851?,8122
What is 6933 plus 8829?,15762
What is 762737 plus 955394?,1718131
What is 43513909 plus 23276432?,66790341
What is 2020584 plus 1303776?,3324360
What is 77086 plus 57701?,134787
What is 74161 plus 34590?,108751
What is 74 plus 61?,135
What is 4452665 plus 8439652?,12892317
What is 23814 plus 66974?,90788
What is 8462 plus 7553?,16015
What is 43 plus 90?,133
What is 8350885 plus 4895658?,13246543
What is 963 plus 843?,1806
What is 185062519 plus 211721338?,396783857
What is 646114 plus 163846?,809960
What is 682155 plus 244077?,926232
What is 48 plus 40?,88
What is 95831180 plus 59429870?,155261050
What is 149832613 plus 197693631?,347526244
What is 35566 plus 28045?,63611
What is 714158 plus 405315?,1119473
What is 6979369 plus 5284178?,12263547
What is 5048 plus 2414?,7462
What is 8074 plus 4091?,12165
What is 15 plus 81?,96
What is 855921216 plus 705449890?,1561371106
What is 6996718 plus 3722047?,10718765
What is 8236552 plus 6200843?,14437395
What is 26095959 plus 23258974?,49354933
What is 924 plus 747?,1671
What is 44 plus 20?,64
What is 185 plus 801?,986
What is 261694875 plus 396414063?,658108938
What is 3944136857 plus 5043668959?,8987805816
What is 4666 plus 1374?,6040
What is 99303904 plus 19741803?,119045707
What is 417 plus 418?,835
What is 967081590 plus 954487591?,1921569181
What is 62711011 plus 42608548?,105319559
What is 69 plus 22?,91
What is 983995 plus 425349?,1409344
What is 77 plus 53?,130
What is 64863949 plus 24822992?,89686941
What is 533021 plus 607086?,1140107
What is 3112482 plus 5514863?,8627345
What is 86 plus 44?,130
What is 806152476 plus 904589750?,1710742226
What is 280698 plus 792178?,1072876
What is 30718 plus 94328?,125046
What is 425892 plus 281522?,707414
What is 470 plus 938?,1408
What is 219 plus 705?,924
What is 69 plus 90?,159
What is 136150 plus 446327?,582477
What is 40 plus 82?,122
What is 3528100 plus 6171905?,9700005
What is 984642543 plus 572068251?,1556710794
What is 688810 plus 883186?,1571996
What is 75 plus 23?,98
What is 43621 plus 62849?,106470
What is 920850 plus 918155?,1839005
What is 19 plus 27?,46
What is 33 plus 18?,51
What is 70928006 plus 80493673?,151421679
What is 98783492 plus 24204859?,122988351
What is 952968 plus 664065?,1617033
What is 3647855734 plus 3474943203?,7122798937
What is 642253263 plus 319662259?,961915522
What is 41779 plus 75912?,117691
What is 6125 plus 2132?,8257
What is 36825 plus 21086?,57911
What is 44078880 plus 49550763?,93629643
What is 573044354 plus 701668323?,1274712677
What is 137 plus 791?,928
What is 7621821 plus 3784231?,11406052
What is 64230 plus 94732?,158962
What is 76657 plus 67440?,144097
What is 55 plus 71?,126
What is 933 plus 415?,1348
What is 843294517 plus 710733477?,1554027994
What is 1909 plus 7775?,9684
What is 697285601 plus 661559143?,1358844744
What is 1930 plus 1294?,3224
What is 58654806 plus 38671006?,97325812
What is 7552260 plus 2666964?,10219224
What is 142 plus 855?,997
What is 700740 plus 419148?,1119888
What is 35809433 plus 57985111?,93794544
What is 240 plus 488?,728
What is 606346 plus 652468?,1258814
What is 8339028 plus 5001627?,13340655
What is 904 plus 173?,1077
What is 3594178 plus 7424934?,11019112
What is 285109677 plus 608022988?,893132665
What is 18 plus 98?,116
What is 868020191 plus 601869773?,1469889964
What is 694066 plus 426793?,1120859
What is 78889876 plus 88614783?,167504659
What is 168744 plus 428707?,597451
What is 33719 plus 67881?,101600
What is 569 plus 350?,919
What is 995 plus 857?,1852
What is 42878 plus 25589?,68467
What is 9900 plus 4209?,14109
What is 799345 plus 512902?,1312247
What is 7714315 plus 6537240?,14251555
What is 1052 plus 4959?,6011
What is 3602837 plus 4450033?,8052870
What is 7645143059 plus 7703419579?,15348562638
What is 520 plus 872?,1392
What is 3968819 plus 2197326?,6166145
What is 429 plus 157?,586
What is 93308 plus 49217?,142525
What is 918036 plus 493755?,1411791
What is 533371161 plus 101460726?,634831887
What is 49 plus 37?,86
What is 64810566 plus 90292700?,155103266
What is 787 plus 241?,1028
What is 59467 plus 25056?,84523
What is 620032778 plus 750204379?,1370237157
What is 4392854 plus 5641231?,10034085
What is 29505 plus 69609?,99114
What is 942618 plus 842760?,1785378
What is 537 plus 927?,1464
What is 975957385 plus 696729112?,1672686497
What is 637614 plus 437638?,1075252
What is 760922 plus 138206?,899128
What is 9688 plus 6686?,16374
What is 816 plus 686?,1502
What is 49702677 plus 32698615?,82401292
What is 685519 plus 553900?,1239419
What is 7984919 plus 4670034?,12654953
What is 189 plus 405?,594
What is 4157241247 plus 8322250945?,12479492192
What is 3907 plus 1699?,5606
What is 5330138998 plus 9544788567?,14874927565
What is 9047 plus 9388?,18435
What is 28763 plus 25788?,54551
What is 1169752572 plus 6801808026?,7971560598
What is 42 plus 65?,107
What is 8682754 plus 8922725?,17605479
What is 17017 plus 18612?,35629
What is 997 plus 766?,1763
What is 521 plus 510?,1031
What is 9828805 plus 7826234?,17655039
What is 428 plus 145?,573
What is 79474956 plus 44778487?,124253443
What is 8465 plus 9231?,17696
What is 695296 plus 309688?,1004984
What is 95 plus 83?,178
What is 9317758004 plus 9571965928?,18889723932
What is 58346 plus 54629?,112975
What is 547551 plus 881289?,1428840
What is 5806 plus 4643?,10449
What is 953507 plus 287290?,1240797
What is 55780 plus 58632?,114412
What is 981404 plus 598143?,1579547
What is 681351238 plus 120673179?,802024417
What is 10 plus 84?,94
What is 6653799056 plus 2129053994?,8782853050
What is 7921 plus 3981?,11902
What is 3586617 plus 6839106?,10425723
What is 95 plus 36?,131
What is 561 plus 914?,1475
What is 3488047 plus 6806872?,10294919
What is 153712132 plus 791180879?,944893011
What is 67707 plus 51535?,119242
What is 113623 plus 310004?,423627
What is 471306176 plus 146138618?,617444794
What is 5625903 plus 8989991?,14615894
What is 906055116 plus 688760305?,1594815421
What is 43519065 plus 65376144?,108895209
What is 2512551198 plus 9627910553?,12140461751
What is 90524801 plus 74734636?,165259437
What is 171 plus 951?,1122
What is 180573692 plus 189774222?,370347914
What is 351277201 plus 497034875?,848312076
What is 7376907035 plus 1851088567?,9227995602
What is 4408396552 plus 6542599154?,10950995706
What is 169437 plus 223325?,392762
What is 2787859 plus 1212078?,3999937
What is 959 plus 355?,1314
What is 4416 plus 9699?,14115
What is 86 plus 94?,180
What is 12706 plus 51401?,64107
What is 9399 plus 7804?,17203
What is 954 plus 533?,1487
What is 21 plus 43?,64
What is 7607247 plus 1360022?,8967269
What is 43666785 plus 30732402?,74399187
What is 48579 plus 87952?,136531
What is 78182 plus 19821?,98003
What is 9204 plus 8473?,17677
What is 89576288 plus 56828430?,146404718
What is 890388 plus 706080?,1596468
What is 8814 plus 4365?,13179
What is 1634 plus 9313?,10947
What is 7322475599 plus 2552044147?,9874519746
What is 404224182 plus 311951613?,716175795
What is 5998 plus 8449?,14447
What is 80 plus 56?,136
What is 567060 plus 805760?,1372820
What is 859 plus 244?,1103
What is 50591274 plus 77532137?,128123411
What is 54341 plus 43549?,97890
What is 5333388 plus 6746950?,12080338
What is 505444510 plus 199653975?,705098485
What is 1421 plus 7430?,8851
What is 326159806 plus 536761267?,862921073
What is 703260 plus 481322?,1184582
What is 2222 plus 8181?,10403
What is 626374 plus 719273?,1345647
What is 442 plus 510?,952
What is 513954 plus 588797?,1102751
What is 4931820 plus 2815810?,7747630
What is 89028 plus 60901?,149929
What is 2631 plus 2867?,5498
What is 2146641 plus 5147087?,7293728
What is 5417 plus 6759?,12176
What is 239280131 plus 146471238?,385751369
What is 4256661807 plus 9439250725?,13695912532
What is 446 plus 690?,1136
What is 35463 plus 95460?,130923
What is 1815655 plus 9979573?,11795228
What is 494006181 plus 526690223?,1020696404
What is 180647353 plus 265605634?,446252987
What is 676085579 plus 525279330?,1201364909
What is 5507934306 plus 5889483307?,11397417613
What is 94683 plus 85036?,179719
What is 226412811 plus 451540297?,677953108
What is 558 plus 750?,1308
What is 33 plus 99?,132
What is 45359922 plus 49848339?,95208261
What is 956857 plus 533635?,1490492
What is 41693 plus 63616?,105309
What is 465835 plus 660574?,1126409
What is 7494 plus 8557?,16051
What is 69 plus 39?,108
What is 45 plus 24?,69
What is 48693 plus 58099?,106792
What is 608597 plus 874805?,1483402
What is 6575086 plus 9858841?,16433927
What is 114066 plus 282694?,396760
What is 21078384 plus 90550341?,111628725
What is 41001404 plus 61874819?,102876223
What is 22 plus 57?,79
What is 5980 plus 5791?,11771
What is 846075 plus 933156?,1779231
What is 983051951 plus 731060309?,1714112260
What is 606 plus 524?,1130
What is 7181203 plus 2682481?,9863684
What is 81 plus 98?,179
What is 89 plus 65?,154
What is 5162719 plus 4662528?,9825247
What is 8916 plus 8661?,17577
What is 497 plus 874?,1371
What is 50604560 plus 51795481?,102400041
What is 5859053250 plus 6658678653?,12517731903
What is 34 plus 78?,112
What is 641981675 plus 490799453?,1132781128
What is 659439057 plus 105450987?,764890044
What is 3961791506 plus 9818038922?,13779830428
What is 8717344145 plus 4217633463?,12934977608
What is 49549932 plus 12077798?,61627730
What is 58726 plus 33388?,92114
What is 29 plus 56?,85
What is 46264843 plus 20830045?,67094888
What is 83 plus 93?,176
What is 808687752 plus 905756676?,1714444428
What is 14 plus 87?,101
What is 92292 plus 70852?,163144
What is 8145894815 plus 9081217894?,17227112709
What is 197497787 plus 304513588?,502011375
What is 742 plus 115?,857
What is 345190 plus 700259?,1045449
What is 14 plus 78?,92
What is 266 plus 138?,404
What is 75 plus 49?,124
What is 460 plus 406?,866
What is 289300050 plus 179627859?,468927909
What is 9904908604 plus 7390812407?,17295721011
What is 17 plus 31?,48
What is 64 plus 14?,78
What is 245093249 plus 465198244?,710291493
What is 203377 plus 579866?,783243
What is 1828924621 plus 7591714336?,9420638957
What is 45107 plus 73958?,119065
What is 84275 plus 89448?,173723
What is 28 plus 68?,96
What is 3979007 plus 5992531?,9971538
What is 89305220 plus 17274482?,106579702
What is 545676498 plus 104838071?,650514569
What is 6904974292 plus 6075861036?,12980835328
What is 5385667 plus 6435680?,11821347
What is 206375600 plus 301896763?,508272363
What is 8671 plus 4254?,12925
What is 539682 plus 620955?,1160637
What is 88078894 plus 14112158?,102191052
What is 47494676 plus 17577193?,65071869
What is 486772 plus 139406?,626178
What is 7671 plus 2636?,10307
What is 41739 plus 88986?,130725
What is 41 plus 90?,131
What is 432042 plus 962712?,1394754
What is 81584 plus 92912?,174496
What is 9132089 plus 3766597?,12898686
What is 362447147 plus 396863534?,759310681
What is 3459751342 plus 3132592464?,6592343806
What is 19690003 plus 33333164?,53023167
What is 7039970 plus 3270367?,10310337
What is 1329627541 plus 5355925010?,6685552551
What is 81422196 plus 28156673?,109578869
What is 137 plus 938?,1075
What is 791904 plus 833308?,1625212
What is 97 plus 71?,168
What is 36264 plus 83135?,119399
What is 5640034 plus 9013472?,14653506
What is 784771164 plus 592177557?,1376948721
What is 1128868523 plus 8663351297?,9792219820
What is 7572 plus 9171?,16743
What is 8967019 plus 2708899?,11675918
What is 5351 plus 4766?,10117
What is 25 plus 97?,122
What is 71 plus 36?,107
What is 3010209121 plus 1634697792?,4644906913
What is 2439792 plus 8057255?,10497047
What is 76854 plus 69613?,146467
What is 91 plus 77?,168
What is 123445447 plus 788502482?,911947929
What is 4317024001 plus 9008887627?,13325911628
What is 437 plus 991?,1428
What is 41585 plus 15869?,57454
What is 4258135 plus 5116279?,9374414
What is 778644 plus 390829?,1169473
What is 81852 plus 34824?,116676
What is 921638361 plus 224061223?,1145699584
What is 84582 plus 37080?,121662
What is 54 plus 71?,125
What is 5386070 plus 2272057?,7658127
What is 57 plus 64?,121
What is 9994 plus 2109?,12103
What is 9429979931 plus 1731524046?,11161503977
What is 893579 plus 490776?,1384355
What is 3402522 plus 5595732?,8998254
What is 7136 plus 6520?,13656
What is 781514901 plus 148894781?,930409682
What is 821769132 plus 263080500?,1084849632
What is 41 plus 27?,68
What is 5015986933 plus 7646076300?,12662063233
What is 4790 plus 2926?,7716
What is 21948 plus 51091?,73039
What is 84152 plus 20582?,104734
What is 294 plus 847?,1141
What is 35227061 plus 39895312?,75122373
What is 1993671086 plus 3256032534?,5249703620
What is 75878267 plus 72017452?,147895719
What is 34367 plus 88971?,123338
What is 84241 plus 51419?,135660
What is 739 plus 245?,984
What is 83795716 plus 22997826?,106793542
What is 1407013033 plus 4418231458?,5825244491
What is 9849452 plus 6248245?,16097697
What is 85 plus 73?,158
What is 4552589 plus 8347851?,12900440
What is 78939622 plus 53917017?,132856639
What is 12594623 plus 49427152?,62021775
What is 1063573 plus 3651426?,4714999
What is 74126339 plus 24177273?,98303612
What is 2594311988 plus 3807710742?,6402022730
What is 160655523 plus 185241427?,345896950
What is 190 plus 164?,354
What is 6001843 plus 7065486?,13067329
What is 6211048222 plus 2010792200?,8221840422
What is 23972 plus 86102?,110074
What is 8622294781 plus 1309392290?,9931687071
What is 106 plus 437?,543
What is 33782 plus 22643?,56425
What is 93931002 plus 99048769?,192979771
What is 222 plus 472?,694
What is 4572988689 plus 5563379152?,10136367841
What is 4917764 plus 3838265?,8756029
What is 43 plus 53?,96
What is 32 plus 46?,78
What is 705833 plus 852128?,1557961
What is 600594632 plus 748315523?,1348910155
What is 98857955 plus 11538331?,110396286
What is 71883108 plus 30437339?,102320447
What is 392602041 plus 794789303?,1187391344
What is 5457046953 plus 6288623229?,11745670182
What is 64087 plus 35926?,100013
What is 63 plus 70?,133
What is 1426 plus 9452?,10878
What is 20263 plus 54748?,75011
What is 6248791 plus 2898325?,9147116
What is 38752 plus 29479?,68231
What is 74 plus 53?,127
What is 695548 plus 164690?,860238
What is 532 plus 212?,744
What is 4423374048 plus 7351300768?,11774674816
What is 506353370 plus 699356717?,1205710087
What is 1381038288 plus 1205602318?,2586640606
What is 51839 plus 63238?,115077
What is 66064 plus 46518?,112582
What is 3889 plus 5186?,9075
What is 594150496 plus 444506617?,1038657113
What is 91398 plus 76843?,168241
What is 70554 plus 11215?,81769
What is 1757847 plus 5357638?,7115485
What is 81048 plus 33555?,114603
What is 6642159304 plus 1802930780?,8445090084
What is 67636658 plus 63538254?,131174912
What is 515708455 plus 643172730?,1158881185
What is 713 plus 876?,1589
What is 723 plus 806?,1529
What is 3397452 plus 5582071?,8979523
What is 825 plus 533?,1358
What is 3496 plus 4738?,8234
What is 36 plus 81?,117
What is 6256 plus 5709?,11965
What is 8414266 plus 3855809?,12270075
What is 57 plus 50?,107
What is 650781300 plus 920474720?,1571256020
What is 651 plus 242?,893
What is 3334954808 plus 9778121440?,13113076248
What is 37141 plus 77811?,114952
What is 1036982 plus 9728408?,10765390
What is 6740565886 plus 1299705991?,8040271877
What is 915215435 plus 710130964?,1625346399
What is 32031894 plus 79651569?,111683463
What is 34087374 plus 21903550?,55990924
What is 3060 plus 7363?,10423
What is 7966999 plus 1876587?,9843586
What is 30 plus 22?,52
What is 990228 plus 996150?,1986378
What is 12 plus 69?,81
What is 654024 plus 685210?,1339234
What is 43644951 plus 28373605?,72018556
What is 87005002 plus 50341382?,137346384
What is 644260976 plus 806859514?,1451120490
What is 417564106 plus 730401737?,1147965843
What is 37 plus 55?,92
What is 90561 plus 16373?,106934
What is 80 plus 78?,158
What is 991091510 plus 131614966?,1122706476
What is 92 plus 84?,176
What is 93 plus 72?,165
What is 16611366 plus 61989552?,78600918
What is 36422 plus 33381?,69803
What is 723757149 plus 867562461?,1591319610
What is 83 plus 83?,166
What is 491597 plus 563397?,1054994
What is 907224608 plus 552140651?,1459365259
What is 3919 plus 4308?,8227
What is 630634625 plus 511986516?,1142621141
What is 162171 plus 925853?,1088024
What is 396553 plus 410259?,806812
What is 9587880 plus 4094152?,13682032
What is 8224 plus 3221?,11445
What is 50316 plus 28042?,78358
What is 1054302251 plus 4448020293?,5502322544
What is 8890900641 plus 2715516782?,11606417423
What is 7592 plus 9484?,17076
What is 527752 plus 870705?,1398457
What is 79546 plus 18029?,97575
What is 4162927 plus 7668330?,11831257
What is 98 plus 21?,119
What is 71248 plus 29090?,100338
What is 16103335 plus 33231109?,49334444
What is 46 plus 45?,91
What is 34 plus 36?,70
What is 652936 plus 541319?,1194255
What is 492181 plus 764623?,1256804
What is 58438708 plus 66502094?,124940802
What is 78245 plus 34398?,112643
What is 571276 plus 185370?,756646
What is 6894 plus 4278?,11172
What is 4333 plus 5934?,10267
What is 603992 plus 672856?,1276848
What is 945 plus 846?,1791
What is 9835245392 plus 1578512860?,11413758252
What is 778800 plus 409310?,1188110
What is 654005 plus 253852?,907857
What is 633177075 plus 465875263?,1099052338
What is 4614443741 plus 4970525397?,9584969138
What is 255965 plus 730190?,986155
What is 300431 plus 858889?,1159320
What is 1161435 plus 3977939?,5139374
What is 379489 plus 820289?,1199778
What is 9293 plus 9701?,18994
What is 7687057778 plus 1090129555?,8777187333
What is 9389870 plus 1668676?,11058546
What is 10 plus 89?,99
What is 9852978717 plus 2583967894?,12436946611
What is 5134626 plus 7610493?,12745119
What is 5951 plus 4525?,10476
What is 626 plus 985?,1611
What is 66687940 plus 18590586?,85278526
What is 31269 plus 80785?,112054
What is 1727740 plus 3361962?,5089702
What is 1739 plus 1631?,3370
What is 68 plus 45?,113
What is 669653691 plus 705942275?,1375595966
What is 513604 plus 598063?,1111667
What is 97168652 plus 48811665?,145980317
What is 2182 plus 4019?,6201
What is 8300984 plus 8078521?,16379505
What is 1088790 plus 8385169?,9473959
What is 160656 plus 777650?,938306
What is 3339 plus 9749?,13088
What is 392435562 plus 670083800?,1062519362
What is 75 plus 35?,110
What is 3396851 plus 4112603?,7509454
What is 850296 plus 194692?,1044988
What is 402397850 plus 193048059?,595445909
What is 2713853510 plus 5952387592?,8666241102
What is 31087236 plus 86149081?,117236317
What is 7438 plus 4299?,11737
What is 2754085 plus 4858077?,7612162
What is 6625720 plus 3580087?,10205807
What is 41785 plus 56322?,98107
What is 3263 plus 4705?,7968
What is 8284425 plus 7015772?,15300197
What is 442601 plus 934244?,1376845
What is 1592 plus 8424?,10016
What is 13 plus 11?,24
What is 945 plus 966?,1911
What is 891811322 plus 199504698?,1091316020
What is 8564031022 plus 9636150531?,18200181553
What is 2003374796 plus 2096082653?,4099457449
What is 8110857 plus 3390432?,11501289
What is 697 plus 787?,1484
What is 675846255 plus 899706986?,1575553241
What is 36310 plus 53109?,89419
What is 947796 plus 269434?,1217230
What is 352019 plus 746840?,1098859
What is 55556 plus 62583?,118139
What is 69 plus 97?,166
What is 1871042 plus 8662074?,10533116
What is 63444 plus 89194?,152638
What is 470 plus 648?,1118
What is 5266014 plus 4674023?,9940037
What is 70 plus 21?,91
What is 3933570395 plus 2378939031?,6312509426
What is 4514562384 plus 6935799849?,11450362233
What is 51519401 plus 47558461?,99077862
What is 27238 plus 30144?,57382
What is 2609510 plus 7218309?,9827819
What is 71287805 plus 76128222?,147416027
What is 65902 plus 74405?,140307
What is 37 plus 42?,79
What is 836 plus 468?,1304
What is 960380 plus 370778?,1331158
What is 8635939 plus 7410416?,16046355
What is 2752 plus 4453?,7205
What is 38 plus 72?,110
What is 592444632 plus 413654416?,1006099048
What is 670 plus 141?,811
What is 78 plus 71?,149
What is 3072 plus 9271?,12343
What is 94 plus 20?,114
What is 6146 plus 5767?,11913
What is 248750883 plus 773054216?,1021805099
What is 7280645 plus 1661672?,8942317
What is 18155200 plus 18980304?,37135504
What is 462704 plus 412347?,875051
What is 3874 plus 4109?,7983
What is 7998835 plus 2916294?,10915129
What is 6940253562 plus 8883481015?,15823734577
What is 245 plus 831?,1076
What is 209315 plus 559142?,768457
What is 449915 plus 176356?,626271
What is 242291334 plus 382837284?,625128618
What is 84526 plus 85440?,169966
What is 236913 plus 278467?,515380
What is 41331630 plus 69526263?,110857893
What is 2164851 plus 6164982?,8329833
What is 6570607 plus 4739992?,11310599
What is 981575942 plus 177611381?,1159187323
What is 203217 plus 618248?,821465
What is 58016 plus 16973?,74989
What is 147 plus 739?,886
What is 138372427 plus 301789156?,440161583
What is 20728539 plus 68319754?,89048293
What is 33583219 plus 80067845?,113651064
What is 3434 plus 7789?,11223
What is 8710872 plus 3013215?,11724087
What is 892 plus 878?,1770
What is 88030951 plus 84074107?,172105058
What is 68033831 plus 44291461?,112325292
What is 13953 plus 23151?,37104
What is 66943909 plus 99167099?,166111008
What is 6124045 plus 9278081?,15402126
What is 91 plus 72?,163
What is 5067794832 plus 9403644173?,14471439005
What is 8855195991 plus 1181977253?,10037173244
What is 16747 plus 33527?,50274
What is 36 plus 52?,88
What is 6794 plus 4385?,11179
What is 57 plus 75?,132
What is 903 plus 508?,1411
What is 643245 plus 166240?,809485
What is 1256641 plus 9132093?,10388734
What is 121 plus 826?,947
What is 92016598 plus 98404122?,190420720
What is 6374710865 plus 8507054156?,14881765021
What is 491424 plus 180065?,671489
What is 7523459012 plus 5514844292?,13038303304
What is 6663857144 plus 8025158414?,14689015558
What is 978936 plus 310865?,1289801
What is 8849782695 plus 6527135214?,15376917909
What is 385964325 plus 345798425?,731762750
What is 88454094 plus 51550512?,140004606
What is 804389105 plus 164374209?,968763314
What is 6984 plus 6876?,13860
What is 426767330 plus 655605340?,1082372670
What is 940 plus 339?,1279
What is 899 plus 200?,1099
What is 46706418 plus 46793934?,93500352
What is 6752 plus 2272?,9024
What is 49903 plus 26239?,76142
What is 5360246907 plus 7336375558?,12696622465
What is 8898511 plus 4263427?,13161938
What is 1087196072 plus 5421643820?,6508839892
What is 6087654 plus 6942681?,13030335
What is 682024 plus 432935?,1114959
What is 594006 plus 176162?,770168
What is 90910132 plus 47296878?,138207010
What is 9542 plus 3032?,12574
What is 47514147 plus 97937002?,145451149
What is 94 plus 43?,137
What is 87683507 plus 90872718?,178556225
What is 66 plus 23?,89
What is 4394287 plus 4902410?,9296697
What is 5287744 plus 7633128?,12920872
What is 335064459 plus 814111897?,1149176356
What is 611378 plus 722126?,1333504
What is 987061406 plus 549745869?,1536807275
What is 1903 plus 9214?,11117
What is 91850937 plus 66834345?,158685282
What is 9190397 plus 9963802?,19154199
What is 290425068 plus 205700718?,496125786
What is 652326412 plus 458890945?,1111217357
What is 326 plus 921?,1247
What is 4558 plus 1088?,5646
What is 77698 plus 93215?,170913
What is 456 plus 893?,1349
What is 974487 plus 805124?,1779611
What is 547962 plus 405081?,953043
What is 984196 plus 517670?,1501866
What is 1321 plus 3437?,4758
What is 750 plus 461?,1211
What is 659234174 plus 133569627?,792803801
What is 720566366 plus 926079181?,1646645547
What is 4414263 plus 1311106?,5725369
What is 4647339086 plus 5381247712?,10028586798
What is 25493496 plus 54971570?,80465066
What is 18 plus 51?,69
What is 871727423 plus 770230664?,1641958087
What is 50716 plus 73809?,124525
What is 563 plus 338?,901
What is 668 plus 543?,1211
What is 151 plus 743?,894
What is 7010 plus 6143?,13153
What is 22300 plus 47092?,69392
What is 576 plus 477?,1053
What is 455897661 plus 632192158?,1088089819
What is 2049623508 plus 3011301610?,5060925118
What is 2455079 plus 6341828?,8796907
What is 5512612853 plus 3140627605?,8653240458
What is 965 plus 313?,1278
What is 9063 plus 2972?,12035
What is 2090 plus 8691?,10781
What is 994 plus 491?,1485
What is 628952098 plus 907301919?,1536254017
What is 6807 plus 2223?,9030
What is 67010 plus 88160?,155170
What is 79 plus 88?,167
What is 987032826 plus 141255068?,1128287894
What is 438597825 plus 280088578?,718686403
What is 24512661 plus 78150488?,102663149
What is 171 plus 246?,417
What is 87643 plus 87279?,174922
What is 29510186 plus 91758288?,121268474
What is 224902122 plus 726682985?,951585107
What is 881559 plus 155392?,1036951
What is 613 plus 860?,1473
What is 9170846439 plus 6110015193?,15280861632
What is 861758500 plus 479548821?,1341307321
What is 59663 plus 17700?,77363
What is 17312430 plus 67426820?,84739250
What is 31 plus 71?,102
What is 44763 plus 96462?,141225
What is 343532 plus 209430?,552962
What is 462 plus 908?,1370
What is 9967 plus 5824?,15791
What is 66 plus 47?,113
What is 197 plus 853?,1050
What is 739670184 plus 194426107?,934096291
What is 834 plus 118?,952
What is 2474607 plus 4276943?,6751550
What is 6994857 plus 1791541?,8786398
What is 28 plus 85?,113
What is 266 plus 644?,910
What is 519092 plus 572319?,1091411
What is 911 plus 306?,1217
What is 2144657584 plus 3703489727?,5848147311
What is 7195328 plus 4091764?,11287092
What is 7127 plus 7998?,15125
What is 440948 plus 991948?,1432896
What is 631634483 plus 110296236?,741930719
What is 25515785 plus 81148343?,106664128
What is 742109 plus 318199?,1060308
What is 96 plus 57?,153
What is 89 plus 91?,180
What is 646 plus 583?,1229
What is 66498 plus 42918?,109416
What is 15689206 plus 79001091?,94690297
What is 70 plus 30?,100
What is 210658292 plus 918426831?,1129085123
What is 34801 plus 41275?,76076
What is 311255486 plus 120118352?,431373838
What is 77114169 plus 96136255?,173250424
What is 149 plus 600?,749
What is 363 plus 459?,822
What is 6904019 plus 4330870?,11234889
What is 2772 plus 1742?,4514
What is 50200 plus 96639?,146839
What is 1648 plus 6968?,8616
What is 858822 plus 174341?,1033163
What is 142705194 plus 261685012?,404390206
What is 36549468 plus 85982405?,122531873
What is 336221120 plus 114525627?,450746747
What is 740 plus 992?,1732
What is 20801241 plus 18549421?,39350662
What is 3533 plus 5790?,9323
What is 4963854243 plus 7970669357?,12934523600
What is 294 plus 715?,1009
What is 936104090 plus 829172154?,1765276244
What is 9449857 plus 1167167?,10617024
What is 250776468 plus 291485678?,542262146
What is 1404898 plus 5684077?,7088975
What is 764018488 plus 915804115?,1679822603
What is 8265524340 plus 6535432601?,14800956941
What is 28 plus 21?,49
What is 35586 plus 77667?,113253
What is 18673125 plus 18352821?,37025946
What is 57423 plus 28474?,85897
What is 847074 plus 743749?,1590823
What is 155591735 plus 412390485?,567982220
What is 686165042 plus 495968748?,1182133790
What is 5017896566 plus 2803578126?,7821474692
What is 52 plus 45?,97
What is 796289 plus 801372?,1597661
What is 13 plus 74?,87
What is 1252828112 plus 3842348813?,5095176925
What is 73 plus 31?,104
What is 65100 plus 11973?,77073
What is 613 plus 816?,1429
What is 8698447 plus 7693963?,16392410
What is 5635 plus 1742?,7377
What is 13830 plus 66482?,80312
What is 196 plus 954?,1150
What is 2958638 plus 4189931?,7148569
What is 3862 plus 2283?,6145
What is 707975 plus 488177?,1196152
What is 5975276 plus 3166779?,9142055
What is 22638049 plus 54305955?,76944004
What is 3742 plus 8600?,12342
What is 2093757 plus 8038159?,10131916
What is 7560 plus 2330?,9890
What is 50769 plus 30134?,80903
What is 59 plus 94?,153
What is 49 plus 37?,86
What is 276 plus 642?,918
What is 92135758 plus 29049953?,121185711
What is 7162641366 plus 8246938837?,15409580203
What is 26 plus 62?,88
What is 4884191 plus 6756358?,11640549
What is 6195 plus 6144?,12339
What is 93 plus 27?,120
What is 3759 plus 5438?,9197
What is 3996 plus 9200?,13196
What is 17669222 plus 42305683?,59974905
What is 1787 plus 8230?,10017
What is 47681322 plus 83972356?,131653678
What is 3242 plus 6617?,9859
What is 595843 plus 625192?,1221035
What is 74 plus 49?,123
What is 211097316 plus 556196863?,767294179
What is 1614 plus 6225?,7839
What is 87871548 plus 39415156?,127286704
What is 35777 plus 31078?,66855
What is 546 plus 529?,1075
What is 757 plus 266?,1023
What is 1453751667 plus 4349328025?,5803079692
What is 842042 plus 218348?,1060390
What is 455 plus 790?,1245
What is 73397 plus 36970?,110367
What is 1896326065 plus 6848066486?,8744392551
What is 563966617 plus 312500070?,876466687
What is 2954845 plus 3012875?,5967720
What is 84781 plus 59081?,143862
What is 236786 plus 816649?,1053435
What is 654169921 plus 142183242?,796353163
What is 28212074 plus 46594321?,74806395
What is 93492472 plus 88193205?,181685677
What is 450481994 plus 749116584?,1199598578
What is 875 plus 766?,1641
What is 99577694 plus 10861441?,110439135
What is 163842250 plus 942566849?,1106409099
What is 298562 plus 841047?,1139609
What is 40313 plus 56307?,96620
What is 9687 plus 2943?,12630
What is 81546862 plus 86089778?,167636640
What is 19 plus 23?,42
What is 89 plus 73?,162
What is 6706377 plus 3408033?,10114410
What is 8812437576 plus 3600685729?,12413123305
What is 65279 plus 49171?,114450
What is 6397184 plus 2539613?,8936797
What is 9283636 plus 2779675?,12063311
What is 26 plus 52?,78
What is 3339783 plus 5003469?,8343252
What is 845552 plus 170835?,1016387
What is 418514 plus 188460?,606974
What is 6085 plus 5801?,11886
What is 935655317 plus 417706073?,1353361390
What is 59961 plus 31443?,91404
What is 58346814 plus 94501626?,152848440
What is 23095453 plus 40689418?,63784871
What is 827383984 plus 650120287?,1477504271
What is 37789524 plus 24388959?,62178483
What is 769574 plus 590759?,1360333
What is 758 plus 442?,1200
What is 5601 plus 5384?,10985
What is 17670855 plus 62541939?,80212794
What is 67 plus 41?,108
What is 210 plus 451?,661
What is 86523 plus 62554?,149077
What is 33345 plus 19369?,52714
What is 5397852 plus 4369537?,9767389
What is 674773 plus 357262?,1032035
What is 29 plus 17?,46
What is 5562 plus 7082?,12644
What is 642625 plus 933347?,1575972
What is 145 plus 666?,811
What is 399781 plus 483799?,883580
What is 839895 plus 102594?,942489
What is 800 plus 567?,1367
What is 44423 plus 26427?,70850
What is 313 plus 143?,456
What is 3502367 plus 5842954?,9345321
What is 2584225709 plus 2161977934?,4746203643
What is 8081595 plus 3033537?,11115132
What is 5000 plus 2543?,7543
What is 6745484 plus 6463355?,13208839
What is 55860945 plus 27780174?,83641119
What is 30 plus 93?,123
What is 778908 plus 937235?,1716143
What is 3800276310 plus 2846028826?,6646305136
What is 479587169 plus 469842276?,949429445
What is 426387 plus 463623?,890010
What is 57 plus 41?,98
What is 740364 plus 705225?,1445589
What is 246 plus 970?,1216
What is 701 plus 117?,818
What is 39428 plus 72188?,111616
What is 1730329808 plus 7396634837?,9126964645
What is 5286168648 plus 8348855805?,13635024453
What is 56 plus 54?,110
What is 45223295 plus 38032897?,83256192
What is 89158723 plus 64031613?,153190336
What is 63168 plus 42362?,105530
What is 700184247 plus 461896527?,1162080774
What is 2591041604 plus 2335241415?,4926283019
What is 352 plus 620?,972
What is 58713 plus 85781?,144494
What is 855803559 plus 852934783?,1708738342
What is 99109939 plus 38371810?,137481749
What is 8481516 plus 2634765?,11116281
What is 433913 plus 592832?,1026745
What is 4957237975 plus 7223996425?,12181234400
What is 123151980 plus 171457453?,294609433
What is 9935931138 plus 7526382930?,17462314068
What is 9542 plus 2439?,11981
What is 47202 plus 69712?,116914
What is 850 plus 171?,1021
What is 69951 plus 58096?,128047
What is 283 plus 631?,914
What is 4470491587 plus 3563172846?,8033664433
What is 7772 plus 5876?,13648
What is 104132 plus 166879?,271011
What is 193106 plus 400090?,593196
What is 4224 plus 2156?,6380
What is 180379299 plus 610844882?,791224181
What is 570714 plus 821725?,1392439
What is 20379 plus 49902?,70281
What is 5373069 plus 2054522?,7427591
What is 970570 plus 813369?,1783939
What is 166159200 plus 764128282?,930287482
What is 9672987 plus 8215918?,17888905
What is 2307 plus 2403?,4710
What is 228653 plus 203678?,432331
What is 87474960 plus 35932468?,123407428
What is 3811 plus 7210?,11021
What is 95846 plus 92814?,188660
What is 808146 plus 992832?,1800978
What is 95 plus 67?,162
What is 5256710870 plus 3037573724?,8294284594
What is 78 plus 26?,104
What is 9085876810 plus 4059031526?,13144908336
What is 7628 plus 8170?,15798
What is 302833110 plus 892907328?,1195740438
What is 844400 plus 201141?,1045541
What is 75607 plus 94934?,170541
What is 875763 plus 543479?,1419242
What is 6615 plus 8586?,15201
What is 7937415 plus 1570746?,9508161
What is 33 plus 94?,127
What is 18 plus 57?,75
What is 60392 plus 57972?,118364
What is 8765 plus 1840?,10605
What is 468 plus 301?,769
What is 57727 plus 26859?,84586
What is 472 plus 233?,705
What is 8926764 plus 9152091?,18078855
What is 62 plus 40?,102
What is 6553016 plus 5498901?,12051917
What is 5893 plus 9527?,15420
What is 25 plus 79?,104
What is 957 plus 863?,1820
What is 4066 plus 3474?,7540
What is 421080 plus 652122?,1073202
What is 768 plus 573?,1341
What is 127493 plus 921153?,1048646
What is 8581268 plus 1097275?,9678543
What is 702437809 plus 491680430?,1194118239
What is 535 plus 186?,721
What is 3564198492 plus 2544750909?,6108949401
What is 948557899 plus 923442900?,1872000799
What is 968 plus 251?,1219
What is 904 plus 318?,1222
What is 639 plus 130?,769
What is 5161487954 plus 7022443158?,12183931112
What is 897033 plus 552348?,1449381
What is 5944 plus 5211?,11155
What is 3022880 plus 1207493?,4230373
What is 714936916 plus 369719000?,1084655916
What is 72127752 plus 96316590?,168444342
What is 929 plus 248?,1177
What is 431313147 plus 386909899?,818223046
What is 332136347 plus 254300942?,586437289
What is 160746 plus 897454?,1058200
What is 94 plus 86?,180
What is 917912203 plus 983222573?,1901134776
What is 19322738 plus 32833864?,52156602
What is 799 plus 141?,940
What is 417 plus 961?,1378
What is 60956524 plus 13810084?,74766608
What is 110574982 plus 118931512?,229506494
What is 3928 plus 6650?,10578
What is 97 plus 22?,119
What is 1785397954 plus 6331219794?,8116617748
What is 56329009 plus 42921813?,99250822
What is 667 plus 693?,1360
What is 16 plus 50?,66
What is 9901095 plus 8005956?,17907051
What is 403922505 plus 706650493?,1110572998
What is 92540566 plus 91130372?,183670938
What is 971773 plus 829958?,1801731
What is 699 plus 865?,1564
What is 98834 plus 15266?,114100
What is 61031306 plus 83912249?,144943555
What is 7348 plus 9797?,17145
What is 1415526 plus 7251927?,8667453
What is 102 plus 407?,509
What is 790 plus 651?,1441
What is 572386827 plus 938305538?,1510692365
What is 503 plus 277?,780
What is 866 plus 753?,1619
What is 7956 plus 9914?,17870
What is 526400467 plus 141042617?,667443084
What is 15 plus 14?,29
What is 7933057026 plus 1858326909?,9791383935
What is 77797626 plus 85338711?,163136337
What is 5615610 plus 5525493?,11141103
What is 83457 plus 42838?,126295
What is 7877 plus 7528?,15405
What is 98207 plus 26629?,124836
What is 42746283 plus 10443269?,53189552
What is 529188 plus 692290?,1221478
What is 1368858 plus 5427930?,6796788
What is 706 plus 622?,1328
What is 68 plus 54?,122
What is 22 plus 36?,58
What is 961792574 plus 853202867?,1814995441
What is 80355 plus 73356?,153711
What is 50365 plus 63845?,114210
What is 4201 plus 3185?,7386
What is 368143 plus 108533?,476676
What is 2467 plus 2441?,4908
What is 53902 plus 99823?,153725
What is 6314162 plus 1827456?,8141618
What is 8154430 plus 3295634?,11450064
What is 15 plus 65?,80
What is 8435592 plus 1734246?,10169838
What is 7186183 plus 1447164?,8633347
What is 4486 plus 3461?,7947
What is 156869 plus 222195?,379064
What is 7043 plus 6812?,13855
What is 6119 plus 6508?,12627
What is 9982925 plus 3166659?,13149584
What is 357 plus 229?,586
What is 691409871 plus 444105539?,1135515410
What is 67 plus 76?,143
What is 273 plus 599?,872
What is 783697 plus 518409?,1302106
What is 48790137 plus 56160831?,104950968
What is 8723975 plus 6884099?,15608074
What is 1595736176 plus 2039244228?,3634980404
What is 8144649 plus 3807532?,11952181
What is 518 plus 461?,979
What is 8596 plus 7748?,16344
What is 7978115 plus 5315206?,13293321
What is 4480875 plus 1723112?,6203987
What is 958362624 plus 748326848?,1706689472
What is 27933087 plus 69849852?,97782939
What is 900673 plus 321745?,1222418
What is 194800 plus 899436?,1094236
What is 47 plus 39?,86
What is 318 plus 864?,1182
What is 567301 plus 180272?,747573
What is 64735 plus 74785?,139520
What is 9817510 plus 6573982?,16391492
What is 78957942 plus 90454507?,169412449
What is 9288 plus 7733?,17021
What is 731 plus 335?,1066
What is 904628 plus 131902?,1036530
What is 4345 plus 2926?,7271
What is 941290 plus 571912?,1513202
What is 1803333 plus 6836013?,8639346
What is 51315 plus 98781?,150096
What is 8789 plus 2409?,11198
What is 45760 plus 73656?,119416
What is 516693 plus 555612?,1072305
What is 114024844 plus 488041845?,602066689
What is 735657 plus 307383?,1043040
What is 418188940 plus 590598346?,1008787286
What is 2209273 plus 4122851?,6332124
What is 100 plus 766?,866
What is 681 plus 445?,1126
What is 36 plus 92?,128
What is 774324 plus 889568?,1663892
What is 19430104 plus 99188652?,118618756
What is 8441012 plus 4198019?,12639031
What is 83 plus 65?,148
What is 329 plus 749?,1078
What is 516 plus 226?,742
What is 4516 plus 1272?,5788
What is 55889 plus 85723?,141612
What is 453 plus 994?,1447
What is 52340256 plus 78618706?,130958962
What is 38194 plus 63423?,101617
What is 6708 plus 2274?,8982
What is 4199046007 plus 3981364740?,8180410747
What is 7983943332 plus 8225740376?,16209683708
What is 86 plus 83?,169
What is 60 plus 59?,119
What is 5627910 plus 5119223?,10747133
What is 707316095 plus 148482997?,855799092
What is 20 plus 97?,117
What is 25260127 plus 12526687?,37786814
What is 8714524 plus 1642964?,10357488
What is 8461328 plus 1551369?,10012697
What is 7579451943 plus 8260066188?,15839518131
What is 3453981 plus 9821411?,13275392
What is 14186042 plus 96362661?,110548703
What is 38071 plus 84349?,122420
What is 2713 plus 1515?,4228
What is 43809225 plus 87428563?,131237788
What is 62 plus 82?,144
What is 9867086 plus 1826635?,11693721
What is 40030 plus 19051?,59081
What is 81589 plus 13251?,94840
What is 115939026 plus 670356803?,786295829
What is 5045150 plus 2485973?,7531123
What is 6009918 plus 7479611?,13489529
What is 39505 plus 38459?,77964
What is 195 plus 982?,1177
What is 8865989 plus 6789736?,15655725
What is 755 plus 107?,862
What is 4754934845 plus 8405340641?,13160275486
What is 8683459796 plus 3739354347?,12422814143
What is 40438187 plus 59382232?,99820419
What is 4096 plus 1774?,5870
What is 1859 plus 9615?,11474
What is 7155646070 plus 2758921548?,9914567618
What is 557 plus 181?,738
What is 67 plus 77?,144
What is 2676797509 plus 5365159826?,8041957335
What is 3934169 plus 6582305?,10516474
What is 16 plus 64?,80
What is 1751 plus 4528?,6279
What is 5622518882 plus 6400363658?,12022882540
What is 237226562 plus 742361014?,979587576
What is 81138176 plus 88503887?,169642063
What is 61103865 plus 39315319?,100419184
What is 153024849 plus 776394406?,929419255
What is 1872 plus 6385?,8257
What is 9848 plus 6638?,16486
What is 34789 plus 82446?,117235
What is 30910103 plus 77654717?,108564820
What is 7896668 plus 5274352?,13171020
What is 874793369 plus 331394014?,1206187383
What is 898881 plus 429491?,1328372
What is 90297022 plus 67915121?,158212143
What is 162 plus 300?,462
What is 453801 plus 134959?,588760
What is 180127 plus 549319?,729446
What is 16855398 plus 85745608?,102601006
What is 113747177 plus 693376346?,807123523
What is 727761408 plus 867026249?,1594787657
What is 55 plus 96?,151
What is 9468976563 plus 1420622963?,10889599526
What is 756506043 plus 953955171?,1710461214
What is 397949712 plus 315813764?,713763476
What is 8320747 plus 9629528?,17950275
What is 7929699950 plus 7363188481?,15292888431
What is 8732 plus 8519?,17251
What is 64210786 plus 94004770?,158215556
What is 3717356 plus 6930888?,10648244
What is 61081 plus 81191?,142272
What is 606566 plus 992598?,1599164
What is 113 plus 370?,483
What is 660 plus 491?,1151
What is 159678 plus 762432?,922110
What is 28057 plus 21357?,49414
What is 807 plus 416?,1223
What is 9770068 plus 5053447?,14823515
What is 2296 plus 1168?,3464
What is 313 plus 144?,457
What is 294586 plus 560064?,854650
What is 214562414 plus 149992777?,364555191
What is 3562514176 plus 6314985652?,9877499828
What is 57 plus 64?,121
What is 97 plus 24?,121
What is 3926072 plus 9052423?,12978495
What is 505982551 plus 787167799?,1293150350
What is 4661 plus 2112?,6773
What is 812512486 plus 768008093?,1580520579
What is 29775555 plus 70528070?,100303625
What is 18 plus 76?,94
What is 704 plus 698?,1402
What is 14839 plus 22563?,37402
What is 26843001 plus 49499970?,76342971
What is 97348 plus 55114?,152462
What is 242329897 plus 111051805?,353381702
What is 204 plus 710?,914
What is 5195382308 plus 1204391127?,6399773435
What is 854259094 plus 241005706?,1095264800
What is 898912 plus 699967?,1598879
What is 3241671861 plus 1086503855?,4328175716
What is 2349864 plus 7199385?,9549249
What is 668 plus 579?,1247
What is 210 plus 648?,858
What is 71411463 plus 99989300?,171400763
What is 24998 plus 62275?,87273
What is 7623859425 plus 8980452043?,16604311468
What is 126569 plus 788561?,915130
What is 6228114 plus 1046842?,7274956
What is 7459 plus 6464?,13923
What is 347243315 plus 592424934?,939668249
What is 136 plus 227?,363
What is 10498683 plus 35723283?,46221966
What is 6380184738 plus 7170704242?,13550888980
What is 5033 plus 3590?,8623
What is 55 plus 84?,139
What is 461849554 plus 196630854?,658480408
What is 29856 plus 64055?,93911
What is 1130 plus 7900?,9030
What is 246315 plus 961156?,1207471
What is 4794 plus 4376?,9170
What is 5860552 plus 3842727?,9703279
What is 7174117034 plus 2908028302?,10082145336
What is 227 plus 388?,615
What is 31887647 plus 47543432?,79431079
What is 94846550 plus 39115428?,133961978
What is 54532055 plus 84511844?,139043899
What is 11179 plus 60647?,71826
What is 56 plus 78?,134
What is 413556 plus 523336?,936892
What is 86 plus 55?,141
What is 356 plus 345?,701
What is 55 plus 89?,144
What is 4316914 plus 6335656?,10652570
What is 874 plus 241?,1115
What is 94299 plus 98587?,192886
What is 627054334 plus 395538835?,1022593169
What is 2645789 plus 3060381?,5706170
What is 41 plus 51?,92
What is 35 plus 79?,114
What is 874259 plus 687417?,1561676
What is 151833011 plus 525329017?,677162028
What is 83866456 plus 87699524?,171565980
What is 140153 plus 944677?,1084830
What is 310 plus 504?,814
What is 7162587046 plus 9345824292?,16508411338
What is 84200045 plus 48992074?,133192119
What is 91 plus 37?,128
What is 427 plus 457?,884
What is 873429827 plus 797898471?,1671328298
What is 881977375 plus 924820914?,1806798289
What is 43558568 plus 39606713?,83165281
What is 74 plus 92?,166
What is 4532038 plus 8276078?,12808116
What is 95076897 plus 33142591?,128219488
What is 250842472 plus 615272930?,866115402
What is 84 plus 82?,166
What is 44 plus 85?,129
What is 1722288690 plus 4245136274?,5967424964
What is 61392566 plus 64410861?,125803427
What is 8070246 plus 1953543?,10023789
What is 854 plus 838?,1692
What is 3223186 plus 5252078?,8475264
What is 81527 plus 15591?,97118
What is 7768 plus 5325?,13093
What is 995 plus 550?,1545
What is 40789 plus 25839?,66628
What is 43815 plus 40393?,84208
What is 64694973 plus 23272732?,87967705
What is 57 plus 96?,153
What is 8435335 plus 4554180?,12989515
What is 6359 plus 5828?,12187
What is 146 plus 251?,397
What is 373780 plus 962036?,1335816
What is 32372 plus 88393?,120765
What is 86185 plus 50051?,136236
What is 45316 plus 40475?,85791
What is 507 plus 534?,1041
What is 948060 plus 796844?,1744904
What is 46 plus 44?,90
What is 6616568 plus 6226474?,12843042
What is 98 plus 94?,192
What is 41583082 plus 56875704?,98458786
What is 698296 plus 669526?,1367822
What is 681649 plus 115564?,797213
What is 61472 plus 78770?,140242
What is 92423517 plus 75633580?,168057097
What is 3127654 plus 4406694?,7534348
What is 10 plus 20?,30
What is 50673 plus 47327?,98000
What is 385 plus 290?,675
What is 112314580 plus 544075989?,656390569
What is 26 plus 56?,82
What is 4368820013 plus 7206353962?,11575173975
What is 715801515 plus 278652157?,994453672
What is 417 plus 866?,1283
What is 35 plus 83?,118
What is 46770230 plus 73363940?,120134170
What is 4714489 plus 3823740?,8538229
What is 79 plus 98?,177
What is 237388 plus 343565?,580953
What is 58917535 plus 88656079?,147573614
What is 4109890982 plus 3218536093?,7328427075
What is 211 plus 744?,955
What is 40560 plus 15565?,56125
What is 18 plus 44?,62
What is 274927 plus 904873?,1179800
What is 20 plus 45?,65
What is 1157 plus 1837?,2994
What is 6506368 plus 3783579?,10289947
What is 42081582 plus 90774105?,132855687
What is 56 plus 95?,151
What is 26 plus 85?,111
What is 4330 plus 8618?,12948
What is 887 plus 991?,1878
What is 4997 plus 7432?,12429
What is 9691267789 plus 3541893329?,13233161118
What is 96595 plus 88238?,184833
What is 85119 plus 39692?,124811
What is 594 plus 140?,734
What is 43 plus 79?,122
What is 1236 plus 9258?,10494
What is 53 plus 64?,117
What is 550601897 plus 320532532?,871134429
What is 6436 plus 3882?,10318
What is 94382 plus 92434?,186816
What is 97 plus 91?,188
What is 324191750 plus 754573609?,1078765359
What is 84 plus 25?,109
What is 8414746154 plus 7813407249?,16228153403
What is 582683898 plus 264988968?,847672866
What is 61744139 plus 28608848?,90352987
What is 5603850 plus 1732788?,7336638
What is 6589175635 plus 5975321133?,12564496768
What is 98 plus 15?,113
What is 71808 plus 59085?,130893
What is 92686 plus 19278?,111964
What is 216 plus 798?,1014
What is 5135 plus 8994?,14129
What is 5263015 plus 9658690?,14921705
What is 79983624 plus 63800047?,143783671
What is 7870 plus 7656?,15526
What is 15 plus 20?,35
What is 4166549 plus 7852518?,12019067
What is 3079964204 plus 2945671214?,6025635418
What is 56184557 plus 18913131?,75097688
What is 58874710 plus 24134807?,83009517
What is 63 plus 34?,97
What is 440 plus 420?,860
What is 4262535 plus 4180640?,8443175
What is 60208 plus 90173?,150381
What is 32156100 plus 50970643?,83126743
What is 7772953328 plus 2822510529?,10595463857
What is 961764 plus 203971?,1165735
What is 52254 plus 81576?,133830
What is 307397571 plus 287872068?,595269639
What is 9125 plus 2564?,11689
What is 504022 plus 699165?,1203187
What is 961521384 plus 312754777?,1274276161
What is 992 plus 363?,1355
What is 961110 plus 984978?,1946088
What is 233366 plus 407190?,640556
What is 94470 plus 83115?,177585
What is 153033649 plus 575728690?,728762339
What is 4461499 plus 3939364?,8400863
What is 675 plus 629?,1304
What is 25223511 plus 41188813?,66412324
What is 223 plus 365?,588
What is 8974 plus 9420?,18394
What is 76112 plus 50341?,126453
What is 36124141 plus 82155063?,118279204
What is 99786094 plus 76155513?,175941607
What is 1879220 plus 1402323?,3281543
What is 4170426 plus 8619331?,12789757
What is 74924 plus 26251?,101175
What is 56 plus 61?,117
What is 88 plus 99?,187
What is 4743387441 plus 8913255731?,13656643172
What is 910196201 plus 840927285?,1751123486
What is 876121 plus 484798?,1360919
What is 2199196 plus 6999736?,9198932
What is 5158 plus 2436?,7594
What is 62666 plus 80163?,142829
What is 3552749283 plus 9633047199?,13185796482
What is 728414316 plus 423264723?,1151679039
What is 928575815 plus 261626819?,1190202634
What is 97 plus 86?,183
What is 6356027 plus 9361361?,15717388
What is 38757 plus 45293?,84050
What is 17126 plus 65746?,82872
What is 4728 plus 4828?,9556
What is 2169748645 plus 7924745040?,10094493685
What is 9693366 plus 3492377?,13185743
What is 49 plus 77?,126
What is 717571 plus 278401?,995972
What is 7590680218 plus 9238430869?,16829111087
What is 51005349 plus 42271377?,93276726
What is 4848286078 plus 8287369870?,13135655948
What is 2652863 plus 2899342?,5552205
What is 75327 plus 18299?,93626
What is 565132 plus 112990?,678122
What is 217262976 plus 611810854?,829073830
What is 76052 plus 34170?,110222
What is 5981 plus 2169?,8150
What is 889053 plus 695230?,1584283
What is 803259 plus 157541?,960800
What is 4333724 plus 8788755?,13122479
What is 5366365992 plus 3658766708?,9025132700
What is 6087740655 plus 1657479085?,7745219740
What is 60786546 plus 77823253?,138609799
What is 76 plus 81?,157
What is 8868562485 plus 2161623556?,11030186041
What is 4291130 plus 8417724?,12708854
What is 237671328 plus 665374423?,903045751
What is 638 plus 562?,1200
What is 71912897 plus 83212056?,155124953
What is 144390204 plus 535929415?,680319619
What is 31151590 plus 73067259?,104218849
What is 998191 plus 746322?,1744513
What is 27518 plus 98839?,126357
What is 42959 plus 63150?,106109
What is 1875 plus 8499?,10374
What is 32301 plus 97155?,129456
What is 203 plus 100?,303
What is 3701225455 plus 1691461374?,5392686829
What is 637022756 plus 168011546?,805034302
What is 442689606 plus 100964567?,543654173
What is 434 plus 323?,757
What is 1613989 plus 8099763?,9713752
What is 6185942242 plus 9136995585?,15322937827
What is 327 plus 481?,808
What is 727147 plus 818657?,1545804
What is 603 plus 185?,788
What is 64 plus 83?,147
What is 7629264606 plus 6256338886?,13885603492
What is 5749 plus 5564?,11313
What is 5231861 plus 2055611?,7287472
What is 768160340 plus 299950902?,1068111242
What is 967 plus 626?,1593
What is 63162299 plus 34853892?,98016191
What is 299858924 plus 228528515?,528387439
What is 1837373 plus 9530541?,11367914
What is 1140 plus 8476?,9616
What is 17863 plus 46654?,64517
What is 64854985 plus 89629334?,154484319
What is 930 plus 645?,1575
What is 52509 plus 35156?,87665
What is 358 plus 227?,585
What is 7299301 plus 4568442?,11867743
What is 88696 plus 62667?,151363
What is 2378 plus 7488?,9866
What is 630376526 plus 704634404?,1335010930
What is 2040155 plus 9461820?,11501975
What is 58 plus 91?,149
What is 9402597106 plus 7193230384?,16595827490
What is 36885 plus 34402?,71287
What is 912 plus 889?,1801
What is 723 plus 827?,1550
What is 1532 plus 3286?,4818
What is 62 plus 74?,136
What is 1117022 plus 8362182?,9479204
What is 225701 plus 937022?,1162723
What is 50 plus 44?,94
What is 1386 plus 5194?,6580
What is 82862030 plus 43242956?,126104986
What is 166534 plus 896485?,1063019
What is 433 plus 641?,1074
What is 63073622 plus 95538941?,158612563
What is 748366048 plus 503422970?,1251789018
What is 15 plus 64?,79
What is 2170831047 plus 6973575982?,9144407029
What is 336227116 plus 479071915?,815299031
What is 977953456 plus 305883682?,1283837138
What is 7347694018 plus 9933467805?,17281161823
What is 68 plus 17?,85
What is 365119 plus 428429?,793548
What is 1368740068 plus 8119188882?,9487928950
What is 5913892849 plus 9267458043?,15181350892
What is 610770774 plus 889839136?,1500609910
What is 32 plus 94?,126
What is 46144071 plus 95348914?,141492985
What is 24546312 plus 32970960?,57517272
What is 39226 plus 81038?,120264
What is 62493826 plus 60933384?,123427210
What is 52 plus 30?,82
What is 18993 plus 22124?,41117
What is 9272932006 plus 6399238852?,15672170858
What is 643509 plus 975460?,1618969
What is 4617099 plus 1021681?,5638780
What is 71005 plus 37047?,108052
What is 8689 plus 9319?,18008
What is 3307186 plus 9995341?,13302527
What is 4088044690 plus 3847012444?,7935057134
What is 33 plus 28?,61
What is 3812656478 plus 9185933731?,12998590209
What is 365 plus 692?,1057
What is 25020 plus 82475?,107495
What is 92731171 plus 53620904?,146352075
What is 25792921 plus 34368114?,60161035
What is 36 plus 46?,82
What is 922379944 plus 632768852?,1555148796
What is 6953730 plus 6777173?,13730903
What is 387732633 plus 311847852?,699580485
What is 8043119 plus 6114478?,14157597
What is 792 plus 229?,1021
What is 835 plus 111?,946
What is 4116069 plus 5837229?,9953298
What is 109620 plus 785086?,894706
What is 78317269 plus 21885533?,100202802
What is 34575 plus 62529?,97104
What is 58485 plus 24003?,82488
What is 510549 plus 121810?,632359
What is 1441120 plus 9436263?,10877383
What is 4139011 plus 3029726?,7168737
What is 25 plus 92?,117
What is 4303910 plus 2598578?,6902488
What is 179576 plus 209842?,389418
What is 25366874 plus 76217732?,101584606
What is 56971 plus 32128?,89099
What is 509621393 plus 205439601?,715060994
What is 76182838 plus 88783598?,164966436
What is 11481892 plus 11618214?,23100106
What is 466745277 plus 988050761?,1454796038
What is 182124 plus 995559?,1177683
What is 9381038 plus 5352328?,14733366
What is 52 plus 21?,73
What is 433 plus 389?,822
What is 94992439 plus 85409520?,180401959
What is 889234 plus 300597?,1189831
What is 782271 plus 237551?,1019822
What is 8463873 plus 8584399?,17048272
What is 642614242 plus 842804707?,1485418949
What is 98843 plus 71434?,170277
What is 3013786033 plus 6795771578?,9809557611
What is 40 plus 72?,112
What is 21 plus 10?,31
What is 803005 plus 194258?,997263
What is 81 plus 56?,137
What is 457 plus 182?,639
What is 2015 plus 6436?,8451
What is 190660345 plus 308597675?,499258020
What is 7269974 plus 3092169?,10362143
What is 58 plus 38?,96
What is 2655 plus 7851?,10506
What is 890 plus 773?,1663
What is 975972 plus 819192?,1795164
What is 51040997 plus 88139963?,139180960
What is 124776 plus 235862?,360638
What is 15 plus 36?,51
What is 65717 plus 89050?,154767
What is 79610 plus 64707?,144317
What is 487866 plus 485657?,973523
What is 345 plus 165?,510
What is 575115993 plus 515886138?,1091002131
What is 79 plus 28?,107
What is 92453 plus 74032?,166485
What is 55533344 plus 30211908?,85745252
What is 6424420 plus 2303178?,8727598
What is 47288 plus 15860?,63148
What is 5927595 plus 3591179?,9518774
What is 315943958 plus 451156587?,767100545
What is 4708338216 plus 6155988091?,10864326307
What is 11 plus 55?,66
What is 82 plus 30?,112
What is 21 plus 37?,58
What is 4282958016 plus 7169851087?,11452809103
What is 71936078 plus 49777140?,121713218
What is 843 plus 342?,1185
What is 3918448 plus 7513146?,11431594
What is 269528517 plus 690986515?,960515032
What is 787 plus 181?,968
What is 988301 plus 802144?,1790445
What is 858 plus 858?,1716
What is 77800 plus 57383?,135183
What is 87738414 plus 70081856?,157820270
What is 54 plus 15?,69
What is 9778 plus 4560?,14338
What is 3303419 plus 8317541?,11620960
What is 72842154 plus 32912635?,105754789
What is 49663970 plus 34394977?,84058947
What is 452867 plus 731299?,1184166
What is 71 plus 98?,169
What is 4246 plus 3051?,7297
What is 1997 plus 7020?,9017
What is 177 plus 121?,298
What is 67 plus 58?,125
What is 4521715 plus 2253692?,6775407
What is 7076228244 plus 5927839974?,13004068218
What is 21 plus 51?,72
What is 649402 plus 288301?,937703
What is 1921 plus 5524?,7445
What is 993891 plus 975002?,1968893
What is 2218245621 plus 6186123601?,8404369222
What is 4023898 plus 2990740?,7014638
What is 22857 plus 60597?,83454
What is 87844846 plus 56494318?,144339164
What is 83600353 plus 34860564?,118460917
What is 73363944 plus 70869251?,144233195
What is 87668907 plus 13075054?,100743961
What is 95 plus 59?,154
What is 76108341 plus 65953436?,142061777
What is 244121676 plus 125938145?,370059821
What is 4975 plus 6037?,11012
What is 78532 plus 82370?,160902
What is 43393 plus 36123?,79516
What is 3183 plus 9410?,12593
What is 6408 plus 6071?,12479
What is 60428868 plus 56367352?,116796220
What is 85151 plus 19906?,105057
What is 69776623 plus 71949682?,141726305
What is 16173703 plus 35100843?,51274546
What is 106103037 plus 273874262?,379977299
What is 807069 plus 584616?,1391685
What is 4714147536 plus 4752384683?,9466532219
What is 57396 plus 18601?,75997
What is 766 plus 888?,1654
What is 77687880 plus 11155464?,88843344
What is 8204333 plus 2568284?,10772617
What is 5228300472 plus 4565215368?,9793515840
What is 4693023 plus 6996037?,11689060
What is 289707 plus 538515?,828222
What is 7610 plus 2596?,10206
What is 72555536 plus 75071267?,147626803
What is 6634 plus 8608?,15242
What is 6807201250 plus 5757312387?,12564513637
What is 39268218 plus 30956902?,70225120
What is 19085 plus 60689?,79774
What is 406 plus 504?,910
What is 50749287 plus 75130086?,125879373
What is 51489 plus 91859?,143348
What is 979 plus 399?,1378
What is 16900 plus 84524?,101424
What is 7698837488 plus 2701276029?,10400113517
What is 5930725853 plus 6383713167?,12314439020
What is 8284272089 plus 8238214271?,16522486360
What is 75 plus 38?,113
What is 29 plus 47?,76
What is 2477 plus 9945?,12422
What is 39 plus 28?,67
What is 63 plus 62?,125
What is 9641240 plus 5975858?,15617098
What is 86 plus 92?,178
What is 5078444185 plus 6460700818?,11539145003
What is 762 plus 732?,1494
What is 941080 plus 544959?,1486039
What is 91849805 plus 37557947?,129407752
What is 390221 plus 905815?,1296036
What is 599095 plus 293907?,893002
What is 78 plus 23?,101
What is 6239 plus 5756?,11995
What is 92 plus 17?,109
What is 513034851 plus 631928546?,1144963397
What is 774281587 plus 684612126?,1458893713
What is 4487879075 plus 4690745276?,9178624351
What is 5414814861 plus 5193222241?,10608037102
What is 724 plus 386?,1110
What is 49833016 plus 82239128?,132072144
What is 57928163 plus 34180935?,92109098
What is 862725 plus 828063?,1690788
What is 42756 plus 92699?,135455
What is 379378 plus 304270?,683648
What is 7340 plus 6764?,14104
What is 59 plus 40?,99
What is 85654 plus 64209?,149863
What is 763040 plus 796485?,1559525
What is 45488425 plus 14744645?,60233070
What is 938573 plus 729254?,1667827
What is 21573 plus 13831?,35404
What is 4355950454 plus 4823157767?,9179108221
What is 645698 plus 852783?,1498481
What is 61 plus 41?,102
What is 6571633 plus 7346316?,13917949
What is 40251656 plus 82808195?,123059851
What is 634604419 plus 223912561?,858516980
What is 61110 plus 37169?,98279
What is 92785 plus 49685?,142470
What is 55875 plus 30742?,86617
What is 4229 plus 3011?,7240
What is 120674360 plus 184502335?,305176695
What is 44 plus 80?,124
What is 91974443 plus 94828644?,186803087
What is 44402 plus 36568?,80970
What is 57695 plus 55791?,113486
What is 801217269 plus 794908526?,1596125795
What is 9392266 plus 4741637?,14133903
What is 791 plus 349?,1140
What is 9809 plus 4286?,14095
What is 67209612 plus 79795102?,147004714
What is 407 plus 290?,697
What is 44717840 plus 74634928?,119352768
What is 89 plus 33?,122
What is 243 plus 488?,731
What is 19257324 plus 53196279?,72453603
What is 578 plus 110?,688
What is 77 plus 62?,139
What is 70 plus 33?,103
What is 155434432 plus 376678539?,532112971
What is 5965 plus 1813?,7778
What is 183057 plus 593922?,776979
What is 5379 plus 7775?,13154
What is 3363998240 plus 8110483872?,11474482112
What is 958486543 plus 727458268?,1685944811
What is 20 plus 97?,117
What is 6643735397 plus 7736569713?,14380305110
What is 12041 plus 98831?,110872
What is 92637471 plus 17071089?,109708560
What is 5146 plus 5543?,10689
What is 6278323407 plus 4420658306?,10698981713
What is 3531 plus 9474?,13005
What is 18772 plus 85380?,104152
What is 220840 plus 201013?,421853
What is 8045344159 plus 7673833550?,15719177709
What is 45765 plus 97885?,143650
What is 662221749 plus 454028620?,1116250369
What is 3380 plus 1023?,4403
What is 4038309601 plus 7219089176?,11257398777
What is 45435 plus 74256?,119691
What is 3710642 plus 4934215?,8644857
What is 2163369047 plus 4502852205?,6666221252
What is 7750167 plus 2304249?,10054416
What is 54360715 plus 81616345?,135977060
What is 68243 plus 58859?,127102
What is 9434366 plus 2479157?,11913523
What is 9515010 plus 8595713?,18110723
What is 3916109307 plus 3801892648?,7718001955
What is 822875 plus 318234?,1141109
What is 1320802 plus 4200426?,5521228
What is 3542701 plus 7952750?,11495451
What is 9212908 plus 9381961?,18594869
What is 95564884 plus 91591298?,187156182
What is 76767201 plus 82805405?,159572606
What is 75826820 plus 63178237?,139005057
What is 524925 plus 819375?,1344300
What is 328453611 plus 269886367?,598339978
What is 72 plus 79?,151
What is 91 plus 43?,134
What is 786740 plus 194104?,980844
What is 345372 plus 507921?,853293
What is 85 plus 50?,135
What is 921 plus 379?,1300
What is 5342315159 plus 3066396623?,8408711782
What is 1196 plus 8044?,9240
What is 887241251 plus 851732556?,1738973807
What is 6051 plus 8030?,14081
What is 11916 plus 61027?,72943
What is 139394243 plus 809930023?,949324266
What is 35188 plus 41793?,76981
What is 413568178 plus 156574576?,570142754
What is 558928597 plus 751326969?,1310255566
What is 8187740072 plus 3311572980?,11499313052
What is 6828 plus 8030?,14858
What is 205235 plus 160414?,365649
What is 39100 plus 56263?,95363
What is 83 plus 48?,131
What is 4359 plus 5113?,9472
What is 10221416 plus 72234386?,82455802
What is 364796 plus 404733?,769529
What is 318 plus 159?,477
What is 8301003760 plus 1957389099?,10258392859
What is 24708744 plus 47037063?,71745807
What is 303009837 plus 787315855?,1090325692
What is 7633038864 plus 5304732254?,12937771118
What is 57 plus 64?,121
What is 826540 plus 703120?,1529660
What is 869367439 plus 569578611?,1438946050
What is 42093 plus 27796?,69889
What is 965538035 plus 733270454?,1698808489
What is 238 plus 165?,403
What is 214850825 plus 208032210?,422883035
What is 46 plus 45?,91
What is 3184 plus 8995?,12179
What is 332558723 plus 628176978?,960735701
What is 302053 plus 675718?,977771
What is 247908 plus 894366?,1142274
What is 98 plus 19?,117
What is 19628571 plus 86108579?,105737150
What is 4464 plus 9705?,14169
What is 598362962 plus 553804311?,1152167273
What is 90636371 plus 37557661?,128194032
What is 2619 plus 9862?,12481
What is 31219 plus 43649?,74868
What is 55371 plus 85556?,140927
What is 202 plus 273?,475
What is 788 plus 467?,1255
What is 4312407051 plus 1385388649?,5697795700
What is 3900622201 plus 3495276476?,7395898677
What is 23 plus 16?,39
What is 7765961 plus 3666618?,11432579
What is 89 plus 10?,99
What is 74 plus 46?,120
What is 9680 plus 6602?,16282
What is 95222 plus 56057?,151279
What is 92 plus 91?,183
What is 1742356 plus 3248711?,4991067
What is 6690781267 plus 8589837495?,15280618762
What is 703 plus 909?,1612
What is 16 plus 28?,44
What is 501 plus 345?,846
What is 28800 plus 71530?,100330
What is 53 plus 12?,65
What is 2910734747 plus 7203436788?,10114171535
What is 96063 plus 79491?,175554
What is 6351 plus 8586?,14937
What is 6736527689 plus 3276040994?,10012568683
What is 9332506 plus 1546671?,10879177
What is 609631187 plus 106947674?,716578861
What is 72271 plus 70174?,142445
What is 4605312 plus 1576917?,6182229
What is 7214839 plus 9795084?,17009923
What is 53681 plus 84341?,138022
What is 803 plus 385?,1188
What is 5803183525 plus 7979243833?,13782427358
What is 6554346 plus 2069514?,8623860
What is 17 plus 55?,72
What is 771576591 plus 838455925?,1610032516
What is 789 plus 132?,921
What is 1392580 plus 5669614?,7062194
What is 75 plus 22?,97
What is 6055 plus 5652?,11707
What is 9505964 plus 9993994?,19499958
What is 7917054 plus 2909052?,10826106
What is 208422452 plus 532983040?,741405492
What is 86737770 plus 13653004?,100390774
What is 9654317 plus 1141820?,10796137
What is 69593 plus 64627?,134220
What is 1468 plus 9865?,11333
What is 226 plus 571?,797
What is 215 plus 802?,1017
What is 1082713808 plus 6372238455?,7454952263
What is 22099592 plus 23236261?,45335853
What is 33724940 plus 79778936?,113503876
What is 1877 plus 3864?,5741
What is 3384776328 plus 2384012245?,5768788573
What is 965 plus 848?,1813
What is 37976 plus 22954?,60930
What is 3396546 plus 9478496?,12875042
What is 3171 plus 8268?,11439
What is 92 plus 55?,147
What is 451 plus 505?,956
What is 551039 plus 610493?,1161532
What is 5061656607 plus 4078555846?,9140212453
What is 97089855 plus 96252233?,193342088
What is 43854057 plus 64843464?,108697521
What is 8535 plus 7613?,16148
What is 2155712122 plus 2135898008?,4291610130
What is 85942842 plus 36965695?,122908537
What is 677 plus 528?,1205
What is 716923581 plus 900714605?,1617638186
What is 2860252 plus 3793863?,6654115
What is 296711 plus 178162?,474873
What is 45 plus 93?,138
What is 830479811 plus 914488243?,1744968054
What is 15676 plus 94047?,109723
What is 750 plus 239?,989
What is 940 plus 408?,1348
What is 58731 plus 60566?,119297
What is 12115 plus 66628?,78743
What is 85674 plus 56843?,142517
What is 4191 plus 4448?,8639
What is 23399 plus 91058?,114457
What is 607494 plus 749369?,1356863
What is 6014224961 plus 4135068609?,10149293570
What is 3124327 plus 5909577?,9033904
What is 65834739 plus 31408104?,97242843
What is 5089251 plus 6938703?,12027954
What is 77 plus 76?,153
What is 130353 plus 614074?,744427
What is 37337969 plus 63643363?,100981332
What is 163720404 plus 496409243?,660129647
What is 67255016 plus 25175024?,92430040
What is 446 plus 282?,728
What is 936030 plus 757137?,1693167
What is 1707 plus 4659?,6366
What is 3811232 plus 5213151?,9024383
What is 33661654 plus 47101818?,80763472
What is 496389017 plus 257371342?,753760359
What is 46 plus 95?,141
What is 4022 plus 6533?,10555
What is 20 plus 58?,78
What is 379 plus 780?,1159
What is 471335843 plus 337693400?,809029243
What is 28240 plus 55451?,83691
What is 73835 plus 53608?,127443
What is 650 plus 764?,1414
What is 13387 plus 44771?,58158
What is 482046 plus 318337?,800383
What is 476530 plus 139506?,616036
What is 2954366039 plus 1450175683?,4404541722
What is 703 plus 280?,983
What is 436947531 plus 721761432?,1158708963
What is 244473 plus 708885?,953358
What is 7671 plus 9068?,16739
What is 7775064697 plus 9304510152?,17079574849
What is 437862247 plus 133934795?,571797042
What is 22065 plus 85813?,107878
What is 8283 plus 2782?,11065
What is 7282062 plus 2464175?,9746237
What is 5448814770 plus 5969444081?,11418258851
What is 85603339 plus 46763376?,132366715
What is 331 plus 763?,1094
What is 7412138 plus 3612681?,11024819
What is 4435 plus 6441?,10876
What is 8473398447 plus 2947224292?,11420622739
What is 22 plus 74?,96
What is 28 plus 39?,67
What is 38567 plus 34139?,72706
What is 1450420 plus 1084233?,2534653
What is 7190 plus 6096?,13286
What is 18342 plus 28649?,46991
What is 768 plus 292?,1060
What is 647409841 plus 340464476?,987874317
What is 2172496 plus 4386933?,6559429
What is 74853 plus 88795?,163648
What is 268192 plus 580412?,848604
What is 3792558 plus 1055846?,4848404
What is 568085 plus 648041?,1216126
What is 688332 plus 598884?,1287216
What is 30840073 plus 15834524?,46674597
What is 158 plus 422?,580
What is 6194620 plus 9940716?,16135336
What is 3409669088 plus 1521211206?,4930880294
What is 69 plus 26?,95
What is 186 plus 421?,607
What is 4174081 plus 6274411?,10448492
What is 323593 plus 742479?,1066072
What is 6850521 plus 2760391?,9610912
What is 344 plus 638?,982
What is 792507 plus 988136?,1780643
What is 655926 plus 477260?,1133186
What is 11986 plus 99113?,111099
What is 2384 plus 7441?,9825
What is 5984110 plus 2673892?,8658002
What is 6620568718 plus 6471071903?,13091640621
What is 447 plus 292?,739
What is 272 plus 554?,826
What is 7811049956 plus 2369053069?,10180103025
What is 534 plus 917?,1451
What is 387325 plus 389068?,776393
What is 8610 plus 9945?,18555
What is 402 plus 987?,1389
What is 7862866 plus 3901724?,11764590
What is 99 plus 56?,155
What is 8174084 plus 8717380?,16891464
What is 43224 plus 87070?,130294
What is 4247995 plus 6414161?,10662156
What is 945701536 plus 316000331?,1261701867
What is 59 plus 81?,140
What is 6562 plus 6756?,13318
What is 394 plus 774?,1168
What is 4231298 plus 6679935?,10911233
What is 8780 plus 7989?,16769
What is 275122 plus 212005?,487127
What is 118 plus 789?,907
What is 1172 plus 5565?,6737
What is 83321281 plus 33486115?,116807396
What is 54257 plus 55397?,109654
What is 6758094059 plus 8701353203?,15459447262
What is 3375 plus 5090?,8465
What is 6563 plus 2418?,8981
What is 134081 plus 112830?,246911
What is 8302855 plus 4136947?,12439802
What is 462338 plus 620613?,1082951
What is 9798895149 plus 5682550346?,15481445495
What is 852386 plus 830943?,1683329
What is 686820912 plus 554744745?,1241565657
What is 93292 plus 32242?,125534
What is 1760 plus 4705?,6465
What is 9953 plus 9575?,19528
What is 159 plus 817?,976
What is 668332 plus 921844?,1590176
What is 713 plus 540?,1253
What is 165 plus 882?,1047
What is 7702895 plus 2405499?,10108394
What is 9090398 plus 6579464?,15669862
What is 38 plus 45?,83
What is 219 plus 503?,722
What is 167278680 plus 832776948?,1000055628
What is 796 plus 257?,1053
What is 2311446 plus 7269436?,9580882
What is 10 plus 55?,65
What is 9710 plus 3878?,13588
What is 17300 plus 95733?,113033
What is 5902965142 plus 5032377804?,10935342946
What is 6333450311 plus 5982202936?,12315653247
What is 901656479 plus 443162122?,1344818601
What is 6441 plus 3651?,10092
What is 483 plus 261?,744
What is 79 plus 89?,168
What is 851346769 plus 184587470?,1035934239
What is 589204824 plus 233220440?,822425264
What is 47 plus 84?,131
What is 259338 plus 684545?,943883
What is 860077323 plus 764687723?,1624765046
What is 68831 plus 30919?,99750
What is 134 plus 765?,899
What is 409 plus 508?,917
What is 60026312 plus 32626379?,92652691
What is 946 plus 729?,1675
What is 410 plus 446?,856
What is 55 plus 26?,81
What is 3605614206 plus 1278497527?,4884111733
What is 60644 plus 31933?,92577
What is 995976 plus 470433?,1466409
What is 1289 plus 7611?,8900
What is 9227 plus 1989?,11216
What is 35983 plus 66155?,102138
What is 202544061 plus 649721282?,852265343
What is 99583938 plus 39012474?,138596412
What is 7496 plus 2269?,9765
What is 14302615 plus 73298840?,87601455
What is 5655 plus 5304?,10959
What is 368424671 plus 999590669?,1368015340
What is 879614850 plus 625573492?,1505188342
What is 80024 plus 70824?,150848
What is 611567237 plus 274085495?,885652732
What is 22091 plus 16981?,39072
What is 439367 plus 833947?,1273314
What is 14716 plus 10329?,25045
What is 724 plus 691?,1415
What is 6332679710 plus 4734114419?,11066794129
What is 43 plus 46?,89
What is 213355 plus 270407?,483762
What is 621 plus 779?,1400
What is 153 plus 341?,494
What is 31689518 plus 57236699?,88926217
What is 886208 plus 510874?,1397082
What is 490481 plus 621807?,1112288
What is 566 plus 526?,1092
What is 3633655354 plus 7631765263?,11265420617
What is 9842 plus 5983?,15825
What is 492681 plus 551107?,1043788
What is 74632504 plus 28468633?,103101137
What is 2977475 plus 2863751?,5841226
What is 5620 plus 3194?,8814
What is 5850101 plus 6885581?,12735682
What is 1338 plus 4531?,5869
What is 37101 plus 40538?,77639
What is 192323240 plus 102716918?,295040158
What is 365344548 plus 346989290?,712333838
What is 266 plus 330?,596
What is 125 plus 888?,1013
What is 729330840 plus 372348637?,1101679477
What is 9004 plus 3710?,12714
What is 747528 plus 352627?,1100155
What is 1219 plus 8768?,9987
What is 7448585516 plus 3377274248?,10825859764
What is 156127245 plus 210369220?,366496465
What is 558183395 plus 972187469?,1530370864
What is 88 plus 95?,183
What is 17 plus 84?,101
What is 685987 plus 231136?,917123
What is 5911492763 plus 2593973587?,8505466350
What is 41851 plus 51521?,93372
What is 44 plus 98?,142
What is 74169 plus 80052?,154221
What is 7902 plus 5840?,13742
What is 411467043 plus 308480273?,719947316
What is 8246 plus 4877?,13123
What is 6895131832 plus 5975841659?,12870973491
What is 103219765 plus 864755146?,967974911
What is 513 plus 851?,1364
What is 79635 plus 81562?,161197
What is 2722598 plus 5612201?,8334799
What is 4370 plus 2539?,6909
What is 8785283613 plus 3717142818?,12502426431
What is 8510 plus 6977?,15487
What is 36612 plus 77687?,114299
What is 41360976 plus 35302032?,76663008
What is 513 plus 154?,667
What is 73 plus 93?,166
What is 7348462 plus 3317029?,10665491
What is 580 plus 744?,1324
What is 529081 plus 852444?,1381525
What is 571 plus 472?,1043
What is 952460 plus 552302?,1504762
What is 491727354 plus 459466689?,951194043
What is 24 plus 42?,66
What is 640387 plus 360659?,1001046
What is 42 plus 62?,104
What is 3850 plus 9534?,13384
What is 819641950 plus 685197828?,1504839778
What is 90251 plus 68520?,158771
What is 126 plus 641?,767
What is 19587 plus 84463?,104050
What is 2699153 plus 7328908?,10028061
What is 4735235 plus 5796694?,10531929
What is 502575 plus 421016?,923591
What is 37 plus 99?,136
What is 767563 plus 854870?,1622433
What is 837 plus 544?,1381
What is 76040 plus 13633?,89673
What is 794005 plus 825447?,1619452
What is 854715451 plus 471697308?,1326412759
What is 86714071 plus 38323908?,125037979
What is 4266 plus 8874?,13140
What is 40462082 plus 73497554?,113959636
What is 98647788 plus 58074599?,156722387
What is 46764 plus 21004?,67768
What is 31141 plus 49950?,81091
What is 732 plus 674?,1406
What is 19555327 plus 55720245?,75275572
What is 20555 plus 47435?,67990
What is 8629443021 plus 5216571129?,13846014150
What is 969958677 plus 341703689?,1311662366
What is 5710801596 plus 5201234389?,10912035985
What is 58077 plus 72925?,131002
What is 529 plus 133?,662
What is 6969111 plus 9010877?,15979988
What is 4765 plus 6215?,10980
What is 21248 plus 95172?,116420
What is 47254 plus 27442?,74696
What is 8035152450 plus 5703918258?,13739070708
What is 1623 plus 3448?,5071
What is 27565 plus 40268?,67833
What is 962405111 plus 160230944?,1122636055
What is 6246 plus 7380?,13626
What is 25 plus 68?,93
What is 695 plus 874?,1569
What is 78 plus 36?,114
What is 65577687 plus 70021299?,135598986
What is 80593 plus 24359?,104952
What is 6016165982 plus 1795195170?,7811361152
What is 575 plus 798?,1373
What is 777760 plus 709834?,1487594
What is 347546070 plus 810624960?,1158171030
What is 88298240 plus 69182678?,157480918
What is 433040006 plus 615286346?,1048326352
What is 4305837 plus 5107999?,9413836
What is 1472244620 plus 1839397398?,3311642018
What is 201 plus 264?,465
What is 69818850 plus 94588302?,164407152
What is 66414 plus 24278?,90692
What is 55824 plus 55886?,111710
What is 163870464 plus 372824511?,536694975
What is 8233 plus 1675?,9908
What is 9276271 plus 7440483?,16716754
What is 3831925 plus 7800107?,11632032
What is 63919 plus 32039?,95958
What is 506059031 plus 412855130?,918914161
What is 8504335275 plus 7008973428?,15513308703
What is 30489 plus 79705?,110194
What is 943 plus 125?,1068
What is 34205 plus 17172?,51377
What is 63 plus 89?,152
What is 12 plus 73?,85
What is 6599995 plus 5814549?,12414544
What is 5393456 plus 4090791?,9484247
What is 48333 plus 53403?,101736
What is 1105 plus 9067?,10172
What is 6669098 plus 4221158?,10890256
What is 2021375342 plus 1272697959?,3294073301
What is 372 plus 325?,697
What is 99 plus 71?,170
What is 157570 plus 896784?,1054354
What is 287 plus 834?,1121
What is 9214768 plus 2886844?,12101612
What is 182393470 plus 829157267?,1011550737
What is 36 plus 14?,50
What is 5999680819 plus 9822097901?,15821778720
What is 61460426 plus 43855787?,105316213
What is 9601463139 plus 3380658787?,12982121926
What is 506 plus 700?,1206
What is 990201 plus 456088?,1446289
What is 181574 plus 854618?,1036192
What is 81594 plus 88906?,170500
What is 999 plus 716?,1715
What is 358 plus 375?,733
What is 7424492 plus 8670451?,16094943
What is 460 plus 908?,1368
What is 602 plus 397?,999
What is 66515224 plus 47832577?,114347801
What is 6156 plus 5362?,11518
What is 179 plus 711?,890
What is 3415 plus 9504?,12919
What is 809696988 plus 548957454?,1358654442
What is 878 plus 471?,1349
What is 725606201 plus 625057974?,1350664175
What is 988041 plus 906285?,1894326
What is 154771037 plus 592650333?,747421370
What is 2547 plus 7896?,10443
What is 50 plus 74?,124
What is 924235642 plus 788945771?,1713181413
What is 72935 plus 12055?,84990
What is 7122 plus 1830?,8952
What is 7529797108 plus 8898959250?,16428756358
What is 36385 plus 79352?,115737
What is 88213 plus 25032?,113245
What is 18499254 plus 96340515?,114839769
What is 4803677081 plus 1149791821?,5953468902
What is 385 plus 816?,1201
What is 76130092 plus 47828200?,123958292
What is 33773604 plus 49127030?,82900634
What is 446459 plus 559737?,1006196
What is 1001 plus 6142?,7143
What is 94358 plus 84467?,178825
What is 193 plus 961?,1154
What is 465868 plus 867469?,1333337
What is 4700806880 plus 9624625805?,14325432685
What is 88743 plus 63093?,151836
What is 3089 plus 1833?,4922
What is 89747 plus 93222?,182969
What is 70 plus 16?,86
What is 8251837 plus 6135426?,14387263
What is 687607 plus 339007?,1026614
What is 90 plus 18?,108
What is 223118091 plus 874808131?,1097926222
What is 290 plus 715?,1005
What is 42309199 plus 19489057?,61798256
What is 35863834 plus 51635320?,87499154
What is 943184071 plus 875797061?,1818981132
What is 16735 plus 14062?,30797
What is 1450593641 plus 4550935478?,6001529119
What is 8903012 plus 6970578?,15873590
What is 8280 plus 6116?,14396
What is 46458382 plus 59188800?,105647182
What is 4625134446 plus 5441867627?,10067002073
What is 616389 plus 728997?,1345386
What is 300 plus 128?,428
What is 61 plus 56?,117
What is 61 plus 85?,146
What is 434346730 plus 379951169?,814297899
What is 382671 plus 135800?,518471
What is 998069118 plus 155481465?,1153550583
What is 904093776 plus 943560007?,1847653783
What is 87 plus 82?,169
What is 611511878 plus 422402430?,1033914308
What is 71 plus 29?,100
What is 7450 plus 9656?,17106
What is 64727957 plus 42465612?,107193569
What is 5198644 plus 9034456?,14233100
What is 2645 plus 8136?,10781
What is 99557 plus 95664?,195221
What is 12122080 plus 81341304?,93463384
What is 21984174 plus 95133321?,117117495
What is 73 plus 24?,97
What is 50 plus 15?,65
What is 86705344 plus 58511523?,145216867
What is 678286 plus 269039?,947325
What is 1558410 plus 8799727?,10358137
What is 38 plus 80?,118
What is 730516 plus 598029?,1328545
What is 2819959259 plus 1847380609?,4667339868
What is 1654386 plus 6080150?,7734536
What is 94446021 plus 39971409?,134417430
What is 94860 plus 93227?,188087
What is 9417709561 plus 8201672324?,17619381885
What is 81411969 plus 81439562?,162851531
What is 7228 plus 2716?,9944
What is 9273425 plus 6677007?,15950432
What is 4131 plus 4605?,8736
What is 9922259270 plus 4707138828?,14629398098
What is 7616636489 plus 5651628318?,13268264807
What is 5795049693 plus 1361783265?,7156832958
What is 655852706 plus 631198017?,1287050723
What is 94811 plus 63766?,158577
What is 23161065 plus 78575019?,101736084
What is 307 plus 729?,1036
What is 7649373 plus 4930510?,12579883
What is 625130 plus 106778?,731908
What is 36664642 plus 57822188?,94486830
What is 817 plus 324?,1141
What is 231771891 plus 405111048?,636882939
What is 9167 plus 2491?,11658
What is 67725932 plus 38306743?,106032675
What is 7662011366 plus 8464681337?,16126692703
What is 26034203 plus 56343264?,82377467
What is 20079360 plus 18590284?,38669644
What is 23 plus 91?,114
What is 5950361 plus 4330800?,10281161
What is 9463124 plus 1881515?,11344639
What is 8252 plus 2097?,10349
What is 124787531 plus 171684194?,296471725
What is 2199 plus 3502?,5701
What is 442338 plus 531047?,973385
What is 30714306 plus 58936662?,89650968
What is 1697591824 plus 6230406336?,7927998160
What is 896 plus 438?,1334
What is 9418229 plus 3735781?,13154010
What is 86917 plus 96893?,183810
What is 2104250 plus 6323057?,8427307
What is 127834 plus 872637?,1000471
What is 8442 plus 2229?,10671
What is 545 plus 544?,1089
What is 79143 plus 73610?,152753
What is 9072 plus 8120?,17192
What is 363 plus 244?,607
What is 707942102 plus 463798456?,1171740558
What is 54 plus 32?,86
What is 98 plus 55?,153
What is 3989318 plus 8898949?,12888267
What is 67843116 plus 81241481?,149084597
What is 96926 plus 86170?,183096
What is 526 plus 373?,899
What is 2390719159 plus 4544026698?,6934745857
What is 826462 plus 629755?,1456217
What is 271 plus 779?,1050
What is 1182194 plus 1901098?,3083292
What is 4977477117 plus 1124419232?,6101896349
What is 317027346 plus 497945409?,814972755
What is 4449 plus 5492?,9941
What is 54795042 plus 96579056?,151374098
What is 967670614 plus 998037731?,1965708345
What is 53 plus 31?,84
What is 1287972 plus 4824272?,6112244
What is 177 plus 541?,718
What is 301 plus 592?,893
What is 3194601 plus 7949120?,11143721
What is 1585026 plus 5151548?,6736574
What is 99072 plus 66240?,165312
What is 278634964 plus 748911768?,1027546732
What is 141062408 plus 192447536?,333509944
What is 170970 plus 781673?,952643
What is 66313 plus 82249?,148562
What is 1152405151 plus 3918462360?,5070867511
What is 1883 plus 3591?,5474
What is 17943504 plus 30702271?,48645775
What is 92 plus 14?,106
What is 953 plus 241?,1194
What is 42346478 plus 74909844?,117256322
What is 2953744 plus 1016627?,3970371
What is 4645238 plus 9996988?,14642226
What is 2915964 plus 3830025?,6745989
What is 7426828214 plus 3219611867?,10646440081
What is 3499675569 plus 8424504825?,11924180394
What is 591294459 plus 199773742?,791068201
What is 384706 plus 722917?,1107623
What is 47 plus 19?,66
What is 38936077 plus 26460592?,65396669
What is 611367146 plus 699304548?,1310671694
What is 6301384 plus 4071528?,10372912
What is 779 plus 660?,1439
What is 5528101984 plus 8556414703?,14084516687
What is 13 plus 18?,31
What is 940 plus 872?,1812
What is 2248 plus 1209?,3457
What is 785 plus 223?,1008
What is 8350313 plus 6936125?,15286438
What is 3393167727 plus 5303977613?,8697145340
What is 7463867 plus 9035628?,16499495
What is 875874 plus 423223?,1299097
What is 927 plus 999?,1926
What is 13145781 plus 54925166?,68070947
What is 8298460606 plus 4980336645?,13278797251
What is 719819 plus 970616?,1690435
What is 21447901 plus 10178310?,31626211
What is 124131 plus 909437?,1033568
What is 11 plus 58?,69
What is 4243505426 plus 6875647777?,11119153203
What is 687 plus 430?,1117
What is 76 plus 98?,174
What is 597 plus 220?,817
What is 553 plus 431?,984
What is 6229 plus 3691?,9920
What is 88434 plus 49532?,137966
What is 7206959685 plus 8353880178?,15560839863
What is 9389765174 plus 7781245888?,17171011062
What is 73187 plus 15539?,88726
What is 111 plus 101?,212
What is 8539406 plus 6775966?,15315372
What is 79236 plus 17756?,96992
What is 20808577 plus 78830219?,99638796
What is 54498508 plus 10479845?,64978353
What is 3054556477 plus 9249033268?,12303589745
What is 708399 plus 546798?,1255197
What is 4477890 plus 1151232?,5629122
What is 5969 plus 5475?,11444
What is 274 plus 502?,776
What is 67510232 plus 34751804?,102262036
What is 916037 plus 461255?,1377292
What is 8349 plus 7368?,15717
What is 50 plus 20?,70
What is 590989 plus 842455?,1433444
What is 581 plus 542?,1123
What is 56 plus 13?,69
What is 1164220880 plus 9415618521?,10579839401
What is 707402882 plus 111673534?,819076416
What is 527 plus 738?,1265
What is 41 plus 64?,105
What is 8802597205 plus 7736345438?,16538942643
What is 554 plus 184?,738
What is 9940658 plus 5331491?,15272149
What is 42 plus 64?,106
What is 479634278 plus 473168101?,952802379
What is 2437606 plus 7205108?,9642714
What is 642871911 plus 521836540?,1164708451
What is 5803216 plus 4217539?,10020755
What is 7139 plus 6614?,13753
What is 8488396626 plus 3984353727?,12472750353
What is 145998 plus 284550?,430548
What is 750033 plus 704831?,1454864
What is 682153183 plus 500905222?,1183058405
What is 4502 plus 9436?,13938
What is 87674232 plus 30749976?,118424208
What is 298090 plus 651399?,949489
What is 584028 plus 411473?,995501
What is 377 plus 533?,910
What is 9421 plus 1345?,10766
What is 85017540 plus 10323510?,95341050
What is 56556 plus 80256?,136812
What is 4780789 plus 2213686?,6994475
What is 10 plus 38?,48
What is 8003 plus 8362?,16365
What is 110801487 plus 726623383?,837424870
What is 5668474625 plus 6524737295?,12193211920
What is 92 plus 41?,133
What is 15 plus 66?,81
What is 5131793 plus 8008734?,13140527
What is 28 plus 16?,44
What is 396 plus 660?,1056
What is 63250 plus 89916?,153166
What is 367626 plus 852913?,1220539
What is 13523 plus 29861?,43384
What is 992204736 plus 960462308?,1952667044
What is 10220853 plus 38388760?,48609613
What is 3130 plus 7923?,11053
What is 621054789 plus 695608478?,1316663267
What is 32 plus 38?,70
What is 90 plus 50?,140
What is 754 plus 208?,962
What is 763 plus 611?,1374
What is 742188156 plus 314973850?,1057162006
What is 47663817 plus 33135746?,80799563
What is 40944663 plus 34690498?,75635161
What is 151 plus 466?,617
What is 53782469 plus 74891980?,128674449
What is 92 plus 19?,111
What is 20655601 plus 70930869?,91586470
What is 1082026269 plus 9465892564?,10547918833
What is 469541407 plus 815411780?,1284953187
What is 993545 plus 528919?,1522464
What is 82282001 plus 83291940?,165573941
What is 96296 plus 61639?,157935
What is 75191159 plus 96604657?,171795816
What is 7932575230 plus 1537739945?,9470315175
What is 48 plus 73?,121
What is 544934985 plus 149605622?,694540607
What is 5321 plus 1661?,6982
What is 994136 plus 801589?,1795725
What is 5554 plus 7762?,13316
What is 1369260 plus 1808180?,3177440
What is 460 plus 527?,987
What is 42360 plus 13791?,56151
What is 6252 plus 5591?,11843
What is 1404 plus 9209?,10613
What is 8592 plus 4928?,13520
What is 68673168 plus 35969649?,104642817
What is 86327348 plus 71580125?,157907473
What is 9144890 plus 7179884?,16324774
What is 752711256 plus 181316763?,934028019
What is 678 plus 771?,1449
What is 59613995 plus 87118081?,146732076
What is 91616 plus 41446?,133062
What is 52 plus 49?,101
What is 8575414 plus 6148436?,14723850
What is 964 plus 795?,1759
What is 943 plus 727?,1670
What is 35 plus 95?,130
What is 28995 plus 78961?,107956
What is 78020508 plus 83210752?,161231260
What is 76647335 plus 30775105?,107422440
What is 974367843 plus 974170977?,1948538820
What is 2535890907 plus 1493622870?,4029513777
What is 846945288 plus 414819649?,1261764937
What is 2354993476 plus 5174930244?,7529923720
What is 5136 plus 2849?,7985
What is 152673922 plus 942730652?,1095404574
What is 2998634170 plus 2704413951?,5703048121
What is 395 plus 449?,844
What is 967 plus 219?,1186
What is 702 plus 371?,1073
What is 29 plus 40?,69
What is 174 plus 279?,453
What is 4213386475 plus 2204439812?,6417826287
What is 3816577559 plus 1238973448?,5055551007
What is 1088929311 plus 1887380942?,2976310253
What is 648093163 plus 990820282?,1638913445
What is 5436692 plus 7593393?,13030085
What is 3194 plus 5845?,9039
What is 7761917 plus 6679462?,14441379
What is 57 plus 88?,145
What is 6667 plus 7586?,14253
What is 9517 plus 7815?,17332
What is 231 plus 439?,670
What is 1533242927 plus 1625866346?,3159109273
What is 66232 plus 68710?,134942
What is 223832857 plus 540194701?,764027558
What is 825924 plus 887599?,1713523
What is 464 plus 619?,1083
What is 4391729 plus 2712329?,7104058
What is 9939883 plus 2342221?,12282104
What is 159920416 plus 685452208?,845372624
What is 90897 plus 93301?,184198
What is 1601404 plus 2100280?,3701684
What is 81110 plus 45149?,126259
What is 6266813 plus 1774687?,8041500
What is 6350095 plus 7877210?,14227305
What is 658997271 plus 383850779?,1042848050
What is 252644 plus 835744?,1088388
What is 50783 plus 92962?,143745
What is 9821643921 plus 5039859311?,14861503232
What is 2219397908 plus 6428228064?,8647625972
What is 8073 plus 8480?,16553
What is 1173 plus 9939?,11112
What is 9250 plus 2610?,11860
What is 47665574 plus 73566069?,121231643
What is 5575 plus 2459?,8034
What is 5782202402 plus 8550953494?,14333155896
What is 382 plus 106?,488
What is 3927 plus 1873?,5800
What is 67594559 plus 94363116?,161957675
What is 745459 plus 310160?,1055619
What is 1815509 plus 2073474?,3888983
What is 1138 plus 7015?,8153
What is 357957 plus 356359?,714316
What is 3400 plus 6674?,10074
What is 2023 plus 1286?,3309
What is 9054 plus 9720?,18774
What is 5450 plus 5422?,10872
What is 349111 plus 697374?,1046485
What is 945575 plus 388275?,1333850
What is 36 plus 53?,89
What is 572172 plus 720761?,1292933
What is 320059 plus 718749?,1038808
What is 4990983 plus 5955257?,10946240
What is 5645547719 plus 3069445916?,8714993635
What is 666365 plus 701972?,1368337
What is 7241692022 plus 2617917478?,9859609500
What is 768207666 plus 498212754?,1266420420
What is 61 plus 73?,134
What is 33628 plus 48764?,82392
What is 50712 plus 41018?,91730
What is 871675 plus 152455?,1024130
What is 140597 plus 565558?,706155
What is 501 plus 623?,1124
What is 847 plus 855?,1702
What is 644799 plus 230123?,874922
What is 6650729223 plus 9413248339?,16063977562
What is 5921837277 plus 6081739496?,12003576773
What is 562 plus 689?,1251
What is 9038188 plus 3568740?,12606928
What is 7486268 plus 9736747?,17223015
What is 373 plus 237?,610
What is 10 plus 73?,83
What is 6780918455 plus 5929848967?,12710767422
What is 120070595 plus 906967010?,1027037605
What is 129 plus 307?,436
What is 8099949539 plus 1921828663?,10021778202
What is 924135 plus 557448?,1481583
What is 606938 plus 927110?,1534048
What is 9747 plus 6385?,16132
What is 76816266 plus 25177138?,101993404
What is 425724 plus 382456?,808180
What is 309119293 plus 571385903?,880505196
What is 281 plus 338?,619
What is 8684672 plus 4867124?,13551796
What is 70 plus 55?,125
What is 5556432079 plus 1458176917?,7014608996
What is 16473 plus 22112?,38585
What is 800 plus 695?,1495
What is 14 plus 77?,91
What is 688 plus 822?,1510
What is 12 plus 56?,68
What is 1314 plus 5300?,6614
What is 83772041 plus 23461129?,107233170
What is 9710496541 plus 2911138528?,12621635069
What is 6831770432 plus 8719987095?,15551757527
What is 215509010 plus 687956685?,903465695
What is 51645 plus 13279?,64924
What is 64 plus 82?,146
What is 947336 plus 286310?,1233646
What is 1010545631 plus 1386494714?,2397040345
What is 86653659 plus 97248800?,183902459
What is 798853 plus 396659?,1195512
What is 4122999 plus 4991188?,9114187
What is 551 plus 794?,1345
What is 99485 plus 32725?,132210
What is 5140315 plus 6224003?,11364318
What is 513060 plus 210298?,723358
What is 92529 plus 83692?,176221
What is 2560211305 plus 7392304181?,9952515486
What is 520954266 plus 598212580?,1119166846
What is 174180437 plus 477712951?,651893388
What is 3487086 plus 9912705?,13399791
What is 406 plus 144?,550
What is 36757689 plus 28597649?,65355338
What is 3082 plus 8531?,11613
What is 52124 plus 71475?,123599
What is 165303 plus 389983?,555286
What is 6872540444 plus 5515473444?,12388013888
What is 455742827 plus 460039903?,915782730
What is 4674 plus 3895?,8569
What is 4448474168 plus 4871543967?,9320018135
What is 3798419843 plus 1292931872?,5091351715
What is 47239 plus 58400?,105639
What is 42 plus 42?,84
What is 6484249 plus 1434316?,7918565
What is 565275 plus 545769?,1111044
What is 4591523 plus 2661948?,7253471
What is 97245 plus 43007?,140252
What is 3353813 plus 2351013?,5704826
What is 5136013135 plus 6044797524?,11180810659
What is 381664115 plus 653208181?,1034872296
What is 898 plus 779?,1677
What is 9395 plus 6800?,16195
What is 8503 plus 9209?,17712
What is 4815 plus 4909?,9724
What is 42157149 plus 32626514?,74783663
What is 1588480048 plus 6230952196?,7819432244
What is 798452629 plus 325206506?,1123659135
What is 511 plus 480?,991
What is 21 plus 23?,44
What is 92 plus 13?,105
What is 5993256 plus 5770941?,11764197
What is 1384 plus 8289?,9673
What is 43 plus 57?,100
What is 94081 plus 32111?,126192
What is 8175753 plus 7896934?,16072687
What is 4962528127 plus 8190640709?,13153168836
What is 36 plus 14?,50
What is 4243610828 plus 8156775004?,12400385832
What is 663911471 plus 969255374?,1633166845
What is 7523228191 plus 4684101377?,12207329568
What is 411548302 plus 757357333?,1168905635
What is 40075324 plus 76892132?,116967456
What is 26 plus 44?,70
What is 6264446860 plus 3608613041?,9873059901
What is 556025163 plus 297468117?,853493280
What is 574 plus 176?,750
What is 897691804 plus 634262167?,1531953971
What is 2246442 plus 8276612?,10523054
What is 64787229 plus 80748351?,145535580
What is 248199353 plus 221695399?,469894752
What is 339687 plus 487929?,827616
What is 840501606 plus 933884198?,1774385804
What is 79095558 plus 36310702?,115406260
What is 4114120619 plus 2736052526?,6850173145
What is 3838842997 plus 1863590169?,5702433166
What is 249 plus 476?,725
What is 27 plus 78?,105
What is 5825298 plus 1721754?,7547052
What is 438257 plus 550357?,988614
What is 19841 plus 10012?,29853
What is 22106921 plus 95768640?,117875561
What is 90 plus 96?,186
What is 4589 plus 5239?,9828
What is 648639087 plus 343892908?,992531995
What is 9389 plus 2416?,11805
What is 9431562 plus 4643092?,14074654
What is 7615 plus 2737?,10352
What is 290390 plus 192251?,482641
What is 7541683 plus 1592319?,9134002
What is 38160214 plus 73572384?,111732598
What is 6272354 plus 3155134?,9427488
What is 637517246 plus 361371176?,998888422
What is 38 plus 63?,101
What is 722092 plus 347836?,1069928
What is 3758628832 plus 2772554276?,6531183108
What is 83 plus 57?,140
What is 28 plus 90?,118
What is 8481095 plus 8981697?,17462792
What is 121 plus 744?,865
What is 1232808036 plus 5274430108?,6507238144
What is 81520907 plus 80642172?,162163079
What is 846751 plus 712612?,1559363
What is 846002 plus 623250?,1469252
What is 643926 plus 310180?,954106
What is 419794 plus 128034?,547828
What is 3156 plus 3916?,7072
What is 84 plus 21?,105
What is 7051331096 plus 3980735891?,11032066987
What is 2528 plus 8173?,10701
What is 253965 plus 760224?,1014189
What is 205770420 plus 227487296?,433257716
What is 621887443 plus 539633953?,1161521396
What is 13507 plus 16096?,29603
What is 7553 plus 6010?,13563
What is 6136864200 plus 7023416365?,13160280565
What is 1471510 plus 1322401?,2793911
What is 98 plus 47?,145
What is 3222 plus 6224?,9446
What is 8530551 plus 7848706?,16379257
What is 44884157 plus 54632268?,99516425
What is 600704537 plus 282390842?,883095379
What is 5058 plus 3087?,8145
What is 484258 plus 308180?,792438
What is 651696 plus 636193?,1287889
What is 2953601 plus 9723520?,12677121
What is 300 plus 447?,747
What is 73 plus 34?,107
What is 2611596 plus 8070695?,10682291
What is 65 plus 99?,164
What is 67764 plus 20576?,88340
What is 1023336 plus 5614963?,6638299
What is 63508447 plus 71818174?,135326621
What is 11 plus 24?,35
What is 5612906906 plus 7834257396?,13447164302
What is 52263164 plus 93634212?,145897376
What is 969 plus 458?,1427
What is 694940 plus 547154?,1242094
What is 6431 plus 4602?,11033
What is 8641 plus 9018?,17659
What is 84358 plus 43550?,127908
What is 60857 plus 39593?,100450
What is 79414986 plus 30195593?,109610579
What is 533 plus 414?,947
What is 766 plus 200?,966
What is 62642 plus 60217?,122859
What is 564323 plus 394809?,959132
What is 2569 plus 9209?,11778
What is 739 plus 454?,1193
What is 323981435 plus 438303975?,762285410
What is 8340746 plus 6249532?,14590278
What is 30874 plus 90287?,121161
What is 895 plus 447?,1342
What is 28114 plus 51272?,79386
What is 28121996 plus 32984376?,61106372
What is 471320064 plus 903737338?,1375057402
What is 6174 plus 2142?,8316
What is 85482012 plus 60091718?,145573730
What is 741 plus 101?,842
What is 7718 plus 6459?,14177
What is 24 plus 27?,51
What is 5541 plus 7247?,12788
What is 39 plus 61?,100
What is 93 plus 30?,123
What is 8944998497 plus 9452381800?,18397380297
What is 761 plus 624?,1385
What is 6477762 plus 7190762?,13668524
What is 29180940 plus 86340171?,115521111
What is 98821530 plus 64954074?,163775604
What is 6618551 plus 1558923?,8177474
What is 24831195 plus 31802919?,56634114
What is 43926 plus 12986?,56912
What is 1940676 plus 4746508?,6687184
What is 994668 plus 562157?,1556825
What is 26874 plus 69222?,96096
What is 4184220 plus 9032590?,13216810
What is 4177201 plus 4221969?,8399170
What is 40 plus 73?,113
What is 52526 plus 37373?,89899
What is 15 plus 50?,65
What is 2418 plus 6457?,8875
What is 284988603 plus 956955772?,1241944375
What is 384452269 plus 489796625?,874248894
What is 31574511 plus 90279176?,121853687
What is 4936711625 plus 2636017811?,7572729436
What is 57 plus 21?,78
What is 9709098316 plus 6076605455?,15785703771
What is 3908274412 plus 2439592465?,6347866877
What is 141376574 plus 963408686?,1104785260
What is 7709 plus 9990?,17699
What is 9736 plus 7109?,16845
What is 46677 plus 39267?,85944
What is 338714193 plus 628854507?,967568700
What is 137385 plus 865553?,1002938
What is 581 plus 257?,838
What is 3827 plus 9377?,13204
What is 198628918 plus 932293168?,1130922086
What is 61 plus 68?,129
What is 94260988 plus 26035640?,120296628
What is 725 plus 455?,1180
What is 9276801 plus 6199183?,15475984
What is 258 plus 405?,663
What is 4067815874 plus 7873508055?,11941323929
What is 67 plus 44?,111
What is 13825073 plus 20766598?,34591671
What is 49918033 plus 67853239?,117771272
What is 980861462 plus 992819169?,1973680631
What is 3610018675 plus 1109223865?,4719242540
What is 328865579 plus 888218626?,1217084205
What is 553171 plus 984946?,1538117
What is 80174348 plus 68176396?,148350744
What is 29 plus 56?,85
What is 8406713807 plus 5651873515?,14058587322
What is 1982110 plus 2172731?,4154841
What is 886595 plus 519256?,1405851
What is 56500115 plus 57623451?,114123566
What is 5068638721 plus 9523633234?,14592271955
What is 88621701 plus 43626025?,132247726
What is 1857 plus 5250?,7107
What is 22879205 plus 94962953?,117842158
What is 4020642 plus 4471398?,8492040
What is 38176896 plus 37959125?,76136021
What is 10436 plus 65255?,75691
What is 318593 plus 470472?,789065
What is 760884982 plus 204822024?,965707006
What is 651 plus 688?,1339
What is 2951896 plus 2875210?,5827106
What is 3309 plus 4091?,7400
What is 31208460 plus 24981421?,56189881
What is 6032228180 plus 2619530140?,8651758320
What is 11380 plus 89268?,100648
What is 5910982 plus 3293856?,9204838
What is 462 plus 662?,1124
What is 184221 plus 715652?,899873
What is 25851 plus 36677?,62528
What is 95928828 plus 70244909?,166173737
What is 4882 plus 5865?,10747
What is 979224401 plus 162493420?,1141717821
What is 7035510 plus 1780598?,8816108
What is 331596 plus 991828?,1323424
What is 891 plus 516?,1407
What is 6321259 plus 4493747?,10815006
What is 79 plus 91?,170
What is 462172873 plus 493105415?,955278288
What is 261765514 plus 988960525?,1250726039
What is 30775968 plus 75683770?,106459738
What is 26912 plus 76042?,102954
What is 57076 plus 65317?,122393
What is 39001 plus 40108?,79109
What is 89376 plus 31275?,120651
What is 10832471 plus 84888551?,95721022
What is 9652435996 plus 4178617585?,13831053581
What is 17189 plus 98777?,115966
What is 8184 plus 4026?,12210
What is 399 plus 855?,1254
What is 3967312224 plus 2202380619?,6169692843
What is 24723 plus 71473?,96196
What is 9436 plus 2786?,12222
What is 71320333 plus 66932923?,138253256
What is 993453 plus 540765?,1534218
What is 14549682 plus 59021218?,73570900
What is 68702875 plus 15814198?,84517073
What is 780 plus 272?,1052
What is 89932 plus 55561?,145493
What is 5761468 plus 8109220?,13870688
What is 8121940 plus 8819782?,16941722
What is 39 plus 84?,123
What is 8950090876 plus 7672989129?,16623080005
What is 33006 plus 82408?,115414
What is 5450244134 plus 5044234859?,10494478993
What is 33241 plus 11766?,45007
What is 1532 plus 1710?,3242
What is 80943 plus 75046?,155989
What is 712 plus 253?,965
What is 296146 plus 281237?,577383
What is 857138 plus 572220?,1429358
What is 3251 plus 1489?,4740
What is 4349198 plus 6752705?,11101903
What is 8702 plus 8291?,16993
What is 5521319344 plus 4111630697?,9632950041
What is 775 plus 251?,1026
What is 1406611530 plus 8300327401?,9706938931
What is 502244 plus 300786?,803030
What is 51681 plus 92764?,144445
What is 14 plus 96?,110
What is 66 plus 31?,97
What is 78772 plus 72336?,151108
What is 133749 plus 354395?,488144
What is 75730696 plus 74986969?,150717665
What is 543266 plus 487519?,1030785
What is 592 plus 473?,1065
What is 5201 plus 6123?,11324
What is 447757577 plus 682820349?,1130577926
What is 6050 plus 8454?,14504
What is 1373715419 plus 4334960135?,5708675554
What is 88341803 plus 71886250?,160228053
What is 8868652191 plus 3119640380?,11988292571
What is 58747433 plus 72488498?,131235931
What is 626156533 plus 912399463?,1538555996
What is 5052 plus 7138?,12190
What is 5614 plus 3188?,8802
What is 739450 plus 140184?,879634
What is 108572655 plus 716840818?,825413473
What is 49086483 plus 19704814?,68791297
What is 4454503 plus 1760629?,6215132
What is 75045515 plus 87594869?,162640384
What is 9630772 plus 3525745?,13156517
What is 712752622 plus 939832593?,1652585215
What is 7470998906 plus 2350850779?,9821849685
What is 15278 plus 23031?,38309
What is 7196472 plus 4391642?,11588114
What is 537751 plus 214973?,752724
What is 16475 plus 65478?,81953
What is 21549 plus 69937?,91486
What is 6796951368 plus 7323011655?,14119963023
What is 5121 plus 2850?,7971
What is 6122 plus 3797?,9919
What is 79602366 plus 66037308?,145639674
What is 9755246848 plus 6939276135?,16694522983
What is 13 plus 88?,101
What is 3739 plus 6106?,9845
What is 324638 plus 746357?,1070995
What is 5944447 plus 6565433?,12509880
What is 562 plus 591?,1153
What is 6843551 plus 3232716?,10076267
What is 205798863 plus 403831009?,609629872
What is 507 plus 199?,706
What is 771 plus 232?,1003
What is 2536661 plus 8493982?,11030643
What is 398 plus 605?,1003
What is 13 plus 39?,52
What is 102634 plus 675238?,777872
What is 954 plus 731?,1685
What is 280339218 plus 915209040?,1195548258
What is 666 plus 685?,1351
What is 526 plus 290?,816
What is 41 plus 33?,74
What is 792 plus 160?,952
What is 73 plus 49?,122
What is 408 plus 626?,1034
What is 707751154 plus 132269339?,840020493
What is 4913087 plus 7818208?,12731295
What is 7662110 plus 4428964?,12091074
What is 3982683152 plus 5585138446?,9567821598
What is 718714 plus 459946?,1178660
What is 3453 plus 9698?,13151
What is 19 plus 69?,88
What is 944105719 plus 110252391?,1054358110
What is 4223 plus 1137?,5360
What is 978426673 plus 472542446?,1450969119
What is 1060570 plus 8969668?,10030238
What is 186 plus 173?,359
What is 2015 plus 4613?,6628
What is 135586864 plus 399787901?,535374765
What is 7269211 plus 9866894?,17136105
What is 594634970 plus 368783301?,963418271
What is 7486 plus 5224?,12710
What is 7553 plus 4895?,12448
What is 694 plus 484?,1178
What is 927843920 plus 264668136?,1192512056
What is 1751513300 plus 7430676419?,9182189719
What is 571660 plus 382693?,954353
What is 400171673 plus 544091096?,944262769
What is 53522302 plus 53187631?,106709933
What is 47 plus 65?,112
What is 49797895 plus 86374023?,136171918
What is 3459113 plus 3749444?,7208557
What is 87 plus 40?,127
What is 8985 plus 4583?,13568
What is 390031 plus 379901?,769932
What is 14322543 plus 60701206?,75023749
What is 383 plus 875?,1258
What is 75875289 plus 81659252?,157534541
What is 24 plus 67?,91
What is 341061677 plus 153554465?,494616142
What is 7455458656 plus 1617896279?,9073354935
What is 503849508 plus 654852376?,1158701884
What is 31 plus 12?,43
What is 91390 plus 22256?,113646
What is 9981669253 plus 2114084872?,12095754125
What is 287 plus 442?,729
What is 1298 plus 7100?,8398
What is 51 plus 96?,147
What is 97 plus 96?,193
What is 815 plus 570?,1385
What is 829837480 plus 459642961?,1289480441
What is 268599 plus 568412?,837011
What is 267444 plus 758451?,1025895
What is 41 plus 51?,92
What is 643 plus 948?,1591
What is 202254 plus 534693?,736947
What is 432160804 plus 618434102?,1050594906
What is 94772 plus 37496?,132268
What is 396364 plus 142375?,538739
What is 6855 plus 6823?,13678
What is 4725736 plus 2385997?,7111733
What is 4422 plus 6793?,11215
What is 569187 plus 415834?,985021
What is 83 plus 21?,104
What is 3272609492 plus 1995391913?,5268001405
What is 80 plus 42?,122
What is 61860455 plus 56964526?,118824981
What is 85 plus 27?,112
What is 732375852 plus 743922487?,1476298339
What is 2957233 plus 9342618?,12299851
What is 18 plus 10?,28
What is 5180024 plus 3570520?,8750544
What is 685108804 plus 270211521?,955320325
What is 425 plus 938?,1363
What is 950 plus 239?,1189
What is 76941218 plus 88131315?,165072533
What is 4062124 plus 7478881?,11541005
What is 537380140 plus 487101511?,1024481651
What is 960301 plus 385714?,1346015
What is 1476204 plus 8979623?,10455827
What is 8021612781 plus 3870845215?,11892457996
What is 898469 plus 941191?,1839660
What is 912733974 plus 767976179?,1680710153
What is 18 plus 31?,49
What is 5085040 plus 5472041?,10557081
What is 3640489178 plus 7050423775?,10690912953
What is 95 plus 69?,164
What is 41 plus 84?,125
What is 14 plus 63?,77
What is 4425108 plus 2860171?,7285279
What is 3674625 plus 8249734?,11924359
What is 57 plus 58?,115
What is 8850 plus 6174?,15024
What is 91948 plus 86017?,177965
What is 682 plus 912?,1594
What is 14329 plus 81730?,96059
What is 82678 plus 32826?,115504
What is 58207 plus 78383?,136590
What is 5726505 plus 8484459?,14210964
What is 5536888 plus 2307104?,7843992
What is 1389676 plus 5105645?,6495321
What is 9043436657 plus 9439732280?,18483168937
What is 970768466 plus 702227356?,1672995822
What is 66575277 plus 23428982?,90004259
What is 3297 plus 1399?,4696
What is 70 plus 93?,163
What is 4576563 plus 5809599?,10386162
What is 8342998231 plus 1775356800?,10118355031
What is 9035313 plus 1237042?,10272355
What is 7817548 plus 3725817?,11543365
What is 596 plus 417?,1013
What is 86562 plus 97365?,183927
What is 77393 plus 64647?,142040
What is 533988418 plus 789113840?,1323102258
What is 8449 plus 7907?,16356
What is 3214608033 plus 3937524090?,7152132123
What is 68095690 plus 14495204?,82590894
What is 85865 plus 26932?,112797
What is 5514983 plus 3824832?,9339815
What is 9738008 plus 8006271?,17744279
What is 8129361 plus 1598910?,9728271
What is 763036176 plus 236367020?,999403196
What is 6235060 plus 8674125?,14909185
What is 5107 plus 7736?,12843
What is 45 plus 41?,86
What is 28 plus 70?,98
What is 9386 plus 2285?,11671
What is 29930 plus 71221?,101151
What is 3323412 plus 1092334?,4415746
What is 5033822 plus 1162702?,6196524
What is 9823 plus 9898?,19721
What is 66 plus 27?,93
What is 65201 plus 29486?,94687
What is 43091 plus 71720?,114811
What is 7584073 plus 4305666?,11889739
What is 804213834 plus 465934518?,1270148352
What is 3306 plus 7960?,11266
What is 9089356323 plus 1851948365?,10941304688
What is 82035 plus 31284?,113319
What is 5840 plus 5743?,11583
What is 63 plus 89?,152
What is 789 plus 947?,1736
What is 58964 plus 85534?,144498
What is 16699 plus 86862?,103561
What is 5565 plus 7047?,12612
What is 2617582343 plus 6171798357?,8789380700
What is 5464 plus 9814?,15278
What is 85463453 plus 88508719?,173972172
What is 835274 plus 173869?,1009143
What is 86401730 plus 92761449?,179163179
What is 6746 plus 5305?,12051
What is 85347128 plus 73118826?,158465954
What is 20540904 plus 37330572?,57871476
What is 1204103254 plus 5419967399?,6624070653
What is 10171854 plus 79773827?,89945681
What is 85366028 plus 38231056?,123597084
What is 193 plus 959?,1152
What is 857393979 plus 689399268?,1546793247
What is 651 plus 878?,1529
What is 25424556 plus 18293626?,43718182
What is 89933 plus 12142?,102075
What is 249 plus 498?,747
What is 9434067787 plus 2209652613?,11643720400
What is 2885 plus 5421?,8306
What is 959 plus 950?,1909
What is 8639 plus 4928?,13567
What is 816842270 plus 623252332?,1440094602
What is 2261042718 plus 5943948516?,8204991234
What is 6771 plus 5471?,12242
What is 329 plus 155?,484
What is 3167947734 plus 5356070880?,8524018614
What is 2383953553 plus 4305570203?,6689523756
What is 5624 plus 6610?,12234
What is 717073891 plus 944615687?,1661689578
What is 906 plus 716?,1622
What is 52 plus 64?,116
What is 494197 plus 326055?,820252
What is 674833 plus 161262?,836095
What is 972761198 plus 539936032?,1512697230
What is 32068223 plus 16566017?,48634240
What is 1138 plus 8785?,9923
What is 91688520 plus 30361985?,122050505
What is 98 plus 88?,186
What is 8344174723 plus 7591721168?,15935895891
What is 96397 plus 91653?,188050
What is 17 plus 38?,55
What is 17 plus 28?,45
What is 82812 plus 63542?,146354
What is 46169755 plus 31863046?,78032801
What is 228664 plus 683974?,912638
What is 2007032 plus 7374151?,9381183
What is 7319079791 plus 6902542711?,14221622502
What is 2895485328 plus 1831143030?,4726628358
What is 93139865 plus 14809556?,107949421
What is 759461 plus 252733?,1012194
What is 880 plus 233?,1113
What is 976212 plus 676747?,1652959
What is 1390 plus 8494?,9884
What is 35 plus 77?,112
What is 78011782 plus 73462642?,151474424
What is 42 plus 13?,55
What is 120713392 plus 299227631?,419941023
What is 5400275 plus 3418557?,8818832
What is 3067 plus 3283?,6350
What is 6150237 plus 2292933?,8443170
What is 2836074315 plus 7507657909?,10343732224
What is 8280960 plus 2754565?,11035525
What is 14044919 plus 42133313?,56178232
What is 8270 plus 2531?,10801
What is 49256583 plus 91705573?,140962156
What is 3438 plus 3399?,6837
What is 237240 plus 443124?,680364
What is 2028413574 plus 8853745017?,10882158591
What is 6421 plus 9253?,15674
What is 757 plus 380?,1137
What is 284921 plus 468970?,753891
What is 5200796261 plus 8606569372?,13807365633
What is 52 plus 48?,100
What is 9260880 plus 8168455?,17429335
What is 227 plus 430?,657
What is 88149980 plus 55333056?,143483036
What is 7470801 plus 5333843?,12804644
What is 84499567 plus 33528302?,118027869
What is 7148 plus 4983?,12131
What is 8526041 plus 6721038?,15247079
What is 11 plus 85?,96
What is 914 plus 689?,1603
What is 6770614503 plus 8317848517?,15088463020
What is 5100414645 plus 9338151508?,14438566153
What is 468303782 plus 877624890?,1345928672
What is 40571 plus 42052?,82623
What is 2356633781 plus 3561126963?,5917760744
What is 34806342 plus 20003332?,54809674
What is 9331137677 plus 6371817760?,15702955437
What is 41622 plus 20266?,61888
What is 80243 plus 47130?,127373
What is 67675489 plus 24083140?,91758629
What is 4238478082 plus 3927496749?,8165974831
What is 933636724 plus 631000396?,1564637120
What is 264387 plus 856134?,1120521
What is 8666225785 plus 6024491883?,14690717668
What is 277449 plus 599502?,876951
What is 55863921 plus 89118671?,144982592
What is 48238911 plus 39402402?,87641313
What is 456304 plus 692368?,1148672
What is 7842401331 plus 2085197197?,9927598528
What is 951 plus 508?,1459
What is 41793622 plus 34220134?,76013756
What is 77 plus 78?,155
What is 742794 plus 244679?,987473
What is 86 plus 37?,123
What is 237767738 plus 108092265?,345860003
What is 384255 plus 940261?,1324516
What is 42188 plus 96502?,138690
What is 8667914 plus 8352795?,17020709
What is 7817761351 plus 9475217539?,17292978890
What is 775969561 plus 349018780?,1124988341
What is 9021667373 plus 4559653056?,13581320429
What is 4468 plus 1912?,6380
What is 2331303728 plus 4616478032?,6947781760
What is 98826 plus 61404?,160230
What is 405 plus 885?,1290
What is 38 plus 80?,118
What is 845692793 plus 661425444?,1507118237
What is 9501262640 plus 1135522515?,10636785155
What is 21069481 plus 56578003?,77647484
What is 54543 plus 32292?,86835
What is 455306 plus 513094?,968400
What is 9100340616 plus 5054817534?,14155158150
What is 7051877841 plus 2761048182?,9812926023
What is 800 plus 915?,1715
What is 735608 plus 297782?,1033390
What is 4327437 plus 1273774?,5601211
What is 556899 plus 286097?,842996
What is 38436 plus 42987?,81423
What is 906711 plus 376578?,1283289
What is 89 plus 30?,119
What is 98140918 plus 90482795?,188623713
What is 7917328822 plus 1890778219?,9808107041
What is 148 plus 197?,345
What is 9963078 plus 8526043?,18489121
What is 549048 plus 728875?,1277923
What is 7719067 plus 4475722?,12194789
What is 1026 plus 4400?,5426
What is 8186 plus 5812?,13998
What is 6664 plus 7080?,13744
What is 46317690 plus 74240294?,120557984
What is 661906 plus 224219?,886125
What is 4497221121 plus 4450245556?,8947466677
What is 1919 plus 9730?,11649
What is 946279 plus 718750?,1665029
What is 85197379 plus 23185453?,108382832
What is 2971091341 plus 8527256649?,11498347990
What is 58444352 plus 54306265?,112750617
What is 2349 plus 9513?,11862
What is 66047 plus 99796?,165843
What is 49 plus 17?,66
What is 6762033 plus 5871381?,12633414
What is 29489981 plus 81345629?,110835610
What is 92026064 plus 45534069?,137560133
What is 78005 plus 58089?,136094
What is 870 plus 691?,1561
What is 504329 plus 741699?,1246028
What is 648467981 plus 252212205?,900680186
What is 780975 plus 107998?,888973
What is 75740 plus 30227?,105967
What is 956620176 plus 536673147?,1493293323
What is 320437 plus 720361?,1040798
What is 415 plus 556?,971
What is 6662 plus 5974?,12636
What is 5458 plus 9144?,14602
What is 60256474 plus 57527923?,117784397
What is 684641173 plus 416057796?,1100698969
What is 1901 plus 6109?,8010
What is 827 plus 515?,1342
What is 5872736 plus 2928209?,8800945
What is 97 plus 58?,155
What is 74 plus 49?,123
What is 3239253153 plus 8244840866?,11484094019
What is 833272 plus 107239?,940511
What is 6754 plus 2323?,9077
What is 4862316 plus 6575709?,11438025
What is 344444295 plus 333104257?,677548552
What is 37067 plus 37451?,74518
What is 461855416 plus 105414807?,567270223
What is 5123733185 plus 1524275589?,6648008774
What is 714354809 plus 925296635?,1639651444
What is 1313894 plus 5024255?,6338149
What is 15626738 plus 50626771?,66253509
What is 20837 plus 21031?,41868
What is 78 plus 95?,173
What is 13615 plus 47401?,61016
What is 87446191 plus 76760158?,164206349
What is 499450377 plus 821107265?,1320557642
What is 59646 plus 57797?,117443
What is 651905253 plus 800531046?,1452436299
What is 176101693 plus 345393341?,521495034
What is 84237351 plus 19892078?,104129429
What is 11 plus 83?,94
What is 386950 plus 777890?,1164840
What is 9382456 plus 9704263?,19086719
What is 65 plus 91?,156
What is 969662 plus 113615?,1083277
What is 5711 plus 9855?,15566
What is 84417159 plus 36426263?,120843422
What is 2769379786 plus 3926877069?,6696256855
What is 7819604 plus 3118242?,10937846
What is 598665 plus 129479?,728144
What is 4413360 plus 4235748?,8649108
What is 4986212 plus 4529451?,9515663
What is 52207 plus 19388?,71595
What is 36605 plus 54507?,91112
What is 362260 plus 175300?,537560
What is 20088 plus 23959?,44047
What is 52513 plus 93447?,145960
What is 26727 plus 19220?,45947
What is 39554791 plus 72271336?,111826127
What is 36787 plus 73310?,110097
What is 99767013 plus 27543502?,127310515
What is 622535366 plus 345438037?,967973403
What is 83 plus 29?,112
What is 6291 plus 9383?,15674
What is 2143324 plus 8721766?,10865090
What is 385113979 plus 983816755?,1368930734
What is 64793 plus 90661?,155454
What is 921 plus 791?,1712
What is 718605 plus 424880?,1143485
What is 6324645 plus 5933477?,12258122
What is 6756520080 plus 4730926835?,11487446915
What is 411466 plus 219758?,631224
What is 17613349 plus 77104303?,94717652
What is 56822 plus 19624?,76446
What is 560 plus 888?,1448
What is 372714 plus 768482?,1141196
What is 5741308904 plus 4657299971?,10398608875
What is 859 plus 855?,1714
What is 132 plus 868?,1000
What is 6589781 plus 7198337?,13788118
What is 3842335 plus 9641325?,13483660
What is 999565374 plus 953342425?,1952907799
What is 57413372 plus 78782904?,136196276
What is 51025915 plus 49053323?,100079238
What is 365494 plus 594232?,959726
What is 217504 plus 950466?,1167970
What is 4302 plus 5489?,9791
What is 3443580 plus 5377387?,8820967
What is 52105846 plus 11545741?,63651587
What is 870 plus 971?,1841
What is 478028668 plus 394426186?,872454854
What is 85 plus 50?,135
What is 588814 plus 742064?,1330878
What is 4256738453 plus 7253885923?,11510624376
What is 144296 plus 259351?,403647
What is 857106 plus 302093?,1159199
What is 3029 plus 2232?,5261
What is 22121 plus 27302?,49423
What is 2353044 plus 4666586?,7019630
What is 995095171 plus 498920822?,1494015993
What is 314448 plus 129309?,443757
What is 71288 plus 90648?,161936
What is 4020613307 plus 2479556952?,6500170259
What is 615784 plus 600738?,1216522
What is 52398 plus 39232?,91630
What is 535 plus 729?,1264
What is 3268 plus 3490?,6758
What is 97815 plus 79604?,177419
What is 72711 plus 31164?,103875
What is 12683 plus 79497?,92180
What is 935 plus 900?,1835
What is 5242 plus 5644?,10886
What is 191 plus 290?,481
What is 38 plus 78?,116
What is 71826 plus 84458?,156284
What is 810620086 plus 722842744?,1533462830
What is 68 plus 51?,119
What is 11038179 plus 52956849?,63995028
What is 7350 plus 6639?,13989
What is 23 plus 80?,103
What is 46343 plus 65921?,112264
What is 56227085 plus 58879640?,115106725
What is 7455 plus 6580?,14035
What is 333 plus 861?,1194
What is 60935875 plus 87854653?,148790528
What is 8789056 plus 3064704?,11853760
What is 97 plus 25?,122
What is 7156583069 plus 8382292055?,15538875124
What is 36858842 plus 71562997?,108421839
What is 6089059 plus 4234401?,10323460
What is 4105 plus 4616?,8721
What is 6133107 plus 1556105?,7689212
What is 8643176 plus 1103546?,9746722
What is 9325841 plus 2480318?,11806159
What is 258480449 plus 413725916?,672206365
What is 76 plus 92?,168
What is 287896547 plus 896333515?,1184230062
What is 345368 plus 368780?,714148
What is 863997 plus 387747?,1251744
What is 42370574 plus 87435827?,129806401
What is 54312036 plus 49864670?,104176706
What is 7365 plus 9999?,17364
What is 50 plus 39?,89
What is 900288 plus 631771?,1532059
What is 92168 plus 71915?,164083
What is 55792928 plus 71647598?,127440526
What is 24 plus 38?,62
What is 4003650849 plus 8479097576?,12482748425
What is 89 plus 12?,101
What is 12744118 plus 12361902?,25106020
What is 56 plus 28?,84
What is 3875837 plus 2363228?,6239065
What is 2442817455 plus 4054448945?,6497266400
What is 92251 plus 38788?,131039
What is 398531457 plus 372321419?,770852876
What is 72020007 plus 12367327?,84387334
What is 69747744 plus 84581697?,154329441
What is 25930 plus 42945?,68875
What is 14936 plus 11232?,26168
What is 2690621 plus 4010455?,6701076
What is 736 plus 609?,1345
What is 3731812 plus 3792316?,7524128
What is 560119 plus 293464?,853583
What is 6262030664 plus 2659367275?,8921397939
What is 554852353 plus 584235786?,1139088139
What is 6967808015 plus 8985573654?,15953381669
What is 51744725 plus 64123384?,115868109
What is 207080 plus 153410?,360490
What is 65494 plus 29884?,95378
What is 750935312 plus 912247073?,1663182385
What is 33617577 plus 26001679?,59619256
What is 85194 plus 73498?,158692
What is 611006891 plus 642513825?,1253520716
What is 72227 plus 65667?,137894
What is 84 plus 65?,149
What is 17246 plus 69449?,86695
What is 227561 plus 783750?,1011311
What is 98 plus 12?,110
What is 201 plus 436?,637
What is 612515178 plus 370181816?,982696994
What is 231634794 plus 926751958?,1158386752
What is 156943629 plus 294755402?,451699031
What is 74609 plus 58123?,132732
What is 3031652224 plus 5355169942?,8386822166
What is 16 plus 47?,63
What is 4406477789 plus 7186771038?,11593248827
What is 5725 plus 2837?,8562
What is 57 plus 93?,150
What is 623 plus 904?,1527
What is 230417646 plus 779580850?,1009998496
What is 2474 plus 3426?,5900
What is 29 plus 46?,75
What is 406935 plus 545549?,952484
What is 8084 plus 3053?,11137
What is 965657 plus 494667?,1460324
What is 274408794 plus 950117828?,1224526622
What is 4660675 plus 5462066?,10122741
What is 5996 plus 7553?,13549
What is 42067 plus 45776?,87843
What is 9449181 plus 6147703?,15596884
What is 57 plus 92?,149
What is 793929 plus 114159?,908088
What is 544 plus 979?,1523
What is 66931774 plus 59829668?,126761442
What is 514132606 plus 692932043?,1207064649
What is 2215 plus 5608?,7823
What is 59306 plus 23037?,82343
What is 15 plus 11?,26
What is 5761837077 plus 6714122443?,12475959520
What is 6845 plus 6448?,13293
What is 61 plus 52?,113
What is 13 plus 84?,97
What is 808 plus 802?,1610
What is 767633 plus 681053?,1448686
What is 33269 plus 44577?,77846
What is 40630283 plus 32027811?,72658094
What is 55 plus 64?,119
What is 47051 plus 28313?,75364
What is 543363 plus 814202?,1357565
What is 9499634300 plus 5243906007?,14743540307
What is 273 plus 310?,583
What is 104796 plus 588335?,693131
What is 3905710207 plus 2939383620?,6845093827
What is 5103456 plus 7599290?,12702746
What is 933868991 plus 655780083?,1589649074
What is 95883032 plus 79257781?,175140813
What is 936123 plus 524142?,1460265
What is 598 plus 426?,1024
What is 660175187 plus 340940995?,1001116182
What is 5646 plus 3430?,9076
What is 94 plus 85?,179
What is 592 plus 294?,886
What is 76976 plus 21249?,98225
What is 80940573 plus 37561613?,118502186
What is 101834 plus 183862?,285696
What is 7323189 plus 7115918?,14439107
What is 776479057 plus 349543369?,1126022426
What is 526508797 plus 978938584?,1505447381
What is 25773284 plus 89179856?,114953140
What is 167743 plus 238605?,406348
What is 470444735 plus 725671654?,1196116389
What is 3489 plus 5396?,8885
What is 339742178 plus 164024470?,503766648
What is 7901688 plus 1181553?,9083241
What is 9438085414 plus 8938343219?,18376428633
What is 104737270 plus 649015041?,753752311
What is 4746 plus 1550?,6296
What is 4318 plus 1880?,6198
What is 5025116 plus 8834559?,13859675
What is 1155948 plus 1510934?,2666882
What is 60598 plus 59150?,119748
What is 309678210 plus 899950127?,1209628337
What is 671 plus 658?,1329
What is 766 plus 422?,1188
What is 5706558331 plus 6544133949?,12250692280
What is 27 plus 77?,104
What is 9533734 plus 7254731?,16788465
What is 79 plus 84?,163
What is 640764 plus 149848?,790612
What is 102 plus 153?,255
What is 20486 plus 39320?,59806
What is 94744275 plus 65118727?,159863002
What is 82267 plus 15327?,97594
What is 274015366 plus 658038008?,932053374
What is 2682 plus 3654?,6336
What is 43436243 plus 12356760?,55793003
What is 3735 plus 1772?,5507
What is 9071 plus 9076?,18147
What is 50950540 plus 42559719?,93510259
What is 126570758 plus 840241590?,966812348
What is 89578394 plus 23798350?,113376744
What is 94 plus 87?,181
What is 7012 plus 7627?,14639
What is 162147578 plus 537459568?,699607146
What is 2517868816 plus 3148685568?,5666554384
What is 8147143294 plus 7925105135?,16072248429
What is 82 plus 45?,127
What is 791202496 plus 585325901?,1376528397
What is 51725134 plus 43251271?,94976405
What is 8676 plus 4577?,13253
What is 6645 plus 2373?,9018
What is 75842523 plus 40688252?,116530775
What is 3377789606 plus 6286552547?,9664342153
What is 558187768 plus 121037436?,679225204
What is 5918051 plus 6522691?,12440742
What is 912695 plus 925306?,1838001
What is 4089 plus 8099?,12188
What is 34994 plus 35738?,70732
What is 824207 plus 242116?,1066323
What is 2520818 plus 2032789?,4553607
What is 1066242 plus 3536482?,4602724
What is 856 plus 513?,1369
What is 378658883 plus 333929830?,712588713
What is 241532790 plus 245369513?,486902303
What is 724132755 plus 903203029?,1627335784
What is 61374 plus 41432?,102806
What is 548986 plus 726889?,1275875
What is 2407 plus 2729?,5136
What is 6696 plus 1929?,8625
What is 68 plus 37?,105
What is 683368 plus 642706?,1326074
What is 5525856 plus 3381879?,8907735
What is 292448 plus 204571?,497019
What is 3401 plus 1115?,4516
What is 7246 plus 3260?,10506
What is 12005571 plus 65749278?,77754849
What is 168 plus 349?,517
What is 93706 plus 36503?,130209
What is 348 plus 848?,1196
What is 17064316 plus 60021131?,77085447
What is 12091 plus 18711?,30802
What is 52217233 plus 81472619?,133689852
What is 38014 plus 45843?,83857
What is 3333 plus 4360?,7693
What is 2347528 plus 1775999?,4123527
What is 248 plus 823?,1071
What is 690 plus 443?,1133
What is 392 plus 688?,1080
What is 43791 plus 34691?,78482
What is 695944369 plus 497256925?,1193201294
What is 68508 plus 98001?,166509
What is 807 plus 921?,1728
What is 70142808 plus 71895200?,142038008
What is 31 plus 44?,75
What is 726327 plus 545266?,1271593
What is 9911273 plus 5714860?,15626133
What is 829378632 plus 820476929?,1649855561
What is 766 plus 139?,905
What is 30131 plus 34516?,64647
What is 5450199 plus 8060730?,13510929
What is 384514 plus 424544?,809058
What is 833957126 plus 624757697?,1458714823
What is 8974 plus 5423?,14397
What is 61381 plus 70238?,131619
What is 4468636333 plus 8476180044?,12944816377
What is 302 plus 601?,903
What is 847 plus 709?,1556
What is 33113426 plus 34926584?,68040010
What is 91 plus 35?,126
What is 52489 plus 81291?,133780
What is 69284 plus 15641?,84925
What is 560763 plus 518011?,1078774
What is 90926 plus 57559?,148485
What is 4783458 plus 8751443?,13534901
What is 89 plus 78?,167
What is 86 plus 77?,163
What is 6812135 plus 1841692?,8653827
What is 46588125 plus 71218637?,117806762
What is 720 plus 499?,1219
What is 323078502 plus 298174564?,621253066
What is 517469 plus 556250?,1073719
What is 464 plus 914?,1378
What is 471360 plus 788767?,1260127
What is 956 plus 234?,1190
What is 34105246 plus 73148238?,107253484
What is 7180 plus 2179?,9359
What is 466984 plus 711432?,1178416
What is 309230229 plus 238936207?,548166436
What is 203 plus 191?,394
What is 69 plus 23?,92
What is 594542496 plus 532952603?,1127495099
What is 919885 plus 422408?,1342293
What is 12714 plus 47718?,60432
What is 57249 plus 81716?,138965
What is 2242573 plus 2626796?,4869369
What is 430063 plus 975177?,1405240
What is 13 plus 87?,100
What is 3640944454 plus 8851760776?,12492705230
What is 5764 plus 3897?,9661
What is 47 plus 93?,140
What is 123077 plus 371131?,494208
What is 24041412 plus 52439831?,76481243
What is 675089390 plus 976739712?,1651829102
What is 21021421 plus 60713825?,81735246
What is 6646593 plus 4140104?,10786697
What is 71 plus 12?,83
What is 26897 plus 32639?,59536
What is 96 plus 41?,137
What is 302 plus 381?,683
What is 90855 plus 87204?,178059
What is 3850064 plus 3289899?,7139963
What is 7282978 plus 8975738?,16258716
What is 952 plus 167?,1119
What is 8152981791 plus 9842740694?,17995722485
What is 3073681 plus 1872904?,4946585
What is 68 plus 16?,84
What is 558683327 plus 663421605?,1222104932
What is 546 plus 889?,1435
What is 349 plus 488?,837
What is 4226693923 plus 5252673898?,9479367821
What is 83585 plus 23087?,106672
What is 29918255 plus 28937949?,58856204
What is 86808 plus 70910?,157718
What is 1050 plus 6612?,7662
What is 644263523 plus 461537309?,1105800832
What is 681266 plus 689340?,1370606
What is 44469 plus 95391?,139860
What is 545 plus 839?,1384
What is 55565 plus 68793?,124358
What is 6763 plus 1685?,8448
What is 337 plus 642?,979
What is 5913 plus 6675?,12588
What is 79 plus 66?,145
What is 839604 plus 668608?,1508212
What is 66522 plus 50285?,116807
What is 42791 plus 13278?,56069
What is 33 plus 29?,62
What is 8482239 plus 4958461?,13440700
What is 7211 plus 4949?,12160
What is 9973 plus 4781?,14754
What is 67 plus 47?,114
What is 7018 plus 7409?,14427
What is 850 plus 638?,1488
What is 832 plus 612?,1444
What is 5512 plus 4741?,10253
What is 8624397151 plus 3077140793?,11701537944
What is 499649 plus 660414?,1160063
What is 219 plus 300?,519
What is 99177 plus 79803?,178980
What is 78383 plus 62783?,141166
What is 515 plus 239?,754
What is 71229486 plus 81247258?,152476744
What is 4287536069 plus 5250496444?,9538032513
What is 280408 plus 260607?,541015
What is 452460147 plus 267921496?,720381643
What is 9388 plus 6316?,15704
What is 530929972 plus 325138849?,856068821
What is 44 plus 33?,77
What is 840410 plus 714900?,1555310
What is 791919 plus 323385?,1115304
What is 4785 plus 8705?,13490
What is 902821 plus 576700?,1479521
What is 69155 plus 46574?,115729
What is 7929482262 plus 5811023510?,13740505772
What is 402445979 plus 520561461?,923007440
What is 68803 plus 51248?,120051
What is 30793197 plus 93118670?,123911867
What is 78 plus 10?,88
What is 812 plus 352?,1164
What is 86 plus 26?,112
What is 7479964086 plus 3601349660?,11081313746
What is 4769887 plus 9617506?,14387393
What is 25 plus 88?,113
What is 85108 plus 25149?,110257
What is 460323 plus 315420?,775743
What is 467419 plus 328985?,796404
What is 13999 plus 69424?,83423
What is 69841501 plus 83683566?,153525067
What is 240971672 plus 606830386?,847802058
What is 8425 plus 7534?,15959
What is 3044993612 plus 8161022079?,11206015691
What is 70559830 plus 38241262?,108801092
What is 398 plus 334?,732
What is 9559087 plus 9420345?,18979432
What is 731852 plus 481632?,1213484
What is 955418 plus 618243?,1573661
What is 5838 plus 7889?,13727
What is 9609331932 plus 5769338043?,15378669975
What is 1748 plus 4746?,6494
What is 1612300 plus 3371833?,4984133
What is 551699 plus 141776?,693475
What is 58563318 plus 33748342?,92311660
What is 3916 plus 3242?,7158
What is 38588 plus 12268?,50856
What is 5103626001 plus 4641642543?,9745268544
What is 25 plus 97?,122
What is 5403 plus 6028?,11431
What is 57060 plus 34750?,91810
What is 302318 plus 826716?,1129034
What is 57999013 plus 45161331?,103160344
What is 77734745 plus 99919396?,177654141
What is 85 plus 22?,107
What is 14 plus 93?,107
What is 3537806355 plus 8097066960?,11634873315
What is 424871666 plus 638056174?,1062927840
What is 4366939786 plus 5200184310?,9567124096
What is 6092 plus 6063?,12155
What is 6799386 plus 2451101?,9250487
What is 45279 plus 62431?,107710
What is 5435729 plus 4236741?,9672470
What is 923 plus 922?,1845
What is 89 plus 49?,138
What is 92537367 plus 98657182?,191194549
What is 377531 plus 319142?,696673
What is 9373273 plus 5372399?,14745672
What is 29584070 plus 73786108?,103370178
What is 62 plus 97?,159
What is 83381 plus 44044?,127425
What is 68468 plus 81541?,150009
What is 345834031 plus 688118669?,1033952700
What is 894812174 plus 244031531?,1138843705
What is 56 plus 60?,116
What is 995965 plus 888654?,1884619
What is 907578 plus 794207?,1701785
What is 9250350285 plus 5164238622?,14414588907
What is 7204689 plus 2683947?,9888636
What is 627 plus 164?,791
What is 746110 plus 871326?,1617436
What is 166996362 plus 998392785?,1165389147
What is 1861 plus 4985?,6846
What is 5422 plus 4239?,9661
What is 3002 plus 9284?,12286
What is 351483 plus 875439?,1226922
What is 145385 plus 144296?,289681
What is 5641537331 plus 4360101823?,10001639154
What is 2485907872 plus 9384951113?,11870858985
What is 7679969 plus 5903860?,13583829
What is 65620223 plus 41153989?,106774212
What is 189922 plus 637412?,827334
What is 2829 plus 4039?,6868
What is 960 plus 778?,1738
What is 648 plus 414?,1062
What is 655 plus 951?,1606
What is 6016531 plus 6308015?,12324546
What is 367 plus 707?,1074
What is 92 plus 95?,187
What is 7348 plus 7904?,15252
What is 2637045635 plus 5052801546?,7689847181
What is 562784 plus 962778?,1525562
What is 31 plus 46?,77
What is 81240661 plus 36821301?,118061962
What is 66 plus 16?,82
What is 191 plus 631?,822
What is 137 plus 566?,703
What is 278786447 plus 442818356?,721604803
What is 155322643 plus 998380721?,1153703364
What is 315 plus 877?,1192
What is 380261715 plus 882597106?,1262858821
What is 6727 plus 6042?,12769
What is 711 plus 185?,896
What is 57222265 plus 45405581?,102627846
What is 3862425 plus 7673436?,11535861
What is 4038 plus 1162?,5200
What is 4687283102 plus 8069630692?,12756913794
What is 528477610 plus 121255412?,649733022
What is 104 plus 154?,258
What is 4498 plus 6975?,11473
What is 6224 plus 5939?,12163
What is 78663119 plus 46895224?,125558343
What is 71921 plus 17427?,89348
What is 96976123 plus 13247632?,110223755
What is 343503 plus 564235?,907738
What is 2024641741 plus 3724039292?,5748681033
What is 863999 plus 363576?,1227575
What is 12037615 plus 26143939?,38181554
What is 20 plus 99?,119
What is 2927 plus 2429?,5356
What is 71938039 plus 14399068?,86337107
What is 8242 plus 1795?,10037
What is 96006996 plus 37952724?,133959720
What is 143180 plus 566114?,709294
What is 1501003 plus 4107787?,5608790
What is 17 plus 70?,87
What is 498 plus 531?,1029
What is 943767043 plus 568271764?,1512038807
What is 4916 plus 1330?,6246
What is 588207311 plus 431278990?,1019486301
What is 37351416 plus 75234518?,112585934
What is 1004 plus 2283?,3287
What is 475900769 plus 280635937?,756536706
What is 3326 plus 7684?,11010
What is 31 plus 80?,111
What is 9357 plus 6056?,15413
What is 615634798 plus 231258808?,846893606
What is 53502153 plus 44561262?,98063415
What is 460089474 plus 890456174?,1350545648
What is 2605072 plus 9659328?,12264400
What is 208 plus 726?,934
What is 650 plus 952?,1602
What is 34355060 plus 38441994?,72797054
What is 8917455693 plus 5012765483?,13930221176
What is 97865802 plus 82882000?,180747802
What is 91346926 plus 71210263?,162557189
What is 6096102 plus 7928810?,14024912
What is 5649 plus 9714?,15363
What is 5027438 plus 9058001?,14085439
What is 2181 plus 1584?,3765
What is 577453380 plus 139646012?,717099392
What is 655598421 plus 309814813?,965413234
What is 5780178193 plus 9147444216?,14927622409
What is 94422 plus 22258?,116680
What is 97065751 plus 87107919?,184173670
What is 464971 plus 781181?,1246152
What is 9013576 plus 6196242?,15209818
What is 7276774 plus 3650835?,10927609
What is 232046079 plus 338617143?,570663222
What is 98300 plus 14623?,112923
What is 4357 plus 1538?,5895
What is 674322 plus 700892?,1375214
What is 31 plus 85?,116
What is 950318 plus 774701?,1725019
What is 909 plus 162?,1071
What is 94293 plus 96502?,190795
What is 4070 plus 7084?,11154
What is 735 plus 823?,1558
What is 327376 plus 758183?,1085559
What is 65729124 plus 70635423?,136364547
What is 31 plus 89?,120
What is 594197 plus 218808?,813005
What is 112608 plus 210265?,322873
What is 3332 plus 2342?,5674
What is 7144 plus 5383?,12527
What is 18667588 plus 36545276?,55212864
What is 539963189 plus 605711054?,1145674243
What is 3809 plus 5471?,9280
What is 668 plus 198?,866
What is 908 plus 247?,1155
What is 33544867 plus 37353406?,70898273
What is 3047307 plus 6152019?,9199326
What is 3725282086 plus 2897729547?,6623011633
What is 1901446 plus 7509299?,9410745
What is 66274245 plus 58815407?,125089652
What is 2230015 plus 5209902?,7439917
What is 7466 plus 2974?,10440
What is 99476628 plus 89511735?,188988363
What is 7026011 plus 8739735?,15765746
What is 561 plus 789?,1350
What is 12 plus 61?,73
What is 4163 plus 2093?,6256
What is 295 plus 400?,695
What is 29869 plus 25490?,55359
What is 1436 plus 8928?,10364
What is 43910035 plus 44141344?,88051379
What is 179340772 plus 578639942?,757980714
What is 71769 plus 19238?,91007
What is 978172 plus 516555?,1494727
What is 7105277 plus 8271633?,15376910
What is 686937 plus 288814?,975751
What is 4352721 plus 2409672?,6762393
What is 63308007 plus 82178903?,145486910
What is 643 plus 611?,1254
What is 35832 plus 49378?,85210
What is 2415 plus 9880?,12295
What is 408522 plus 342306?,750828
What is 65212 plus 37353?,102565
What is 861 plus 231?,1092
What is 954 plus 815?,1769
What is 30570 plus 14306?,44876
What is 7184936 plus 6466283?,13651219
What is 7367 plus 8138?,15505
What is 32750 plus 53795?,86545
What is 37186 plus 46347?,83533
What is 7395556177 plus 6678095632?,14073651809
What is 36120 plus 10941?,47061
What is 858518566 plus 878610617?,1737129183
What is 850 plus 442?,1292
What is 63503 plus 30275?,93778
What is 63623 plus 14050?,77673
What is 850 plus 374?,1224
What is 5775848 plus 1157113?,6932961
What is 749697 plus 165432?,915129
What is 7010342798 plus 5692152726?,12702495524
What is 1458200 plus 4155718?,5613918
What is 734320 plus 297667?,1031987
What is 800508413 plus 497729005?,1298237418
What is 458911 plus 445339?,904250
What is 630586 plus 614191?,1244777
What is 262682 plus 422721?,685403
What is 1518 plus 9866?,11384
What is 54927 plus 25563?,80490
What is 2513909 plus 3572885?,6086794
What is 2049722 plus 9812165?,11861887
What is 269 plus 663?,932
What is 548 plus 882?,1430
What is 30 plus 74?,104
What is 8197390722 plus 1028322872?,9225713594
What is 98459 plus 83772?,182231
What is 1912666340 plus 2646868666?,4559535006
What is 47942407 plus 84899665?,132842072
What is 2765741 plus 9241719?,12007460
What is 650677489 plus 627955966?,1278633455
What is 61846013 plus 28746843?,90592856
What is 492087896 plus 787938098?,1280025994
What is 1207113085 plus 7633886369?,8840999454
What is 205349750 plus 577493408?,782843158
What is 6879799194 plus 2804388555?,9684187749
What is 307 plus 867?,1174
What is 90 plus 16?,106
What is 26 plus 43?,69
What is 734392911 plus 950395383?,1684788294
What is 874428295 plus 355789054?,1230217349
What is 98031880 plus 90765684?,188797564
What is 486274 plus 977666?,1463940
What is 98 plus 24?,122
What is 9575143311 plus 9733220715?,19308364026
What is 1515479104 plus 8086488055?,9601967159
What is 662 plus 486?,1148
What is 52 plus 69?,121
What is 88049 plus 80894?,168943
What is 46 plus 12?,58
What is 998 plus 315?,1313
What is 23 plus 98?,121
What is 790293223 plus 416640597?,1206933820
What is 9311 plus 7686?,16997
What is 1174804334 plus 4941641250?,6116445584
What is 944108 plus 553122?,1497230
What is 641052 plus 116848?,757900
What is 3530500601 plus 6427169143?,9957669744
What is 5835 plus 2834?,8669
What is 1031 plus 2920?,3951
What is 15 plus 86?,101
What is 9787 plus 7038?,16825
What is 93 plus 27?,120
What is 257116 plus 424541?,681657
What is 82897 plus 32521?,115418
What is 7713330 plus 1880097?,9593427
What is 29014576 plus 89812199?,118826775
What is 89282 plus 23204?,112486
What is 19 plus 61?,80
What is 7816814 plus 8638226?,16455040
What is 89 plus 99?,188
What is 30167980 plus 19762362?,49930342
What is 200190 plus 227004?,427194
What is 14107131 plus 57926660?,72033791
What is 8437 plus 1321?,9758
What is 6453 plus 7836?,14289
What is 545 plus 659?,1204
What is 4379367865 plus 4154517948?,8533885813
What is 1932 plus 3030?,4962
What is 362 plus 911?,1273
What is 807845 plus 241858?,1049703
What is 2542914 plus 7973250?,10516164
What is 5623852 plus 7277926?,12901778
What is 1599 plus 4034?,5633
What is 74054143 plus 80481468?,154535611
What is 46127702 plus 19395706?,65523408
What is 3542 plus 2755?,6297
What is 604 plus 587?,1191
What is 39337 plus 74522?,113859
What is 569220 plus 128149?,697369
What is 752667 plus 503559?,1256226
What is 97 plus 51?,148
What is 7517600 plus 7667450?,15185050
What is 2530749825 plus 2004949223?,4535699048
What is 772412 plus 279190?,1051602
What is 434 plus 617?,1051
What is 99 plus 66?,165
What is 584 plus 588?,1172
What is 21 plus 35?,56
What is 620342 plus 159037?,779379
What is 41783 plus 24884?,66667
What is 5705063248 plus 3001073883?,8706137131
What is 9063567388 plus 7164093185?,16227660573
What is 20735181 plus 90558601?,111293782
What is 812234 plus 898147?,1710381
What is 4490195983 plus 2222943152?,6713139135
What is 19 plus 17?,36
What is 138 plus 919?,1057
What is 2904213 plus 5603963?,8508176
What is 563 plus 987?,1550
What is 69254 plus 98747?,168001
What is 55063 plus 48345?,103408
What is 6563728 plus 4077475?,10641203
What is 408 plus 433?,841
What is 9617190 plus 5336390?,14953580
What is 1545 plus 9159?,10704
What is 3412 plus 4246?,7658
What is 847 plus 759?,1606
What is 73724 plus 47229?,120953
What is 847 plus 566?,1413
What is 84 plus 45?,129
What is 750319936 plus 164698298?,915018234
What is 85 plus 49?,134
What is 758002734 plus 139610646?,897613380
What is 3678093434 plus 7302853537?,10980946971
What is 53211 plus 70194?,123405
What is 5556 plus 1683?,7239
What is 633755 plus 560596?,1194351
What is 6051805777 plus 2921335336?,8973141113
What is 9317202314 plus 1453464718?,10770667032
What is 44 plus 19?,63
What is 63 plus 43?,106
What is 3221 plus 2593?,5814
What is 913353 plus 176000?,1089353
What is 114078 plus 147116?,261194
What is 14865 plus 60847?,75712
What is 97 plus 10?,107
What is 21 plus 95?,116
What is 966 plus 779?,1745
What is 19 plus 46?,65
What is 91567 plus 12435?,104002
What is 3739 plus 4382?,8121
What is 810254958 plus 377069575?,1187324533
What is 230045811 plus 688600577?,918646388
What is 22 plus 66?,88
What is 573305 plus 475484?,1048789
What is 498762 plus 932741?,1431503
What is 499 plus 621?,1120
What is 7422766 plus 4336862?,11759628
What is 811 plus 176?,987
What is 92481732 plus 26434539?,118916271
What is 56 plus 23?,79
What is 831792094 plus 731919554?,1563711648
What is 906 plus 635?,1541
What is 20274894 plus 79625312?,99900206
What is 26 plus 54?,80
What is 821 plus 616?,1437
What is 127972070 plus 274431381?,402403451
What is 37194357 plus 61482588?,98676945
What is 53904896 plus 79262479?,133167375
What is 39 plus 42?,81
What is 922006303 plus 416159129?,1338165432
What is 33500100 plus 62082966?,95583066
What is 690254546 plus 922904283?,1613158829
What is 72 plus 24?,96
What is 419821 plus 492533?,912354
What is 3697543561 plus 5555401336?,9252944897
What is 94935 plus 83625?,178560
What is 3783637 plus 5177393?,8961030
What is 667505 plus 140155?,807660
What is 49 plus 12?,61
What is 261706 plus 695406?,957112
What is 76 plus 47?,123
What is 660267921 plus 491096393?,1151364314
What is 92794726 plus 76493993?,169288719
What is 595553673 plus 259789820?,855343493
What is 451300 plus 401761?,853061
What is 35371 plus 16751?,52122
What is 1793075092 plus 5452592442?,7245667534
What is 63682884 plus 84385151?,148068035
What is 20 plus 91?,111
What is 59 plus 28?,87
What is 98743704 plus 87151840?,185895544
What is 6922276323 plus 8505179883?,15427456206
What is 7081042742 plus 7624582822?,14705625564
What is 57 plus 64?,121
What is 4094 plus 2854?,6948
What is 7323358 plus 1299656?,8623014
What is 32 plus 34?,66
What is 968682989 plus 942729500?,1911412489
What is 5427 plus 5636?,11063
What is 677758507 plus 902409019?,1580167526
What is 530027315 plus 297354035?,827381350
What is 13568 plus 17747?,31315
What is 74004782 plus 20310819?,94315601
What is 25 plus 76?,101
What is 584979253 plus 963372530?,1548351783
What is 85 plus 58?,143
What is 446858 plus 593923?,1040781
What is 8113544 plus 1835799?,9949343
What is 6871670846 plus 1677219700?,8548890546
What is 3175401 plus 6812328?,9987729
What is 3016590 plus 2671369?,5687959
What is 7565 plus 9070?,16635
What is 87052944 plus 31338596?,118391540
What is 1169990919 plus 2984264596?,4154255515
What is 75373432 plus 28257376?,103630808
What is 95 plus 29?,124
What is 686384825 plus 368061243?,1054446068
What is 4247293 plus 7303018?,11550311
What is 564399291 plus 836422783?,1400822074
What is 91725 plus 29570?,121295
What is 151440 plus 911626?,1063066
What is 8708 plus 2316?,11024
What is 86361 plus 51296?,137657
What is 9082426 plus 4659867?,13742293
What is 25762 plus 87450?,113212
What is 269 plus 827?,1096
What is 72473 plus 31621?,104094
What is 4575082 plus 9857615?,14432697
What is 76562232 plus 88841470?,165403702
What is 440053759 plus 826042359?,1266096118
What is 90366 plus 96010?,186376
What is 39409867 plus 84069872?,123479739
What is 4527387 plus 8040659?,12568046
What is 35566 plus 33381?,68947
What is 24076924 plus 61258635?,85335559
What is 500 plus 793?,1293
What is 52790827 plus 76933468?,129724295
What is 871599048 plus 545697434?,1417296482
What is 61229778 plus 65832720?,127062498
What is 53105 plus 59048?,112153
What is 7286 plus 2987?,10273
What is 274245165 plus 510186472?,784431637
What is 88 plus 22?,110
What is 124503291 plus 694035529?,818538820
What is 603 plus 450?,1053
What is 36 plus 64?,100
What is 8830 plus 4526?,13356
What is 7695195 plus 6600734?,14295929
What is 6869175647 plus 7417883352?,14287058999
What is 2208189 plus 5231949?,7440138
What is 427081 plus 810391?,1237472
What is 6143234 plus 6861676?,13004910
What is 87 plus 17?,104
What is 99 plus 28?,127
What is 20998 plus 38215?,59213
What is 6932 plus 3050?,9982
What is 6641674287 plus 4907034602?,11548708889
What is 12584701 plus 86931954?,99516655
What is 105 plus 675?,780
What is 4562493 plus 6346398?,10908891
What is 709274339 plus 141590167?,850864506
What is 22484 plus 53285?,75769
What is 927 plus 548?,1475
What is 2030091895 plus 9019976865?,11050068760
What is 500527140 plus 673166484?,1173693624
What is 90453 plus 20161?,110614
What is 69823 plus 71991?,141814
What is 610980259 plus 623810081?,1234790340
What is 90877 plus 15750?,106627
What is 3826 plus 7036?,10862
What is 59899 plus 97299?,157198
What is 48259964 plus 20989302?,69249266
What is 77 plus 73?,150
What is 89882 plus 12635?,102517
What is 8699524 plus 1730986?,10430510
What is 94 plus 69?,163
What is 21 plus 81?,102
What is 66635158 plus 33925773?,100560931
What is 930 plus 396?,1326
What is 508 plus 602?,1110
What is 8691027520 plus 4209375129?,12900402649
What is 6462 plus 1690?,8152
What is 759 plus 362?,1121
What is 261570932 plus 208385212?,469956144
What is 5321175572 plus 3286078406?,8607253978
What is 688069713 plus 554201527?,1242271240
What is 703303 plus 902794?,1606097
What is 4372 plus 6826?,11198
What is 7265971736 plus 2269615569?,9535587305
What is 81 plus 61?,142
What is 493670764 plus 712165892?,1205836656
What is 3738 plus 1271?,5009
What is 54 plus 73?,127
What is 3434 plus 3460?,6894
What is 749870007 plus 869952955?,1619822962
What is 6892704445 plus 1645107698?,8537812143
What is 29595709 plus 33840419?,63436128
What is 19542995 plus 30656096?,50199091
What is 726336 plus 360003?,1086339
What is 8658 plus 5674?,14332
What is 1512935144 plus 2751635961?,4264571105
What is 514334 plus 814231?,1328565
What is 51798977 plus 41997732?,93796709
What is 51869 plus 61564?,113433
What is 48368 plus 77096?,125464
What is 49767 plus 45617?,95384
What is 48305 plus 60344?,108649
What is 101821097 plus 189802505?,291623602
What is 376956 plus 610103?,987059
What is 762623 plus 183457?,946080
What is 324543 plus 174077?,498620
What is 108426230 plus 872502844?,980929074
What is 6330514 plus 3799871?,10130385
What is 723601 plus 185049?,908650
What is 58713755 plus 56523927?,115237682
What is 8252767023 plus 6469538166?,14722305189
What is 59 plus 94?,153
What is 3912 plus 2725?,6637
What is 3026548640 plus 7558259796?,10584808436
What is 49660 plus 89225?,138885
What is 7090 plus 8196?,15286
What is 3722107193 plus 3815915671?,7538022864
What is 2045833156 plus 7838333676?,9884166832
What is 8949 plus 5324?,14273
What is 41340 plus 93499?,134839
What is 248307 plus 320200?,568507
What is 61 plus 68?,129
What is 465687 plus 509702?,975389
What is 1708822221 plus 5297245791?,7006068012
What is 43915 plus 55807?,99722
What is 75763 plus 76295?,152058
What is 7793062298 plus 4864344130?,12657406428
What is 463 plus 442?,905
What is 467383 plus 386641?,854024
What is 9266878 plus 5347112?,14613990
What is 3274 plus 7244?,10518
What is 401416 plus 120530?,521946
What is 949218 plus 455910?,1405128
What is 82332 plus 91474?,173806
What is 481 plus 783?,1264
What is 71698 plus 54406?,126104
What is 20 plus 52?,72
What is 10651935 plus 69127671?,79779606
What is 294474 plus 707205?,1001679
What is 386 plus 689?,1075
What is 2061574 plus 6727582?,8789156
What is 3469 plus 5874?,9343
What is 56399 plus 86650?,143049
What is 542 plus 828?,1370
What is 8479 plus 3796?,12275
What is 65047 plus 66062?,131109
What is 25610 plus 91105?,116715
What is 28311 plus 94803?,123114
What is 10 plus 61?,71
What is 18416 plus 25798?,44214
What is 75001288 plus 62080451?,137081739
What is 53368758 plus 86723539?,140092297
What is 9354 plus 1732?,11086
What is 90047 plus 21161?,111208
What is 66 plus 62?,128
What is 5952 plus 3318?,9270
What is 764 plus 732?,1496
What is 329 plus 223?,552
What is 876354 plus 127245?,1003599
What is 47 plus 68?,115
What is 93890899 plus 61770325?,155661224
What is 26711 plus 54362?,81073
What is 370552 plus 818480?,1189032
What is 99585 plus 64089?,163674
What is 58186881 plus 57827686?,116014567
What is 739990 plus 902036?,1642026
What is 59457 plus 78233?,137690
What is 810035 plus 509615?,1319650
What is 8336042091 plus 4423325024?,12759367115
What is 42 plus 80?,122
What is 501930 plus 291230?,793160
What is 9157576 plus 4107718?,13265294
What is 79905334 plus 32068816?,111974150
What is 28246 plus 49592?,77838
What is 671537169 plus 588016252?,1259553421
What is 1195622 plus 1164303?,2359925
What is 864394667 plus 577952445?,1442347112
What is 2186 plus 3356?,5542
What is 397 plus 421?,818
What is 461 plus 390?,851
What is 7365149 plus 2049375?,9414524
What is 213515 plus 503869?,717384
What is 8817946 plus 5048456?,13866402
What is 26329463 plus 92235185?,118564648
What is 75164306 plus 73081242?,148245548
What is 2278 plus 4094?,6372
What is 345 plus 739?,1084
What is 1417089228 plus 9304611702?,10721700930
What is 144817 plus 426743?,571560
What is 75008876 plus 78254898?,153263774
What is 218216 plus 924305?,1142521
What is 6617255967 plus 2984508897?,9601764864
What is 1344471 plus 2908145?,4252616
What is 6916927 plus 3661485?,10578412
What is 4908 plus 8904?,13812
What is 89384 plus 20351?,109735
What is 30276199 plus 88201032?,118477231
What is 91716 plus 27273?,118989
What is 41444398 plus 23514297?,64958695
What is 63 plus 65?,128
What is 7349 plus 4441?,11790
What is 247825 plus 218082?,465907
What is 6472636016 plus 4966178958?,11438814974
What is 135 plus 167?,302
What is 2321004147 plus 4908901815?,7229905962
What is 591229523 plus 857229346?,1448458869
What is 5247 plus 6290?,11537
What is 6265123972 plus 2425138606?,8690262578
What is 570 plus 153?,723
What is 58 plus 73?,131
What is 66 plus 10?,76
What is 653 plus 406?,1059
What is 6250 plus 8077?,14327
What is 177986937 plus 918765359?,1096752296
What is 5146574 plus 6613131?,11759705
What is 429548 plus 283932?,713480
What is 313503 plus 844325?,1157828
What is 70739 plus 47811?,118550
What is 772354 plus 593274?,1365628
What is 41884 plus 15100?,56984
What is 84039258 plus 36373903?,120413161
What is 24 plus 65?,89
What is 4910 plus 8165?,13075
What is 8286184 plus 5543333?,13829517
What is 76103610 plus 90766994?,166870604
What is 20547 plus 46478?,67025
What is 500853766 plus 799942127?,1300795893
What is 365535149 plus 170823704?,536358853
What is 2649543865 plus 7698080773?,10347624638
What is 892930078 plus 651824503?,1544754581
What is 109258208 plus 345575767?,454833975
What is 2965 plus 7383?,10348
What is 6866 plus 8450?,15316
What is 440292 plus 928499?,1368791
What is 22274 plus 43006?,65280
What is 37142 plus 33760?,70902
What is 99124025 plus 59385658?,158509683
What is 274981802 plus 353290563?,628272365
What is 5206344 plus 1329029?,6535373
What is 4620 plus 6952?,11572
What is 164 plus 371?,535
What is 1458288479 plus 8111980184?,9570268663
What is 7754 plus 6825?,14579
What is 1431460 plus 4128482?,5559942
What is 402 plus 597?,999
What is 850540 plus 370280?,1220820
What is 36649077 plus 48357584?,85006661
What is 97 plus 96?,193
What is 1856559 plus 3249303?,5105862
What is 4784308422 plus 7973160791?,12757469213
What is 5348391 plus 8952926?,14301317
What is 97 plus 64?,161
What is 875203294 plus 988895459?,1864098753
What is 8685 plus 9403?,18088
What is 1607078 plus 8928677?,10535755
What is 152 plus 953?,1105
What is 113892558 plus 181383205?,295275763
What is 530718717 plus 587655389?,1118374106
What is 5990858130 plus 9804318251?,15795176381
What is 3284973682 plus 3243590824?,6528564506
What is 412321161 plus 704087204?,1116408365
What is 9481 plus 6106?,15587
What is 585294 plus 384953?,970247
What is 2771435 plus 8171045?,10942480
What is 308030629 plus 599159593?,907190222
What is 52 plus 89?,141
What is 2401227 plus 3943483?,6344710
What is 788196780 plus 873427698?,1661624478
What is 186 plus 318?,504
What is 36 plus 82?,118
What is 88 plus 48?,136
What is 308002199 plus 763802391?,1071804590
What is 77 plus 48?,125
What is 6949044 plus 1085647?,8034691
What is 370082 plus 156392?,526474
What is 98 plus 68?,166
What is 30452 plus 59240?,89692
What is 8259904 plus 5112178?,13372082
What is 9151794 plus 9569755?,18721549
What is 6687 plus 7140?,13827
What is 143488 plus 147430?,290918
What is 2408 plus 2507?,4915
What is 3115 plus 6701?,9816
What is 3290991 plus 7542637?,10833628
What is 252 plus 148?,400
What is 3485433 plus 5060167?,8545600
What is 839824828 plus 385662579?,1225487407
What is 6020861980 plus 7252019025?,13272881005
What is 914114 plus 462283?,1376397
What is 9436 plus 2605?,12041
What is 75553565 plus 31600703?,107154268
What is 814854793 plus 321247637?,1136102430
What is 596877060 plus 895724646?,1492601706
What is 635 plus 658?,1293
What is 94002 plus 35534?,129536
What is 4187978353 plus 6671807187?,10859785540
What is 167841 plus 183310?,351151
What is 4771 plus 1198?,5969
What is 6175531 plus 1698398?,7873929
What is 20 plus 39?,59
What is 66925969 plus 13968383?,80894352
What is 99809 plus 72509?,172318
What is 8044 plus 1654?,9698
What is 567502374 plus 437611211?,1005113585
What is 7946 plus 2852?,10798
What is 6455153 plus 9212761?,15667914
What is 3312 plus 3593?,6905
What is 881454 plus 698730?,1580184
What is 5347653328 plus 5649040761?,10996694089
What is 74 plus 36?,110
What is 8694 plus 9475?,18169
What is 703195 plus 508386?,1211581
What is 51 plus 74?,125
What is 461138 plus 870506?,1331644
What is 92412085 plus 32680545?,125092630
What is 98 plus 18?,116
What is 27182464 plus 62687301?,89869765
What is 4062747 plus 8485747?,12548494
What is 40545 plus 15303?,55848
What is 1525850320 plus 1239852263?,2765702583
What is 164 plus 505?,669
What is 4151741467 plus 9664855871?,13816597338
What is 494759296 plus 979925940?,1474685236
What is 201375698 plus 508582151?,709957849
What is 586683259 plus 489116956?,1075800215
What is 186079018 plus 921344727?,1107423745
What is 9704292751 plus 1239671579?,10943964330
What is 30258 plus 11358?,41616
What is 9578528 plus 3794971?,13373499
What is 578 plus 122?,700
What is 59099156 plus 31762726?,90861882
What is 665064 plus 915632?,1580696
What is 69463 plus 11838?,81301
What is 4176 plus 7289?,11465
What is 53199182 plus 84881448?,138080630
What is 392350450 plus 171588298?,563938748
What is 699987513 plus 186813412?,886800925
What is 295 plus 716?,1011
What is 4300673603 plus 5906696147?,10207369750
What is 870408693 plus 521788889?,1392197582
What is 97772732 plus 89051416?,186824148
What is 5011711 plus 5073553?,10085264
What is 6534 plus 6046?,12580
What is 64547276 plus 94538884?,159086160
What is 3524272 plus 7477407?,11001679
What is 51185 plus 84434?,135619
What is 1581575719 plus 1859830433?,3441406152
What is 4781 plus 1258?,6039
What is 1763 plus 2656?,4419
What is 45287251 plus 54884835?,100172086
What is 744 plus 787?,1531
What is 35422 plus 26694?,62116
What is 69845 plus 27991?,97836
What is 92560761 plus 95994572?,188555333
What is 894985483 plus 612344083?,1507329566
What is 95834 plus 26719?,122553
What is 402 plus 881?,1283
What is 142 plus 553?,695
What is 9932 plus 9312?,19244
What is 31403253 plus 94123306?,125526559
What is 1058411121 plus 8701079875?,9759490996
What is 2967536 plus 1724934?,4692470
What is 18410617 plus 90240653?,108651270
What is 3129 plus 9402?,12531
What is 66 plus 89?,155
What is 24268697 plus 15540414?,39809111
What is 9692459 plus 9013184?,18705643
What is 4882192558 plus 6575329345?,11457521903
What is 18 plus 77?,95
What is 86 plus 94?,180
What is 1838348 plus 6933829?,8772177
What is 7060950596 plus 4537248109?,11598198705
What is 11160 plus 54219?,65379
What is 48570662 plus 18423823?,66994485
What is 490799651 plus 264523008?,755322659
What is 67 plus 55?,122
What is 2450253 plus 5330467?,7780720
What is 345 plus 626?,971
What is 6134 plus 5010?,11144
What is 8944243 plus 8319304?,17263547
What is 321 plus 820?,1141
What is 274966283 plus 878469888?,1153436171
What is 979323441 plus 742104717?,1721428158
What is 21776520 plus 35681262?,57457782
What is 4953 plus 2210?,7163
What is 592909 plus 564354?,1157263
What is 769241470 plus 515533098?,1284774568
What is 388726512 plus 336973764?,725700276
What is 74 plus 92?,166
What is 8363 plus 7324?,15687
What is 54880 plus 68613?,123493
What is 776221486 plus 580575998?,1356797484
What is 3937 plus 3448?,7385
What is 73401941 plus 23173795?,96575736
What is 2653 plus 5554?,8207
What is 304576 plus 878429?,1183005
What is 8487852 plus 6078509?,14566361
What is 35510 plus 12343?,47853
What is 9873 plus 6435?,16308
What is 447228 plus 952199?,1399427
What is 62359 plus 32081?,94440
What is 538 plus 221?,759
What is 493809 plus 214639?,708448
What is 6303294082 plus 5154392327?,11457686409
What is 374158666 plus 495252934?,869411600
What is 57098 plus 45530?,102628
What is 646 plus 785?,1431
What is 5006958704 plus 6302344131?,11309302835
What is 60872 plus 32232?,93104
What is 82548308 plus 65595479?,148143787
What is 7660 plus 7242?,14902
What is 2536059816 plus 9990340639?,12526400455
What is 873108 plus 891039?,1764147
What is 537 plus 462?,999
What is 3486589023 plus 8703027168?,12189616191
What is 7407007252 plus 9682357528?,17089364780
What is 4870589 plus 6810431?,11681020
What is 47 plus 20?,67
What is 9674275998 plus 4721649540?,14395925538
What is 4387 plus 9974?,14361
What is 106 plus 715?,821
What is 5233 plus 3930?,9163
What is 956660 plus 121695?,1078355
What is 814372548 plus 535224661?,1349597209
What is 402812714 plus 759629192?,1162441906
What is 85 plus 48?,133
What is 91358275 plus 80098101?,171456376
What is 19895 plus 49029?,68924
What is 7584 plus 2869?,10453
What is 758862891 plus 550522496?,1309385387
What is 436 plus 335?,771
What is 74348647 plus 20761487?,95110134
What is 8611 plus 8770?,17381
What is 806697786 plus 655578579?,1462276365
What is 15018722 plus 87703581?,102722303
What is 4862433180 plus 9304097927?,14166531107
What is 640 plus 503?,1143
What is 41854 plus 29847?,71701
What is 61977071 plus 80484312?,142461383
What is 8845 plus 4958?,13803
What is 573329 plus 397341?,970670
What is 62829 plus 52116?,114945
What is 2465240225 plus 2344648580?,4809888805
What is 40716 plus 36265?,76981
What is 13 plus 60?,73
What is 30377287 plus 89074120?,119451407
What is 4485960 plus 7910451?,12396411
What is 55879 plus 54090?,109969
What is 5776411128 plus 7276562864?,13052973992
What is 74 plus 92?,166
What is 810264173 plus 460176770?,1270440943
What is 420897756 plus 507052713?,927950469
What is 431618 plus 306863?,738481
What is 358 plus 387?,745
What is 359 plus 467?,826
What is 2070 plus 1864?,3934
What is 24804379 plus 42050566?,66854945
What is 10597602 plus 58586285?,69183887
What is 2813717858 plus 2383560250?,5197278108
What is 934 plus 331?,1265
What is 828 plus 298?,1126
What is 71869093 plus 15014655?,86883748
What is 13961 plus 74256?,88217
What is 4118296 plus 6612337?,10730633
What is 2970436 plus 5389921?,8360357
What is 28 plus 45?,73
What is 48942 plus 31254?,80196
What is 121 plus 950?,1071
What is 769 plus 359?,1128
What is 6840 plus 6261?,13101
What is 61768 plus 97974?,159742
What is 630 plus 122?,752
What is 596 plus 249?,845
What is 21 plus 23?,44
What is 3512 plus 1504?,5016
What is 44 plus 69?,113
What is 2156655 plus 6899068?,9055723
What is 93967083 plus 94213924?,188181007
What is 3568946 plus 3799776?,7368722
What is 501 plus 759?,1260
What is 99773 plus 77548?,177321
What is 9627846 plus 7440914?,17068760
What is 4737 plus 4554?,9291
What is 3156 plus 7057?,10213
What is 494791486 plus 679035576?,1173827062
What is 3645375307 plus 8189988611?,11835363918
What is 37884 plus 65377?,103261
What is 7565 plus 9965?,17530
What is 68155920 plus 86760267?,154916187
What is 1024149323 plus 1361468488?,2385617811
What is 1401656 plus 6593244?,7994900
What is 857 plus 496?,1353
What is 6366418343 plus 8803996278?,15170414621
What is 97931490 plus 90761901?,188693391
What is 994285 plus 757700?,1751985
What is 46 plus 37?,83
What is 73 plus 84?,157
What is 959610383 plus 751498474?,1711108857
What is 58 plus 53?,111
What is 9538207 plus 5797355?,15335562
What is 46676967 plus 19734549?,66411516
What is 63781014 plus 23687008?,87468022
What is 20444 plus 83210?,103654
What is 2678 plus 3680?,6358
What is 122273 plus 863637?,985910
What is 8509868 plus 7985609?,16495477
What is 482734392 plus 165289054?,648023446
What is 5985 plus 5841?,11826
What is 664982 plus 373737?,1038719
What is 18339630 plus 77542707?,95882337
What is 203127 plus 837427?,1040554
What is 169306 plus 426272?,595578
What is 9353972 plus 5011192?,14365164
What is 7512189 plus 9134935?,16647124
What is 7539263 plus 4904392?,12443655
What is 201400737 plus 506560715?,707961452
What is 372731 plus 408722?,781453
What is 25033 plus 13045?,38078
What is 40 plus 78?,118
What is 109117 plus 790217?,899334
What is 5066311 plus 6281457?,11347768
What is 1160870 plus 3092895?,4253765
What is 557 plus 695?,1252
What is 45142646 plus 75137537?,120280183
What is 866275079 plus 661149320?,1527424399
What is 2760966776 plus 3837083264?,6598050040
What is 62371 plus 49475?,111846
What is 79 plus 69?,148
What is 85872 plus 94988?,180860
What is 3150524 plus 2654599?,5805123
What is 646153 plus 371398?,1017551
What is 7230 plus 5573?,12803
What is 6705 plus 3805?,10510
What is 95175929 plus 43213470?,138389399
What is 450615011 plus 458069265?,908684276
What is 108944296 plus 239219314?,348163610
What is 98 plus 23?,121
What is 5646 plus 4361?,10007
What is 956 plus 957?,1913
What is 30345150 plus 88296513?,118641663
What is 85178904 plus 61938780?,147117684
What is 6324719 plus 5738560?,12063279
What is 978591349 plus 535429856?,1514021205
What is 6109 plus 1397?,7506
What is 4344804 plus 8226946?,12571750
What is 3732 plus 3280?,7012
What is 725 plus 936?,1661
What is 93 plus 60?,153
What is 401 plus 823?,1224
What is 549 plus 204?,753
What is 98272268 plus 94153652?,192425920
What is 437920775 plus 179992270?,617913045
What is 6502112559 plus 1790950621?,8293063180
What is 4948812 plus 6383403?,11332215
What is 361460434 plus 740406046?,1101866480
What is 25 plus 77?,102
What is 32347 plus 17681?,50028
What is 8746605648 plus 9088188581?,17834794229
What is 90576 plus 91706?,182282
What is 76886 plus 64379?,141265
What is 583443 plus 147310?,730753
What is 6954110 plus 8223182?,15177292
What is 5698505278 plus 5366754786?,11065260064
What is 759894 plus 703873?,1463767
What is 743808 plus 634022?,1377830
What is 2039 plus 9462?,11501
What is 23172545 plus 97544050?,120716595
What is 8782 plus 2378?,11160
What is 178961821 plus 904942692?,1083904513
What is 9136 plus 5337?,14473
What is 850610083 plus 465198667?,1315808750
What is 30329 plus 36514?,66843
What is 206344 plus 463961?,670305
What is 454 plus 277?,731
What is 405570395 plus 945274422?,1350844817
What is 3049786895 plus 3976113188?,7025900083
What is 482957015 plus 123500641?,606457656
What is 919626 plus 261000?,1180626
What is 14782 plus 14242?,29024
What is 451 plus 428?,879
What is 385400366 plus 860689790?,1246090156
What is 2853049749 plus 1854509811?,4707559560
What is 91390126 plus 60283184?,151673310
What is 3530547546 plus 7116534896?,10647082442
What is 7213477 plus 8539148?,15752625
What is 900993 plus 954290?,1855283
What is 200979187 plus 238261708?,439240895
What is 57799 plus 25587?,83386
What is 32148787 plus 73126882?,105275669
What is 2504 plus 1730?,4234
What is 34 plus 37?,71
What is 36 plus 22?,58
What is 53731 plus 85606?,139337
What is 2874531657 plus 1735733552?,4610265209
What is 6465020 plus 4553691?,11018711
What is 40724013 plus 46781138?,87505151
What is 60306 plus 84046?,144352
What is 808 plus 274?,1082
What is 8820007 plus 8904700?,17724707
What is 54 plus 94?,148
What is 36 plus 76?,112
What is 41 plus 92?,133
What is 58663739 plus 12654321?,71318060
What is 7791 plus 2960?,10751
What is 8601 plus 2378?,10979
What is 14871 plus 52770?,67641
What is 81 plus 18?,99
What is 57 plus 53?,110
What is 7413347 plus 3641218?,11054565
What is 1477962 plus 9866682?,11344644
What is 774477 plus 419428?,1193905
What is 98 plus 81?,179
What is 449603004 plus 277704036?,727307040
What is 4876192 plus 4453057?,9329249
What is 240918 plus 961052?,1201970
What is 984676326 plus 745814338?,1730490664
What is 1022866 plus 3181696?,4204562
What is 23762 plus 32218?,55980
What is 345 plus 812?,1157
What is 12 plus 96?,108
What is 7858365 plus 6888398?,14746763
What is 578 plus 899?,1477
What is 3158635348 plus 9519749072?,12678384420
What is 755951 plus 564413?,1320364
What is 94727 plus 29945?,124672
What is 184073114 plus 100934410?,285007524
What is 126019 plus 350321?,476340
What is 14 plus 55?,69
What is 1240 plus 7869?,9109
What is 4434355506 plus 2571247548?,7005603054
What is 10574 plus 47483?,58057
What is 3987291 plus 4940562?,8927853
What is 215 plus 387?,602
What is 8141277 plus 7128944?,15270221
What is 4173237 plus 1066515?,5239752
What is 1506 plus 2112?,3618
What is 318200 plus 547137?,865337
What is 969454590 plus 884088043?,1853542633
What is 614 plus 304?,918
What is 38719 plus 91410?,130129
What is 63 plus 56?,119
What is 628269 plus 314732?,943001
What is 952 plus 390?,1342
What is 7585 plus 8609?,16194
What is 4369 plus 9183?,13552
What is 31523407 plus 97836547?,129359954
What is 8685 plus 9100?,17785
What is 164225 plus 696092?,860317
What is 87 plus 52?,139
What is 978930529 plus 752316074?,1731246603
What is 858 plus 149?,1007
What is 783354 plus 202727?,986081
What is 3728 plus 2589?,6317
What is 355 plus 252?,607
What is 954 plus 355?,1309
What is 9148 plus 3041?,12189
What is 8535479 plus 3985523?,12521002
What is 92752575 plus 55731785?,148484360
What is 662646 plus 449155?,1111801
What is 6252535845 plus 7215922063?,13468457908
What is 747993 plus 674088?,1422081
What is 1251 plus 3011?,4262
What is 906841273 plus 959300003?,1866141276
What is 99462621 plus 53950085?,153412706
What is 92169 plus 50547?,142716
What is 320 plus 850?,1170
What is 6707580 plus 7798395?,14505975
What is 62017530 plus 57911735?,119929265
What is 7372533 plus 9960614?,17333147
What is 429876 plus 996723?,1426599
What is 81524 plus 67361?,148885
What is 75157718 plus 26843936?,102001654
What is 5175602 plus 7005724?,12181326
What is 22034611 plus 20949654?,42984265
What is 95 plus 47?,142
What is 5114037 plus 3144934?,8258971
What is 3332596495 plus 6535586994?,9868183489
What is 43644379 plus 78947897?,122592276
What is 848 plus 404?,1252
What is 5761 plus 5896?,11657
What is 989550 plus 590626?,1580176
What is 18974987 plus 70031615?,89006602
What is 30865701 plus 17960459?,48826160
What is 8572 plus 6641?,15213
What is 6673 plus 4385?,11058
What is 87301 plus 56538?,143839
What is 34577 plus 31380?,65957
What is 24895423 plus 96965532?,121860955
What is 656807196 plus 740439992?,1397247188
What is 54 plus 94?,148
What is 34499573 plus 44606558?,79106131
What is 7324000741 plus 4563904631?,11887905372
What is 51 plus 18?,69
What is 318 plus 515?,833
What is 6005 plus 4103?,10108
What is 1282641021 plus 8761059906?,10043700927
What is 922 plus 440?,1362
What is 31369 plus 50298?,81667
What is 90271 plus 50129?,140400
What is 18435122 plus 66173343?,84608465
What is 477448764 plus 317358895?,794807659
What is 2820415267 plus 2858710907?,5679126174
What is 184 plus 430?,614
What is 238480 plus 727345?,965825
What is 674 plus 938?,1612
What is 8949646 plus 2451254?,11400900
What is 67163285 plus 65250795?,132414080
What is 3258 plus 1148?,4406
What is 42 plus 27?,69
What is 25 plus 21?,46
What is 61362 plus 98423?,159785
What is 7044997 plus 3573340?,10618337
What is 733030 plus 445383?,1178413
What is 5494988189 plus 8357548599?,13852536788
What is 107215397 plus 465835077?,573050474
What is 62 plus 64?,126
What is 318 plus 652?,970
What is 9521 plus 1328?,10849
What is 55727 plus 98937?,154664
What is 199092849 plus 126981514?,326074363
What is 878 plus 541?,1419
What is 63 plus 64?,127
What is 23380 plus 29961?,53341
What is 867579581 plus 506663045?,1374242626
What is 845 plus 614?,1459
What is 7355215786 plus 4733890830?,12089106616
What is 3864 plus 6163?,10027
What is 3231696 plus 7467029?,10698725
What is 760052179 plus 272240084?,1032292263
What is 4464129 plus 3430502?,7894631
What is 2776223 plus 8321624?,11097847
What is 12620 plus 94552?,107172
What is 3292822909 plus 5745667550?,9038490459
What is 41432081 plus 10153384?,51585465
What is 95 plus 68?,163
What is 2000869 plus 1995631?,3996500
What is 3235596465 plus 2320020176?,5555616641
What is 3170 plus 1703?,4873
What is 4546996 plus 9806344?,14353340
What is 660653 plus 695681?,1356334
What is 8046770 plus 2100238?,10147008
What is 820759 plus 807682?,1628441
What is 636 plus 165?,801
What is 8563 plus 3722?,12285
What is 448 plus 563?,1011
What is 200867 plus 673593?,874460
What is 30459715 plus 83545282?,114004997
What is 2121386 plus 9555486?,11676872
What is 159882020 plus 949624608?,1109506628
What is 101545 plus 277027?,378572
What is 97721438 plus 88895674?,186617112
What is 16293 plus 49891?,66184
What is 52573454 plus 87143127?,139716581
What is 752 plus 739?,1491
What is 850263 plus 117443?,967706
What is 8850797193 plus 8612795953?,17463593146
What is 62881901 plus 46566047?,109447948
What is 949894 plus 178976?,1128870
What is 4983130905 plus 1801206413?,6784337318
What is 12419284 plus 36786231?,49205515
What is 92319967 plus 33460163?,125780130
What is 2705 plus 1921?,4626
What is 32253245 plus 24172371?,56425616
What is 4742 plus 5671?,10413
What is 30354249 plus 63379650?,93733899
What is 8089747 plus 6406452?,14496199
What is 64276908 plus 85765325?,150042233
What is 71253387 plus 13397286?,84650673
What is 69002 plus 51661?,120663
What is 7154580 plus 8947585?,16102165
What is 6058261 plus 6195325?,12253586
What is 2929132805 plus 4154122850?,7083255655
What is 598 plus 328?,926
What is 59066 plus 68841?,127907
What is 8444004680 plus 8546800801?,16990805481
What is 46595609 plus 68940604?,115536213
What is 4841609328 plus 5092555424?,9934164752
What is 6531 plus 2846?,9377
What is 671000 plus 814218?,1485218
What is 28025 plus 46578?,74603
What is 897 plus 602?,1499
What is 28785659 plus 13526082?,42311741
What is 8718 plus 9059?,17777
What is 946765 plus 551439?,1498204
What is 49 plus 90?,139
What is 9389057 plus 2197017?,11586074
What is 94185 plus 49857?,144042
What is 169463 plus 409071?,578534
What is 5471 plus 6209?,11680
What is 58 plus 92?,150
What is 212 plus 671?,883
What is 680 plus 218?,898
What is 3620092 plus 6430920?,10051012
What is 34 plus 69?,103
What is 9436845157 plus 1447243096?,10884088253
What is 39 plus 32?,71
What is 78880324 plus 44783404?,123663728
What is 1805036 plus 1091108?,2896144
What is 67177302 plus 58610276?,125787578
What is 757764 plus 876758?,1634522
What is 14 plus 56?,70
What is 1950 plus 5410?,7360
What is 1344399 plus 7019754?,8364153
What is 136609989 plus 373732493?,510342482
What is 81041601 plus 76048249?,157089850
What is 272469348 plus 482390459?,754859807
What is 89165992 plus 22435407?,111601399
What is 20664641 plus 19296492?,39961133
What is 371777661 plus 561771704?,933549365
What is 279 plus 555?,834
What is 676 plus 531?,1207
What is 6595 plus 5950?,12545
What is 82295209 plus 50475488?,132770697
What is 302594843 plus 554340614?,856935457
What is 617 plus 985?,1602
What is 4508893 plus 5524050?,10032943
What is 475760 plus 529455?,1005215
What is 44 plus 66?,110
What is 77761 plus 42367?,120128
What is 8902975897 plus 2005548523?,10908524420
What is 740030 plus 112966?,852996
What is 681 plus 305?,986
What is 13944254 plus 84356087?,98300341
What is 16 plus 44?,60
What is 1153 plus 2888?,4041
What is 882 plus 664?,1546
What is 4482 plus 8360?,12842
What is 28051928 plus 15966025?,44017953
What is 2840900785 plus 5001850546?,7842751331
What is 1015978 plus 7079160?,8095138
What is 23 plus 71?,94
What is 7070046227 plus 2203542245?,9273588472
What is 796938 plus 959407?,1756345
What is 293 plus 149?,442
What is 49005968 plus 63326749?,112332717
What is 158642461 plus 443844406?,602486867
What is 54 plus 35?,89
What is 7861726 plus 7681585?,15543311
What is 796 plus 801?,1597
What is 815400092 plus 685364354?,1500764446
What is 9612 plus 2553?,12165
What is 992172815 plus 672041887?,1664214702
What is 768762 plus 418061?,1186823
What is 8784 plus 8473?,17257
What is 899283 plus 822734?,1722017
What is 44356 plus 93569?,137925
What is 899868449 plus 241634726?,1141503175
What is 79046182 plus 80839231?,159885413
What is 233489809 plus 201711226?,435201035
What is 56991 plus 98104?,155095
What is 397383328 plus 515019763?,912403091
What is 85 plus 85?,170
What is 81790 plus 33494?,115284
What is 4998 plus 5737?,10735
What is 468054 plus 770017?,1238071
What is 13552 plus 88212?,101764
What is 80327183 plus 89039643?,169366826
What is 1014024335 plus 9362865035?,10376889370
What is 87 plus 27?,114
What is 959885075 plus 986999846?,1946884921
What is 21062690 plus 66119158?,87181848
What is 10034402 plus 62964040?,72998442
What is 7939570 plus 9886984?,17826554
What is 3185355 plus 9628945?,12814300
What is 313872 plus 493908?,807780
What is 826305998 plus 744087027?,1570393025
What is 154134745 plus 744372965?,898507710
What is 13339155 plus 49388626?,62727781
What is 18070904 plus 54157704?,72228608
What is 29 plus 93?,122
What is 9939409841 plus 1365617667?,11305027508
What is 305320 plus 958488?,1263808
What is 6098 plus 4123?,10221
What is 6920238208 plus 9904757568?,16824995776
What is 679497 plus 529321?,1208818
What is 429071362 plus 244525278?,673596640
What is 25064 plus 32708?,57772
What is 446013 plus 224112?,670125
What is 15 plus 14?,29
What is 71 plus 91?,162
What is 1952411379 plus 6899150505?,8851561884
What is 24231091 plus 77215959?,101447050
What is 299782549 plus 711430925?,1011213474
What is 785424303 plus 370390169?,1155814472
What is 472 plus 632?,1104
What is 41737 plus 20988?,62725
What is 36420 plus 57402?,93822
What is 17 plus 86?,103
What is 1854974 plus 6451052?,8306026
What is 14283265 plus 16670203?,30953468
What is 299276 plus 243001?,542277
What is 999319665 plus 296736191?,1296055856
What is 5135 plus 3368?,8503
What is 457920 plus 971322?,1429242
What is 68 plus 70?,138
What is 16 plus 52?,68
What is 1797759 plus 7462730?,9260489
What is 52505 plus 73805?,126310
What is 674110 plus 511565?,1185675
What is 368469952 plus 665618097?,1034088049
What is 13434592 plus 30726239?,44160831
What is 78 plus 19?,97
What is 40653315 plus 50003141?,90656456
What is 39977 plus 93728?,133705
What is 5149786 plus 9184916?,14334702
What is 810 plus 977?,1787
What is 5089507 plus 8064773?,13154280
What is 38227584 plus 30054440?,68282024
What is 8673928213 plus 7444138214?,16118066427
What is 8430588 plus 5283284?,13713872
What is 260389580 plus 763889054?,1024278634
What is 40 plus 45?,85
What is 73296676 plus 92731090?,166027766
What is 855 plus 988?,1843
What is 33 plus 46?,79
What is 4937412365 plus 8763612550?,13701024915
What is 4947 plus 7454?,12401
What is 548 plus 743?,1291
What is 5550 plus 9842?,15392
What is 98126908 plus 84133345?,182260253
What is 7143 plus 4486?,11629
What is 209411 plus 523465?,732876
What is 713729 plus 225982?,939711
What is 1592 plus 7645?,9237
What is 7231194 plus 1926939?,9158133
What is 96137 plus 57920?,154057
What is 8675727575 plus 9575385752?,18251113327
What is 5252734407 plus 1464922597?,6717657004
What is 2649585510 plus 7722180992?,10371766502
What is 751570518 plus 191666269?,943236787
What is 3648893404 plus 6296359557?,9945252961
What is 25 plus 24?,49
What is 522297 plus 243828?,766125
What is 4570 plus 7623?,12193
What is 8592738 plus 8492009?,17084747
What is 712143 plus 718929?,1431072
What is 4025030950 plus 7348095274?,11373126224
What is 94 plus 76?,170
What is 7767344 plus 2510015?,10277359
What is 516 plus 899?,1415
What is 338950841 plus 609010965?,947961806
What is 906962 plus 774494?,1681456
What is 4415171300 plus 8420075043?,12835246343
What is 78224 plus 19725?,97949
What is 32 plus 73?,105
What is 33879 plus 68586?,102465
What is 8825158 plus 1287333?,10112491
What is 56463 plus 20223?,76686
What is 247005 plus 180811?,427816
What is 367721 plus 662891?,1030612
What is 826645480 plus 306011229?,1132656709
What is 91 plus 47?,138
What is 842672 plus 418408?,1261080
What is 425934 plus 729690?,1155624
What is 19 plus 18?,37
What is 231521692 plus 574452020?,805973712
What is 419582568 plus 577329366?,996911934
What is 30 plus 22?,52
What is 4271926 plus 6297873?,10569799
What is 45 plus 31?,76
What is 766160 plus 710923?,1477083
What is 16 plus 39?,55
What is 746112029 plus 106420263?,852532292
What is 8625050427 plus 8776800644?,17401851071
What is 552514 plus 392458?,944972
What is 8773531 plus 3139741?,11913272
What is 8207141400 plus 9979989380?,18187130780
What is 6281 plus 3594?,9875
What is 250 plus 351?,601
What is 533380613 plus 859683114?,1393063727
What is 5172739172 plus 9323497694?,14496236866
What is 8528745413 plus 2549308966?,11078054379
What is 3001282049 plus 3890374754?,6891656803
What is 18 plus 34?,52
What is 695923872 plus 489622653?,1185546525
What is 328261365 plus 252921436?,581182801
What is 5317010 plus 9471108?,14788118
What is 91 plus 70?,161
What is 633 plus 840?,1473
What is 4710626959 plus 6680416644?,11391043603
What is 386 plus 921?,1307
What is 498 plus 109?,607
What is 566064463 plus 131778299?,697842762
What is 81 plus 53?,134
What is 13362 plus 66569?,79931
What is 80 plus 12?,92
What is 30554227 plus 16848514?,47402741
What is 14859 plus 87827?,102686
What is 313 plus 510?,823
What is 9553 plus 4561?,14114
What is 915025 plus 481974?,1396999
What is 11066 plus 45645?,56711
What is 7803 plus 5212?,13015
What is 1274799 plus 9544070?,10818869
What is 486 plus 860?,1346
What is 64108031 plus 29802794?,93910825
What is 18 plus 97?,115
What is 33982137 plus 92695943?,126678080
What is 87 plus 18?,105
What is 9084687 plus 9214816?,18299503
What is 42573 plus 51426?,93999
What is 2100 plus 1233?,3333
What is 378 plus 402?,780
What is 5713716 plus 3065230?,8778946
What is 46 plus 37?,83
What is 426649830 plus 343967065?,770616895
What is 56862 plus 19442?,76304
What is 104 plus 736?,840
What is 243765 plus 917969?,1161734
What is 34 plus 92?,126
What is 44 plus 31?,75
What is 4847169271 plus 7696000912?,12543170183
What is 883670 plus 572093?,1455763
What is 7600 plus 8864?,16464
What is 8685717 plus 1305205?,9990922
What is 865918 plus 296182?,1162100
What is 622945353 plus 257072771?,880018124
What is 70679040 plus 24786781?,95465821
What is 8253439 plus 8527577?,16781016
What is 395008117 plus 786461040?,1181469157
What is 334284 plus 804838?,1139122
What is 889063 plus 982333?,1871396
What is 4904551389 plus 6134865299?,11039416688
What is 5261644 plus 7600894?,12862538
What is 90494 plus 82559?,173053
What is 79 plus 25?,104
What is 717450421 plus 568565995?,1286016416
What is 367 plus 755?,1122
What is 1386 plus 7763?,9149
What is 288529192 plus 275124186?,563653378
What is 94155695 plus 66944085?,161099780
What is 2756275959 plus 5290123039?,8046398998
What is 126 plus 163?,289
What is 979 plus 382?,1361
What is 5919580 plus 5311852?,11231432
What is 223276354 plus 881181045?,1104457399
What is 54615664 plus 64138019?,118753683
What is 61 plus 15?,76
What is 157650 plus 370168?,527818
What is 1510419 plus 4481552?,5991971
What is 49 plus 28?,77
What is 6737 plus 3724?,10461
What is 840248164 plus 572464793?,1412712957
What is 723 plus 720?,1443
What is 63 plus 31?,94
What is 711 plus 858?,1569
What is 194620 plus 608905?,803525
What is 8716780583 plus 1017994803?,9734775386
What is 575566 plus 778345?,1353911
What is 766424 plus 766138?,1532562
What is 56163911 plus 56972438?,113136349
What is 4961915302 plus 9009102917?,13971018219
What is 58 plus 22?,80
What is 5553751255 plus 2621985464?,8175736719
What is 2249 plus 7645?,9894
What is 20 plus 59?,79
What is 3868475613 plus 6484720507?,10353196120
What is 1342 plus 2463?,3805
What is 84805 plus 70909?,155714
What is 411783501 plus 690338545?,1102122046
What is 683891 plus 834816?,1518707
What is 6297725 plus 2486518?,8784243
What is 35912 plus 70441?,106353
What is 7090539 plus 8335190?,15425729
What is 49065414 plus 66769921?,115835335
What is 191 plus 344?,535
What is 15 plus 89?,104
What is 308081 plus 971688?,1279769
What is 78 plus 95?,173
What is 15740730 plus 84656544?,100397274
What is 4792 plus 7443?,12235
What is 1031064428 plus 6574817449?,7605881877
What is 79 plus 97?,176
What is 7181009 plus 2749535?,9930544
What is 47 plus 17?,64
What is 774 plus 970?,1744
What is 304 plus 999?,1303
What is 985184234 plus 473398906?,1458583140
What is 63 plus 17?,80
What is 386875609 plus 954917654?,1341793263
What is 418641 plus 388342?,806983
What is 1422944 plus 8010014?,9432958
What is 2922402233 plus 2069472277?,4991874510
What is 353964067 plus 894843845?,1248807912
What is 402032 plus 438129?,840161
What is 860149 plus 565188?,1425337
What is 25553748 plus 89635839?,115189587
What is 6860929388 plus 8675104057?,15536033445
What is 47 plus 58?,105
What is 7130 plus 5470?,12600
What is 5902431 plus 6677507?,12579938
What is 2658 plus 1349?,4007
What is 9078 plus 1891?,10969
What is 931 plus 487?,1418
What is 441991 plus 623186?,1065177
What is 2902189898 plus 2087516169?,4989706067
What is 8092142582 plus 7875409180?,15967551762
What is 901520 plus 163475?,1064995
What is 82 plus 42?,124
What is 924333 plus 496897?,1421230
What is 86151 plus 70985?,157136
What is 63772710 plus 83887721?,147660431
What is 488 plus 757?,1245
What is 4887 plus 5696?,10583
What is 26334986 plus 28801403?,55136389
What is 1966891499 plus 5881521019?,7848412518
What is 139 plus 248?,387
What is 993202 plus 572278?,1565480
What is 17547 plus 26789?,44336
What is 6978593234 plus 5507487182?,12486080416
What is 340 plus 956?,1296
What is 31637 plus 29907?,61544
What is 74 plus 51?,125
What is 5748864 plus 7701253?,13450117
What is 1314530272 plus 6451748817?,7766279089
What is 807510 plus 276607?,1084117
What is 969984213 plus 289062241?,1259046454
What is 381577 plus 435648?,817225
What is 6026438188 plus 4577282402?,10603720590
What is 24879 plus 71974?,96853
What is 1171743727 plus 4451945561?,5623689288
What is 5059949883 plus 8343131876?,13403081759
What is 70813 plus 42133?,112946
What is 34647420 plus 19415529?,54062949
What is 796654 plus 356603?,1153257
What is 97 plus 98?,195
What is 22509075 plus 22437483?,44946558
What is 4450 plus 2270?,6720
What is 28 plus 45?,73
What is 663715 plus 581747?,1245462
What is 741 plus 961?,1702
What is 2971532923 plus 3615559675?,6587092598
What is 3359379 plus 8871410?,12230789
What is 8110493 plus 3892221?,12002714
What is 5071 plus 3429?,8500
What is 8757 plus 7161?,15918
What is 32128373 plus 27179553?,59307926
What is 948760214 plus 770977344?,1719737558
What is 22464 plus 11100?,33564
What is 1184 plus 5224?,6408
What is 877313054 plus 140223690?,1017536744
What is 238115265 plus 772120933?,1010236198
What is 20615973 plus 10378175?,30994148
What is 2292 plus 4688?,6980
What is 918618 plus 411071?,1329689
What is 26617352 plus 10762256?,37379608
What is 4406384793 plus 5013568761?,9419953554
What is 5346802985 plus 1667350254?,7014153239
What is 43578220 plus 25969473?,69547693
What is 7590 plus 1247?,8837
What is 856700 plus 241274?,1097974
What is 517301 plus 888423?,1405724
What is 85846 plus 45232?,131078
What is 9966161539 plus 6328435018?,16294596557
What is 96 plus 99?,195
What is 54285 plus 15047?,69332
What is 3683875 plus 6634031?,10317906
What is 2062 plus 9332?,11394
What is 4513617352 plus 6044382182?,10557999534
What is 79587647 plus 98090052?,177677699
What is 427 plus 452?,879
What is 4853 plus 7909?,12762
What is 9742 plus 1465?,11207
What is 15136587 plus 89474731?,104611318
What is 9134302 plus 4629501?,13763803
What is 958 plus 631?,1589
What is 5312796 plus 7754935?,13067731
What is 18 plus 47?,65
What is 469 plus 267?,736
What is 162661 plus 234662?,397323
What is 132612 plus 887589?,1020201
What is 2472 plus 1719?,4191
What is 21842189 plus 69360062?,91202251
What is 3510580799 plus 9934416524?,13444997323
What is 1988727 plus 6089178?,8077905
What is 445665536 plus 374482747?,820148283
What is 49726 plus 59279?,109005
What is 34190 plus 48358?,82548
What is 964 plus 386?,1350
What is 673392 plus 866043?,1539435
What is 9075406581 plus 7829213268?,16904619849
What is 5879 plus 1092?,6971
What is 2312286197 plus 6970952400?,9283238597
What is 9887980011 plus 6226720754?,16114700765
What is 5927673 plus 7898302?,13825975
What is 233927716 plus 627616562?,861544278
What is 1295158 plus 7286050?,8581208
What is 6460659088 plus 1530571569?,7991230657
What is 4478880557 plus 4415076533?,8893957090
What is 918865856 plus 606075867?,1524941723
What is 9935640 plus 1541235?,11476875
What is 43 plus 40?,83
What is 90950 plus 36607?,127557
What is 8847704810 plus 6515753391?,15363458201
What is 69762 plus 82646?,152408
What is 8783 plus 7846?,16629
What is 9936 plus 7653?,17589
What is 58683 plus 56631?,115314
What is 160 plus 792?,952
What is 221806862 plus 590103068?,811909930
What is 31270393 plus 76548227?,107818620
What is 409 plus 349?,758
What is 494773 plus 154252?,649025
What is 267432330 plus 964182721?,1231615051
What is 110534 plus 379727?,490261
What is 43 plus 12?,55
What is 6810254 plus 4484322?,11294576
What is 7896829 plus 4429577?,12326406
What is 2173716547 plus 7560921229?,9734637776
What is 31409102 plus 72118397?,103527499
What is 4026430998 plus 2278244214?,6304675212
What is 5282 plus 4158?,9440
What is 92 plus 84?,176
What is 67 plus 44?,111
What is 725 plus 307?,1032
What is 75773 plus 97740?,173513
What is 70 plus 71?,141
What is 29508 plus 60912?,90420
What is 48 plus 39?,87
What is 35713037 plus 69685499?,105398536
What is 99305 plus 57980?,157285
What is 103242082 plus 213711160?,316953242
What is 8765 plus 6269?,15034
What is 47829677 plus 45077650?,92907327
What is 64451 plus 91524?,155975
What is 73729198 plus 36458983?,110188181
What is 12398965 plus 41449182?,53848147
What is 27146 plus 51912?,79058
What is 124719 plus 290537?,415256
What is 80185 plus 40453?,120638
What is 629441741 plus 349525328?,978967069
What is 13596850 plus 31351776?,44948626
What is 27818099 plus 92604436?,120422535
What is 4141 plus 1524?,5665
What is 196405886 plus 937329604?,1133735490
What is 52 plus 66?,118
What is 998 plus 443?,1441
What is 8673789400 plus 3283234862?,11957024262
What is 1147778604 plus 8431783607?,9579562211
What is 8642289526 plus 5055302361?,13697591887
What is 1567 plus 4689?,6256
What is 73 plus 15?,88
What is 766240 plus 999946?,1766186
What is 689 plus 895?,1584
What is 415 plus 536?,951
What is 9487887678 plus 6473376826?,15961264504
What is 8926496217 plus 3057427005?,11983923222
What is 5348 plus 8942?,14290
What is 767518 plus 773961?,1541479
What is 59 plus 23?,82
What is 166778723 plus 399355001?,566133724
What is 2215992 plus 2566635?,4782627
What is 267295 plus 119438?,386733
What is 555412210 plus 435927989?,991340199
What is 5282 plus 3926?,9208
What is 4971607820 plus 2234562885?,7206170705
What is 1763375 plus 7155615?,8918990
What is 67258591 plus 66171043?,133429634
What is 4261533 plus 9336687?,13598220
What is 68634817 plus 78198672?,146833489
What is 59 plus 96?,155
What is 298004 plus 875256?,1173260
What is 821 plus 701?,1522
What is 6173323 plus 6687575?,12860898
What is 1996510 plus 3372411?,5368921
What is 838093106 plus 351217133?,1189310239
What is 6408 plus 1818?,8226
What is 807691266 plus 420451309?,1228142575
What is 783393351 plus 167418598?,950811949
What is 8129815 plus 3208110?,11337925
What is 791 plus 185?,976
What is 86 plus 73?,159
What is 4504 plus 2603?,7107
What is 51372 plus 39366?,90738
What is 32358093 plus 18176183?,50534276
What is 674092 plus 294468?,968560
What is 2011609 plus 1483792?,3495401
What is 82 plus 47?,129
What is 3941772819 plus 5920299227?,9862072046
What is 745818994 plus 269997980?,1015816974
What is 308 plus 314?,622
What is 46 plus 31?,77
What is 954 plus 121?,1075
What is 62371992 plus 70856256?,133228248
What is 33916127 plus 55594192?,89510319
What is 71046 plus 29956?,101002
What is 50 plus 56?,106
What is 424221638 plus 271229745?,695451383
What is 297 plus 959?,1256
What is 37126703 plus 56950553?,94077256
What is 26 plus 27?,53
What is 7809785 plus 2092518?,9902303
What is 1121 plus 6671?,7792
What is 77508 plus 98762?,176270
What is 406638067 plus 583381019?,990019086
What is 947108801 plus 308317982?,1255426783
What is 410242959 plus 773027743?,1183270702
What is 2789 plus 6315?,9104
What is 25185498 plus 92518054?,117703552
What is 79 plus 86?,165
What is 27193166 plus 89743822?,116936988
What is 3358182 plus 1521358?,4879540
What is 1543884246 plus 4873307880?,6417192126
What is 38292045 plus 67484639?,105776684
What is 500138954 plus 209673305?,709812259
What is 6910 plus 1370?,8280
What is 38 plus 23?,61
What is 6026048536 plus 2181792252?,8207840788
What is 32753 plus 24235?,56988
What is 39379195 plus 91348602?,130727797
What is 97999 plus 18342?,116341
What is 1988975 plus 8808512?,10797487
What is 516192434 plus 115615466?,631807900
What is 7512630267 plus 6190469470?,13703099737
What is 155 plus 148?,303
What is 992539069 plus 551785772?,1544324841
What is 6989922 plus 1593433?,8583355
What is 197455 plus 483846?,681301
What is 38921622 plus 85286220?,124207842
What is 984 plus 851?,1835
What is 562281 plus 883113?,1445394
What is 756987087 plus 199464213?,956451300
What is 69 plus 96?,165
What is 709766992 plus 626042977?,1335809969
What is 7794945961 plus 8683923225?,16478869186
What is 857466 plus 453017?,1310483
What is 63535729 plus 70934698?,134470427
What is 76355 plus 39263?,115618
What is 9134813 plus 4519924?,13654737
What is 5593003 plus 8365513?,13958516
What is 48 plus 41?,89
What is 18 plus 53?,71
What is 970942145 plus 988137445?,1959079590
What is 417253583 plus 986571088?,1403824671
What is 3962 plus 2772?,6734
What is 8995505540 plus 7665342998?,16660848538
What is 34355725 plus 62047180?,96402905
What is 39007647 plus 44843169?,83850816
What is 435244384 plus 895010451?,1330254835
What is 8303019273 plus 3843623697?,12146642970
What is 374137030 plus 809100952?,1183237982
What is 76506 plus 15839?,92345
What is 444 plus 536?,980
What is 79499160 plus 44782647?,124281807
What is 3948831752 plus 9935693160?,13884524912
What is 116680868 plus 758612892?,875293760
What is 881768181 plus 655165719?,1536933900
What is 4002677580 plus 6674302052?,10676979632
What is 1588517729 plus 2845080476?,4433598205
What is 184836069 plus 901686246?,1086522315
What is 2947825451 plus 7522720168?,10470545619
What is 216 plus 343?,559
What is 2832211105 plus 5751537258?,8583748363
What is 308933052 plus 863823858?,1172756910
What is 715 plus 665?,1380
What is 283 plus 114?,397
What is 55416 plus 81830?,137246
What is 59812 plus 99259?,159071
What is 139175 plus 944941?,1084116
What is 235 plus 356?,591
What is 6150 plus 1361?,7511
What is 31283 plus 11860?,43143
What is 515250 plus 354332?,869582
What is 6472388918 plus 4041087381?,10513476299
What is 14 plus 54?,68
What is 961675510 plus 259776821?,1221452331
What is 445382 plus 402792?,848174
What is 261 plus 689?,950
What is 655600 plus 344074?,999674
What is 8780376126 plus 6684452002?,15464828128
What is 31067 plus 56232?,87299
What is 8876488105 plus 3158500417?,12034988522
What is 65190 plus 54869?,120059
What is 8474 plus 2893?,11367
What is 307114 plus 850922?,1158036
What is 2554 plus 8534?,11088
What is 8080 plus 8656?,16736
What is 404 plus 632?,1036
What is 111838617 plus 352209143?,464047760
What is 61704599 plus 14882608?,76587207
What is 930814474 plus 551346423?,1482160897
What is 987 plus 797?,1784
What is 90162 plus 35463?,125625
What is 9242576 plus 1852120?,11094696
What is 37984 plus 92002?,129986
What is 913582 plus 608449?,1522031
What is 55598478 plus 95144058?,150742536
What is 866543 plus 500123?,1366666
What is 9173189 plus 5915091?,15088280
What is 873879842 plus 103435092?,977314934
What is 688 plus 503?,1191
What is 1652008072 plus 7982280643?,9634288715
What is 5980 plus 4963?,10943
What is 638111 plus 103658?,741769
What is 49492 plus 13125?,62617
What is 7290894239 plus 9642776586?,16933670825
What is 87706 plus 81663?,169369
What is 823 plus 257?,1080
What is 8006851575 plus 1318852371?,9325703946
What is 3206910345 plus 3305707173?,6512617518
What is 34173 plus 89781?,123954
What is 253 plus 778?,1031
What is 50186730 plus 32364777?,82551507
What is 518471 plus 585379?,1103850
What is 3812485 plus 8213712?,12026197
What is 29 plus 37?,66
What is 493893752 plus 148181435?,642075187
What is 5446680 plus 5811033?,11257713
What is 8238 plus 7855?,16093
What is 595854318 plus 372244777?,968099095
What is 76502 plus 52815?,129317
What is 32882 plus 22842?,55724
What is 664955282 plus 800293780?,1465249062
What is 197 plus 692?,889
What is 5101253 plus 9532590?,14633843
What is 5994120666 plus 9661356251?,15655476917
What is 1107077 plus 2008092?,3115169
What is 709 plus 423?,1132
What is 90260121 plus 74491153?,164751274
What is 21874 plus 47249?,69123
What is 52490347 plus 65719720?,118210067
What is 616106707 plus 701987575?,1318094282
What is 4663597 plus 9369214?,14032811
What is 858695505 plus 243359685?,1102055190
What is 4624 plus 4799?,9423
What is 540 plus 471?,1011
What is 3136 plus 4773?,7909
What is 883952 plus 654775?,1538727
What is 37640236 plus 66234865?,103875101
What is 516 plus 235?,751
What is 71042 plus 77607?,148649
What is 500 plus 938?,1438
What is 81 plus 21?,102
What is 74485 plus 59013?,133498
What is 7495 plus 6661?,14156
What is 664214872 plus 855326845?,1519541717
What is 5273 plus 9447?,14720
What is 957 plus 200?,1157
What is 180368573 plus 671772326?,852140899
What is 271227 plus 868422?,1139649
What is 747030 plus 508421?,1255451
What is 575 plus 833?,1408
What is 8079872281 plus 9077143976?,17157016257
What is 75342 plus 44342?,119684
What is 2597690 plus 7602990?,10200680
What is 4971554084 plus 1684102874?,6655656958
What is 457 plus 600?,1057
What is 15 plus 75?,90
What is 81 plus 68?,149
What is 189700063 plus 204918124?,394618187
What is 60 plus 94?,154
What is 389739 plus 842053?,1231792
What is 64288 plus 95002?,159290
What is 1249 plus 9069?,10318
What is 611 plus 632?,1243
What is 5345940780 plus 6751000713?,12096941493
What is 3445201435 plus 7224567017?,10669768452
What is 708931 plus 891767?,1600698
What is 514 plus 429?,943
What is 2959 plus 3629?,6588
What is 13314388 plus 88543910?,101858298
What is 7685162202 plus 4805000678?,12490162880
What is 55433 plus 23665?,79098
What is 981 plus 789?,1770
What is 2616 plus 1631?,4247
What is 73678293 plus 86307491?,159985784
What is 180 plus 513?,693
What is 3255735933 plus 1603866397?,4859602330
What is 43144738 plus 52583173?,95727911
What is 9148880454 plus 6248105257?,15396985711
What is 55 plus 47?,102
What is 533652071 plus 498217782?,1031869853
What is 6244 plus 1205?,7449
What is 8082 plus 9860?,17942
What is 428318 plus 259387?,687705
What is 427955248 plus 395436395?,823391643
What is 8182472421 plus 5268322364?,13450794785
What is 6473 plus 9909?,16382
What is 7317 plus 7507?,14824
What is 43982583 plus 94135513?,138118096
What is 15511 plus 92647?,108158
What is 7110987451 plus 1490124792?,8601112243
What is 722387 plus 262186?,984573
What is 546923 plus 141659?,688582
What is 757514874 plus 883871269?,1641386143
What is 2353522 plus 7880656?,10234178
What is 3466 plus 5567?,9033
What is 617589 plus 619895?,1237484
What is 506 plus 449?,955
What is 7609 plus 4837?,12446
What is 3394581 plus 6416675?,9811256
What is 1662799 plus 8765736?,10428535
What is 65515 plus 93644?,159159
What is 227643893 plus 398934923?,626578816
What is 157889660 plus 781698353?,939588013
What is 794 plus 101?,895
What is 9751891073 plus 8900367046?,18652258119
What is 485 plus 400?,885
What is 70689080 plus 48606711?,119295791
What is 564 plus 419?,983
What is 68618497 plus 17510324?,86128821
What is 115678132 plus 443890199?,559568331
What is 229964348 plus 921278350?,1151242698
What is 2380648 plus 5595102?,7975750
What is 111896 plus 315338?,427234
What is 30 plus 25?,55
What is 7652 plus 9061?,16713
What is 4384488 plus 6020605?,10405093
What is 25253 plus 31660?,56913
What is 19 plus 68?,87
What is 577365 plus 739917?,1317282
What is 923 plus 522?,1445
What is 580 plus 476?,1056
What is 16046669 plus 38286618?,54333287
What is 931820391 plus 706645662?,1638466053
What is 236217 plus 885415?,1121632
What is 21483 plus 53697?,75180
What is 759238 plus 106196?,865434
What is 5176 plus 5597?,10773
What is 36826808 plus 64126487?,100953295
What is 79884533 plus 76831577?,156716110
What is 52 plus 21?,73
What is 9056259002 plus 4655144533?,13711403535
What is 685 plus 435?,1120
What is 47 plus 62?,109
What is 4278735 plus 6550371?,10829106
What is 64033 plus 19660?,83693
What is 3314255 plus 6937020?,10251275
What is 5500759 plus 9851048?,15351807
What is 99094790 plus 89414076?,188508866
What is 299 plus 103?,402
What is 219 plus 869?,1088
What is 719991 plus 857597?,1577588
What is 76615 plus 71274?,147889
What is 2429 plus 5005?,7434
What is 7802354754 plus 4411198881?,12213553635
What is 829092 plus 497616?,1326708
What is 713 plus 413?,1126
What is 6624592509 plus 7674095354?,14298687863
What is 3066342988 plus 7274152917?,10340495905
What is 516122 plus 385649?,901771
What is 525598 plus 373889?,899487
What is 82 plus 60?,142
What is 73701431 plus 22979452?,96680883
What is 49 plus 20?,69
What is 70 plus 22?,92
What is 626381904 plus 611363737?,1237745641
What is 89256922 plus 43619076?,132875998
What is 92360318 plus 71502050?,163862368
What is 15 plus 78?,93
What is 5432460204 plus 1720395645?,7152855849
What is 1753 plus 4140?,5893
What is 442384878 plus 808871486?,1251256364
What is 410 plus 468?,878
What is 2752415 plus 4775305?,7527720
What is 8859283 plus 5509130?,14368413
What is 59290509 plus 48644796?,107935305
What is 3812199616 plus 2331752258?,6143951874
What is 33 plus 51?,84
What is 66510 plus 28326?,94836
What is 20363293 plus 55752501?,76115794
What is 386540965 plus 482096735?,868637700
What is 35 plus 50?,85
What is 576348 plus 979561?,1555909
What is 4923131 plus 5613125?,10536256
What is 5740 plus 7657?,13397
What is 64047236 plus 30009589?,94056825
What is 7684636547 plus 8418594396?,16103230943
What is 7974830543 plus 6315470542?,14290301085
What is 318435495 plus 710160080?,1028595575
What is 748672074 plus 105196073?,853868147
What is 67 plus 56?,123
What is 20 plus 23?,43
What is 1432 plus 5048?,6480
What is 3496947695 plus 4750763365?,8247711060
What is 764036398 plus 367314333?,1131350731
What is 471 plus 434?,905
What is 4673362 plus 9207436?,13880798
What is 43 plus 50?,93
What is 6702 plus 5457?,12159
What is 493533 plus 715049?,1208582
What is 475668554 plus 535824731?,1011493285
What is 6415912 plus 9381236?,15797148
What is 398 plus 640?,1038
What is 6943 plus 9371?,16314
What is 13686517 plus 62194524?,75881041
What is 968 plus 918?,1886
What is 5065 plus 8945?,14010
What is 52809478 plus 97535115?,150344593
What is 4913771212 plus 5968876421?,10882647633
What is 646356155 plus 293335618?,939691773
What is 6957 plus 9069?,16026
What is 82899 plus 63572?,146471
What is 823219 plus 774400?,1597619
What is 88169 plus 95516?,183685
What is 14748 plus 55608?,70356
What is 300 plus 321?,621
What is 3037 plus 8635?,11672
What is 52644705 plus 54415214?,107059919
What is 292642 plus 867835?,1160477
What is 223179 plus 813736?,1036915
What is 53036 plus 11456?,64492
What is 9878 plus 6185?,16063
What is 693951 plus 806801?,1500752
What is 700575 plus 803575?,1504150
What is 655 plus 972?,1627
What is 30 plus 57?,87
What is 986072661 plus 527859557?,1513932218
What is 9127928350 plus 7762096117?,16890024467
What is 37474 plus 99514?,136988
What is 7648014585 plus 5933890359?,13581904944
What is 9608638 plus 5500359?,15108997
What is 71444354 plus 22174810?,93619164
What is 75 plus 16?,91
What is 209 plus 921?,1130
What is 577821439 plus 482341602?,1060163041
What is 318422 plus 919868?,1238290
What is 945855463 plus 392977438?,1338832901
What is 7559036071 plus 9380854891?,16939890962
What is 8816099127 plus 4147250006?,12963349133
What is 879662153 plus 923733199?,1803395352
What is 5875107 plus 7402035?,13277142
What is 794023629 plus 961533180?,1755556809
What is 621185240 plus 725481315?,1346666555
What is 8899153 plus 3289556?,12188709
What is 627550220 plus 688116911?,1315667131
What is 132453463 plus 210199389?,342652852
What is 77787804 plus 94927142?,172714946
What is 497221 plus 433299?,930520
What is 838664358 plus 296998074?,1135662432
What is 1115188 plus 2470099?,3585287
What is 1045241269 plus 9991121336?,11036362605
What is 1224390 plus 1246703?,2471093
What is 74 plus 94?,168
What is 9843213 plus 5535882?,15379095
What is 16432446 plus 59084430?,75516876
What is 73746 plus 51051?,124797
What is 9272264370 plus 1383931255?,10656195625
What is 77 plus 83?,160
What is 75 plus 11?,86
What is 243146583 plus 776698068?,1019844651
What is 1028 plus 7140?,8168
What is 1484696521 plus 8437835628?,9922532149
What is 8639 plus 2408?,11047
What is 737559775 plus 601469507?,1339029282
What is 9805887882 plus 7416232172?,17222120054
What is 29431250 plus 74978440?,104409690
What is 3642641853 plus 7930242964?,11572884817
What is 816 plus 878?,1694
What is 46 plus 32?,78
What is 906 plus 461?,1367
What is 2688974 plus 5780157?,8469131
What is 9549 plus 1585?,11134
What is 2078937367 plus 9248659283?,11327596650
What is 930 plus 812?,1742
What is 7329554 plus 1319310?,8648864
What is 84 plus 44?,128
What is 61631562 plus 24225540?,85857102
What is 45515 plus 93934?,139449
What is 8049069528 plus 7368200140?,15417269668
What is 75619 plus 31076?,106695
What is 7036878203 plus 6589109028?,13625987231
What is 2063 plus 7296?,9359
What is 308759 plus 360242?,669001
What is 9509953891 plus 9466510791?,18976464682
What is 75 plus 91?,166
What is 100789 plus 730472?,831261
What is 51 plus 67?,118
What is 77703206 plus 73260466?,150963672
What is 529501 plus 502466?,1031967
What is 92983204 plus 93147229?,186130433
What is 347900960 plus 235221798?,583122758
What is 97 plus 89?,186
What is 29974939 plus 33951365?,63926304
What is 643312 plus 991487?,1634799
What is 408 plus 965?,1373
What is 6953 plus 3896?,10849
What is 7233481 plus 6583643?,13817124
What is 29770 plus 19676?,49446
What is 7969 plus 4932?,12901
What is 5854076726 plus 2892300630?,8746377356
What is 77214624 plus 16895680?,94110304
What is 5112337255 plus 7996299482?,13108636737
What is 89929692 plus 28688644?,118618336
What is 4295164646 plus 9650308140?,13945472786
What is 648082320 plus 398989775?,1047072095
What is 3167629 plus 7360424?,10528053
What is 69438 plus 38480?,107918
What is 619743 plus 519687?,1139430
What is 365143 plus 590736?,955879
What is 259557479 plus 979690807?,1239248286
What is 7078 plus 2011?,9089
What is 5533034308 plus 3132828275?,8665862583
What is 45636 plus 90928?,136564
What is 73771 plus 40132?,113903
What is 95 plus 99?,194
What is 6121 plus 6724?,12845
What is 94437 plus 67031?,161468
What is 394842809 plus 871701551?,1266544360
What is 66115 plus 92262?,158377
What is 9858 plus 8780?,18638
What is 4706852 plus 5592640?,10299492
What is 4693017754 plus 3090024792?,7783042546
What is 404307 plus 849198?,1253505
What is 4953233353 plus 2800077531?,7753310884
What is 9364 plus 3304?,12668
What is 9921987 plus 8389404?,18311391
What is 480481 plus 250049?,730530
What is 692652128 plus 610547719?,1303199847
What is 5794483 plus 4893317?,10687800
What is 14505636 plus 28209439?,42715075
What is 46832147 plus 83001081?,129833228
What is 62 plus 28?,90
What is 429646662 plus 968471706?,1398118368
What is 509212260 plus 332731618?,841943878
What is 80258644 plus 39508503?,119767147
What is 3725049779 plus 7704476551?,11429526330
What is 44568 plus 13293?,57861
What is 87185779 plus 27707155?,114892934
What is 7992226 plus 7582928?,15575154
What is 47 plus 93?,140
What is 861195 plus 944630?,1805825
What is 12 plus 60?,72
What is 676 plus 458?,1134
What is 5626747 plus 4814146?,10440893
What is 96 plus 39?,135
What is 1640 plus 6500?,8140
What is 612 plus 775?,1387
What is 5478 plus 9522?,15000
What is 6223971 plus 7479541?,13703512
What is 3270180212 plus 1913341327?,5183521539
What is 261813 plus 616504?,878317
What is 8646919792 plus 3629721691?,12276641483
What is 383143566 plus 487789135?,870932701
What is 5517159 plus 2804481?,8321640
What is 23 plus 98?,121
What is 5070446 plus 4903548?,9973994
What is 103 plus 155?,258
What is 505 plus 982?,1487
What is 54367 plus 25105?,79472
What is 580843 plus 543944?,1124787
What is 9945 plus 3675?,13620
What is 10194 plus 93135?,103329
What is 33 plus 35?,68
What is 73351225 plus 23615391?,96966616
What is 400686 plus 447876?,848562
What is 7571423 plus 9027655?,16599078
What is 13694124 plus 58581404?,72275528
What is 533059 plus 506548?,1039607
What is 873188 plus 419001?,1292189
What is 72 plus 69?,141
What is 784133 plus 935902?,1720035
What is 760 plus 437?,1197
What is 1785 plus 5722?,7507
What is 5026 plus 6193?,11219
What is 820 plus 141?,961
What is 8620027 plus 9118341?,17738368
What is 477082 plus 798520?,1275602
What is 9202 plus 1443?,10645
What is 793966 plus 427427?,1221393
What is 2037903094 plus 6100251274?,8138154368
What is 37823 plus 32250?,70073
What is 80988051 plus 48172724?,129160775
What is 1884144150 plus 3502021810?,5386165960
What is 141 plus 802?,943
What is 2985917688 plus 6482357084?,9468274772
What is 22536 plus 96539?,119075
What is 7918178 plus 3406905?,11325083
What is 275365225 plus 935922320?,1211287545
What is 73080311 plus 92752425?,165832736
What is 8402527554 plus 3120274682?,11522802236
What is 445047 plus 107727?,552774
What is 3069 plus 7788?,10857
What is 922440 plus 533997?,1456437
What is 71891630 plus 79022515?,150914145
What is 565 plus 869?,1434
What is 1954941 plus 6606975?,8561916
What is 892 plus 871?,1763
What is 72387642 plus 69351251?,141738893
What is 63 plus 90?,153
What is 676506174 plus 954790811?,1631296985
What is 5669658545 plus 2667356481?,8337015026
What is 615678 plus 985698?,1601376
What is 8036340271 plus 3388787964?,11425128235
What is 9639 plus 4791?,14430
What is 6205090647 plus 8321960219?,14527050866
What is 7737689 plus 6970315?,14708004
What is 76274 plus 40285?,116559
What is 555648 plus 929888?,1485536
What is 3167971171 plus 9335596948?,12503568119
What is 3119365 plus 8350168?,11469533
What is 778 plus 570?,1348
What is 2014 plus 4500?,6514
What is 63 plus 12?,75
What is 968542675 plus 471445476?,1439988151
What is 226 plus 972?,1198
What is 5518 plus 6150?,11668
What is 35005548 plus 39915365?,74920913
What is 321 plus 763?,1084
What is 130910556 plus 747297738?,878208294
What is 888 plus 900?,1788
What is 9436649 plus 8229420?,17666069
What is 503 plus 335?,838
What is 7278191 plus 6939987?,14218178
What is 519 plus 505?,1024
What is 707774 plus 264068?,971842
What is 37319186 plus 61335974?,98655160
What is 7132679963 plus 8313124648?,15445804611
What is 81148 plus 48220?,129368
What is 1671437 plus 1503225?,3174662
What is 9127 plus 6328?,15455
What is 150 plus 230?,380
What is 546232 plus 697660?,1243892
What is 280615796 plus 578031240?,858647036
What is 3782855992 plus 4273892009?,8056748001
What is 417399 plus 146972?,564371
What is 9356464260 plus 1606433563?,10962897823
What is 85825351 plus 33895422?,119720773
What is 157741 plus 838553?,996294
What is 51935138 plus 61322570?,113257708
What is 2191097 plus 6803917?,8995014
What is 4215 plus 8860?,13075
What is 2455 plus 2017?,4472
What is 915 plus 966?,1881
What is 598359 plus 384139?,982498
What is 1568992 plus 7659988?,9228980
What is 18 plus 74?,92
What is 6624478 plus 4649498?,11273976
What is 2392 plus 9901?,12293
What is 179523625 plus 335568194?,515091819
What is 20 plus 92?,112
What is 351 plus 540?,891
What is 271014 plus 859290?,1130304
What is 8202016 plus 9471979?,17673995
What is 9620 plus 7998?,17618
What is 77693936 plus 49826365?,127520301
What is 578511 plus 404419?,982930
What is 98986 plus 79377?,178363
What is 3261 plus 8481?,11742
What is 590506 plus 898443?,1488949
What is 358 plus 517?,875
What is 1035 plus 5723?,6758
What is 584914 plus 509396?,1094310
What is 978965 plus 652847?,1631812
What is 665185 plus 875618?,1540803
What is 880581 plus 109012?,989593
What is 346795 plus 124932?,471727
What is 691 plus 450?,1141
What is 33174108 plus 11029821?,44203929
What is 96 plus 94?,190
What is 71 plus 91?,162
What is 99733503 plus 83697211?,183430714
What is 79 plus 58?,137
What is 35406308 plus 64767520?,100173828
What is 35 plus 75?,110
What is 9771 plus 5535?,15306
What is 517375 plus 702567?,1219942
What is 9458452602 plus 5785691586?,15244144188
What is 9628930 plus 5907825?,15536755
What is 86 plus 62?,148
What is 6173605 plus 9029493?,15203098
What is 4794 plus 8119?,12913
What is 560390647 plus 587566006?,1147956653
What is 79 plus 13?,92
What is 576221 plus 836328?,1412549
What is 5132246720 plus 2071820813?,7204067533
What is 47739622 plus 14642408?,62382030
What is 8756 plus 6689?,15445
What is 5311735637 plus 1037453984?,6349189621
What is 25179 plus 42031?,67210
What is 78 plus 57?,135
What is 71575420 plus 36970357?,108545777
What is 80018 plus 47495?,127513
What is 34608 plus 81094?,115702
What is 3987 plus 8064?,12051
What is 3071 plus 9890?,12961
What is 3525 plus 7544?,11069
What is 31281 plus 49529?,80810
What is 306206049 plus 272902753?,579108802
What is 8572185254 plus 2364511706?,10936696960
What is 49273095 plus 69534316?,118807411
What is 296842122 plus 807664733?,1104506855
What is 569965573 plus 183645733?,753611306
What is 9321813 plus 1053684?,10375497
What is 1522402 plus 6355711?,7878113
What is 40802155 plus 81311421?,122113576
What is 59700052 plus 96109893?,155809945
What is 355 plus 567?,922
What is 41776 plus 73663?,115439
What is 230 plus 302?,532
What is 59 plus 26?,85
What is 6824733 plus 8359039?,15183772
What is 2789730884 plus 9581648970?,12371379854
What is 35 plus 79?,114
What is 823 plus 187?,1010
What is 305891603 plus 961114619?,1267006222
What is 9307749823 plus 6037360398?,15345110221
What is 294 plus 622?,916
What is 3641 plus 3291?,6932
What is 570 plus 277?,847
What is 23521 plus 42448?,65969
What is 8496869748 plus 7299781332?,15796651080
What is 36905827 plus 56596624?,93502451
What is 14062604 plus 93613837?,107676441
What is 743133 plus 705650?,1448783
What is 5862359779 plus 1490187123?,7352546902
What is 7557 plus 2706?,10263
What is 65497984 plus 16288798?,81786782
What is 845937 plus 642045?,1487982
What is 2858878390 plus 7112838582?,9971716972
What is 7388304 plus 2824051?,10212355
What is 56617 plus 49053?,105670
What is 6133 plus 6786?,12919
What is 85529 plus 92542?,178071
What is 815 plus 969?,1784
What is 2648 plus 5955?,8603
What is 5804425 plus 7276026?,13080451
What is 7065 plus 6578?,13643
What is 958 plus 588?,1546
What is 8542 plus 7759?,16301
What is 1543602358 plus 1994484231?,3538086589
What is 175619 plus 933152?,1108771
What is 364137 plus 340542?,704679
What is 9178949 plus 7514835?,16693784
What is 175 plus 427?,602
What is 825509 plus 178733?,1004242
What is 65679 plus 87374?,153053
What is 966190847 plus 245116833?,1211307680
What is 7603560 plus 6933855?,14537415
What is 6787230 plus 4538944?,11326174
What is 9110937 plus 7624818?,16735755
What is 64114 plus 40094?,104208
What is 6162 plus 4707?,10869
What is 440 plus 989?,1429
What is 45533205 plus 51297780?,96830985
What is 8843 plus 3151?,11994
What is 957034 plus 758436?,1715470
What is 88502 plus 23366?,111868
What is 29 plus 99?,128
What is 7421495955 plus 7144497666?,14565993621
What is 77 plus 57?,134
What is 26737122 plus 70546145?,97283267
What is 858443839 plus 196314097?,1054757936
What is 7531558 plus 4089044?,11620602
What is 4551 plus 1263?,5814
What is 8776371135 plus 7415341570?,16191712705
What is 5733663079 plus 3223342462?,8957005541
What is 513831 plus 115973?,629804
What is 3144542 plus 2735847?,5880389
What is 8066 plus 9311?,17377
What is 4512 plus 8161?,12673
What is 6694314334 plus 5031222117?,11725536451
What is 6448801752 plus 6209595557?,12658397309
What is 414897 plus 782441?,1197338
What is 33257659 plus 21392041?,54649700
What is 8828 plus 1457?,10285
What is 62678816 plus 88871553?,151550369
What is 80893448 plus 35463550?,116356998
What is 373203284 plus 506807225?,880010509
What is 4333 plus 6038?,10371
What is 4097 plus 1794?,5891
What is 61833 plus 19421?,81254
What is 932843 plus 692777?,1625620
What is 74657 plus 53242?,127899
What is 8573937 plus 9488428?,18062365
What is 1138044260 plus 9470885128?,10608929388
What is 96413178 plus 19073872?,115487050
What is 815471805 plus 479539975?,1295011780
What is 507165 plus 204575?,711740
What is 209001 plus 837732?,1046733
What is 37 plus 45?,82
What is 7654836 plus 2952851?,10607687
What is 64364114 plus 75138635?,139502749
What is 28245771 plus 25956367?,54202138
What is 3620940679 plus 7825163575?,11446104254
What is 20 plus 98?,118
What is 31 plus 88?,119
What is 54 plus 27?,81
What is 15959787 plus 68851532?,84811319
What is 4930 plus 2514?,7444
What is 8702452487 plus 4697771728?,13400224215
What is 90827 plus 54167?,144994
What is 261265 plus 278004?,539269
What is 6482 plus 8954?,15436
What is 633633 plus 218626?,852259
What is 68 plus 39?,107
What is 3639719740 plus 7968228054?,11607947794
What is 8896 plus 5534?,14430
What is 468466 plus 364592?,833058
What is 109 plus 626?,735
What is 2781581 plus 5427454?,8209035
What is 932271468 plus 553924150?,1486195618
What is 2536 plus 4524?,7060
What is 2345814099 plus 5992819255?,8338633354
What is 63992355 plus 29870943?,93863298
What is 9794630 plus 4510667?,14305297
What is 365898326 plus 365449972?,731348298
What is 430 plus 742?,1172
What is 1426381574 plus 2125997612?,3552379186
What is 19 plus 53?,72
What is 651 plus 139?,790
What is 4132 plus 3942?,8074
What is 87218118 plus 11997041?,99215159
What is 8145 plus 4925?,13070
What is 726663852 plus 264011084?,990674936
What is 348070359 plus 541370245?,889440604
What is 30821380 plus 95678677?,126500057
What is 927171212 plus 382435287?,1309606499
What is 50 plus 57?,107
What is 988273 plus 208878?,1197151
What is 7083 plus 7231?,14314
What is 857 plus 369?,1226
What is 5378 plus 1438?,6816
What is 513 plus 265?,778
What is 65122050 plus 37910514?,103032564
What is 938379037 plus 440324623?,1378703660
What is 5526 plus 7576?,13102
What is 871177 plus 876804?,1747981
What is 536 plus 200?,736
What is 2721521996 plus 3362325525?,6083847521
What is 49894 plus 87073?,136967
What is 2134865096 plus 9865628277?,12000493373
What is 7026 plus 8756?,15782
What is 51091170 plus 50024932?,101116102
What is 6927 plus 7323?,14250
What is 657 plus 495?,1152
What is 59179865 plus 71489284?,130669149
What is 26 plus 29?,55
What is 9285953 plus 2856404?,12142357
What is 346264 plus 292300?,638564
What is 43548 plus 74888?,118436
What is 1711949103 plus 8076701915?,9788651018
What is 5909527 plus 3444991?,9354518
What is 2173076 plus 3723462?,5896538
What is 68 plus 27?,95
What is 995 plus 342?,1337
What is 627193282 plus 902758872?,1529952154
What is 584 plus 139?,723
What is 3330419273 plus 4815930653?,8146349926
What is 2724 plus 2637?,5361
What is 36 plus 52?,88
What is 7235 plus 1851?,9086
What is 9057 plus 3855?,12912
What is 3476 plus 3201?,6677
What is 3830 plus 6152?,9982
What is 645746 plus 138318?,784064
What is 643313699 plus 404320670?,1047634369
What is 53959 plus 55950?,109909
What is 421328889 plus 685055867?,1106384756
What is 214611 plus 158320?,372931
What is 99361564 plus 86473285?,185834849
What is 758 plus 616?,1374
What is 9719597 plus 9730419?,19450016
What is 183346943 plus 931519856?,1114866799
What is 56943 plus 72016?,128959
What is 54024 plus 69679?,123703
What is 776 plus 684?,1460
What is 6858995 plus 1603658?,8462653
What is 1545523312 plus 1130584707?,2676108019
What is 8837533049 plus 7567236850?,16404769899
What is 3735497 plus 7895130?,11630627
What is 62403 plus 26578?,88981
What is 16723298 plus 58235170?,74958468
What is 4232821564 plus 2804074936?,7036896500
What is 13 plus 83?,96
What is 5377741 plus 7651919?,13029660
What is 5867490558 plus 6107518778?,11975009336
What is 9913 plus 6305?,16218
What is 5597 plus 4653?,10250
What is 40729152 plus 15292237?,56021389
What is 54116 plus 57362?,111478
What is 5045425323 plus 3913079488?,8958504811
What is 328633270 plus 362996276?,691629546
What is 5946739711 plus 7220137424?,13166877135
What is 59 plus 60?,119
What is 33 plus 53?,86
What is 261501894 plus 898709764?,1160211658
What is 11 plus 58?,69
What is 780762547 plus 467457606?,1248220153
What is 2166756878 plus 9446673598?,11613430476
What is 895071764 plus 384670820?,1279742584
What is 76 plus 76?,152
What is 76 plus 35?,111
What is 51927610 plus 87338633?,139266243
What is 99059 plus 10541?,109600
What is 712953 plus 846985?,1559938
What is 15553457 plus 81930181?,97483638
What is 87530132 plus 43478915?,131009047
What is 328 plus 559?,887
What is 7581851644 plus 8547572754?,16129424398
What is 52972 plus 67916?,120888
What is 294 plus 236?,530
What is 756742 plus 292906?,1049648
What is 458481794 plus 210407758?,668889552
What is 51 plus 71?,122
What is 10913672 plus 99602791?,110516463
What is 508273561 plus 688826351?,1197099912
What is 5734974011 plus 2376680114?,8111654125
What is 5517622 plus 6885842?,12403464
What is 938 plus 807?,1745
What is 687 plus 360?,1047
What is 34 plus 36?,70
What is 972 plus 735?,1707
What is 437127 plus 807755?,1244882
What is 3715456649 plus 1906226968?,5621683617
What is 5504750 plus 7827725?,13332475
What is 709387114 plus 608883346?,1318270460
What is 3387046984 plus 6707516822?,10094563806
What is 46796 plus 11578?,58374
What is 68710 plus 93407?,162117
What is 3546 plus 2237?,5783
What is 9593490 plus 1182106?,10775596
What is 91792 plus 55664?,147456
What is 13 plus 84?,97
What is 538424962 plus 466465167?,1004890129
What is 1594869915 plus 9143643249?,10738513164
What is 3127 plus 1982?,5109
What is 394790039 plus 487565289?,882355328
What is 682047028 plus 175731128?,857778156
What is 7335201 plus 5398788?,12733989
What is 8650658 plus 3327219?,11977877
What is 4419145403 plus 9873121032?,14292266435
What is 3747 plus 8037?,11784
What is 6368 plus 6818?,13186
What is 98731 plus 62743?,161474
What is 6405034965 plus 3975677470?,10380712435
What is 898643 plus 706691?,1605334
What is 175 plus 500?,675
What is 8248628312 plus 9116512763?,17365141075
What is 84 plus 53?,137
What is 330940 plus 498935?,829875
What is 304367 plus 758726?,1063093
What is 60 plus 22?,82
What is 873748 plus 971642?,1845390
What is 329 plus 838?,1167
What is 4375 plus 1334?,5709
What is 94392527 plus 58596365?,152988892
What is 5096568 plus 6372579?,11469147
What is 128429038 plus 426774445?,555203483
What is 472 plus 720?,1192
What is 597 plus 102?,699
What is 1848811 plus 9327629?,11176440
What is 7449 plus 9455?,16904
What is 730287104 plus 479205693?,1209492797
What is 5379 plus 2258?,7637
What is 56598 plus 32126?,88724
What is 5485041 plus 1124006?,6609047
What is 365374 plus 524296?,889670
What is 593455571 plus 897836578?,1491292149
What is 197 plus 520?,717
What is 895 plus 205?,1100
What is 966084602 plus 296386459?,1262471061
What is 59 plus 32?,91
What is 4262404546 plus 2266449410?,6528853956
What is 6604 plus 2291?,8895
What is 96669056 plus 43223904?,139892960
What is 164440 plus 362711?,527151
What is 4992 plus 1279?,6271
What is 629545 plus 362406?,991951
What is 631133 plus 748624?,1379757
What is 345937 plus 556804?,902741
What is 5505 plus 7149?,12654
What is 61792 plus 62458?,124250
What is 57 plus 43?,100
What is 6656 plus 3738?,10394
What is 8434585 plus 7093169?,15527754
What is 75609 plus 74762?,150371
What is 4754117 plus 4749177?,9503294
What is 38988939 plus 35739392?,74728331
What is 41851 plus 65933?,107784
What is 290570 plus 956420?,1246990
What is 13057 plus 20430?,33487
What is 656 plus 716?,1372
What is 17872792 plus 32677043?,50549835
What is 21569 plus 24579?,46148
What is 3384654 plus 8599552?,11984206
What is 90384 plus 10042?,100426
What is 1574250 plus 1130415?,2704665
What is 8461016 plus 6456172?,14917188
What is 321397 plus 476126?,797523
What is 7204467 plus 6861276?,14065743
What is 599344427 plus 215516895?,814861322
What is 54 plus 22?,76
What is 32 plus 68?,100
What is 5512637 plus 3231382?,8744019
What is 61804523 plus 12832411?,74636934
What is 2192711567 plus 4998757856?,7191469423
What is 2000951423 plus 1543639593?,3544591016
What is 96845642 plus 79535153?,176380795
What is 5123 plus 5510?,10633
What is 3710859035 plus 1991473832?,5702332867
What is 383704949 plus 946159686?,1329864635
What is 6706721 plus 9165461?,15872182
What is 36835 plus 22012?,58847
What is 28302182 plus 71840653?,100142835
What is 774121 plus 445007?,1219128
What is 5293 plus 3616?,8909
What is 4168 plus 8211?,12379
What is 38541710 plus 89854455?,128396165
What is 83999 plus 12710?,96709
What is 773359631 plus 232315027?,1005674658
What is 929943573 plus 903491393?,1833434966
What is 5829686936 plus 2539470825?,8369157761
What is 2188200544 plus 9540621936?,11728822480
What is 44 plus 97?,141
What is 2392621 plus 3197696?,5590317
What is 2072340741 plus 9181897627?,11254238368
What is 7181 plus 2521?,9702
What is 146 plus 283?,429
What is 258198 plus 680637?,938835
What is 883 plus 690?,1573
What is 99305 plus 70350?,169655
What is 97 plus 70?,167
What is 274435 plus 243091?,517526
What is 8495412 plus 6057121?,14552533
What is 399659229 plus 208522697?,608181926
What is 13328 plus 84808?,98136
What is 19 plus 12?,31
What is 26320 plus 85881?,112201
What is 839778443 plus 293314098?,1133092541
What is 56889221 plus 32486231?,89375452
What is 847 plus 706?,1553
What is 78238 plus 81236?,159474
What is 175 plus 718?,893
What is 239877 plus 222545?,462422
What is 6420 plus 5627?,12047
What is 78676 plus 47742?,126418
What is 22 plus 35?,57
What is 6231230 plus 1565729?,7796959
What is 82 plus 94?,176
What is 703255 plus 242368?,945623
What is 337 plus 940?,1277
What is 595361395 plus 191203178?,786564573
What is 993581939 plus 327278833?,1320860772
What is 660673 plus 377349?,1038022
What is 69877081 plus 80642868?,150519949
What is 826381715 plus 618378356?,1444760071
What is 33830 plus 26411?,60241
What is 135736 plus 567935?,703671
What is 1698611 plus 3362751?,5061362
What is 316331113 plus 414198843?,730529956
What is 1905 plus 4066?,5971
What is 3774084 plus 5768293?,9542377
What is 7582 plus 6995?,14577
What is 8464303 plus 6810227?,15274530
What is 31 plus 44?,75
What is 56001004 plus 67389773?,123390777
What is 41728 plus 16280?,58008
What is 42463 plus 25523?,67986
What is 9410464398 plus 1755468856?,11165933254
What is 564 plus 981?,1545
What is 3997 plus 4244?,8241
What is 83 plus 61?,144
What is 55608632 plus 62328074?,117936706
What is 35 plus 88?,123
What is 5795070 plus 8109946?,13905016
What is 53 plus 50?,103
What is 57 plus 78?,135
What is 32040888 plus 51084200?,83125088
What is 92134 plus 70466?,162600
What is 1786063980 plus 8813044737?,10599108717
What is 850978 plus 491213?,1342191
What is 23 plus 25?,48
What is 835307080 plus 138458974?,973766054
What is 117832293 plus 351840587?,469672880
What is 54488 plus 91647?,146135
What is 720139 plus 841765?,1561904
What is 57 plus 34?,91
What is 1761970705 plus 7834552274?,9596522979
What is 27525562 plus 70348177?,97873739
What is 34 plus 58?,92
What is 5762215628 plus 9775156415?,15537372043
What is 90590 plus 69919?,160509
What is 36835195 plus 12726848?,49562043
What is 52970323 plus 86699741?,139670064
What is 952 plus 550?,1502
What is 35750705 plus 22032308?,57783013
What is 455425932 plus 873865055?,1329290987
What is 630246 plus 528170?,1158416
What is 71153 plus 10145?,81298
What is 87 plus 50?,137
What is 335025 plus 983071?,1318096
What is 2193077330 plus 7983379271?,10176456601
What is 12 plus 13?,25
What is 71 plus 71?,142
What is 52 plus 84?,136
What is 467 plus 912?,1379
What is 58967 plus 28456?,87423
What is 22588705 plus 97603103?,120191808
What is 17 plus 41?,58
What is 77588095 plus 56495788?,134083883
What is 480387196 plus 527897240?,1008284436
What is 973448 plus 663088?,1636536
What is 13 plus 95?,108
What is 1877891171 plus 1328577783?,3206468954
What is 7776838664 plus 1992007796?,9768846460
What is 236 plus 907?,1143
What is 89 plus 15?,104
What is 73903 plus 77715?,151618
What is 36049468 plus 31761416?,67810884
What is 991397 plus 432922?,1424319
What is 34706170 plus 75485160?,110191330
What is 45 plus 55?,100
What is 28455 plus 55251?,83706
What is 667 plus 632?,1299
What is 693886355 plus 253865291?,947751646
What is 2786 plus 3030?,5816
What is 311670041 plus 223938582?,535608623
What is 6778173802 plus 5233521652?,12011695454
What is 9755344499 plus 1636648317?,11391992816
What is 1990315094 plus 7091042843?,9081357937
What is 219 plus 391?,610
What is 118710 plus 208792?,327502
What is 3099224456 plus 2207429644?,5306654100
What is 68 plus 34?,102
What is 7054927294 plus 9816401160?,16871328454
What is 25 plus 63?,88
What is 6346434517 plus 8988020965?,15334455482
What is 7789817343 plus 5718489885?,13508307228
What is 5272898 plus 3110121?,8383019
What is 940921 plus 732949?,1673870
What is 4928201197 plus 4816556930?,9744758127
What is 34 plus 26?,60
What is 377 plus 955?,1332
What is 86 plus 95?,181
What is 10731 plus 96416?,107147
What is 895660 plus 966755?,1862415
What is 40518731 plus 90751444?,131270175
What is 111636205 plus 865250417?,976886622
What is 4174 plus 3160?,7334
What is 212209 plus 714328?,926537
What is 56 plus 68?,124
What is 48846498 plus 52924420?,101770918
What is 4691537 plus 1373327?,6064864
What is 73 plus 26?,99
What is 25316 plus 11543?,36859
What is 29199370 plus 21368307?,50567677
What is 428843066 plus 513238282?,942081348
What is 37 plus 10?,47
What is 34661 plus 40534?,75195
What is 1076 plus 1143?,2219
What is 923619 plus 766848?,1690467
What is 4521858 plus 4813144?,9335002
What is 581213155 plus 213632604?,794845759
What is 6443563 plus 7851260?,14294823
What is 7740452 plus 4169014?,11909466
What is 514382 plus 436950?,951332
What is 8978394 plus 7884615?,16863009
What is 774315779 plus 321881054?,1096196833
What is 6812916 plus 7478493?,14291409
What is 107651 plus 831946?,939597
What is 53276550 plus 29560825?,82837375
What is 396 plus 263?,659
What is 3113760312 plus 6652592682?,9766352994
What is 369157544 plus 800265323?,1169422867
What is 5181788 plus 8404421?,13586209
What is 834356 plus 453312?,1287668
What is 20388 plus 21653?,42041
What is 92 plus 55?,147
What is 340531 plus 906538?,1247069
What is 1548 plus 4364?,5912
What is 899249 plus 407166?,1306415
What is 379606495 plus 754683574?,1134290069
What is 41803 plus 22190?,63993
What is 8512925 plus 7774668?,16287593
What is 4363 plus 5265?,9628
What is 64 plus 45?,109
What is 6033 plus 1770?,7803
What is 7370 plus 3891?,11261
What is 4974615 plus 3136604?,8111219
What is 46 plus 62?,108
What is 338 plus 155?,493
What is 897167 plus 558476?,1455643
What is 969789 plus 306105?,1275894
What is 41540591 plus 41379115?,82919706
What is 3648 plus 2237?,5885
What is 99135758 plus 90916311?,190052069
What is 134227 plus 806959?,941186
What is 561276 plus 129801?,691077
What is 6451328294 plus 6118720546?,12570048840
What is 83576280 plus 80015781?,163592061
What is 865 plus 358?,1223
What is 5298 plus 3268?,8566
What is 426 plus 773?,1199
What is 86678 plus 49115?,135793
What is 2096232 plus 3600247?,5696479
What is 4723568 plus 8172283?,12895851
What is 3289077 plus 2268653?,5557730
What is 68 plus 47?,115
What is 6685100761 plus 6648358815?,13333459576
What is 865612 plus 925050?,1790662
What is 7037598609 plus 6717556683?,13755155292
What is 832 plus 501?,1333
What is 4478788702 plus 8745698615?,13224487317
What is 65 plus 90?,155
What is 20 plus 16?,36
What is 78001 plus 61805?,139806
What is 632 plus 997?,1629
What is 786 plus 326?,1112
What is 4027687 plus 8527490?,12555177
What is 10552169 plus 93249646?,103801815
What is 77760937 plus 37871980?,115632917
What is 25227004 plus 22606013?,47833017
What is 4357 plus 7195?,11552
What is 361 plus 925?,1286
What is 39777942 plus 44020314?,83798256
What is 9379320544 plus 1920727865?,11300048409
What is 45 plus 92?,137
What is 54024 plus 33133?,87157
What is 845781115 plus 469733079?,1315514194
What is 555 plus 637?,1192
What is 477 plus 205?,682
What is 542626 plus 964354?,1506980
What is 6403490 plus 1683303?,8086793
What is 251048141 plus 117107410?,368155551
What is 47493 plus 40225?,87718
What is 463723 plus 633180?,1096903
What is 232854 plus 967086?,1199940
What is 26900 plus 56797?,83697
What is 42218 plus 42675?,84893
What is 7068418513 plus 4872636573?,11941055086
What is 387951063 plus 950983652?,1338934715
What is 3459652 plus 1680779?,5140431
What is 6176445097 plus 7889035291?,14065480388
What is 99803165 plus 56198740?,156001905
What is 8921899222 plus 5889400845?,14811300067
What is 17239490 plus 77870782?,95110272
What is 270 plus 272?,542
What is 5921 plus 4862?,10783
What is 3062543 plus 5876688?,8939231
What is 6496154151 plus 1028264746?,7524418897
What is 6409 plus 1558?,7967
What is 4559131 plus 7270638?,11829769
What is 6419399932 plus 9999068358?,16418468290
What is 24903005 plus 68991893?,93894898
What is 818871247 plus 208037150?,1026908397
What is 887 plus 419?,1306
What is 40448578 plus 94808670?,135257248
What is 10 plus 15?,25
What is 28 plus 47?,75
What is 58 plus 89?,147
What is 887108 plus 302739?,1189847
What is 201237239 plus 640612170?,841849409
What is 5350 plus 8009?,13359
What is 3147 plus 2267?,5414
What is 1625357 plus 7656362?,9281719
What is 57 plus 49?,106
What is 44 plus 78?,122
What is 16839761 plus 68381955?,85221716
What is 8604075 plus 1378816?,9982891
What is 76 plus 14?,90
What is 47534242 plus 86758831?,134293073
What is 6235081 plus 4625060?,10860141
What is 107636175 plus 308937230?,416573405
What is 870074299 plus 863038496?,1733112795
What is 17931 plus 85741?,103672
What is 91 plus 71?,162
What is 629 plus 314?,943
What is 2981174482 plus 4110204555?,7091379037
What is 17293221 plus 55986304?,73279525
What is 18492 plus 85544?,104036
What is 690219 plus 911492?,1601711
What is 1527680511 plus 4967067827?,6494748338
What is 482545 plus 834811?,1317356
What is 278478329 plus 337963945?,616442274
What is 169817 plus 598771?,768588
What is 206 plus 396?,602
What is 875281 plus 481839?,1357120
What is 365 plus 262?,627
What is 25471 plus 34609?,60080
What is 3257 plus 6752?,10009
What is 32086103 plus 88574457?,120660560
What is 83357347 plus 69368536?,152725883
What is 721926872 plus 501892174?,1223819046
What is 22 plus 87?,109
What is 3450512047 plus 3901076172?,7351588219
What is 19 plus 99?,118
What is 514038 plus 846995?,1361033
What is 33 plus 31?,64
What is 592 plus 411?,1003
What is 83860597 plus 35904880?,119765477
What is 81 plus 57?,138
What is 53364096 plus 16595723?,69959819
What is 58624851 plus 84550543?,143175394
What is 32140336 plus 22231456?,54371792
What is 9014460 plus 3459921?,12474381
What is 944322272 plus 613667140?,1557989412
What is 148 plus 365?,513
What is 5780157644 plus 2386359137?,8166516781
What is 26970426 plus 96931459?,123901885
What is 3207 plus 9515?,12722
What is 776100039 plus 760261981?,1536362020
What is 216 plus 856?,1072
What is 191594218 plus 303025526?,494619744
What is 67629 plus 93737?,161366
What is 677801 plus 982411?,1660212
What is 987 plus 716?,1703
What is 21563248 plus 30856021?,52419269
What is 73511383 plus 37688642?,111200025
What is 98587 plus 64928?,163515
What is 3434 plus 6279?,9713
What is 879 plus 752?,1631
What is 76098 plus 86714?,162812
What is 6098 plus 2396?,8494
What is 4399 plus 1003?,5402
What is 7729948872 plus 6880350470?,14610299342
What is 850327 plus 471383?,1321710
What is 98223 plus 90599?,188822
What is 94 plus 43?,137
What is 955 plus 399?,1354
What is 16184 plus 67966?,84150
What is 2958 plus 1238?,4196
What is 134 plus 685?,819
What is 388310382 plus 142077473?,530387855
What is 529 plus 605?,1134
What is 78572099 plus 12669222?,91241321
What is 87212 plus 23985?,111197
What is 8660028921 plus 6049293592?,14709322513
What is 886 plus 816?,1702
What is 36 plus 30?,66
What is 984143920 plus 267867785?,1252011705
What is 5229696 plus 1509430?,6739126
What is 1569582322 plus 9307097959?,10876680281
What is 2367 plus 8245?,10612
What is 134156228 plus 844591235?,978747463
What is 687006099 plus 417769128?,1104775227
What is 3644117538 plus 4034152440?,7678269978
What is 537421 plus 749024?,1286445
What is 947 plus 544?,1491
What is 6553697989 plus 1464362252?,8018060241
What is 7236548 plus 8993751?,16230299
What is 72194 plus 46113?,118307
What is 96522 plus 27395?,123917
What is 7169260549 plus 7470747145?,14640007694
What is 211348579 plus 469547201?,680895780
What is 810 plus 153?,963
What is 45441390 plus 31436952?,76878342
What is 804101468 plus 288999575?,1093101043
What is 4901 plus 7671?,12572
What is 28772851 plus 59438162?,88211013
What is 328901 plus 621323?,950224
What is 3048055 plus 9673795?,12721850
What is 69549090 plus 81016430?,150565520
What is 8441 plus 1348?,9789
What is 7239604354 plus 2519901176?,9759505530
What is 507227 plus 417772?,924999
What is 202057236 plus 681308212?,883365448
What is 3006 plus 9124?,12130
What is 9235198 plus 6955468?,16190666
What is 9990466811 plus 5886186344?,15876653155
What is 947145348 plus 266301280?,1213446628
What is 61 plus 36?,97
What is 80 plus 62?,142
What is 9535579222 plus 3624852509?,13160431731
What is 254434986 plus 309926337?,564361323
What is 81 plus 33?,114
What is 9674350074 plus 4623212244?,14297562318
What is 9925412 plus 2103694?,12029106
What is 24 plus 38?,62
What is 751 plus 919?,1670
What is 512853362 plus 895852971?,1408706333
What is 771993161 plus 324332148?,1096325309
What is 402228 plus 552008?,954236
What is 45941836 plus 55921818?,101863654
What is 671 plus 751?,1422
What is 17818439 plus 49970604?,67789043
What is 1662388 plus 1911799?,3574187
What is 49 plus 23?,72
What is 567 plus 135?,702
What is 9846919432 plus 3217506334?,13064425766
What is 7042167 plus 7438725?,14480892
What is 80707 plus 97554?,178261
What is 861 plus 195?,1056
What is 23 plus 15?,38
What is 6778932 plus 9772280?,16551212
What is 3948973 plus 6918715?,10867688
What is 3684286 plus 9927940?,13612226
What is 62894 plus 57118?,120012
What is 5283084209 plus 8255708378?,13538792587
What is 34066 plus 53318?,87384
What is 83963 plus 66499?,150462
What is 2745096 plus 4461430?,7206526
What is 943664 plus 498207?,1441871
What is 572871906 plus 726989377?,1299861283
What is 8237 plus 6132?,14369
What is 7171433086 plus 6131116898?,13302549984
What is 29027 plus 26317?,55344
What is 2254 plus 2627?,4881
What is 78002538 plus 52871274?,130873812
What is 6112831 plus 8696761?,14809592
What is 3176037 plus 7193973?,10370010
What is 167540530 plus 456534325?,624074855
What is 70151 plus 51495?,121646
What is 35 plus 14?,49
What is 2717467506 plus 2850004358?,5567471864
What is 29176921 plus 86643086?,115820007
What is 65 plus 65?,130
What is 10 plus 81?,91
What is 658317512 plus 623495125?,1281812637
What is 2919145343 plus 1020917453?,3940062796
What is 6637252803 plus 2582907132?,9220159935
What is 59623 plus 50064?,109687
What is 913567 plus 575764?,1489331
What is 7836627 plus 9994045?,17830672
What is 3631322912 plus 8841171519?,12472494431
What is 17630 plus 69511?,87141
What is 65304245 plus 43478442?,108782687
What is 2679 plus 1850?,4529
What is 975454063 plus 641797461?,1617251524
What is 600 plus 139?,739
What is 6869748 plus 5988940?,12858688
What is 67848162 plus 42886707?,110734869
What is 41104 plus 93875?,134979
What is 355252163 plus 422107500?,777359663
What is 917943 plus 556876?,1474819
What is 64 plus 38?,102
What is 210 plus 219?,429
What is 939 plus 450?,1389
What is 6337 plus 8775?,15112
What is 16559032 plus 78706075?,95265107
What is 9403259345 plus 2813031819?,12216291164
What is 53212999 plus 77485646?,130698645
What is 22 plus 75?,97
What is 45684973 plus 62757626?,108442599
What is 6537017690 plus 6467102137?,13004119827
What is 1504 plus 8854?,10358
What is 11269404 plus 60341822?,71611226
What is 557 plus 746?,1303
What is 6053110 plus 8526564?,14579674
What is 84405 plus 57644?,142049
What is 7378 plus 2564?,9942
What is 54047 plus 63662?,117709
What is 16366 plus 54821?,71187
What is 5567 plus 4683?,10250
What is 80 plus 84?,164
What is 6519 plus 9507?,16026
What is 641 plus 784?,1425
What is 3060384 plus 9293699?,12354083
What is 283671 plus 955543?,1239214
What is 34176 plus 96475?,130651
What is 6385337348 plus 1656207080?,8041544428
What is 6490040 plus 4256980?,10747020
What is 153 plus 732?,885
What is 726 plus 198?,924
What is 461 plus 578?,1039
What is 20012 plus 57717?,77729
What is 990 plus 977?,1967
What is 95218 plus 49317?,144535
What is 40 plus 98?,138
What is 941 plus 161?,1102
What is 147 plus 629?,776
What is 356 plus 731?,1087
What is 1030200989 plus 1612259730?,2642460719
What is 2827920668 plus 5864953616?,8692874284
What is 93 plus 62?,155
What is 153757 plus 173065?,326822
What is 29009417 plus 44735198?,73744615
What is 62417 plus 84146?,146563
What is 8566 plus 6306?,14872
What is 9679 plus 9836?,19515
What is 313675 plus 607134?,920809
What is 9005828085 plus 8081815530?,17087643615
What is 342753989 plus 108320295?,451074284
What is 28850758 plus 81953495?,110804253
What is 192140966 plus 207972796?,400113762
What is 155 plus 818?,973
What is 9246 plus 1774?,11020
What is 4348115 plus 3398843?,7746958
What is 4880148008 plus 2477542852?,7357690860
What is 1974 plus 1962?,3936
What is 77183958 plus 19412080?,96596038
What is 2462 plus 3654?,6116
What is 424587412 plus 544573221?,969160633
What is 29 plus 42?,71
What is 5482721 plus 1944618?,7427339
What is 2453371261 plus 5545426829?,7998798090
What is 6180841 plus 1174699?,7355540
What is 653716 plus 690244?,1343960
What is 36619828 plus 91936645?,128556473
What is 3177538 plus 5276196?,8453734
What is 7541201 plus 2334426?,9875627
What is 42058 plus 72022?,114080
What is 651 plus 975?,1626
What is 918 plus 951?,1869
What is 546 plus 286?,832
What is 29913 plus 27301?,57214
What is 363061 plus 885038?,1248099
What is 2909718080 plus 5140952574?,8050670654
What is 943 plus 184?,1127
What is 54302 plus 37213?,91515
What is 5244132 plus 6088930?,11333062
What is 67498 plus 59058?,126556
What is 55592994 plus 70369021?,125962015
What is 3865349 plus 2545310?,6410659
What is 79 plus 49?,128
What is 956133 plus 994319?,1950452
What is 78001907 plus 36846225?,114848132
What is 12025520 plus 89720307?,101745827
What is 81956 plus 77672?,159628
What is 867698940 plus 668265992?,1535964932
What is 4288831173 plus 2428468188?,6717299361
What is 9187945913 plus 2650280039?,11838225952
What is 406666 plus 749080?,1155746
What is 35221178 plus 24418875?,59640053
What is 113604955 plus 835125276?,948730231
What is 412596 plus 454807?,867403
What is 65593 plus 15822?,81415
What is 36816 plus 86800?,123616
What is 6172078354 plus 8292453121?,14464531475
What is 19524141 plus 56641317?,76165458
What is 6514842174 plus 6609803145?,13124645319
What is 78309215 plus 49174643?,127483858
What is 336785193 plus 637857676?,974642869
What is 88113 plus 40094?,128207
What is 79 plus 94?,173
What is 4895511711 plus 6995417480?,11890929191
What is 70 plus 71?,141
What is 53697476 plus 74012694?,127710170
What is 5408 plus 6283?,11691
What is 26 plus 79?,105
What is 32909308 plus 55955109?,88864417
What is 2670694063 plus 6069196853?,8739890916
What is 505330694 plus 429427007?,934757701
What is 8648119 plus 1761315?,10409434
What is 195343371 plus 565658476?,761001847
What is 569634332 plus 263925113?,833559445
What is 193669 plus 296298?,489967
What is 2064397163 plus 4853082852?,6917480015
What is 275235 plus 166082?,441317
What is 62104108 plus 34258051?,96362159
What is 6219 plus 1458?,7677
What is 9198655382 plus 3484291033?,12682946415
What is 4463 plus 1699?,6162
What is 12 plus 54?,66
What is 96183880 plus 41449280?,137633160
What is 8517759 plus 5684316?,14202075
What is 95817 plus 81466?,177283
What is 907682 plus 960076?,1867758
What is 75 plus 82?,157
What is 897768597 plus 649279154?,1547047751
What is 262811 plus 400222?,663033
What is 9016244129 plus 4483109494?,13499353623
What is 416940 plus 857099?,1274039
What is 4898889 plus 8487386?,13386275
What is 680978 plus 812019?,1492997
What is 400 plus 151?,551
What is 1413915206 plus 3619395822?,5033311028
What is 6827 plus 1539?,8366
What is 11582 plus 42929?,54511
What is 72 plus 33?,105
What is 428225 plus 430310?,858535
What is 9204235 plus 1943607?,11147842
What is 642061621 plus 920003123?,1562064744
What is 3185738164 plus 3758626224?,6944364388
What is 85933107 plus 93169505?,179102612
What is 71967 plus 17732?,89699
What is 342902 plus 891489?,1234391
What is 90568576 plus 36123124?,126691700
What is 155468294 plus 261669780?,417138074
What is 419 plus 509?,928
What is 65770533 plus 92905989?,158676522
What is 869063213 plus 683329598?,1552392811
What is 3593352 plus 7485007?,11078359
What is 41214 plus 31408?,72622
What is 4789 plus 2983?,7772
What is 34557 plus 77944?,112501
What is 1066568105 plus 9746675553?,10813243658
What is 2512 plus 4343?,6855
What is 4699530263 plus 5998008473?,10697538736
What is 52 plus 37?,89
What is 944 plus 255?,1199
What is 389 plus 168?,557
What is 7730331057 plus 2784853985?,10515185042
What is 1270 plus 4856?,6126
What is 3879 plus 2388?,6267
What is 7577182 plus 6919886?,14497068
What is 3706316 plus 1678283?,5384599
What is 641879 plus 967919?,1609798
What is 294183228 plus 705562361?,999745589
What is 191 plus 695?,886
What is 83 plus 49?,132
What is 590927721 plus 687542811?,1278470532
What is 6971182 plus 4421056?,11392238
What is 93395 plus 27202?,120597
What is 20334 plus 63221?,83555
What is 6332433735 plus 8774408016?,15106841751
What is 8359936727 plus 6102532083?,14462468810
What is 417775122 plus 451136718?,868911840
What is 2862853 plus 6531323?,9394176
What is 4780 plus 8747?,13527
What is 5697 plus 2854?,8551
What is 185291 plus 276912?,462203
What is 83 plus 71?,154
What is 3150821 plus 5556973?,8707794
What is 9966 plus 9532?,19498
What is 117 plus 792?,909
What is 81 plus 27?,108
What is 95 plus 37?,132
What is 1962 plus 8935?,10897
What is 57863769 plus 88123632?,145987401
What is 5384951273 plus 7856174872?,13241126145
What is 712554 plus 560070?,1272624
What is 6336 plus 2971?,9307
What is 8654152 plus 2881890?,11536042
What is 7950 plus 7629?,15579
What is 139949693 plus 656917000?,796866693
What is 5157636579 plus 8312595630?,13470232209
What is 72757850 plus 55201683?,127959533
What is 464134454 plus 300989987?,765124441
What is 24040 plus 73613?,97653
What is 1432405 plus 8044958?,9477363
What is 4195 plus 5569?,9764
What is 37489 plus 12651?,50140
What is 367949 plus 379327?,747276
What is 85545 plus 91620?,177165
What is 1787835404 plus 2245212639?,4033048043
What is 299 plus 288?,587
What is 70600245 plus 70419377?,141019622
What is 1198 plus 1261?,2459
What is 6037273017 plus 9162384549?,15199657566
What is 36 plus 19?,55
What is 2961 plus 6464?,9425
What is 801 plus 798?,1599
What is 656756 plus 537846?,1194602
What is 57 plus 33?,90
What is 6270328 plus 7087082?,13357410
What is 214235963 plus 600211973?,814447936
What is 7976 plus 4632?,12608
What is 774 plus 130?,904
What is 712 plus 912?,1624
What is 6406872938 plus 7600358647?,14007231585
What is 7789941 plus 1843685?,9633626
What is 690372 plus 935763?,1626135
What is 79086704 plus 35172523?,114259227
What is 77 plus 60?,137
What is 78324549 plus 47869395?,126193944
What is 8212932 plus 8213206?,16426138
What is 135095 plus 486675?,621770
What is 8820185 plus 3354741?,12174926
What is 1444002820 plus 2360049453?,3804052273
What is 76010 plus 33608?,109618
What is 4764 plus 2641?,7405
What is 353415 plus 709110?,1062525
What is 416782 plus 531754?,948536
What is 6375949840 plus 2801029214?,9176979054
What is 76158 plus 24748?,100906
What is 520 plus 524?,1044
What is 37757831 plus 43926786?,81684617
What is 76925264 plus 50078381?,127003645
What is 57692988 plus 34761496?,92454484
What is 8761541 plus 7427047?,16188588
What is 291013277 plus 920200055?,1211213332
What is 37624 plus 49851?,87475
What is 85913 plus 47640?,133553
What is 67378858 plus 50413446?,117792304
What is 92 plus 17?,109
What is 91 plus 55?,146
What is 61311587 plus 36164419?,97476006
What is 97 plus 37?,134
What is 862272451 plus 799833389?,1662105840
What is 381521 plus 673848?,1055369
What is 51435213 plus 61119872?,112555085
What is 68 plus 85?,153
What is 9064 plus 7468?,16532
What is 5373 plus 4649?,10022
What is 485997 plus 644765?,1130762
What is 1576 plus 1473?,3049
What is 20785234 plus 81152264?,101937498
What is 1316093 plus 2815367?,4131460
What is 376 plus 326?,702
What is 10 plus 70?,80
What is 29 plus 70?,99
What is 5359791119 plus 6515783110?,11875574229
What is 90653 plus 13723?,104376
What is 905507 plus 140167?,1045674
What is 66380133 plus 11055969?,77436102
What is 987496 plus 969050?,1956546
What is 95207530 plus 29464462?,124671992
What is 6195 plus 5997?,12192
What is 863705 plus 440703?,1304408
What is 608 plus 506?,1114
What is 1006241479 plus 3184942995?,4191184474
What is 2713749 plus 5056633?,7770382
What is 78303 plus 62472?,140775
What is 167 plus 227?,394
What is 33713208 plus 15467666?,49180874
What is 265170 plus 715990?,981160
What is 55176 plus 94325?,149501
What is 23867863 plus 89019977?,112887840
What is 3569294477 plus 2025713916?,5595008393
What is 42 plus 43?,85
What is 253418 plus 232246?,485664
What is 5409 plus 1005?,6414
What is 90126623 plus 25069462?,115196085
What is 32930 plus 88499?,121429
What is 981557 plus 946513?,1928070
What is 431097752 plus 336762072?,767859824
What is 80 plus 40?,120
What is 884 plus 250?,1134
What is 13478644 plus 56498114?,69976758
What is 9632287 plus 7044709?,16676996
What is 4974 plus 4326?,9300
What is 409970 plus 804800?,1214770
What is 70474732 plus 30983130?,101457862
What is 2840776 plus 7223299?,10064075
What is 44 plus 88?,132
What is 7391234103 plus 6509761900?,13900996003
What is 128 plus 516?,644
What is 41013272 plus 40978668?,81991940
What is 1925045 plus 2013949?,3938994
What is 3920164 plus 8309613?,12229777
What is 39701241 plus 66501677?,106202918
What is 766526113 plus 157669706?,924195819
What is 24325112 plus 46454829?,70779941
What is 966361 plus 574446?,1540807
What is 18976 plus 14675?,33651
What is 4327051572 plus 1678112418?,6005163990
What is 772036 plus 295946?,1067982
What is 488026754 plus 178718719?,666745473
What is 78781 plus 92991?,171772
What is 262 plus 206?,468
What is 48396 plus 96106?,144502
What is 93784 plus 50890?,144674
What is 9139114285 plus 3596462709?,12735576994
What is 46296519 plus 70643690?,116940209
What is 22396 plus 79926?,102322
What is 7193534 plus 6067689?,13261223
What is 651145 plus 101277?,752422
What is 64320394 plus 20801960?,85122354
What is 8838 plus 6206?,15044
What is 39699 plus 34775?,74474
What is 5103778615 plus 2587360900?,7691139515
What is 77436854 plus 63553778?,140990632
What is 53761 plus 47090?,100851
What is 2906679032 plus 2065226273?,4971905305
What is 52151354 plus 23129858?,75281212
What is 3285542325 plus 8946093453?,12231635778
What is 8503465119 plus 9836343418?,18339808537
What is 2910 plus 1369?,4279
What is 16405 plus 10766?,27171
What is 99538 plus 86733?,186271
What is 9974595 plus 5970244?,15944839
What is 425 plus 682?,1107
What is 3318429810 plus 7277537435?,10595967245
What is 175 plus 582?,757
What is 9718051069 plus 7029356821?,16747407890
What is 4735341565 plus 6928941080?,11664282645
What is 4269805 plus 1431316?,5701121
What is 728008995 plus 937200947?,1665209942
What is 354 plus 919?,1273
What is 864 plus 856?,1720
What is 71605 plus 10083?,81688
What is 6625431 plus 9924267?,16549698
What is 9880153051 plus 3564331427?,13444484478
What is 34552167 plus 92838302?,127390469
What is 164573 plus 449179?,613752
What is 19914234 plus 39103794?,59018028
What is 153 plus 635?,788
What is 365826 plus 485562?,851388
What is 41265045 plus 47232429?,88497474
What is 9836 plus 7253?,17089
What is 33 plus 59?,92
What is 61333 plus 65744?,127077
What is 58661 plus 95857?,154518
What is 23105831 plus 97063146?,120168977
What is 552620 plus 586522?,1139142
What is 8064663979 plus 9723922345?,17788586324
What is 58 plus 61?,119
What is 600993437 plus 423144938?,1024138375
What is 603321273 plus 989489176?,1592810449
What is 44858296 plus 87371023?,132229319
What is 338046 plus 808277?,1146323
What is 335372205 plus 343329476?,678701681
What is 1901521958 plus 7027126692?,8928648650
What is 70652 plus 46748?,117400
What is 4694253 plus 5691566?,10385819
What is 88004 plus 33367?,121371
What is 3201829985 plus 2175470666?,5377300651
What is 98753 plus 47434?,146187
What is 394251133 plus 467311327?,861562460
What is 79510 plus 20013?,99523
What is 1907 plus 3763?,5670
What is 1820459 plus 7675849?,9496308
What is 692 plus 170?,862
What is 45 plus 63?,108
What is 211 plus 704?,915
What is 742 plus 834?,1576
What is 1934 plus 6468?,8402
What is 6314800397 plus 5386695545?,11701495942
What is 14553 plus 53997?,68550
What is 74918 plus 11600?,86518
What is 30305 plus 54260?,84565
What is 201662 plus 312131?,513793
What is 24380 plus 24326?,48706
What is 4247266458 plus 4988913248?,9236179706
What is 195055125 plus 480383960?,675439085
What is 22904173 plus 26848290?,49752463
What is 872120164 plus 349812558?,1221932722
What is 39 plus 80?,119
What is 280312 plus 302919?,583231
What is 431333601 plus 345628945?,776962546
What is 90462975 plus 34050334?,124513309
What is 60808791 plus 50899670?,111708461
What is 130986200 plus 830676155?,961662355
What is 781831 plus 619835?,1401666
What is 661062180 plus 643827779?,1304889959
What is 5067 plus 2815?,7882
What is 229978 plus 433721?,663699
What is 731 plus 191?,922
What is 71452 plus 87103?,158555
What is 110227 plus 241722?,351949
What is 380 plus 696?,1076
What is 36270 plus 90111?,126381
What is 83865 plus 92364?,176229
What is 956 plus 237?,1193
What is 45 plus 52?,97
What is 7068 plus 5109?,12177
What is 298241732 plus 611957125?,910198857
What is 99 plus 53?,152
What is 7734379392 plus 9061474617?,16795854009
What is 61356 plus 95517?,156873
What is 196755 plus 267546?,464301
What is 57 plus 47?,104
What is 1641 plus 9505?,11146
What is 940152943 plus 334245966?,1274398909
What is 364707783 plus 407242435?,771950218
What is 73701945 plus 10518122?,84220067
What is 2899 plus 6043?,8942
What is 7101184613 plus 7621260262?,14722444875
What is 9972981043 plus 9009534738?,18982515781
What is 8335553 plus 7051659?,15387212
What is 8276 plus 6562?,14838
What is 18498 plus 52379?,70877
What is 9148 plus 6883?,16031
What is 309767916 plus 957526624?,1267294540
What is 64 plus 42?,106
What is 9791 plus 4853?,14644
What is 638149570 plus 209118834?,847268404
What is 4092 plus 8825?,12917
What is 69573589 plus 96851400?,166424989
What is 8795314165 plus 5185271574?,13980585739
What is 547528375 plus 387224887?,934753262
What is 36 plus 79?,115
What is 916 plus 960?,1876
What is 9204932172 plus 7808122622?,17013054794
What is 269764609 plus 296119282?,565883891
What is 3164 plus 3418?,6582
What is 955818 plus 551991?,1507809
What is 411065 plus 426711?,837776
What is 18 plus 61?,79
What is 4950189067 plus 4169140292?,9119329359
What is 7514 plus 6155?,13669
What is 14351270 plus 10530125?,24881395
What is 7477282590 plus 3807389805?,11284672395
What is 624 plus 505?,1129
What is 932 plus 496?,1428
What is 3005 plus 4144?,7149
What is 227722718 plus 924060606?,1151783324
What is 81829960 plus 88862745?,170692705
What is 615705 plus 316019?,931724
What is 81 plus 51?,132
What is 579 plus 331?,910
What is 5074827 plus 7749215?,12824042
What is 250176939 plus 841473133?,1091650072
What is 3470767245 plus 6524280165?,9995047410
What is 40 plus 54?,94
What is 4806048 plus 9826828?,14632876
What is 41664461 plus 63049607?,104714068
What is 619 plus 610?,1229
What is 230170 plus 467334?,697504
What is 937705 plus 548555?,1486260
What is 12 plus 44?,56
What is 557135163 plus 141806190?,698941353
What is 851613346 plus 631719510?,1483332856
What is 780816 plus 285064?,1065880
What is 452244 plus 536223?,988467
What is 989035 plus 137530?,1126565
What is 9899824199 plus 4724173540?,14623997739
What is 5116972 plus 6071744?,11188716
What is 79 plus 48?,127
What is 70233036 plus 45051754?,115284790
What is 7399491078 plus 3766446280?,11165937358
What is 9795 plus 8852?,18647
What is 4918776 plus 2233901?,7152677
What is 162852 plus 825255?,988107
What is 75158806 plus 73589006?,148747812
What is 373 plus 249?,622
What is 243231474 plus 318651286?,561882760
What is 93 plus 78?,171
What is 7635761193 plus 2047680435?,9683441628
What is 65526924 plus 30298485?,95825409
What is 1990006 plus 7182380?,9172386
What is 713286072 plus 137997805?,851283877
What is 7051 plus 3816?,10867
What is 725728964 plus 233118417?,958847381
What is 325633657 plus 581539828?,907173485
What is 881789959 plus 914169236?,1795959195
What is 927925 plus 527856?,1455781
What is 94814660 plus 66156592?,160971252
What is 34 plus 63?,97
What is 140827020 plus 737928449?,878755469
What is 4715 plus 6090?,10805
What is 3330 plus 8587?,11917
What is 7374 plus 1662?,9036
What is 9456422244 plus 9542367729?,18998789973
What is 33826811 plus 65531329?,99358140
What is 98543 plus 39885?,138428
What is 851684280 plus 205339561?,1057023841
What is 471 plus 115?,586
What is 29633582 plus 24324423?,53958005
What is 651312118 plus 197881000?,849193118
What is 8859070 plus 8117878?,16976948
What is 21 plus 54?,75
What is 5368 plus 4658?,10026
What is 578 plus 342?,920
What is 500156816 plus 655179186?,1155336002
What is 367132 plus 119465?,486597
What is 34 plus 66?,100
What is 67 plus 86?,153
What is 6008536 plus 5304937?,11313473
What is 7185751611 plus 9156986907?,16342738518
What is 5946069 plus 9221685?,15167754
What is 5250455 plus 4495311?,9745766
What is 333563000 plus 689421265?,1022984265
What is 811320693 plus 932834072?,1744154765
What is 409788 plus 634517?,1044305
What is 68320268 plus 23128002?,91448270
What is 42502 plus 92655?,135157
What is 328 plus 529?,857
What is 275089889 plus 822187676?,1097277565
What is 52052237 plus 82230700?,134282937
What is 3945 plus 5538?,9483
What is 13 plus 84?,97
What is 747307700 plus 216460442?,963768142
What is 1665265 plus 6358396?,8023661
What is 1637546955 plus 7080866620?,8718413575
What is 839911583 plus 862595737?,1702507320
What is 72194 plus 18271?,90465
What is 66792 plus 13238?,80030
What is 28 plus 97?,125
What is 1453739023 plus 4481878653?,5935617676
What is 94240 plus 38725?,132965
What is 334878659 plus 819004397?,1153883056
What is 247 plus 801?,1048
What is 20152 plus 50884?,71036
What is 33491 plus 42632?,76123
What is 27368821 plus 82347992?,109716813
What is 272 plus 890?,1162
What is 6222508 plus 8240027?,14462535
What is 320 plus 144?,464
What is 66500 plus 45596?,112096
What is 66 plus 39?,105
What is 28 plus 90?,118
What is 58603790 plus 57940209?,116543999
What is 3385176 plus 4818370?,8203546
What is 996034 plus 117920?,1113954
What is 1143559 plus 7668739?,8812298
What is 6612 plus 1163?,7775
What is 632769541 plus 979834152?,1612603693
What is 561891636 plus 261864581?,823756217
What is 610 plus 507?,1117
What is 29716872 plus 46758997?,76475869
What is 3716 plus 6218?,9934
What is 71 plus 71?,142
What is 7752456 plus 3487171?,11239627
What is 8452 plus 7587?,16039
What is 77875005 plus 97396908?,175271913
What is 972 plus 418?,1390
What is 936441551 plus 901196559?,1837638110
What is 6025 plus 6200?,12225
What is 5840 plus 3694?,9534
What is 85 plus 97?,182
What is 2461715718 plus 1797317371?,4259033089
What is 253572 plus 960261?,1213833
What is 996374332 plus 170535446?,1166909778
What is 29373883 plus 85046310?,114420193
What is 6765 plus 2624?,9389
What is 82 plus 98?,180
What is 681 plus 503?,1184
What is 5043768 plus 8948491?,13992259
What is 49743781 plus 66531750?,116275531
What is 7699150155 plus 9099098136?,16798248291
What is 795963128 plus 345219045?,1141182173
What is 688868 plus 972638?,1661506
What is 7711792 plus 8309548?,16021340
What is 74 plus 45?,119
What is 980 plus 837?,1817
What is 979522038 plus 824340946?,1803862984
What is 5838732 plus 5558903?,11397635
What is 465789 plus 562175?,1027964
What is 7831235109 plus 1887987780?,9719222889
What is 69 plus 12?,81
What is 70182721 plus 54245166?,124427887
What is 5799608895 plus 5327673766?,11127282661
What is 86 plus 24?,110
What is 6394 plus 7387?,13781
What is 46 plus 90?,136
What is 88124824 plus 75009608?,163134432
What is 910 plus 292?,1202
What is 5254822904 plus 6222657353?,11477480257
What is 77 plus 28?,105
What is 26 plus 37?,63
What is 470519238 plus 938469393?,1408988631
What is 880704646 plus 120374488?,1001079134
What is 88682 plus 14566?,103248
What is 574754 plus 716898?,1291652
What is 9956 plus 9544?,19500
What is 9671215544 plus 9125425883?,18796641427
What is 95483 plus 98855?,194338
What is 471667 plus 856635?,1328302
What is 44650 plus 12555?,57205
What is 9153 plus 7288?,16441
What is 18 plus 73?,91
What is 6836186248 plus 6349395950?,13185582198
What is 238322746 plus 855024263?,1093347009
What is 92074233 plus 31568796?,123643029
What is 82 plus 19?,101
What is 923791 plus 140339?,1064130
What is 3658 plus 7417?,11075
What is 8121 plus 6572?,14693
What is 412431376 plus 748002572?,1160433948
What is 650 plus 699?,1349
What is 408214641 plus 509993608?,918208249
What is 38510 plus 84641?,123151
What is 40224 plus 93452?,133676
What is 7222 plus 8283?,15505
What is 123681 plus 219683?,343364
What is 626564331 plus 857562297?,1484126628
What is 3493843 plus 1694038?,5187881
What is 5823 plus 8327?,14150
What is 530676207 plus 986544129?,1517220336
What is 973 plus 900?,1873
What is 8756487052 plus 5316287824?,14072774876
What is 26 plus 36?,62
What is 97775 plus 45878?,143653
What is 26651630 plus 12348572?,39000202
What is 23990869 plus 88565074?,112555943
What is 338 plus 385?,723
What is 1527140934 plus 6843698053?,8370838987
What is 4036630 plus 9790739?,13827369
What is 1919 plus 4122?,6041
What is 61958 plus 18908?,80866
What is 8121 plus 1238?,9359
What is 92 plus 69?,161
What is 206 plus 523?,729
What is 5839721776 plus 1115919958?,6955641734
What is 29 plus 94?,123
What is 8072879 plus 9850483?,17923362
What is 46 plus 94?,140
What is 94177 plus 89279?,183456
What is 117746730 plus 620423610?,738170340
What is 109521998 plus 131446760?,240968758
What is 78 plus 16?,94
What is 8111238536 plus 6816588788?,14927827324
What is 8661473483 plus 2609471124?,11270944607
What is 21 plus 60?,81
What is 2776170156 plus 6347139964?,9123310120
What is 14371 plus 55175?,69546
What is 93929009 plus 89892988?,183821997
What is 358 plus 236?,594
What is 876804 plus 479489?,1356293
What is 9605950004 plus 7049577073?,16655527077
What is 2621380 plus 4633092?,7254472
What is 650921408 plus 273518073?,924439481
What is 108701 plus 389867?,498568
What is 913335087 plus 625200127?,1538535214
What is 7844 plus 5212?,13056
What is 111190 plus 971643?,1082833
What is 3253 plus 4397?,7650
What is 11451018 plus 68336740?,79787758
What is 75279 plus 50185?,125464
What is 911348 plus 974724?,1886072
What is 9566 plus 2190?,11756
What is 36 plus 40?,76
What is 6963 plus 8624?,15587
What is 76073 plus 78424?,154497
What is 740 plus 530?,1270
What is 601210 plus 952369?,1553579
What is 9768 plus 2412?,12180
What is 2647474899 plus 8916351300?,11563826199
What is 66350423 plus 13689679?,80040102
What is 38365182 plus 25635971?,64001153
What is 1405 plus 2069?,3474
What is 774370382 plus 423042350?,1197412732
What is 699 plus 439?,1138
What is 200920 plus 422948?,623868
What is 289241 plus 881570?,1170811
What is 1595750815 plus 8160236089?,9755986904
What is 18460192 plus 16435806?,34895998
What is 6514 plus 4915?,11429
What is 383 plus 705?,1088
What is 798 plus 248?,1046
What is 59329 plus 85111?,144440
What is 5309217623 plus 9214359052?,14523576675
What is 25331 plus 61664?,86995
What is 240 plus 596?,836
What is 4680317731 plus 3635341330?,8315659061
What is 3200 plus 9838?,13038
What is 3464 plus 7649?,11113
What is 58648930 plus 65430429?,124079359
What is 6191 plus 4710?,10901
What is 869487 plus 150519?,1020006
What is 6678 plus 5141?,11819
What is 591 plus 240?,831
What is 21811 plus 88478?,110289
What is 636497684 plus 987687169?,1624184853
What is 83 plus 64?,147
What is 88737449 plus 10898417?,99635866
What is 4116 plus 8436?,12552
What is 108379394 plus 755034814?,863414208
What is 9203 plus 9119?,18322
What is 53 plus 65?,118
What is 9987360501 plus 9757004383?,19744364884
What is 546586554 plus 248547541?,795134095
What is 8187940 plus 8477883?,16665823
What is 559 plus 673?,1232
What is 85063401 plus 51236985?,136300386
What is 746 plus 354?,1100
What is 35001038 plus 46061750?,81062788
What is 1173 plus 3027?,4200
What is 1703491 plus 6800187?,8503678
What is 218517893 plus 311587291?,530105184
What is 6916374696 plus 9006146255?,15922520951
What is 585709 plus 546773?,1132482
What is 18 plus 80?,98
What is 325 plus 605?,930
What is 248026 plus 300114?,548140
What is 644910 plus 745615?,1390525
What is 38920519 plus 98871155?,137791674
What is 242615 plus 908007?,1150622
What is 4515641 plus 1225802?,5741443
What is 351579 plus 558388?,909967
What is 474 plus 457?,931
What is 514639 plus 690890?,1205529
What is 8150 plus 9932?,18082
What is 25776 plus 51474?,77250
What is 7224729 plus 1366142?,8590871
What is 58609368 plus 49504553?,108113921
What is 44 plus 27?,71
What is 4417843 plus 6372768?,10790611
What is 367766854 plus 570435155?,938202009
What is 604521609 plus 421187756?,1025709365
What is 60384361 plus 90959699?,151344060
What is 413145463 plus 648839110?,1061984573
What is 68320477 plus 84355352?,152675829
What is 711 plus 837?,1548
What is 2447864520 plus 8136308841?,10584173361
What is 647 plus 836?,1483
What is 117644516 plus 913602600?,1031247116
What is 68 plus 96?,164
What is 201930411 plus 972878449?,1174808860
What is 957477648 plus 563447964?,1520925612
What is 626408 plus 199738?,826146
What is 64 plus 18?,82
What is 1527135157 plus 7185330409?,8712465566
What is 429295 plus 885808?,1315103
What is 36718 plus 24041?,60759
What is 7869467257 plus 5386579321?,13256046578
What is 359508003 plus 487162079?,846670082
What is 500 plus 487?,987
What is 785284395 plus 128118154?,913402549
What is 71 plus 50?,121
What is 67927329 plus 13801054?,81728383
What is 7058295389 plus 8550603926?,15608899315
What is 95967415 plus 92942347?,188909762
What is 508 plus 165?,673
What is 38280 plus 83453?,121733
What is 585207 plus 156692?,741899
What is 90106 plus 12912?,103018
What is 2790488424 plus 5144575143?,7935063567
What is 24070357 plus 47582579?,71652936
What is 560 plus 469?,1029
What is 182474 plus 667853?,850327
What is 38260 plus 11515?,49775
What is 8860 plus 3346?,12206
What is 4034 plus 5249?,9283
What is 625851851 plus 820222043?,1446073894
What is 325 plus 650?,975
What is 10303 plus 87827?,98130
What is 56375 plus 85102?,141477
What is 21464 plus 61560?,83024
What is 6668 plus 2720?,9388
What is 493 plus 822?,1315
What is 7088 plus 1282?,8370
What is 65 plus 24?,89
What is 69918 plus 39403?,109321
What is 73316640 plus 60305749?,133622389
What is 678725 plus 547720?,1226445
What is 7058975880 plus 4553189230?,11612165110
What is 46 plus 27?,73
What is 383968 plus 692662?,1076630
What is 301390 plus 474548?,775938
What is 24 plus 10?,34
What is 820624 plus 574559?,1395183
What is 5648 plus 3489?,9137
What is 70685 plus 80170?,150855
What is 6535720359 plus 5920816897?,12456537256
What is 33 plus 72?,105
What is 1824 plus 9900?,11724
What is 9100 plus 5075?,14175
What is 8281075 plus 2905632?,11186707
What is 991 plus 319?,1310
What is 18 plus 31?,49
What is 70 plus 44?,114
What is 11653756 plus 58911492?,70565248
What is 2571418 plus 2276272?,4847690
What is 587 plus 887?,1474
What is 2406534735 plus 4998632948?,7405167683
What is 97 plus 45?,142
What is 12172 plus 22194?,34366
What is 8230470 plus 5321345?,13551815
What is 77 plus 20?,97
What is 153488001 plus 936875654?,1090363655
What is 30261488 plus 60837264?,91098752
What is 4091 plus 4370?,8461
What is 73 plus 29?,102
What is 487184626 plus 681035911?,1168220537
What is 6613 plus 9552?,16165
What is 48483581 plus 61269816?,109753397
What is 43277 plus 19019?,62296
What is 8753 plus 7300?,16053
What is 1559535 plus 1083644?,2643179
What is 101 plus 538?,639
What is 81714 plus 54507?,136221
What is 11401 plus 21325?,32726
What is 466 plus 401?,867
What is 757388597 plus 578140433?,1335529030
What is 698761 plus 304836?,1003597
What is 8231324 plus 4603008?,12834332
What is 1619 plus 6633?,8252
What is 401650 plus 404992?,806642
What is 93590 plus 13316?,106906
What is 358165 plus 886696?,1244861
What is 75929286 plus 20813489?,96742775
What is 3047 plus 3492?,6539
What is 731 plus 618?,1349
What is 1749 plus 7550?,9299
What is 7367877 plus 4405289?,11773166
What is 354 plus 314?,668
What is 204016 plus 998714?,1202730
What is 31 plus 60?,91
What is 301288338 plus 297615511?,598903849
What is 2029037323 plus 6711861208?,8740898531
What is 3435740 plus 9497240?,12932980
What is 42 plus 71?,113
What is 788 plus 408?,1196
What is 639106 plus 306341?,945447
What is 75757 plus 60557?,136314
What is 161545981 plus 264369125?,425915106
What is 1519084 plus 8259475?,9778559
What is 26 plus 98?,124
What is 6980626 plus 6715751?,13696377
What is 955 plus 891?,1846
What is 958016427 plus 485639197?,1443655624
What is 992338309 plus 442726011?,1435064320
What is 47522020 plus 72210271?,119732291
What is 2288386 plus 4662075?,6950461
What is 4085617464 plus 1841541471?,5927158935
What is 2470934097 plus 8740771144?,11211705241
What is 1507 plus 3392?,4899
What is 8795816 plus 8967704?,17763520
What is 974192167 plus 206789723?,1180981890
What is 4702075 plus 2784827?,7486902
What is 4443 plus 7272?,11715
What is 60 plus 44?,104
What is 83853937 plus 53872435?,137726372
What is 7453358832 plus 7395494428?,14848853260
What is 48259 plus 86419?,134678
What is 3806236863 plus 4155826917?,7962063780
What is 81 plus 60?,141
What is 24 plus 34?,58
What is 84112 plus 12027?,96139
What is 9870631 plus 1391504?,11262135
What is 1491 plus 6804?,8295
What is 454142385 plus 320338079?,774480464
What is 9818 plus 1455?,11273
What is 25213 plus 64355?,89568
What is 71473900 plus 51448032?,122921932
What is 741271 plus 985692?,1726963
What is 9245 plus 6021?,15266
What is 845944931 plus 782048421?,1627993352
What is 39659963 plus 30866126?,70526089
What is 422842196 plus 849713895?,1272556091
What is 6339064 plus 6222615?,12561679
What is 53071 plus 49243?,102314
What is 40482 plus 54859?,95341
What is 57391037 plus 93130741?,150521778
What is 5634776 plus 4649084?,10283860
What is 7245598006 plus 9172274863?,16417872869
What is 478116760 plus 697447826?,1175564586
What is 7415 plus 3994?,11409
What is 4884217 plus 4512633?,9396850
What is 791599 plus 545245?,1336844
What is 64663 plus 39216?,103879
What is 723 plus 746?,1469
What is 630312 plus 496621?,1126933
What is 719185 plus 463825?,1183010
What is 40042916 plus 43164754?,83207670
What is 555 plus 387?,942
What is 4587423 plus 5210209?,9797632
What is 85182738 plus 44821845?,130004583
What is 7976974 plus 8265010?,16241984
What is 42 plus 24?,66
What is 287513 plus 530923?,818436
What is 99 plus 34?,133
What is 7241951916 plus 5487973048?,12729924964
What is 63796560 plus 78876421?,142672981
What is 6474522 plus 8252648?,14727170
What is 162 plus 673?,835
What is 898375 plus 337811?,1236186
What is 849431 plus 165927?,1015358
What is 25250 plus 18014?,43264
What is 56137 plus 37696?,93833
What is 7455971211 plus 6727601457?,14183572668
What is 5342892302 plus 5280685279?,10623577581
What is 1716 plus 5600?,7316
What is 9390757 plus 5528170?,14918927
What is 8321 plus 6544?,14865
What is 40271 plus 28263?,68534
What is 91 plus 66?,157
What is 72583936 plus 12706915?,85290851
What is 4161 plus 9550?,13711
What is 7791762885 plus 1482923698?,9274686583
What is 8218138 plus 1352179?,9570317
What is 31089 plus 69480?,100569
What is 631443532 plus 408737408?,1040180940
What is 9112687 plus 5737539?,14850226
What is 75378716 plus 58565904?,133944620
What is 7249941758 plus 2425799699?,9675741457
What is 5345078942 plus 1105437988?,6450516930
What is 24429602 plus 97172735?,121602337
What is 8595 plus 3976?,12571
What is 7832 plus 3346?,11178
What is 79478 plus 58161?,137639
What is 2474140 plus 5314236?,7788376
What is 94969 plus 25758?,120727
What is 858738724 plus 957353880?,1816092604
What is 8108601 plus 5959450?,14068051
What is 73 plus 77?,150
What is 61370745 plus 50889373?,112260118
What is 5458913 plus 5870385?,11329298
What is 572685 plus 599363?,1172048
What is 904163 plus 308705?,1212868
What is 61807 plus 40004?,101811
What is 7068289 plus 9979085?,17047374
What is 96770144 plus 62269350?,159039494
What is 873 plus 991?,1864
What is 1744967 plus 6840822?,8585789
What is 2411 plus 4164?,6575
What is 6975244600 plus 7354987024?,14330231624
What is 15086 plus 83137?,98223
What is 7654104135 plus 2398462262?,10052566397
What is 5088492161 plus 5932392433?,11020884594
What is 5724274 plus 3629742?,9354016
What is 52496853 plus 15047719?,67544572
What is 966926798 plus 740485567?,1707412365
What is 6566 plus 5661?,12227
What is 68050 plus 59857?,127907
What is 5820 plus 9441?,15261
What is 5628 plus 3754?,9382
What is 8088997 plus 4252045?,12341042
What is 4892 plus 7273?,12165
What is 100 plus 723?,823
What is 399626 plus 755043?,1154669
What is 177 plus 545?,722
What is 2843231437 plus 7856663573?,10699895010
What is 43446 plus 71280?,114726
What is 210040524 plus 545840574?,755881098
What is 5693702 plus 3608834?,9302536
What is 21429 plus 24976?,46405
What is 27469318 plus 48770568?,76239886
What is 2864261521 plus 2512336239?,5376597760
What is 2561 plus 5137?,7698
What is 4799152420 plus 8978741182?,13777893602
What is 818435614 plus 524384448?,1342820062
What is 1880185 plus 1689720?,3569905
What is 33999 plus 33511?,67510
What is 60799559 plus 78654609?,139454168
What is 926839761 plus 104295824?,1031135585
What is 392966615 plus 850669528?,1243636143
What is 15059277 plus 11865834?,26925111
What is 5798 plus 7443?,13241
What is 72362719 plus 69045271?,141407990
What is 1371 plus 9849?,11220
What is 5113573357 plus 4061743896?,9175317253
What is 9197646 plus 1951674?,11149320
What is 5001330 plus 4705211?,9706541
What is 4979601 plus 2837640?,7817241
What is 857674883 plus 968060486?,1825735369
What is 6971 plus 5618?,12589
What is 290548895 plus 163583214?,454132109
What is 1618069154 plus 1973481727?,3591550881
What is 3034663 plus 8891807?,11926470
What is 86182407 plus 21678566?,107860973
What is 1955235930 plus 2492114312?,4447350242
What is 91366970 plus 10390940?,101757910
What is 814519306 plus 340546410?,1155065716
What is 24203 plus 14885?,39088
What is 175 plus 395?,570
What is 85762124 plus 99826973?,185589097
What is 9974142 plus 1062161?,11036303
What is 461013 plus 284116?,745129
What is 1783897981 plus 9309302817?,11093200798
What is 59 plus 66?,125
What is 5404 plus 3860?,9264
What is 497658 plus 244726?,742384
What is 91198 plus 43049?,134247
What is 84188 plus 88120?,172308
What is 57535 plus 43059?,100594
What is 91 plus 77?,168
What is 268139 plus 910023?,1178162
What is 7588 plus 6835?,14423
What is 7563917591 plus 7099886634?,14663804225
What is 99 plus 16?,115
What is 673 plus 988?,1661
What is 268366 plus 295038?,563404
What is 63514455 plus 97441553?,160956008
What is 9353960653 plus 5740964059?,15094924712
What is 400208204 plus 210041071?,610249275
What is 193859 plus 113792?,307651
What is 10042 plus 82381?,92423
What is 9576428 plus 5731949?,15308377
What is 80139002 plus 32924202?,113063204
What is 91 plus 28?,119
What is 8447297 plus 6977137?,15424434
What is 88666346 plus 44830491?,133496837
What is 84929 plus 13655?,98584
What is 99246702 plus 38777219?,138023921
What is 4847145158 plus 9141875475?,13989020633
What is 731738255 plus 108600118?,840338373
What is 30289386 plus 74495378?,104784764
What is 7367716711 plus 7232823456?,14600540167
What is 42362662 plus 75162397?,117525059
What is 4861736 plus 7841914?,12703650
What is 27811 plus 46119?,73930
What is 2386833 plus 1485654?,3872487
What is 24387 plus 45576?,69963
What is 9979813707 plus 1840611588?,11820425295
What is 971 plus 900?,1871
What is 6160126 plus 1992623?,8152749
What is 309006 plus 393862?,702868
What is 14361252 plus 85626731?,99987983
What is 7665895 plus 3602733?,11268628
What is 23 plus 49?,72
What is 2113 plus 2956?,5069
What is 31453628 plus 59680421?,91134049
What is 8144361 plus 6347919?,14492280
What is 2888587246 plus 3465876818?,6354464064
What is 7497369438 plus 8029084168?,15526453606
What is 26516287 plus 66733482?,93249769
What is 32016361 plus 44987497?,77003858
What is 697507 plus 170420?,867927
What is 875921 plus 351478?,1227399
What is 8893729 plus 9232589?,18126318
What is 3628151473 plus 5949931022?,9578082495
What is 1284 plus 6916?,8200
What is 226 plus 126?,352
What is 63570 plus 73485?,137055
What is 454768305 plus 886100748?,1340869053
What is 3388 plus 7267?,10655
What is 13163952 plus 45953145?,59117097
What is 7325788 plus 5400897?,12726685
What is 653643 plus 739279?,1392922
What is 874 plus 334?,1208
What is 589184 plus 604705?,1193889
What is 2634348 plus 1745195?,4379543
What is 939338 plus 392162?,1331500
What is 5229282771 plus 1994388261?,7223671032
What is 36 plus 25?,61
What is 361 plus 990?,1351
What is 12 plus 13?,25
What is 8136 plus 1195?,9331
What is 5065 plus 2645?,7710
What is 90 plus 52?,142
What is 6996300 plus 2960258?,9956558
What is 8945 plus 3112?,12057
What is 4151220 plus 2933415?,7084635
What is 8234635 plus 8698328?,16932963
What is 75955 plus 44698?,120653
What is 688 plus 813?,1501
What is 4411282 plus 2198190?,6609472
What is 40 plus 11?,51
What is 221477190 plus 952462501?,1173939691
What is 64 plus 51?,115
What is 5321449 plus 7185440?,12506889
What is 277 plus 707?,984
What is 402155 plus 487718?,889873
What is 46363 plus 96756?,143119
What is 787497617 plus 900727767?,1688225384
What is 714923 plus 962082?,1677005
What is 6063377 plus 2794099?,8857476
What is 7281874555 plus 2945219402?,10227093957
What is 874724929 plus 831706262?,1706431191
What is 903526 plus 539114?,1442640
What is 5647 plus 1648?,7295
What is 4642 plus 9808?,14450
What is 790492 plus 793021?,1583513
What is 79 plus 15?,94
What is 5410770 plus 6861568?,12272338
What is 3558 plus 5760?,9318
What is 4282557629 plus 7365544481?,11648102110
What is 236644 plus 458010?,694654
What is 776 plus 674?,1450
What is 74 plus 13?,87
What is 519440853 plus 120068017?,639508870
What is 13 plus 67?,80
What is 37033 plus 82216?,119249
What is 924803 plus 826050?,1750853
What is 5627707019 plus 4744673262?,10372380281
What is 37868185 plus 62067738?,99935923
What is 411 plus 122?,533
What is 466 plus 430?,896
What is 85411263 plus 12698415?,98109678
What is 81068 plus 68554?,149622
What is 3942 plus 8752?,12694
What is 60 plus 31?,91
What is 84707908 plus 31914460?,116622368
What is 71489249 plus 82369264?,153858513
What is 53038692 plus 47178247?,100216939
What is 684441815 plus 323488133?,1007929948
What is 47605 plus 71736?,119341
What is 58617962 plus 28264650?,86882612
What is 487506903 plus 667956920?,1155463823
What is 817629265 plus 477602832?,1295232097
What is 27297 plus 99849?,127146
What is 894 plus 121?,1015
What is 843901 plus 562764?,1406665
What is 979 plus 927?,1906
What is 373753303 plus 545417869?,919171172
What is 6560 plus 2197?,8757
What is 81 plus 77?,158
What is 361 plus 330?,691
What is 974797 plus 982753?,1957550
What is 84788 plus 49416?,134204
What is 699835423 plus 753250342?,1453085765
What is 828836 plus 109813?,938649
What is 336 plus 371?,707
What is 60151 plus 81884?,142035
What is 763 plus 926?,1689
What is 91915473 plus 24477471?,116392944
What is 9946 plus 6176?,16122
What is 2769564301 plus 1775066006?,4544630307
What is 411955 plus 145881?,557836
What is 37 plus 14?,51
What is 992581 plus 848772?,1841353
What is 252728178 plus 653059159?,905787337
What is 30 plus 99?,129
What is 91975 plus 66688?,158663
What is 212250 plus 140790?,353040
What is 34 plus 31?,65
What is 991 plus 584?,1575
What is 963675 plus 715174?,1678849
What is 29020 plus 81563?,110583
What is 100231 plus 179445?,279676
What is 1426881 plus 6161406?,7588287
What is 422749 plus 698367?,1121116
What is 114870636 plus 201276959?,316147595
What is 54903 plus 98982?,153885
What is 9754244417 plus 9109948520?,18864192937
What is 385706354 plus 126171703?,511878057
What is 3711629912 plus 7727104125?,11438734037
What is 5388365725 plus 7330206020?,12718571745
What is 60 plus 77?,137
What is 485424264 plus 186792864?,672217128
What is 8391804541 plus 1287360144?,9679164685
What is 163 plus 403?,566
What is 36086453 plus 72110820?,108197273
What is 850 plus 926?,1776
What is 307 plus 519?,826
What is 9464392 plus 9955009?,19419401
What is 9983009622 plus 2023679800?,12006689422
What is 72 plus 89?,161
What is 399569893 plus 332178057?,731747950
What is 160396 plus 791713?,952109
What is 9571 plus 1540?,11111
What is 542 plus 631?,1173
What is 3406 plus 8672?,12078
What is 300112 plus 714477?,1014589
What is 5437405 plus 5929915?,11367320
What is 320851 plus 209658?,530509
What is 42 plus 85?,127
What is 625 plus 589?,1214
What is 753 plus 603?,1356
What is 6426456 plus 9792504?,16218960
What is 334369 plus 368401?,702770
What is 120676 plus 120791?,241467
What is 900775143 plus 200495381?,1101270524
What is 86800749 plus 34833890?,121634639
What is 101910 plus 188449?,290359
What is 54321820 plus 33470707?,87792527
What is 76222570 plus 29103843?,105326413
What is 94229249 plus 18007247?,112236496
What is 131662 plus 904861?,1036523
What is 458 plus 723?,1181
What is 5856485796 plus 4161090352?,10017576148
What is 57330 plus 33422?,90752
What is 361410247 plus 100141874?,461552121
What is 420 plus 641?,1061
What is 4442522 plus 9365009?,13807531
What is 30168031 plus 81023471?,111191502
What is 1151528 plus 6453376?,7604904
What is 9679779614 plus 5548842850?,15228622464
What is 6630555128 plus 9336632982?,15967188110
What is 23587197 plus 37529473?,61116670
What is 830526 plus 574723?,1405249
What is 2355680 plus 7763564?,10119244
What is 41659032 plus 14132969?,55792001
What is 85 plus 17?,102
What is 7270 plus 3182?,10452
What is 8573291 plus 5609695?,14182986
What is 25459 plus 54794?,80253
What is 83776035 plus 11935711?,95711746
What is 16877531 plus 44773419?,61650950
What is 9964 plus 8162?,18126
What is 73647754 plus 48451549?,122099303
What is 442 plus 608?,1050
What is 35889442 plus 72417712?,108307154
What is 23 plus 45?,68
What is 929920 plus 553407?,1483327
What is 113 plus 637?,750
What is 8111 plus 5711?,13822
What is 8882 plus 5374?,14256
What is 33 plus 69?,102
What is 86229359 plus 81689483?,167918842
What is 88797 plus 97710?,186507
What is 988 plus 806?,1794
What is 45 plus 26?,71
What is 754 plus 194?,948
What is 5134 plus 4976?,10110
What is 78678357 plus 68679166?,147357523
What is 4874128 plus 5471739?,10345867
What is 70333896 plus 76789178?,147123074
What is 9425767 plus 6738837?,16164604
What is 632772 plus 628642?,1261414
What is 85 plus 96?,181
What is 92 plus 82?,174
What is 15 plus 64?,79
What is 13758991 plus 12321622?,26080613
What is 94324 plus 60794?,155118
What is 93626 plus 61045?,154671
What is 487843067 plus 831275914?,1319118981
What is 2220567142 plus 4185250274?,6405817416
What is 3672479264 plus 1307024885?,4979504149
What is 5503245 plus 9729954?,15233199
What is 665547 plus 836072?,1501619
What is 9916279 plus 2621601?,12537880
What is 3165838 plus 7897494?,11063332
What is 5792091 plus 2291225?,8083316
What is 297619 plus 463722?,761341
What is 60667631 plus 73460693?,134128324
What is 2447 plus 2435?,4882
What is 13586 plus 37198?,50784
What is 9820 plus 6869?,16689
What is 728889 plus 455665?,1184554
What is 8680 plus 8899?,17579
What is 71891 plus 30112?,102003
What is 2717391 plus 5232596?,7949987
What is 89376 plus 12784?,102160
What is 54 plus 97?,151
What is 9944 plus 5533?,15477
What is 465090348 plus 269853014?,734943362
What is 881309866 plus 930887135?,1812197001
What is 36225 plus 78250?,114475
What is 4505453 plus 8571235?,13076688
What is 72848 plus 90136?,162984
What is 656648497 plus 992209460?,1648857957
What is 9659457 plus 6323732?,15983189
What is 328645800 plus 659209606?,987855406
What is 785263738 plus 830813155?,1616076893
What is 469512 plus 158578?,628090
What is 41 plus 18?,59
What is 958641 plus 451269?,1409910
What is 2741 plus 2372?,5113
What is 50 plus 88?,138
What is 8638100 plus 9211657?,17849757
What is 4907 plus 8034?,12941
What is 532 plus 751?,1283
What is 499820 plus 240558?,740378
What is 491809 plus 825798?,1317607
What is 6534 plus 8039?,14573
What is 7640931 plus 8611897?,16252828
What is 92530 plus 64098?,156628
What is 1105368885 plus 6610412754?,7715781639
What is 7283752 plus 5940552?,13224304
What is 503351156 plus 300204911?,803556067
What is 6474 plus 8981?,15455
What is 9645993 plus 1536833?,11182826
What is 408684690 plus 567781499?,976466189
What is 97666 plus 77205?,174871
What is 10211165 plus 61620425?,71831590
What is 43 plus 29?,72
What is 67755888 plus 34642733?,102398621
What is 18056720 plus 82279124?,100335844
What is 3916092535 plus 2870001405?,6786093940
What is 4622446 plus 3555480?,8177926
What is 164 plus 189?,353
What is 97930350 plus 19318631?,117248981
What is 85 plus 45?,130
What is 82962 plus 57592?,140554
What is 9327173674 plus 6877584915?,16204758589
What is 53807732 plus 34672782?,88480514
What is 1068106 plus 8514757?,9582863
What is 515230918 plus 596019928?,1111250846
What is 817565 plus 428186?,1245751
What is 4977174 plus 2543750?,7520924
What is 118 plus 227?,345
What is 2827 plus 3370?,6197
What is 82978 plus 66673?,149651
What is 221545364 plus 958880405?,1180425769
What is 1740398247 plus 4422328248?,6162726495
What is 836076067 plus 746871969?,1582948036
What is 9646776029 plus 2104504792?,11751280821
What is 10 plus 26?,36
What is 5202591581 plus 2718385745?,7920977326
What is 3285392371 plus 5977908512?,9263300883
What is 9174 plus 1976?,11150
What is 4700560949 plus 9405241395?,14105802344
What is 6842 plus 3456?,10298
What is 70135066 plus 92723468?,162858534
What is 52 plus 35?,87
What is 66496261 plus 60947999?,127444260
What is 5685 plus 6770?,12455
What is 183956230 plus 751933989?,935890219
What is 2532460 plus 1010044?,3542504
What is 450581598 plus 451669122?,902250720
What is 856 plus 600?,1456
What is 574156758 plus 826339644?,1400496402
What is 4664994 plus 8427862?,13092856
What is 8843 plus 4202?,13045
What is 170939907 plus 580380673?,751320580
What is 66 plus 52?,118
What is 83771995 plus 55871908?,139643903
What is 5152037 plus 6640853?,11792890
What is 350 plus 235?,585
What is 216300 plus 482316?,698616
What is 9074688 plus 6763916?,15838604
What is 308832 plus 300372?,609204
What is 1528 plus 9257?,10785
What is 8266 plus 3354?,11620
What is 6403359893 plus 2940595743?,9343955636
What is 63284 plus 54637?,117921
What is 370059 plus 946981?,1317040
What is 24 plus 59?,83
What is 308082584 plus 955148875?,1263231459
What is 4497762 plus 8181054?,12678816
What is 4800594258 plus 5118484528?,9919078786
What is 171828720 plus 263311587?,435140307
What is 660329 plus 626852?,1287181
What is 1912270380 plus 6415548225?,8327818605
What is 3366 plus 9760?,13126
What is 6365229 plus 8900831?,15266060
What is 6531 plus 1989?,8520
What is 87987 plus 47636?,135623
What is 83253754 plus 86394614?,169648368
What is 72 plus 93?,165
What is 2244 plus 6182?,8426
What is 605919110 plus 443992260?,1049911370
What is 7390842 plus 3847610?,11238452
What is 99800849 plus 15937962?,115738811
What is 8379981228 plus 6717110401?,15097091629
What is 58685 plus 49313?,107998
What is 471656 plus 154605?,626261
What is 4348240 plus 8928454?,13276694
What is 18050137 plus 25715698?,43765835
What is 381236513 plus 888711747?,1269948260
What is 41572281 plus 59170190?,100742471
What is 4114353 plus 4478315?,8592668
What is 2552958 plus 2507132?,5060090
What is 2275432 plus 8325720?,10601152
What is 337257909 plus 875076266?,1212334175
What is 4437822090 plus 4190652923?,8628475013
What is 79 plus 28?,107
What is 21795694 plus 38137645?,59933339
What is 2671 plus 6699?,9370
What is 589514 plus 215499?,805013
What is 52 plus 68?,120
What is 143028250 plus 589355956?,732384206
What is 82611 plus 25553?,108164
What is 69883 plus 22622?,92505
What is 69540 plus 34995?,104535
What is 9339067 plus 9117097?,18456164
What is 689383 plus 956225?,1645608
What is 3732332406 plus 6936912693?,10669245099
What is 3425801240 plus 3293995456?,6719796696
What is 3566187 plus 6841356?,10407543
What is 180 plus 646?,826
What is 8353202216 plus 7786489970?,16139692186
What is 932023 plus 562432?,1494455
What is 4115 plus 1143?,5258
What is 86574721 plus 11716808?,98291529
What is 116 plus 948?,1064
What is 6144 plus 1214?,7358
What is 8920801 plus 2051190?,10971991
What is 7400 plus 3710?,11110
What is 37841600 plus 99435421?,137277021
What is 61078693 plus 53204826?,114283519
What is 118856 plus 228360?,347216
What is 71361247 plus 85625109?,156986356
What is 505 plus 387?,892
What is 8825328044 plus 9842587520?,18667915564
What is 7161628 plus 9939027?,17100655
What is 278 plus 646?,924
What is 4722737 plus 9012782?,13735519
What is 961263678 plus 459319707?,1420583385
What is 9558761919 plus 1085099737?,10643861656
What is 97 plus 40?,137
What is 246463 plus 986332?,1232795
What is 5146233375 plus 9828126983?,14974360358
What is 4171879725 plus 8831331497?,13003211222
What is 872 plus 634?,1506
What is 58619229 plus 43664847?,102284076
What is 86182 plus 34647?,120829
What is 623778045 plus 638451851?,1262229896
What is 4663497 plus 2715225?,7378722
What is 9996616 plus 9747365?,19743981
What is 3048772633 plus 5489124683?,8537897316
What is 64 plus 56?,120
What is 542 plus 887?,1429
What is 793076 plus 687778?,1480854
What is 156 plus 884?,1040
What is 9349 plus 7307?,16656
What is 84096 plus 74265?,158361
What is 4841609431 plus 9835929805?,14677539236
What is 51378587 plus 70903932?,122282519
What is 17794838 plus 37755822?,55550660
What is 4245127 plus 5000832?,9245959
What is 96710 plus 65495?,162205
What is 98 plus 84?,182
What is 8458172 plus 1720175?,10178347
What is 72 plus 33?,105
What is 42 plus 51?,93
What is 9634348664 plus 9142463161?,18776811825
What is 4457665967 plus 1970483453?,6428149420
What is 44038964 plus 15428805?,59467769
What is 602731 plus 469673?,1072404
What is 754839 plus 217239?,972078
What is 478015 plus 248779?,726794
What is 271216628 plus 167031640?,438248268
What is 8920 plus 1114?,10034
What is 28099455 plus 53121281?,81220736
What is 4257803 plus 9751026?,14008829
What is 4743458 plus 6979333?,11722791
What is 2231 plus 1751?,3982
What is 27440 plus 26628?,54068
What is 581467 plus 185729?,767196
What is 7132 plus 3229?,10361
What is 194481067 plus 540812264?,735293331
What is 46734999 plus 29091525?,75826524
What is 747 plus 998?,1745
What is 50 plus 89?,139
What is 116623 plus 864719?,981342
What is 247 plus 135?,382
What is 9928 plus 8440?,18368
What is 8425 plus 6754?,15179
What is 58936451 plus 42344519?,101280970
What is 87461787 plus 97065880?,184527667
What is 186339791 plus 687158797?,873498588
What is 73323 plus 58973?,132296
What is 97735343 plus 55200035?,152935378
What is 3516 plus 5914?,9430
What is 78 plus 50?,128
What is 981414 plus 138793?,1120207
What is 55 plus 91?,146
What is 82 plus 68?,150
What is 24823 plus 15564?,40387
What is 445585 plus 382497?,828082
What is 296130 plus 253030?,549160
What is 60352 plus 52067?,112419
What is 364 plus 118?,482
What is 8589 plus 6932?,15521
What is 1831778186 plus 7316419269?,9148197455
What is 3401 plus 6764?,10165
What is 682185413 plus 500440880?,1182626293
What is 15 plus 13?,28
What is 956411 plus 777229?,1733640
What is 30 plus 42?,72
What is 259998942 plus 413779882?,673778824
What is 94464 plus 80627?,175091
What is 957177 plus 429368?,1386545
What is 379868 plus 964811?,1344679
What is 2673197 plus 6819916?,9493113
What is 7608682771 plus 3303981365?,10912664136
What is 45 plus 16?,61
What is 58 plus 90?,148
What is 5756965339 plus 3732456773?,9489422112
What is 933490967 plus 576641797?,1510132764
What is 32532 plus 28532?,61064
What is 42 plus 65?,107
What is 84812 plus 46736?,131548
What is 7545 plus 2662?,10207
What is 96405487 plus 73424415?,169829902
What is 734684 plus 323879?,1058563
What is 951 plus 417?,1368
What is 48357 plus 12449?,60806
What is 621544487 plus 698590278?,1320134765
What is 82394925 plus 76906220?,159301145
What is 47682906 plus 99623789?,147306695
What is 811 plus 254?,1065
What is 2027514386 plus 9071129651?,11098644037
What is 61 plus 50?,111
What is 20085 plus 12797?,32882
What is 610 plus 711?,1321
What is 646962346 plus 369958923?,1016921269
What is 421912 plus 348821?,770733
What is 19451 plus 28538?,47989
What is 210 plus 909?,1119
What is 149 plus 326?,475
What is 8858419 plus 8078486?,16936905
What is 1817788 plus 6309897?,8127685
What is 4758203 plus 5756065?,10514268
What is 12624080 plus 53578061?,66202141
What is 98527 plus 86076?,184603
What is 5394038 plus 1904012?,7298050
What is 66033916 plus 68503350?,134537266
What is 489 plus 912?,1401
What is 77242 plus 50762?,128004
What is 9054041387 plus 7337716825?,16391758212
What is 8657 plus 9759?,18416
What is 8215865174 plus 2589656832?,10805522006
What is 64682294 plus 47472849?,112155143
What is 9656053 plus 5435808?,15091861
What is 2966817 plus 7246258?,10213075
What is 38762350 plus 40723833?,79486183
What is 4700 plus 2921?,7621
What is 422516 plus 690747?,1113263
What is 885 plus 819?,1704
What is 717787362 plus 776054765?,1493842127
What is 326302536 plus 673104833?,999407369
What is 6377321496 plus 4308084207?,10685405703
What is 7807896 plus 1638304?,9446200
What is 6041306077 plus 7252725176?,13294031253
What is 85543321 plus 19885517?,105428838
What is 455524123 plus 122336234?,577860357
What is 41271093 plus 83245458?,124516551
What is 57468345 plus 87133714?,144602059
What is 5243039372 plus 1521676660?,6764716032
What is 70074 plus 44216?,114290
What is 7602382269 plus 4510444761?,12112827030
What is 75 plus 77?,152
What is 3960427 plus 3347392?,7307819
What is 746 plus 418?,1164
What is 792 plus 929?,1721
What is 396 plus 972?,1368
What is 4427 plus 5817?,10244
What is 5999680961 plus 1125994074?,7125675035
What is 11 plus 58?,69
What is 8028617309 plus 6620028201?,14648645510
What is 14332 plus 21024?,35356
What is 5019287761 plus 6591600878?,11610888639
What is 8002 plus 3886?,11888
What is 431 plus 395?,826
What is 5628 plus 1808?,7436
What is 4890579874 plus 9009055196?,13899635070
What is 1684 plus 5168?,6852
What is 8482139970 plus 3612390068?,12094530038
What is 4557429 plus 3608903?,8166332
What is 3815260663 plus 7472514009?,11287774672
What is 118471 plus 816530?,935001
What is 431093 plus 862995?,1294088
What is 9575245073 plus 1173666181?,10748911254
What is 7380914631 plus 7013797911?,14394712542
What is 3327 plus 4114?,7441
What is 6347 plus 5272?,11619
What is 222426 plus 819268?,1041694
What is 351637 plus 275201?,626838
What is 9102512405 plus 8568739177?,17671251582
What is 6866333 plus 7789890?,14656223
What is 55928736 plus 12645519?,68574255
What is 25 plus 77?,102
What is 3391523 plus 7548555?,10940078
What is 34786359 plus 98339767?,133126126
What is 470 plus 758?,1228
What is 89799 plus 73226?,163025
What is 29 plus 72?,101
What is 5736295622 plus 9476011576?,15212307198
What is 86687655 plus 82197775?,168885430
What is 727765 plus 440417?,1168182
What is 30 plus 13?,43
What is 37 plus 56?,93
What is 893851050 plus 923809716?,1817660766
What is 23069 plus 72636?,95705
What is 26985 plus 83745?,110730
What is 22015656 plus 96616469?,118632125
What is 32 plus 94?,126
What is 77 plus 80?,157
What is 733 plus 749?,1482
What is 9377 plus 5552?,14929
What is 8656330 plus 5112945?,13769275
What is 88 plus 40?,128
What is 975 plus 881?,1856
What is 8548 plus 2800?,11348
What is 743 plus 268?,1011
What is 32139 plus 34087?,66226
What is 3969625673 plus 6214157813?,10183783486
What is 33512 plus 83235?,116747
What is 435178 plus 231653?,666831
What is 36 plus 13?,49
What is 71601 plus 99117?,170718
What is 7677539 plus 2346732?,10024271
What is 4334355290 plus 7966537996?,12300893286
What is 58267 plus 82803?,141070
What is 42443569 plus 99728051?,142171620
What is 206 plus 654?,860
What is 63772 plus 57123?,120895
What is 458 plus 425?,883
What is 72 plus 15?,87
What is 91809643 plus 20040037?,111849680
What is 375378 plus 634014?,1009392
What is 786500568 plus 762163164?,1548663732
What is 35058 plus 35061?,70119
What is 853738 plus 305120?,1158858
What is 68360 plus 16157?,84517
What is 7116 plus 5663?,12779
What is 16936180 plus 91981426?,108917606
What is 1324495 plus 7957537?,9282032
What is 7173054 plus 7233075?,14406129
What is 98 plus 20?,118
What is 83244280 plus 45898445?,129142725
What is 64 plus 21?,85
What is 5822 plus 4857?,10679
What is 4999178 plus 3964443?,8963621
What is 33307791 plus 85132377?,118440168
What is 53821 plus 82939?,136760
What is 4080 plus 2797?,6877
What is 69 plus 25?,94
What is 6887645 plus 5044989?,11932634
What is 55442269 plus 18490258?,73932527
What is 13523679 plus 30534175?,44057854
What is 28 plus 32?,60
What is 853 plus 345?,1198
What is 453788 plus 148794?,602582
What is 3584 plus 3997?,7581
What is 9972 plus 2354?,12326
What is 28317182 plus 49973584?,78290766
What is 55 plus 18?,73
What is 40 plus 35?,75
What is 71 plus 36?,107
What is 496330286 plus 111534626?,607864912
What is 673121 plus 886673?,1559794
What is 53 plus 32?,85
What is 706807 plus 519091?,1225898
What is 14 plus 36?,50
What is 216390 plus 455896?,672286
What is 8194 plus 9457?,17651
What is 25569135 plus 61403167?,86972302
What is 60305 plus 29862?,90167
What is 869180759 plus 118647261?,987828020
What is 828 plus 821?,1649
What is 68826 plus 79127?,147953
What is 8363921 plus 4674461?,13038382
What is 92660 plus 57904?,150564
What is 769853651 plus 873648872?,1643502523
What is 4286840 plus 1062791?,5349631
What is 55 plus 54?,109
What is 65951 plus 49092?,115043
What is 4598976615 plus 9010487361?,13609463976
What is 54659 plus 82689?,137348
What is 9701716443 plus 3853423723?,13555140166
What is 527576130 plus 129526634?,657102764
What is 21168 plus 16193?,37361
What is 7517328939 plus 4235706108?,11753035047
What is 4300716 plus 9798090?,14098806
What is 2483873 plus 5943706?,8427579
What is 684174 plus 248292?,932466
What is 5542 plus 1852?,7394
What is 185028 plus 114058?,299086
What is 892067 plus 166294?,1058361
What is 65629 plus 34182?,99811
What is 3384757 plus 2264205?,5648962
What is 374051250 plus 264115027?,638166277
What is 47665 plus 38298?,85963
What is 7709 plus 2594?,10303
What is 689073 plus 211914?,900987
What is 594 plus 280?,874
What is 3188996145 plus 2810209993?,5999206138
What is 55608734 plus 23882445?,79491179
What is 163 plus 528?,691
What is 2435374 plus 7792438?,10227812
What is 60 plus 35?,95
What is 497 plus 240?,737
What is 20254 plus 12046?,32300
What is 98 plus 21?,119
What is 579912511 plus 356219130?,936131641
What is 5543774836 plus 6280422195?,11824197031
What is 13907 plus 44198?,58105
What is 3269100 plus 4005686?,7274786
What is 9691107 plus 9294558?,18985665
What is 13661 plus 81189?,94850
What is 70094816 plus 46932293?,117027109
What is 463 plus 892?,1355
What is 912 plus 628?,1540
What is 168292 plus 829463?,997755
What is 67 plus 13?,80
What is 368331480 plus 384675247?,753006727
What is 388847 plus 329136?,717983
What is 69684 plus 56297?,125981
What is 72038 plus 56667?,128705
What is 691237 plus 153505?,844742
What is 716 plus 480?,1196
What is 32269 plus 61514?,93783
What is 471 plus 788?,1259
What is 74047205 plus 19923442?,93970647
What is 6956048 plus 1301917?,8257965
What is 678197442 plus 876725031?,1554922473
What is 5348807 plus 2692204?,8041011
What is 81 plus 46?,127
What is 8822344 plus 2547112?,11369456
What is 398 plus 979?,1377
What is 4247 plus 8526?,12773
What is 142909038 plus 424986771?,567895809
What is 584194907 plus 353710461?,937905368
What is 82283982 plus 31710738?,113994720
What is 14483620 plus 46311110?,60794730
What is 2743703488 plus 2629677307?,5373380795
What is 84 plus 23?,107
What is 5233372 plus 9354885?,14588257
What is 515 plus 983?,1498
What is 375651 plus 790818?,1166469
What is 20 plus 96?,116
What is 350575852 plus 762454254?,1113030106
What is 121 plus 347?,468
What is 238 plus 380?,618
What is 213528014 plus 752521497?,966049511
What is 30390776 plus 84804107?,115194883
What is 2389442 plus 2377456?,4766898
What is 136677204 plus 895137399?,1031814603
What is 9359600598 plus 6962727182?,16322327780
What is 2968734625 plus 6603248291?,9571982916
What is 61307253 plus 69051632?,130358885
What is 9787057 plus 9240658?,19027715
What is 21868 plus 28055?,49923
What is 326874 plus 815390?,1142264
What is 7384 plus 6664?,14048
What is 848 plus 788?,1636
What is 916 plus 890?,1806
What is 60 plus 55?,115
What is 9602 plus 5550?,15152
What is 997 plus 894?,1891
What is 832 plus 624?,1456
What is 574 plus 823?,1397
What is 65324509 plus 21596419?,86920928
What is 915471438 plus 242220299?,1157691737
What is 22930598 plus 97153323?,120083921
What is 958103 plus 771515?,1729618
What is 81740 plus 75452?,157192
What is 2309202382 plus 4185385834?,6494588216
What is 8327 plus 9666?,17993
What is 84661329 plus 38904640?,123565969
What is 112958144 plus 450149515?,563107659
What is 22043 plus 61779?,83822
What is 8856976 plus 4193371?,13050347
What is 76540962 plus 86396502?,162937464
What is 719472255 plus 763810040?,1483282295
What is 20 plus 83?,103
What is 3675 plus 1066?,4741
What is 526480926 plus 363634312?,890115238
What is 684 plus 571?,1255
What is 9512346 plus 2319934?,11832280
What is 856478 plus 746634?,1603112
What is 934216121 plus 742504701?,1676720822
What is 77462943 plus 17798190?,95261133
What is 69 plus 22?,91
What is 65335 plus 28312?,93647
What is 37672 plus 11945?,49617
What is 8683524 plus 6586035?,15269559
What is 36 plus 62?,98
What is 780627 plus 475760?,1256387
What is 82475 plus 84321?,166796
What is 73844 plus 27195?,101039
What is 515651 plus 328927?,844578
What is 5323238 plus 9103522?,14426760
What is 2274111 plus 8687430?,10961541
What is 572115850 plus 706061861?,1278177711
What is 9937 plus 9637?,19574
What is 258 plus 938?,1196
What is 64382890 plus 71944085?,136326975
What is 7744787868 plus 1306712554?,9051500422
What is 634797443 plus 399851610?,1034649053
What is 745242 plus 825280?,1570522
What is 2171 plus 1343?,3514
What is 836474551 plus 973909359?,1810383910
What is 728760 plus 195210?,923970
What is 41826124 plus 52180782?,94006906
What is 662 plus 329?,991
What is 4257018189 plus 8044250018?,12301268207
What is 212990093 plus 751323201?,964313294
What is 67 plus 82?,149
What is 205 plus 123?,328
What is 35 plus 21?,56
What is 825933 plus 985437?,1811370
What is 59941685 plus 62858379?,122800064
What is 7357378 plus 2918475?,10275853
What is 747140 plus 250031?,997171
What is 467 plus 878?,1345
What is 85885991 plus 69643835?,155529826
What is 208294 plus 127123?,335417
What is 867848288 plus 583650809?,1451499097
What is 2469991849 plus 9227436455?,11697428304
What is 520437 plus 154592?,675029
What is 3579 plus 7657?,11236
What is 4523637 plus 1511928?,6035565
What is 4638796 plus 5800855?,10439651
What is 82859397 plus 33336427?,116195824
What is 4023193806 plus 8309102175?,12332295981
What is 2341844880 plus 4185223545?,6527068425
What is 1766561074 plus 5865700858?,7632261932
What is 1946 plus 3685?,5631
What is 74304153 plus 75892709?,150196862
What is 922648568 plus 602195510?,1524844078
What is 73 plus 93?,166
What is 2898418981 plus 2659884653?,5558303634
What is 968263407 plus 491947776?,1460211183
What is 2459 plus 8144?,10603
What is 792 plus 570?,1362
What is 7484254161 plus 7407304623?,14891558784
What is 264533301 plus 198586850?,463120151
What is 4634538779 plus 9795887595?,14430426374
What is 54 plus 25?,79
What is 646376167 plus 342113274?,988489441
What is 44 plus 92?,136
What is 4241447331 plus 5275647435?,9517094766
What is 39 plus 16?,55
What is 91326358 plus 60295306?,151621664
What is 41066 plus 63749?,104815
What is 754 plus 200?,954
What is 779797601 plus 760315951?,1540113552
What is 4234056773 plus 9550168452?,13784225225
What is 75 plus 22?,97
What is 3836755 plus 8996777?,12833532
What is 2953288998 plus 2508088986?,5461377984
What is 420 plus 388?,808
What is 2458 plus 2007?,4465
What is 1855 plus 9033?,10888
What is 381442811 plus 432394748?,813837559
What is 60 plus 62?,122
What is 2462288 plus 9025834?,11488122
What is 584463 plus 362673?,947136
What is 668618907 plus 365980950?,1034599857
What is 84 plus 91?,175
What is 42 plus 92?,134
What is 398742414 plus 327466693?,726209107
What is 40399473 plus 19149242?,59548715
What is 172336 plus 320492?,492828
What is 394 plus 195?,589
What is 223597937 plus 672001542?,895599479
What is 1939645 plus 7995684?,9935329
What is 96 plus 52?,148
What is 38642672 plus 12265560?,50908232
What is 2264 plus 7996?,10260
What is 401828760 plus 177087149?,578915909
What is 359706096 plus 614383781?,974089877
What is 9320600 plus 7970902?,17291502
What is 92150 plus 28805?,120955
What is 4746379270 plus 7172195144?,11918574414
What is 7940521 plus 3604697?,11545218
What is 26254736 plus 38110543?,64365279
What is 34077457 plus 12434102?,46511559
What is 5721819 plus 4255777?,9977596
What is 565851206 plus 443814395?,1009665601
What is 113 plus 804?,917
What is 2185956 plus 7102201?,9288157
What is 42 plus 94?,136
What is 1255964617 plus 9472434732?,10728399349
What is 823832 plus 345238?,1169070
What is 43 plus 10?,53
What is 25243 plus 23320?,48563
What is 194539418 plus 845613018?,1040152436
What is 647346 plus 815582?,1462928
What is 79 plus 99?,178
What is 10341221 plus 43964418?,54305639
What is 390556075 plus 557111445?,947667520
What is 974863 plus 202335?,1177198
What is 16308 plus 61094?,77402
What is 46919905 plus 68034064?,114953969
What is 479014513 plus 794021705?,1273036218
What is 5092354 plus 7550958?,12643312
What is 544876302 plus 858697867?,1403574169
What is 463 plus 955?,1418
What is 11646026 plus 28012468?,39658494
What is 9338 plus 4173?,13511
What is 45073319 plus 97697357?,142770676
What is 2419460 plus 6799497?,9218957
What is 14287 plus 11906?,26193
What is 389593527 plus 383036902?,772630429
What is 98 plus 49?,147
What is 273205574 plus 404974716?,678180290
What is 758426320 plus 147117618?,905543938
What is 23 plus 19?,42
What is 1878365 plus 7658503?,9536868
What is 50946891 plus 47313492?,98260383
What is 97 plus 46?,143
What is 2486104 plus 3309042?,5795146
What is 732 plus 827?,1559
What is 515626181 plus 740866329?,1256492510
What is 19448056 plus 90428741?,109876797
What is 2465241 plus 6730147?,9195388
What is 84878763 plus 55830201?,140708964
What is 61876 plus 85188?,147064
What is 6549 plus 9677?,16226
What is 765 plus 822?,1587
What is 37121 plus 10757?,47878
What is 22208992 plus 26900098?,49109090
What is 56891 plus 22119?,79010
What is 5293303 plus 8087227?,13380530
What is 9574449382 plus 5280875696?,14855325078
What is 439 plus 350?,789
What is 836606 plus 214955?,1051561
What is 4010321366 plus 3351989332?,7362310698
What is 98497945 plus 68852053?,167349998
What is 60 plus 10?,70
What is 80893367 plus 88653826?,169547193
What is 98605978 plus 19415689?,118021667
What is 275410 plus 106493?,381903
What is 5237259 plus 2459297?,7696556
What is 18163 plus 63045?,81208
What is 60503871 plus 51192981?,111696852
What is 6703797102 plus 6107602233?,12811399335
What is 9771099 plus 3994296?,13765395
What is 1524907 plus 5684651?,7209558
What is 83875 plus 56294?,140169
What is 6185 plus 5866?,12051
What is 74 plus 13?,87
What is 8823612976 plus 6074989951?,14898602927
What is 36170 plus 36942?,73112
What is 621817245 plus 683039860?,1304857105
What is 203414001 plus 330237656?,533651657
What is 781 plus 320?,1101
What is 231 plus 330?,561
What is 82 plus 29?,111
What is 53708 plus 64214?,117922
What is 5081819 plus 4763009?,9844828
What is 18741 plus 64835?,83576
What is 48 plus 49?,97
What is 6365021209 plus 3590876961?,9955898170
What is 625327349 plus 495363589?,1120690938
What is 2924048143 plus 5666257929?,8590306072
What is 29450 plus 60880?,90330
What is 20067652 plus 59358742?,79426394
What is 43 plus 11?,54
What is 741482 plus 281340?,1022822
What is 578064178 plus 351467256?,929531434
What is 3137446 plus 4739802?,7877248
What is 50 plus 79?,129
What is 17 plus 88?,105
What is 670 plus 389?,1059
What is 991 plus 323?,1314
What is 1509 plus 3955?,5464
What is 8888819628 plus 6228708286?,15117527914
What is 239 plus 964?,1203
What is 65564620 plus 88249167?,153813787
What is 23517 plus 93271?,116788
What is 64980788 plus 65338854?,130319642
What is 6993281 plus 1503532?,8496813
What is 81017 plus 83291?,164308
What is 9009888 plus 3295952?,12305840
What is 687968879 plus 490075818?,1178044697
What is 5752107795 plus 3560546633?,9312654428
What is 5036554528 plus 6024171976?,11060726504
What is 967 plus 687?,1654
What is 564316 plus 669919?,1234235
What is 40881 plus 57697?,98578
What is 188060 plus 599684?,787744
What is 10568352 plus 66752671?,77321023
What is 7061615438 plus 2806409755?,9868025193
What is 22 plus 87?,109
What is 699020 plus 645966?,1344986
What is 339955 plus 220079?,560034
What is 507711 plus 445035?,952746
What is 590999 plus 799910?,1390909
What is 948674005 plus 638008361?,1586682366
What is 668614 plus 369353?,1037967
What is 91213308 plus 52768210?,143981518
What is 840481 plus 425019?,1265500
What is 4645749 plus 6994518?,11640267
What is 71967 plus 62134?,134101
What is 49320576 plus 79525197?,128845773
What is 459808 plus 502409?,962217
What is 22100275 plus 30223887?,52324162
What is 49 plus 24?,73
What is 6978043 plus 5548088?,12526131
What is 90827 plus 80539?,171366
What is 5233129770 plus 4371425054?,9604554824
What is 2227780805 plus 7814736318?,10042517123
What is 985585968 plus 561932145?,1547518113
What is 10 plus 74?,84
What is 79 plus 33?,112
What is 54 plus 46?,100
What is 630860777 plus 825557005?,1456417782
What is 83728 plus 87983?,171711
What is 3431624835 plus 9955362516?,13386987351
What is 97 plus 85?,182
What is 8974 plus 8840?,17814
What is 527306878 plus 108993673?,636300551
What is 81106 plus 38174?,119280
What is 6867 plus 4419?,11286
What is 1702956461 plus 9663114908?,11366071369
What is 4342691702 plus 1579548832?,5922240534
What is 76742 plus 46804?,123546
What is 42951 plus 70991?,113942
What is 4636 plus 3989?,8625
What is 23 plus 36?,59
What is 213 plus 156?,369
What is 539542612 plus 731672285?,1271214897
What is 3873373801 plus 9350469884?,13223843685
What is 3510 plus 8963?,12473
What is 684 plus 431?,1115
What is 6327435 plus 4630378?,10957813
What is 8387 plus 8577?,16964
What is 89550466 plus 97032122?,186582588
What is 334296 plus 625104?,959400
What is 121039 plus 169719?,290758
What is 43262 plus 69358?,112620
What is 509634143 plus 547153547?,1056787690
What is 594 plus 885?,1479
What is 708583791 plus 624494977?,1333078768
What is 733557463 plus 976093684?,1709651147
What is 55745 plus 82977?,138722
What is 59415745 plus 42730932?,102146677
What is 9908 plus 2739?,12647
What is 600830952 plus 823826612?,1424657564
What is 14 plus 51?,65
What is 467 plus 298?,765
What is 1904542 plus 6338884?,8243426
What is 59952478 plus 91988491?,151940969
What is 8674 plus 4363?,13037
What is 1044579 plus 3174188?,4218767
What is 9523 plus 3666?,13189
What is 5844991 plus 1355794?,7200785
What is 218037 plus 526515?,744552
What is 75797926 plus 70234713?,146032639
What is 19 plus 75?,94
What is 14 plus 83?,97
What is 3783 plus 8370?,12153
What is 22718 plus 62646?,85364
What is 54 plus 88?,142
What is 84 plus 20?,104
What is 25 plus 28?,53
What is 6296964892 plus 3672440897?,9969405789
What is 103402444 plus 570363730?,673766174
What is 9901 plus 9833?,19734
What is 660389050 plus 945103526?,1605492576
What is 9954584 plus 9790257?,19744841
What is 128066741 plus 808057356?,936124097
What is 687353 plus 995601?,1682954
What is 650330 plus 297728?,948058
What is 762020690 plus 545485794?,1307506484
What is 48390 plus 18943?,67333
What is 63196556 plus 56150898?,119347454
What is 836427718 plus 972053420?,1808481138
What is 528454362 plus 421071140?,949525502
What is 36 plus 47?,83
What is 533 plus 686?,1219
What is 45747095 plus 31377294?,77124389
What is 7052 plus 5075?,12127
What is 84 plus 71?,155
What is 904463 plus 714394?,1618857
What is 9114 plus 2352?,11466
What is 6503605026 plus 8410952458?,14914557484
What is 423257 plus 186117?,609374
What is 2756675 plus 3477453?,6234128
What is 98 plus 35?,133
What is 299 plus 463?,762
What is 61 plus 27?,88
What is 1910724 plus 6814764?,8725488
What is 209783 plus 379929?,589712
What is 7376713797 plus 7191381445?,14568095242
What is 81802 plus 47918?,129720
What is 5461589 plus 4789555?,10251144
What is 654399382 plus 113342622?,767742004
What is 73 plus 79?,152
What is 8895551193 plus 2024211223?,10919762416
What is 6258125108 plus 9696691261?,15954816369
What is 7884915 plus 8636748?,16521663
What is 8011992 plus 3108371?,11120363
What is 92 plus 13?,105
What is 556 plus 615?,1171
What is 71 plus 12?,83
What is 8636 plus 5001?,13637
What is 3722 plus 3620?,7342
What is 282276 plus 399413?,681689
What is 1362177 plus 2235497?,3597674
What is 4899253 plus 7287742?,12186995
What is 43697 plus 16863?,60560
What is 7491947892 plus 5234132471?,12726080363
What is 769142614 plus 236002733?,1005145347
What is 348 plus 441?,789
What is 77443 plus 70230?,147673
What is 3388 plus 7480?,10868
What is 24920209 plus 57986865?,82907074
What is 7658183126 plus 8364845546?,16023028672
What is 40692 plus 39783?,80475
What is 43359 plus 99316?,142675
What is 8653067092 plus 4164060989?,12817128081
What is 9845717959 plus 3789218626?,13634936585
What is 25 plus 42?,67
What is 1706256918 plus 1864474082?,3570731000
What is 60 plus 75?,135
What is 847025236 plus 930840825?,1777866061
What is 3137299 plus 4710177?,7847476
What is 962482281 plus 374205609?,1336687890
What is 5852204 plus 4853864?,10706068
What is 57307528 plus 25346480?,82654008
What is 1570 plus 9937?,11507
What is 2296 plus 4822?,7118
What is 28451009 plus 71534781?,99985790
What is 52324075 plus 86134650?,138458725
What is 52 plus 32?,84
What is 27719978 plus 88697360?,116417338
What is 558243670 plus 776559657?,1334803327
What is 11128 plus 23154?,34282
What is 5641453 plus 4528476?,10169929
What is 673 plus 865?,1538
What is 85996 plus 42849?,128845
What is 1701955905 plus 7997861656?,9699817561
What is 143 plus 477?,620
What is 779922 plus 812335?,1592257
What is 370407 plus 551797?,922204
What is 6008491 plus 3972698?,9981189
What is 6705 plus 3786?,10491
What is 299864527 plus 712894619?,1012759146
What is 8416 plus 6557?,14973
What is 83989 plus 84165?,168154
What is 744044412 plus 745311643?,1489356055
What is 93 plus 42?,135
What is 622 plus 453?,1075
What is 661775740 plus 358668153?,1020443893
What is 62982334 plus 88308416?,151290750
What is 8429032471 plus 3209254256?,11638286727
What is 3023197070 plus 5913154408?,8936351478
What is 4026 plus 5580?,9606
What is 116 plus 648?,764
What is 67 plus 98?,165
What is 4884521 plus 6676611?,11561132
What is 3813 plus 9005?,12818
What is 292333187 plus 968078805?,1260411992
What is 6677 plus 7996?,14673
What is 9209903 plus 2731693?,11941596
What is 4259817769 plus 4548029601?,8807847370
What is 315 plus 514?,829
What is 32310754 plus 66857943?,99168697
What is 208 plus 516?,724
What is 699 plus 769?,1468
What is 26 plus 47?,73
What is 445721275 plus 954571591?,1400292866
What is 70135204 plus 34183877?,104319081
What is 86727 plus 70431?,157158
What is 5211 plus 2199?,7410
What is 748 plus 805?,1553
What is 41246 plus 80764?,122010
What is 51041 plus 25995?,77036
What is 8239256252 plus 5487615547?,13726871799
What is 1611620720 plus 4369850156?,5981470876
What is 589231 plus 466164?,1055395
What is 9366 plus 4114?,13480
What is 96547222 plus 74329047?,170876269
What is 70049980 plus 27138223?,97188203
What is 66972966 plus 72093649?,139066615
What is 8171 plus 3662?,11833
What is 195828 plus 693882?,889710
What is 435114 plus 470823?,905937
What is 990753826 plus 115898233?,1106652059
What is 38997 plus 59083?,98080
What is 598978305 plus 734019889?,1332998194
What is 12977525 plus 63997445?,76974970
What is 921 plus 969?,1890
What is 776372 plus 766480?,1542852
What is 87375 plus 59282?,146657
What is 602 plus 472?,1074
What is 2013858500 plus 6785229393?,8799087893
What is 45397578 plus 46509487?,91907065
What is 79281 plus 70358?,149639
What is 57 plus 56?,113
What is 592 plus 166?,758
What is 52028 plus 25241?,77269
What is 105 plus 480?,585
What is 52621147 plus 87913146?,140534293
What is 88240 plus 10113?,98353
What is 902 plus 504?,1406
What is 50869 plus 97617?,148486
What is 27893568 plus 76435124?,104328692
What is 256 plus 115?,371
What is 914507720 plus 626229329?,1540737049
What is 5930568 plus 3839668?,9770236
What is 7979934729 plus 7820939845?,15800874574
What is 81 plus 37?,118
What is 4337 plus 8890?,13227
What is 66754110 plus 39887136?,106641246
What is 6739342237 plus 1279743937?,8019086174
What is 4092 plus 1192?,5284
What is 18553069 plus 41330859?,59883928
What is 1002954596 plus 5966977854?,6969932450
What is 47478831 plus 45190023?,92668854
What is 4383379 plus 8960154?,13343533
What is 9568795 plus 5415197?,14983992
What is 993037 plus 438878?,1431915
What is 975899080 plus 850544513?,1826443593
What is 782769293 plus 427011129?,1209780422
What is 3804 plus 5961?,9765
What is 34369 plus 43814?,78183
What is 764 plus 522?,1286
What is 6538025 plus 1726282?,8264307
What is 25121 plus 38598?,63719
What is 7593 plus 2634?,10227
What is 7704 plus 2735?,10439
What is 894834 plus 539200?,1434034
What is 3805065019 plus 3347647007?,7152712026
What is 74299772 plus 10657752?,84957524
What is 19131190 plus 12268194?,31399384
What is 267221 plus 708224?,975445
What is 381020679 plus 727756358?,1108777037
What is 947309866 plus 275114223?,1222424089
What is 93867 plus 35535?,129402
What is 958637889 plus 916965668?,1875603557
What is 151308102 plus 869917856?,1021225958
What is 277 plus 238?,515
What is 6435 plus 9553?,15988
What is 658870199 plus 361853757?,1020723956
What is 3193264 plus 8622675?,11815939
What is 40722156 plus 65195757?,105917913
What is 490439 plus 389093?,879532
What is 244 plus 505?,749
What is 8646491 plus 1734662?,10381153
What is 793 plus 780?,1573
What is 869588 plus 999101?,1868689
What is 99 plus 77?,176
What is 5521683072 plus 7181945545?,12703628617
What is 109210 plus 995561?,1104771
What is 65 plus 44?,109
What is 909475754 plus 293074940?,1202550694
What is 783 plus 578?,1361
What is 667 plus 330?,997
What is 58500 plus 79439?,137939
What is 338012195 plus 388701719?,726713914
What is 532 plus 147?,679
What is 8001355 plus 7261487?,15262842
What is 668 plus 641?,1309
What is 37258404 plus 53477363?,90735767
What is 766600122 plus 470268385?,1236868507
What is 56911602 plus 17152083?,74063685
What is 7473 plus 1379?,8852
What is 3172128 plus 8790526?,11962654
What is 609 plus 311?,920
What is 736520 plus 599390?,1335910
What is 31340 plus 94386?,125726
What is 5483543116 plus 4585058240?,10068601356
What is 287 plus 256?,543
What is 72339046 plus 87287791?,159626837
What is 6480 plus 3745?,10225
What is 258089 plus 717837?,975926
What is 55941 plus 85230?,141171
What is 9949 plus 6631?,16580
What is 160197518 plus 979332917?,1139530435
What is 469004613 plus 885010885?,1354015498
What is 45 plus 55?,100
What is 431 plus 119?,550
What is 19 plus 57?,76
What is 186715313 plus 575676744?,762392057
What is 333 plus 907?,1240
What is 11 plus 67?,78
What is 41082 plus 59384?,100466
What is 113589424 plus 668333567?,781922991
What is 584 plus 978?,1562
What is 652168392 plus 105113096?,757281488
What is 8095875933 plus 1356906710?,9452782643
What is 34661 plus 57701?,92362
What is 318 plus 585?,903
What is 3015 plus 5319?,8334
What is 5368720 plus 9921360?,15290080
What is 31 plus 85?,116
What is 5262710 plus 4513551?,9776261
What is 170860089 plus 798077950?,968938039
What is 67164 plus 64396?,131560
What is 243 plus 169?,412
What is 686554 plus 976925?,1663479
What is 3769247 plus 9704034?,13473281
What is 75275 plus 28890?,104165
What is 191423473 plus 993057999?,1184481472
What is 59054082 plus 99852939?,158907021
What is 8214 plus 2241?,10455
What is 8971590450 plus 2282199934?,11253790384
What is 6021629793 plus 1506811723?,7528441516
What is 64537494 plus 40153451?,104690945
What is 72 plus 55?,127
What is 580280 plus 256610?,836890
What is 5932 plus 1703?,7635
What is 18 plus 15?,33
What is 605 plus 390?,995
What is 21 plus 92?,113
What is 7991 plus 6194?,14185
What is 20 plus 86?,106
What is 43851 plus 69599?,113450
What is 587 plus 822?,1409
What is 553 plus 503?,1056
What is 352 plus 272?,624
What is 40312 plus 76065?,116377
What is 512195273 plus 330769592?,842964865
What is 4324877144 plus 3427951280?,7752828424
What is 729247898 plus 449763315?,1179011213
What is 991904 plus 173981?,1165885
What is 554244743 plus 622776521?,1177021264
What is 651222975 plus 316449873?,967672848
What is 267428 plus 803712?,1071140
What is 90069 plus 83664?,173733
What is 76 plus 50?,126
What is 18439896 plus 41546729?,59986625
What is 917868020 plus 697036189?,1614904209
What is 52 plus 66?,118
What is 71554982 plus 33373667?,104928649
What is 5845 plus 1503?,7348
What is 279442 plus 813153?,1092595
What is 98743932 plus 85848525?,184592457
What is 9212269804 plus 1837838223?,11050108027
What is 8990 plus 7053?,16043
What is 55 plus 69?,124
What is 3534 plus 8350?,11884
What is 724594 plus 949403?,1673997
What is 99930881 plus 14449033?,114379914
What is 7504513807 plus 9785650344?,17290164151
What is 2913470 plus 4254217?,7167687
What is 82503890 plus 67511842?,150015732
What is 348866807 plus 358870067?,707736874
What is 121 plus 660?,781
What is 4177269 plus 7028913?,11206182
What is 841438295 plus 843401300?,1684839595
What is 29034989 plus 57733731?,86768720
What is 62304096 plus 61582051?,123886147
What is 168 plus 973?,1141
What is 982 plus 224?,1206
What is 835591309 plus 619784220?,1455375529
What is 3644578 plus 1604518?,5249096
What is 85436016 plus 61747025?,147183041
What is 55839155 plus 98408318?,154247473
What is 1875510 plus 6195498?,8071008
What is 548 plus 725?,1273
What is 4853 plus 2507?,7360
What is 980 plus 331?,1311
What is 39 plus 86?,125
What is 869013312 plus 142897469?,1011910781
What is 7237 plus 7557?,14794
What is 66312740 plus 25279134?,91591874
What is 52 plus 37?,89
What is 52 plus 53?,105
What is 174 plus 325?,499
What is 149683097 plus 590305993?,739989090
What is 7616801695 plus 2601569792?,10218371487
What is 35625654 plus 53801773?,89427427
What is 54125 plus 34240?,88365
What is 4099343044 plus 2844998835?,6944341879
What is 8570287485 plus 7767710545?,16337998030
What is 575 plus 484?,1059
What is 8014806 plus 4527890?,12542696
What is 225224896 plus 888462292?,1113687188
What is 136020 plus 777691?,913711
What is 342899 plus 269281?,612180
What is 11 plus 75?,86
What is 973 plus 606?,1579
What is 9551703298 plus 7802452069?,17354155367
What is 3468 plus 5577?,9045
What is 4011832325 plus 6128462012?,10140294337
What is 586 plus 176?,762
What is 2670 plus 5303?,7973
What is 76 plus 67?,143
What is 31484842 plus 92408928?,123893770
What is 5065 plus 3320?,8385
What is 8949 plus 1796?,10745
What is 485 plus 595?,1080
What is 77411 plus 19331?,96742
What is 3534560 plus 1491047?,5025607
What is 73917001 plus 41929382?,115846383
What is 9441 plus 8173?,17614
What is 940063592 plus 467540824?,1407604416
What is 322 plus 703?,1025
What is 898935734 plus 477710057?,1376645791
What is 18603663 plus 62518138?,81121801
What is 58503 plus 18921?,77424
What is 5705 plus 2096?,7801
What is 7846 plus 3964?,11810
What is 961346930 plus 344868157?,1306215087
What is 89 plus 33?,122
What is 58 plus 92?,150
What is 5676310154 plus 5032604095?,10708914249
What is 273454823 plus 871810170?,1145264993
What is 631563726 plus 230560104?,862123830
What is 70609 plus 66495?,137104
What is 812617 plus 571172?,1383789
What is 76378 plus 66008?,142386
What is 513104 plus 580092?,1093196
What is 555 plus 827?,1382
What is 919920971 plus 553131263?,1473052234
What is 34 plus 73?,107
What is 18095153 plus 43305716?,61400869
What is 65808028 plus 43703150?,109511178
What is 4262 plus 6479?,10741
What is 21539 plus 15470?,37009
What is 8582753238 plus 5776156110?,14358909348
What is 57713 plus 32856?,90569
What is 359 plus 648?,1007
What is 242 plus 600?,842
What is 64619 plus 22815?,87434
What is 470975007 plus 121190857?,592165864
What is 856611207 plus 856435226?,1713046433
What is 57 plus 58?,115
What is 90 plus 61?,151
What is 934981220 plus 981697025?,1916678245
What is 431 plus 949?,1380
What is 8659204726 plus 8020748550?,16679953276
What is 37201 plus 96611?,133812
What is 813349 plus 721019?,1534368
What is 10538 plus 51153?,61691
What is 56596 plus 14329?,70925
What is 8904 plus 7366?,16270
What is 8534174 plus 6787958?,15322132
What is 2065089777 plus 9677164340?,11742254117
What is 5457871 plus 8874601?,14332472
What is 34473 plus 82837?,117310
What is 543 plus 720?,1263
What is 381462 plus 399074?,780536
What is 154066156 plus 977282517?,1131348673
What is 8883 plus 3338?,12221
What is 3588621881 plus 3276254579?,6864876460
What is 427517014 plus 150972143?,578489157
What is 1173448 plus 6277451?,7450899
What is 21 plus 95?,116
What is 81891 plus 86360?,168251
What is 24740061 plus 93131815?,117871876
What is 9309 plus 8882?,18191
What is 72732 plus 22353?,95085
What is 7565 plus 4165?,11730
What is 23321990 plus 20032361?,43354351
What is 85149199 plus 84924595?,170073794
What is 349292 plus 367400?,716692
What is 192168390 plus 645072340?,837240730
What is 48122 plus 35009?,83131
What is 203601 plus 746376?,949977
What is 778 plus 299?,1077
What is 5405 plus 1866?,7271
What is 391906 plus 630445?,1022351
What is 11152480 plus 62126556?,73279036
What is 368181 plus 950834?,1319015
What is 279219620 plus 707954285?,987173905
What is 922 plus 127?,1049
What is 11 plus 29?,40
What is 6579687332 plus 1611023336?,8190710668
What is 5084234 plus 4710077?,9794311
What is 398984211 plus 121373723?,520357934
What is 6636047715 plus 9033142542?,15669190257
What is 25639 plus 24151?,49790
What is 55430 plus 88106?,143536
What is 51 plus 82?,133
What is 7410789331 plus 4357094536?,11767883867
What is 89 plus 43?,132
What is 25072 plus 71839?,96911
What is 2727501405 plus 6928705913?,9656207318
What is 459 plus 461?,920
What is 854245817 plus 769520219?,1623766036
What is 82088682 plus 65201351?,147290033
What is 24915 plus 30348?,55263
What is 19736 plus 22960?,42696
What is 63 plus 99?,162
What is 69585824 plus 60208206?,129794030
What is 630 plus 472?,1102
What is 25 plus 23?,48
What is 3942753 plus 7337913?,11280666
What is 72681 plus 69183?,141864
What is 939 plus 933?,1872
What is 63691 plus 31034?,94725
What is 36 plus 64?,100
What is 531568766 plus 513996518?,1045565284
What is 92 plus 64?,156
What is 68823445 plus 64055373?,132878818
What is 4125871262 plus 1429612719?,5555483981
What is 7994935 plus 7814293?,15809228
What is 69599272 plus 56896985?,126496257
What is 26456466 plus 98476481?,124932947
What is 18 plus 76?,94
What is 863 plus 986?,1849
What is 494 plus 501?,995
What is 2065564 plus 4204552?,6270116
What is 8460810 plus 2710831?,11171641
What is 40380 plus 92649?,133029
What is 5210 plus 6355?,11565
What is 264032025 plus 907089293?,1171121318
What is 27983127 plus 97405575?,125388702
What is 379085 plus 142008?,521093
What is 73 plus 30?,103
What is 7796522 plus 4725751?,12522273
What is 361 plus 445?,806
What is 670 plus 545?,1215
What is 40817557 plus 43189695?,84007252
What is 28 plus 86?,114
What is 208 plus 879?,1087
What is 3780393 plus 7177871?,10958264
What is 708591862 plus 903360596?,1611952458
What is 7082 plus 2928?,10010
What is 11444215 plus 96213061?,107657276
What is 23764530 plus 95773822?,119538352
What is 7083321429 plus 3541876907?,10625198336
What is 55 plus 41?,96
What is 27210819 plus 60368755?,87579574
What is 42531798 plus 35638459?,78170257
What is 803917004 plus 403671911?,1207588915
What is 7075238802 plus 4708120139?,11783358941
What is 62 plus 81?,143
What is 77309 plus 41147?,118456
What is 7622474540 plus 6157036283?,13779510823
What is 51995 plus 36583?,88578
What is 6785985 plus 2793397?,9579382
What is 160779 plus 436025?,596804
What is 6073842 plus 6450397?,12524239
What is 91964715 plus 31466201?,123430916
What is 81778 plus 15901?,97679
What is 4336575245 plus 3853967690?,8190542935
What is 44081 plus 86153?,130234
What is 9204783 plus 1960379?,11165162
What is 878068673 plus 281513596?,1159582269
What is 22406776 plus 70499574?,92906350
What is 74 plus 75?,149
What is 267558 plus 518200?,785758
What is 95358818 plus 46256981?,141615799
What is 389917641 plus 836955421?,1226873062
What is 271162523 plus 926501321?,1197663844
What is 496643 plus 268251?,764894
What is 92876771 plus 69231133?,162107904
What is 25096930 plus 24094743?,49191673
What is 67536644 plus 85558589?,153095233
What is 56661 plus 21616?,78277
What is 2282093757 plus 3810642601?,6092736358
What is 7487723668 plus 7771803449?,15259527117
What is 44 plus 68?,112
What is 5689581 plus 7076161?,12765742
What is 55035218 plus 88614650?,143649868
What is 442296 plus 561774?,1004070
What is 251692 plus 712842?,964534
What is 9916358 plus 2175173?,12091531
What is 6185355799 plus 4701509205?,10886865004
What is 22 plus 20?,42
What is 33 plus 50?,83
What is 98394560 plus 58681924?,157076484
What is 72514153 plus 88949420?,161463573
What is 1919459676 plus 3124793216?,5044252892
What is 9241452584 plus 7993071676?,17234524260
What is 585 plus 857?,1442
What is 7791 plus 4598?,12389
What is 5414458830 plus 1001400130?,6415858960
What is 42249 plus 82135?,124384
What is 2381 plus 6829?,9210
What is 555171557 plus 122751693?,677923250
What is 79415 plus 37988?,117403
What is 4685279485 plus 1622019931?,6307299416
What is 9170879340 plus 9071910922?,18242790262
What is 1122 plus 5156?,6278
What is 21 plus 62?,83
What is 419270729 plus 661606378?,1080877107
What is 15 plus 97?,112
What is 20 plus 21?,41
What is 8891167069 plus 8159356424?,17050523493
What is 48704 plus 43268?,91972
What is 59960220 plus 61402173?,121362393
What is 7297100842 plus 8210037960?,15507138802
What is 89 plus 84?,173
What is 4486434382 plus 7427889223?,11914323605
What is 3131615 plus 3835372?,6966987
What is 91571947 plus 38668690?,130240637
What is 757291207 plus 476467877?,1233759084
What is 3740715 plus 4072734?,7813449
What is 9311127048 plus 1002515284?,10313642332
What is 4253 plus 1754?,6007
What is 8694 plus 3970?,12664
What is 5970698365 plus 7295234270?,13265932635
What is 329 plus 239?,568
What is 834 plus 901?,1735
What is 65 plus 64?,129
What is 82 plus 61?,143
What is 840121 plus 934949?,1775070
What is 718873613 plus 697108181?,1415981794
What is 44544703 plus 26698190?,71242893
What is 1410 plus 6889?,8299
What is 4917 plus 5540?,10457
What is 128 plus 739?,867
What is 5355224 plus 8564929?,13920153
What is 5734276 plus 7322042?,13056318
What is 22758221 plus 13594035?,36352256
What is 3722637867 plus 4841172384?,8563810251
What is 3950944 plus 4301374?,8252318
What is 5125 plus 2757?,7882
What is 131006592 plus 114934640?,245941232
What is 765065 plus 463372?,1228437
What is 48 plus 10?,58
What is 7793330252 plus 7985473892?,15778804144
What is 4887 plus 9665?,14552
What is 78401 plus 69363?,147764
What is 2230 plus 3373?,5603
What is 14475561 plus 55390456?,69866017
What is 259331323 plus 613700218?,873031541
What is 8476 plus 7588?,16064
What is 7638487 plus 3705293?,11343780
What is 17151115 plus 99781038?,116932153
What is 16043516 plus 73587824?,89631340
What is 19 plus 74?,93
What is 77803152 plus 21936832?,99739984
What is 1296 plus 3053?,4349
What is 5728 plus 5087?,10815
What is 864 plus 241?,1105
What is 42123 plus 41388?,83511
What is 6671 plus 9363?,16034
What is 118432870 plus 377207978?,495640848
What is 451 plus 825?,1276
What is 9517210877 plus 7921679834?,17438890711
What is 74 plus 85?,159
What is 3103589012 plus 9343584570?,12447173582
What is 36041668 plus 62930273?,98971941
What is 3722 plus 7629?,11351
What is 881 plus 528?,1409
What is 476 plus 567?,1043
What is 1839180569 plus 7305247358?,9144427927
What is 75454 plus 83125?,158579
What is 87 plus 37?,124
What is 8866 plus 7516?,16382
What is 8589523884 plus 1093335057?,9682858941
What is 894 plus 150?,1044
What is 51837 plus 76098?,127935
What is 68761140 plus 47307163?,116068303
What is 852593056 plus 828542078?,1681135134
What is 688788 plus 635507?,1324295
What is 7556 plus 7263?,14819
What is 777 plus 505?,1282
What is 7581835865 plus 1970162086?,9551997951
What is 31053 plus 13930?,44983
What is 969681792 plus 434906420?,1404588212
What is 530486 plus 180620?,711106
What is 9037646108 plus 3571380566?,12609026674
What is 131 plus 929?,1060
What is 289456 plus 274332?,563788
What is 662530 plus 548350?,1210880
What is 46727 plus 84190?,130917
What is 79575716 plus 97450246?,177025962
What is 143715664 plus 609371873?,753087537
What is 19 plus 76?,95
What is 8220529 plus 6362914?,14583443
What is 9635 plus 4175?,13810
What is 771 plus 250?,1021
What is 730946700 plus 226893551?,957840251
What is 72374844 plus 49380659?,121755503
What is 139864 plus 532314?,672178
What is 6384 plus 2560?,8944
What is 97973 plus 32000?,129973
What is 2978138727 plus 5071648282?,8049787009
What is 28115435 plus 60252802?,88368237
What is 61 plus 89?,150
What is 176323 plus 524231?,700554
What is 77369 plus 11621?,88990
What is 20213 plus 47503?,67716
What is 715095 plus 477088?,1192183
What is 3092097687 plus 6872547575?,9964645262
What is 187229 plus 899154?,1086383
What is 69 plus 98?,167
What is 668965324 plus 462489291?,1131454615
What is 134048437 plus 578005535?,712053972
What is 9570 plus 4517?,14087
What is 1930571 plus 9465960?,11396531
What is 7021170240 plus 2369040409?,9390210649
What is 3912 plus 9190?,13102
What is 899893974 plus 230681482?,1130575456
What is 709265646 plus 708788911?,1418054557
What is 50 plus 62?,112
What is 8682732112 plus 9704318272?,18387050384
What is 36245 plus 43239?,79484
What is 688995477 plus 733921244?,1422916721
What is 814455760 plus 125828172?,940283932
What is 399 plus 641?,1040
What is 9328 plus 4414?,13742
What is 599198661 plus 395995553?,995194214
What is 4618332233 plus 9669556606?,14287888839
What is 55218715 plus 74305875?,129524590
What is 18837381 plus 11661675?,30499056
What is 367 plus 737?,1104
What is 7510505 plus 1565634?,9076139
What is 9697 plus 9019?,18716
What is 521188 plus 103672?,624860
What is 6844 plus 9938?,16782
What is 4455175 plus 9285110?,13740285
What is 46481467 plus 50739549?,97221016
What is 717885 plus 403630?,1121515
What is 335466 plus 238353?,573819
What is 989600 plus 454529?,1444129
What is 94 plus 54?,148
What is 352144 plus 372532?,724676
What is 4730902 plus 9908979?,14639881
What is 11939750 plus 28111925?,40051675
What is 9344914 plus 7298887?,16643801
What is 505653 plus 922180?,1427833
What is 18886309 plus 30377260?,49263569
What is 19843800 plus 54045519?,73889319
What is 242 plus 954?,1196
What is 9897366111 plus 2049370621?,11946736732
What is 2291383206 plus 5326288387?,7617671593
What is 6077996 plus 2267688?,8345684
What is 919 plus 442?,1361
What is 4034814052 plus 5327053115?,9361867167
What is 14327 plus 68696?,83023
What is 673 plus 402?,1075
What is 8371 plus 9372?,17743
What is 26207255 plus 11343265?,37550520
What is 5065800 plus 8927033?,13992833
What is 23743 plus 63562?,87305
What is 38 plus 15?,53
What is 1599 plus 5993?,7592
What is 3015625728 plus 7184623481?,10200249209
What is 899042 plus 569984?,1469026
What is 865994780 plus 245485084?,1111479864
What is 9082413290 plus 9833942340?,18916355630
What is 37105 plus 73839?,110944
What is 13 plus 12?,25
What is 376166769 plus 959451693?,1335618462
What is 8237547666 plus 6523318663?,14760866329
What is 37 plus 50?,87
What is 843 plus 995?,1838
What is 1329081233 plus 1847199084?,3176280317
What is 453 plus 352?,805
What is 233960 plus 318293?,552253
What is 960 plus 632?,1592
What is 304 plus 494?,798
What is 861917737 plus 848974343?,1710892080
What is 182 plus 551?,733
What is 759267 plus 986878?,1746145
What is 7759321 plus 6549804?,14309125
What is 41149482 plus 89618756?,130768238
What is 4808 plus 6529?,11337
What is 61417099 plus 92499471?,153916570
What is 1649875 plus 9372030?,11021905
What is 66366695 plus 15001114?,81367809
What is 4182 plus 1953?,6135
What is 7597 plus 8772?,16369
What is 70339309 plus 34192333?,104531642
What is 4923 plus 3677?,8600
What is 3421 plus 8859?,12280
What is 90 plus 64?,154
What is 89 plus 51?,140
What is 573 plus 719?,1292
What is 5247192 plus 9809806?,15056998
What is 26 plus 28?,54
What is 8011 plus 5326?,13337
What is 5081965634 plus 4537696528?,9619662162
What is 87059581 plus 88513900?,175573481
What is 14 plus 19?,33
What is 6203 plus 5199?,11402
What is 231448323 plus 213094608?,444542931
What is 733841012 plus 580679459?,1314520471
What is 17 plus 37?,54
What is 70088 plus 87867?,157955
What is 1732 plus 2624?,4356
What is 913 plus 440?,1353
What is 8654389601 plus 7421819037?,16076208638
What is 3707 plus 4077?,7784
What is 396 plus 205?,601
What is 1316324399 plus 1434695110?,2751019509
What is 6421 plus 6559?,12980
What is 300 plus 846?,1146
What is 862151 plus 935620?,1797771
What is 36171712 plus 85701245?,121872957
What is 7436165298 plus 1625369352?,9061534650
What is 273524 plus 120133?,393657
What is 952 plus 582?,1534
What is 19 plus 53?,72
What is 288698236 plus 500218617?,788916853
What is 367 plus 400?,767
What is 9890 plus 8493?,18383
What is 7453 plus 7999?,15452
What is 3583093 plus 2488231?,6071324
What is 9227690 plus 3465994?,12693684
What is 2185 plus 3231?,5416
What is 73413149 plus 79764298?,153177447
What is 5595 plus 6782?,12377
What is 19449 plus 52730?,72179
What is 6893 plus 8835?,15728
What is 5087746 plus 7495266?,12583012
What is 650 plus 867?,1517
What is 97942857 plus 56977832?,154920689
What is 1757287471 plus 1820719233?,3578006704
What is 504843 plus 572695?,1077538
What is 89 plus 64?,153
What is 819530605 plus 875864716?,1695395321
What is 40637 plus 60386?,101023
What is 57663 plus 19113?,76776
What is 269514478 plus 478922061?,748436539
What is 231915 plus 282669?,514584
What is 769 plus 165?,934
What is 72195830 plus 25958921?,98154751
What is 62 plus 85?,147
What is 31 plus 96?,127
What is 943 plus 888?,1831
What is 73886560 plus 43331593?,117218153
What is 7038006 plus 4817885?,11855891
What is 5136020 plus 9053432?,14189452
What is 5124633901 plus 3675597555?,8800231456
What is 76 plus 20?,96
What is 59 plus 62?,121
What is 44 plus 16?,60
What is 7539683301 plus 9298746527?,16838429828
What is 841 plus 340?,1181
What is 509417 plus 646571?,1155988
What is 92043 plus 19597?,111640
What is 9117992118 plus 7204277478?,16322269596
What is 32381 plus 10135?,42516
What is 4195059 plus 1560951?,5756010
What is 65789547 plus 67986715?,133776262
What is 7175 plus 8763?,15938
What is 787774 plus 119022?,906796
What is 202453032 plus 604982722?,807435754
What is 75 plus 79?,154
What is 26172168 plus 93494091?,119666259
What is 921410761 plus 462884717?,1384295478
What is 313 plus 505?,818
What is 560704 plus 575614?,1136318
What is 685 plus 115?,800
What is 98594 plus 22119?,120713
What is 3112922 plus 4466128?,7579050
What is 504329 plus 770262?,1274591
What is 8475 plus 7397?,15872
What is 28430 plus 87273?,115703
What is 991656 plus 422049?,1413705
What is 86 plus 30?,116
What is 187 plus 569?,756
What is 686 plus 323?,1009
What is 26855 plus 79965?,106820
What is 56 plus 79?,135
What is 888875819 plus 793279176?,1682154995
What is 707 plus 366?,1073
What is 2863704 plus 1504874?,4368578
What is 506577455 plus 651766202?,1158343657
What is 6987344 plus 4607829?,11595173
What is 51 plus 72?,123
What is 9249371 plus 1181538?,10430909
What is 6577733757 plus 8676329744?,15254063501
What is 180 plus 999?,1179
What is 643417648 plus 290283151?,933700799
What is 40703994 plus 92649997?,133353991
What is 1168723 plus 7410968?,8579691
What is 22323843 plus 75815941?,98139784
What is 34950 plus 36628?,71578
What is 8277908542 plus 3625769272?,11903677814
What is 2461356884 plus 2794093784?,5255450668
What is 205 plus 576?,781
What is 159 plus 251?,410
What is 3971638071 plus 8827367413?,12799005484
What is 4041837000 plus 8647110479?,12688947479
What is 6714335289 plus 1371353764?,8085689053
What is 312312739 plus 408963625?,721276364
What is 6586623 plus 8328416?,14915039
What is 90365770 plus 92979465?,183345235
What is 21 plus 56?,77
What is 937 plus 487?,1424
What is 8158 plus 1453?,9611
What is 983519 plus 403650?,1387169
What is 277 plus 211?,488
What is 489 plus 913?,1402
What is 780324 plus 824213?,1604537
What is 6861 plus 2206?,9067
What is 12599 plus 26301?,38900
What is 7882746 plus 4739681?,12622427
What is 9804 plus 7271?,17075
What is 32681 plus 11497?,44178
What is 264265898 plus 694267184?,958533082
What is 18 plus 27?,45
What is 65 plus 36?,101
What is 42023858 plus 34385522?,76409380
What is 734673933 plus 119511192?,854185125
What is 5139 plus 2370?,7509
What is 70 plus 70?,140
What is 51566416 plus 17741671?,69308087
What is 8008981742 plus 1844902483?,9853884225
What is 157734 plus 223470?,381204
What is 285 plus 455?,740
What is 563342531 plus 936330682?,1499673213
What is 914 plus 281?,1195
What is 51237 plus 16175?,67412
What is 9200729 plus 7262121?,16462850
What is 88909 plus 62487?,151396
What is 5537618 plus 8202799?,13740417
What is 27776771 plus 72013993?,99790764
What is 2780996 plus 1943889?,4724885
What is 3849754 plus 8423545?,12273299
What is 760409208 plus 736406025?,1496815233
What is 8972231 plus 8265847?,17238078
What is 366568005 plus 688904650?,1055472655
What is 77998 plus 60951?,138949
What is 505 plus 140?,645
What is 706 plus 616?,1322
What is 7336 plus 4273?,11609
What is 62594 plus 82737?,145331
What is 6850 plus 7932?,14782
What is 6777108 plus 1720337?,8497445
What is 12233 plus 52193?,64426
What is 5563666767 plus 9566526939?,15130193706
What is 572 plus 864?,1436
What is 333296378 plus 348017417?,681313795
What is 880 plus 640?,1520
What is 20157635 plus 48027022?,68184657
What is 72341 plus 26683?,99024
What is 921843 plus 551363?,1473206
What is 324095656 plus 517857241?,841952897
What is 3452320799 plus 5115762156?,8568082955
What is 1508222 plus 2903582?,4411804
What is 385536 plus 230326?,615862
What is 129 plus 538?,667
What is 21 plus 48?,69
What is 876 plus 960?,1836
What is 740566995 plus 779744243?,1520311238
What is 4400850 plus 8434143?,12834993
What is 5509361030 plus 4255421046?,9764782076
What is 239 plus 220?,459
What is 8855263660 plus 6483596161?,15338859821
What is 2040624 plus 1313952?,3354576
What is 38133126 plus 56135906?,94269032
What is 33 plus 30?,63
What is 77 plus 13?,90
What is 2829961590 plus 8174596533?,11004558123
What is 3019124441 plus 8549452449?,11568576890
What is 6074 plus 2096?,8170
What is 9866557347 plus 1981050955?,11847608302
What is 942 plus 508?,1450
What is 68291 plus 85378?,153669
What is 7938011 plus 4093905?,12031916
What is 60 plus 55?,115
What is 3750 plus 6863?,10613
What is 62235 plus 90565?,152800
What is 26 plus 36?,62
What is 42 plus 34?,76
What is 26 plus 16?,42
What is 279 plus 420?,699
What is 455304 plus 676064?,1131368
What is 150 plus 106?,256
What is 62 plus 68?,130
What is 8311 plus 2908?,11219
What is 2025577710 plus 3822286767?,5847864477
What is 734079 plus 220044?,954123
What is 63320027 plus 79020721?,142340748
What is 794482 plus 689524?,1484006
What is 216536 plus 469368?,685904
What is 9295 plus 4858?,14153
What is 4672656792 plus 1898030335?,6570687127
What is 6719324 plus 6654509?,13373833
What is 988410743 plus 817036180?,1805446923
What is 3273898273 plus 8569422923?,11843321196
What is 999 plus 833?,1832
What is 48 plus 12?,60
What is 83454 plus 20653?,104107
What is 39439859 plus 72220281?,111660140
What is 2691 plus 3055?,5746
What is 43 plus 82?,125
What is 7040398269 plus 1141011833?,8181410102
What is 6452727 plus 2499382?,8952109
What is 150770 plus 917274?,1068044
What is 450 plus 864?,1314
What is 96 plus 49?,145
What is 31863 plus 69203?,101066
What is 560947603 plus 755057253?,1316004856
What is 7429394369 plus 7768068226?,15197462595
What is 9171997 plus 3552571?,12724568
What is 398324162 plus 539431906?,937756068
What is 82 plus 84?,166
What is 4825 plus 2794?,7619
What is 6490 plus 2023?,8513
What is 853057038 plus 680276458?,1533333496
What is 1600841796 plus 8458416413?,10059258209
What is 62983 plus 70443?,133426
What is 566 plus 647?,1213
What is 81730 plus 88991?,170721
What is 235 plus 658?,893
What is 89789940 plus 32233841?,122023781
What is 80631395 plus 36176642?,116808037
What is 88813506 plus 29338062?,118151568
What is 6078361 plus 4015392?,10093753
What is 5450 plus 6777?,12227
What is 81085295 plus 92203980?,173289275
What is 282675125 plus 837230642?,1119905767
What is 61362304 plus 22139933?,83502237
What is 67430 plus 84121?,151551
What is 8715262537 plus 4623933740?,13339196277
What is 65 plus 13?,78
What is 887700 plus 983576?,1871276
What is 245765 plus 146154?,391919
What is 869 plus 777?,1646
What is 6062276816 plus 9362234014?,15424510830
What is 7707036 plus 1841919?,9548955
What is 99816 plus 33938?,133754
What is 95948 plus 26916?,122864
What is 239353 plus 509129?,748482
What is 10163463 plus 84667961?,94831424
What is 8294201 plus 8695696?,16989897
What is 886858 plus 191571?,1078429
What is 52249886 plus 84445106?,136694992
What is 5432 plus 6308?,11740
What is 55455271 plus 19042060?,74497331
What is 29239670 plus 83276613?,112516283
What is 388 plus 806?,1194
What is 88 plus 19?,107
What is 89 plus 69?,158
What is 344886 plus 606632?,951518
What is 3340780 plus 9588058?,12928838
What is 288355 plus 765310?,1053665
What is 85 plus 33?,118
What is 62 plus 46?,108
What is 458608 plus 346107?,804715
What is 413412529 plus 300211443?,713623972
What is 133498534 plus 804285567?,937784101
What is 76131130 plus 41709002?,117840132
What is 98 plus 88?,186
What is 3412 plus 7874?,11286
What is 3576828935 plus 8078709199?,11655538134
What is 754897 plus 432532?,1187429
What is 577 plus 173?,750
What is 42437493 plus 44928739?,87366232
What is 171758179 plus 899550079?,1071308258
What is 8223942878 plus 6924176542?,15148119420
What is 20 plus 92?,112
What is 639057 plus 208663?,847720
What is 48464 plus 11580?,60044
What is 25 plus 71?,96
What is 33740847 plus 81116343?,114857190
What is 9349 plus 1873?,11222
What is 31323 plus 48313?,79636
What is 281812 plus 359011?,640823
What is 755506991 plus 383173882?,1138680873
What is 694360434 plus 754496540?,1448856974
What is 69697072 plus 10153396?,79850468
What is 395 plus 323?,718
What is 32985 plus 92813?,125798
What is 94038 plus 21686?,115724
What is 29 plus 50?,79
What is 29981521 plus 29999602?,59981123
What is 732 plus 355?,1087
What is 961812200 plus 259002471?,1220814671
What is 842 plus 325?,1167
What is 14 plus 23?,37
What is 3069043110 plus 6244580446?,9313623556
What is 590328957 plus 697883986?,1288212943
What is 7090 plus 3061?,10151
What is 45 plus 33?,78
What is 199529 plus 408339?,607868
What is 289154 plus 500891?,790045
What is 54446 plus 12724?,67170
What is 8488520 plus 7111882?,15600402
What is 14 plus 10?,24
What is 193 plus 276?,469
What is 1146 plus 8453?,9599
What is 2284 plus 2954?,5238
What is 771312224 plus 229980228?,1001292452
What is 28872543 plus 97327977?,126200520
What is 4612253380 plus 7575477729?,12187731109
What is 28 plus 92?,120
What is 700152 plus 427299?,1127451
What is 29 plus 86?,115
What is 39137 plus 13009?,52146
What is 4217482 plus 6205706?,10423188
What is 65490 plus 85318?,150808
What is 67299 plus 43872?,111171
What is 1423 plus 3401?,4824
What is 353116714 plus 879231368?,1232348082
What is 502527 plus 264189?,766716
What is 109154007 plus 876031371?,985185378
What is 163305474 plus 612656880?,775962354
What is 806107 plus 876431?,1682538
What is 4357 plus 7042?,11399
What is 27620473 plus 16921866?,44542339
What is 401581379 plus 882112902?,1283694281
What is 137840 plus 505334?,643174
What is 4637 plus 6592?,11229
What is 904 plus 568?,1472
What is 3640 plus 6431?,10071
What is 42708482 plus 30449221?,73157703
What is 70 plus 97?,167
What is 9030189 plus 4503335?,13533524
What is 761859 plus 301508?,1063367
What is 3493029 plus 9063340?,12556369
What is 796 plus 536?,1332
What is 86716 plus 43002?,129718
What is 45 plus 57?,102
What is 761 plus 607?,1368
What is 989151 plus 269681?,1258832
What is 636801 plus 176539?,813340
What is 7226977 plus 9313088?,16540065
What is 195 plus 133?,328
What is 262306784 plus 959127331?,1221434115
What is 9293 plus 8457?,17750
What is 58 plus 80?,138
What is 2632995 plus 5441239?,8074234
What is 8126 plus 4702?,12828
What is 44241 plus 69814?,114055
What is 8246589 plus 7891227?,16137816
What is 774087 plus 788959?,1563046
What is 26799932 plus 59574960?,86374892
What is 185319 plus 438650?,623969
What is 72 plus 96?,168
What is 2727711 plus 5602559?,8330270
What is 6939 plus 2082?,9021
What is 1707 plus 2081?,3788
What is 748 plus 279?,1027
What is 260395 plus 954966?,1215361
What is 3399304 plus 3230386?,6629690
What is 548299213 plus 431509700?,979808913
What is 43692981 plus 62918645?,106611626
What is 903 plus 631?,1534
What is 57967873 plus 48481862?,106449735
What is 3417 plus 3190?,6607
What is 3927343 plus 1921281?,5848624
What is 92184973 plus 31587550?,123772523
What is 512 plus 426?,938
What is 339105 plus 650175?,989280
What is 23753 plus 80978?,104731
What is 74342631 plus 58051161?,132393792
What is 283106560 plus 257423950?,540530510
What is 77971 plus 65479?,143450
What is 325 plus 986?,1311
What is 15794065 plus 65868355?,81662420
What is 715 plus 586?,1301
What is 36151 plus 18542?,54693
What is 4360 plus 5162?,9522
What is 55454165 plus 84207726?,139661891
What is 6386638377 plus 4541648775?,10928287152
What is 831763 plus 762965?,1594728
What is 3087659555 plus 1151141939?,4238801494
What is 62811 plus 66547?,129358
What is 50704 plus 25549?,76253
What is 429109533 plus 931680804?,1360790337
What is 6105252 plus 3682058?,9787310
What is 44256939 plus 65043841?,109300780
What is 67009886 plus 70554320?,137564206
What is 937 plus 346?,1283
What is 4045 plus 6963?,11008
What is 9573761021 plus 3387012617?,12960773638
What is 5170493910 plus 7995763913?,13166257823
What is 59135 plus 59820?,118955
What is 799081779 plus 809135424?,1608217203
What is 7899 plus 9624?,17523
What is 95 plus 35?,130
What is 13 plus 71?,84
What is 79 plus 28?,107
What is 1102592264 plus 5554095789?,6656688053
What is 56 plus 68?,124
What is 8764942394 plus 1630386429?,10395328823
What is 89895 plus 59490?,149385
What is 1853729 plus 5928795?,7782524
What is 9433 plus 3664?,13097
What is 3635 plus 7720?,11355
What is 39497 plus 74968?,114465
What is 357 plus 916?,1273
What is 80353652 plus 91962059?,172315711
What is 8559489 plus 7632607?,16192096
What is 93325763 plus 55890130?,149215893
What is 2047353609 plus 3218689811?,5266043420
What is 776606 plus 320580?,1097186
What is 695 plus 570?,1265
What is 83778237 plus 52134329?,135912566
What is 212746 plus 845110?,1057856
What is 973240138 plus 127016561?,1100256699
What is 448898921 plus 481611982?,930510903
What is 35673766 plus 36908000?,72581766
What is 17660 plus 84230?,101890
What is 972 plus 162?,1134
What is 172 plus 851?,1023
What is 59503506 plus 16269723?,75773229
What is 183655 plus 538757?,722412
What is 7972 plus 6797?,14769
What is 63913251 plus 74500701?,138413952
What is 3959 plus 4189?,8148
What is 9810189071 plus 6095515390?,15905704461
What is 288219 plus 227936?,516155
What is 48821035 plus 57006981?,105828016
What is 55842245 plus 21870121?,77712366
What is 187056087 plus 142441322?,329497409
What is 105937794 plus 211728618?,317666412
What is 601065 plus 831636?,1432701
What is 9085869535 plus 5251059098?,14336928633
What is 3635417 plus 7725720?,11361137
What is 827137 plus 950072?,1777209
What is 153442 plus 219058?,372500
What is 2405397 plus 2136977?,4542374
What is 255491 plus 319864?,575355
What is 4980 plus 6350?,11330
What is 6601911422 plus 8643029477?,15244940899
What is 5015 plus 2582?,7597
What is 9515950659 plus 7722159419?,17238110078
What is 452 plus 413?,865
What is 260629506 plus 979070005?,1239699511
What is 47667383 plus 25323796?,72991179
What is 95286 plus 95626?,190912
What is 91684537 plus 69728132?,161412669
What is 718 plus 428?,1146
What is 23 plus 80?,103
What is 6805842 plus 9942216?,16748058
What is 84398 plus 34344?,118742
What is 3991 plus 4201?,8192
What is 574728831 plus 981750344?,1556479175
What is 5953675 plus 5011527?,10965202
What is 514334 plus 782976?,1297310
What is 4201 plus 6459?,10660
What is 484664928 plus 351411712?,836076640
What is 37516 plus 25746?,63262
What is 583612 plus 296390?,880002
What is 56 plus 73?,129
What is 74649261 plus 45841331?,120490592
What is 6139 plus 1438?,7577
What is 901975 plus 964980?,1866955
What is 4414 plus 2943?,7357
What is 124 plus 326?,450
What is 709 plus 300?,1009
What is 874636 plus 998049?,1872685
What is 956251 plus 359726?,1315977
What is 9967 plus 2819?,12786
What is 545070 plus 974284?,1519354
What is 78 plus 16?,94
What is 621677 plus 919129?,1540806
What is 458 plus 446?,904
What is 248 plus 308?,556
What is 638718775 plus 866409717?,1505128492
What is 1956871119 plus 8534528517?,10491399636
What is 2719225 plus 9772431?,12491656
What is 7375 plus 4299?,11674
What is 7029 plus 9673?,16702
What is 4991500157 plus 2512935895?,7504436052
What is 24 plus 57?,81
What is 6252447 plus 7076930?,13329377
What is 212 plus 609?,821
What is 3050133821 plus 6514407548?,9564541369
What is 67137 plus 34895?,102032
What is 7366166 plus 3917296?,11283462
What is 862561032 plus 535183149?,1397744181
What is 167 plus 285?,452
What is 5777845276 plus 7405670459?,13183515735
What is 50189 plus 70331?,120520
What is 7262740 plus 4352609?,11615349
What is 71 plus 15?,86
What is 6281 plus 6586?,12867
What is 24456 plus 86303?,110759
What is 9663932979 plus 9688637241?,19352570220
What is 541 plus 202?,743
What is 62034203 plus 87109374?,149143577
What is 8710732810 plus 1917882079?,10628614889
What is 8152 plus 8623?,16775
What is 4644 plus 3354?,7998
What is 4483 plus 9913?,14396
What is 9420952643 plus 5479108150?,14900060793
What is 9039371 plus 8897324?,17936695
What is 46948375 plus 90168907?,137117282
What is 4194254 plus 9110696?,13304950
What is 25931939 plus 32849686?,58781625
What is 545811 plus 861209?,1407020
What is 84785219 plus 96518221?,181303440
What is 578 plus 244?,822
What is 7299995278 plus 5477089712?,12777084990
What is 340181 plus 800233?,1140414
What is 425953 plus 406341?,832294
What is 371883 plus 753171?,1125054
What is 5422911155 plus 1710845019?,7133756174
What is 1252396264 plus 9375579125?,10627975389
What is 360591147 plus 237865308?,598456455
What is 639 plus 291?,930
What is 765045169 plus 760715356?,1525760525
What is 979 plus 432?,1411
What is 5614812209 plus 9340403353?,14955215562
What is 581 plus 166?,747
What is 516879 plus 732166?,1249045
What is 8238097 plus 5772159?,14010256
What is 900127 plus 904615?,1804742
What is 2716086156 plus 2593829228?,5309915384
What is 1632316303 plus 5835915075?,7468231378
What is 2060424704 plus 6411583824?,8472008528
What is 10358 plus 35892?,46250
What is 702973 plus 663888?,1366861
What is 42270662 plus 70227792?,112498454
What is 339 plus 960?,1299
What is 7469 plus 7606?,15075
What is 93363 plus 46060?,139423
What is 7974178395 plus 3303336499?,11277514894
What is 57339 plus 59341?,116680
What is 111347026 plus 443818749?,555165775
What is 553024 plus 518814?,1071838
What is 584463848 plus 762827133?,1347290981
What is 762135842 plus 955834654?,1717970496
What is 699302 plus 345034?,1044336
What is 1893588282 plus 7850948188?,9744536470
What is 519073 plus 583841?,1102914
What is 54 plus 91?,145
What is 66 plus 42?,108
What is 52 plus 75?,127
What is 317986 plus 526603?,844589
What is 89129494 plus 44438051?,133567545
What is 971 plus 138?,1109
What is 7588 plus 2232?,9820
What is 8377244 plus 7997003?,16374247
What is 32 plus 93?,125
What is 198 plus 925?,1123
What is 76806 plus 12583?,89389
What is 4702516 plus 4055347?,8757863
What is 4780182858 plus 2793606328?,7573789186
What is 9150 plus 5599?,14749
What is 4655727591 plus 1327994347?,5983721938
What is 61076 plus 23258?,84334
What is 93340 plus 28081?,121421
What is 78 plus 17?,95
What is 4463761847 plus 4235243201?,8699005048
What is 82 plus 17?,99
What is 14999226 plus 86629264?,101628490
What is 52930 plus 39912?,92842
What is 648635 plus 284958?,933593
What is 80369678 plus 51664663?,132034341
What is 52297 plus 52871?,105168
What is 87548360 plus 78994281?,166542641
What is 222 plus 290?,512
What is 4290 plus 4804?,9094
What is 6720 plus 8933?,15653
What is 72404453 plus 25645261?,98049714
What is 42 plus 62?,104
What is 4466 plus 3890?,8356
What is 51487 plus 40017?,91504
What is 887006230 plus 821935975?,1708942205
What is 9871 plus 1315?,11186
What is 70814022 plus 36306600?,107120622
What is 207919868 plus 144935927?,352855795
What is 386930 plus 172117?,559047
What is 5070 plus 4140?,9210
What is 956353 plus 150350?,1106703
What is 6554585 plus 7810141?,14364726
What is 3136 plus 2362?,5498
What is 929 plus 435?,1364
What is 538 plus 744?,1282
What is 46828766 plus 85372488?,132201254
What is 9080507904 plus 5367880484?,14448388388
What is 4515 plus 4256?,8771
What is 20 plus 45?,65
What is 940926 plus 714694?,1655620
What is 93354 plus 45118?,138472
What is 475361 plus 359995?,835356
What is 7881184351 plus 9853384105?,17734568456
What is 228579809 plus 653652639?,882232448
What is 6345432212 plus 5245259930?,11590692142
What is 29329 plus 23866?,53195
What is 80992 plus 42728?,123720
What is 7372 plus 6642?,14014
What is 9206 plus 1454?,10660
What is 9910312977 plus 5135783693?,15046096670
What is 49182814 plus 29115359?,78298173
What is 2212700126 plus 1996502188?,4209202314
What is 50 plus 98?,148
What is 1802621138 plus 2872568365?,4675189503
What is 147230194 plus 210389000?,357619194
What is 123 plus 205?,328
What is 37 plus 51?,88
What is 60280 plus 36648?,96928
What is 96359 plus 55591?,151950
What is 335022992 plus 332388918?,667411910
What is 17519474 plus 26579880?,44099354
What is 69405889 plus 54901729?,124307618
What is 5102169145 plus 7982109875?,13084279020
What is 66 plus 83?,149
What is 9871869837 plus 8607995500?,18479865337
What is 537185 plus 675525?,1212710
What is 2366239907 plus 4403233375?,6769473282
What is 99046620 plus 99253998?,198300618
What is 66 plus 38?,104
What is 9468422796 plus 5439842350?,14908265146
What is 681555819 plus 640889513?,1322445332
What is 795878 plus 345153?,1141031
What is 811400 plus 192792?,1004192
What is 23386 plus 41209?,64595
What is 15252465 plus 86611319?,101863784
What is 89575980 plus 76459401?,166035381
What is 9491410738 plus 4847787327?,14339198065
What is 676754 plus 328584?,1005338
What is 830413 plus 683954?,1514367
What is 66856740 plus 81432506?,148289246
What is 6395084436 plus 7530850781?,13925935217
What is 41538356 plus 86688534?,128226890
What is 66648 plus 90045?,156693
What is 9360543486 plus 1180957242?,10541500728
What is 18 plus 12?,30
What is 4245 plus 7962?,12207
What is 86543395 plus 87374427?,173917822
What is 83676156 plus 90785553?,174461709
What is 2370899 plus 3948928?,6319827
What is 93016 plus 61358?,154374
What is 42762638 plus 24780012?,67542650
What is 58346515 plus 75398055?,133744570
What is 4228237 plus 9877936?,14106173
What is 5320964 plus 4971471?,10292435
What is 381955729 plus 512647616?,894603345
What is 2028 plus 4983?,7011
What is 979 plus 766?,1745
What is 82 plus 16?,98
What is 4800383 plus 6152187?,10952570
What is 62602796 plus 75809298?,138412094
What is 4317569 plus 4367078?,8684647
What is 67 plus 46?,113
What is 26 plus 97?,123
What is 609 plus 758?,1367
What is 54949559 plus 50698028?,105647587
What is 76825732 plus 93883331?,170709063
What is 62255 plus 51811?,114066
What is 9364632974 plus 4418993923?,13783626897
What is 7013346 plus 8508058?,15521404
What is 3032103948 plus 9842975966?,12875079914
What is 2334 plus 1695?,4029
What is 2105934867 plus 7002768838?,9108703705
What is 79 plus 60?,139
What is 26840 plus 86796?,113636
What is 173866 plus 824622?,998488
What is 54664 plus 76939?,131603
What is 146 plus 401?,547
What is 57031261 plus 55389741?,112421002
What is 5761392 plus 9087992?,14849384
What is 47 plus 65?,112
What is 6555165 plus 8310168?,14865333
What is 42726508 plus 11679404?,54405912
What is 661 plus 961?,1622
What is 81042 plus 70844?,151886
What is 84 plus 98?,182
What is 7508974 plus 5685613?,13194587
What is 9174257846 plus 1990588986?,11164846832
What is 36977 plus 74342?,111319
What is 953882092 plus 369417914?,1323300006
What is 7854258853 plus 6481496860?,14335755713
What is 1907585 plus 2219580?,4127165
What is 4587364 plus 9069082?,13656446
What is 414 plus 607?,1021
What is 541380 plus 313315?,854695
What is 5088080917 plus 7678347335?,12766428252
What is 720408 plus 141577?,861985
What is 861776 plus 564146?,1425922
What is 1872479 plus 7188664?,9061143
What is 924681313 plus 285872695?,1210554008
What is 37533848 plus 22798101?,60331949
What is 640 plus 757?,1397
What is 2153 plus 8838?,10991
What is 558 plus 265?,823
What is 3843 plus 9323?,13166
What is 99349654 plus 77175078?,176524732
What is 8650458 plus 8580525?,17230983
What is 2554899672 plus 8642932772?,11197832444
What is 1761893596 plus 7658022762?,9419916358
What is 12110603 plus 54115064?,66225667
What is 22 plus 47?,69
What is 9271 plus 2497?,11768
What is 1882249843 plus 2939936929?,4822186772
What is 546241858 plus 260943555?,807185413
What is 6907 plus 1787?,8694
What is 76730 plus 65816?,142546
What is 8072 plus 2597?,10669
What is 591856137 plus 813526372?,1405382509
What is 445752316 plus 817955080?,1263707396
What is 51712194 plus 23460888?,75173082
What is 8851174889 plus 4626524996?,13477699885
What is 57203059 plus 54814299?,112017358
What is 5507 plus 5206?,10713
What is 31 plus 51?,82
What is 9203 plus 3495?,12698
What is 23 plus 44?,67
What is 4452513 plus 1983517?,6436030
What is 454 plus 759?,1213
What is 610110851 plus 632837569?,1242948420
What is 9529 plus 4554?,14083
What is 847285919 plus 160581589?,1007867508
What is 737128427 plus 605779921?,1342908348
What is 76 plus 91?,167
What is 13877577 plus 66138045?,80015622
What is 707881 plus 534267?,1242148
What is 31010 plus 33432?,64442
What is 5914 plus 7798?,13712
What is 869681 plus 980003?,1849684
What is 58 plus 40?,98
What is 3568976669 plus 3535839266?,7104815935
What is 99888905 plus 99927089?,199815994
What is 47916 plus 50401?,98317
What is 43 plus 65?,108
What is 95 plus 94?,189
What is 2795 plus 6428?,9223
What is 6857 plus 6656?,13513
What is 246579202 plus 829518872?,1076098074
What is 5219271 plus 7376077?,12595348
What is 700362990 plus 539411917?,1239774907
What is 835670847 plus 785184521?,1620855368
What is 816 plus 834?,1650
What is 16534908 plus 58779708?,75314616
What is 226326 plus 738364?,964690
What is 211419039 plus 812372285?,1023791324
What is 6406492894 plus 8546913094?,14953405988
What is 239654 plus 622248?,861902
What is 7218462 plus 5425303?,12643765
What is 1581491872 plus 1481071436?,3062563308
What is 43 plus 22?,65
What is 170367950 plus 899379541?,1069747491
What is 24947 plus 50936?,75883
What is 103508 plus 757618?,861126
What is 9992856 plus 7936011?,17928867
What is 33 plus 14?,47
What is 1025 plus 7517?,8542
What is 690 plus 223?,913
What is 5036 plus 8466?,13502
What is 6470010 plus 3618360?,10088370
What is 893 plus 182?,1075
What is 5440 plus 6003?,11443
What is 8760652 plus 7568760?,16329412
What is 755344496 plus 743408328?,1498752824
What is 410838 plus 666947?,1077785
What is 960118470 plus 427385770?,1387504240
What is 684 plus 336?,1020
What is 39463 plus 84383?,123846
What is 93529 plus 73619?,167148
What is 46 plus 83?,129
What is 60488 plus 96300?,156788
What is 10 plus 49?,59
What is 554435684 plus 822076350?,1376512034
What is 915620 plus 479546?,1395166
What is 666 plus 411?,1077
What is 35235 plus 42519?,77754
What is 56183368 plus 22808583?,78991951
What is 70779487 plus 65221610?,136001097
What is 953442126 plus 938282538?,1891724664
What is 2064 plus 7859?,9923
What is 899650998 plus 726490360?,1626141358
What is 936052511 plus 586869400?,1522921911
What is 70006 plus 22707?,92713
What is 9974197 plus 9027097?,19001294
What is 1662 plus 5602?,7264
What is 96590 plus 70123?,166713
What is 721 plus 349?,1070
What is 52038488 plus 58693367?,110731855
What is 23968930 plus 51340757?,75309687
What is 62167709 plus 53924881?,116092590
What is 7788919804 plus 6393452703?,14182372507
What is 841 plus 840?,1681
What is 7204317476 plus 4629937069?,11834254545
What is 485210747 plus 694379045?,1179589792
What is 78773032 plus 23029795?,101802827
What is 75173730 plus 16418932?,91592662
What is 82968 plus 16144?,99112
What is 9772398 plus 2636440?,12408838
What is 6133060 plus 4980443?,11113503
What is 5009796115 plus 8355422328?,13365218443
What is 24421 plus 46572?,70993
What is 80 plus 15?,95
What is 739789 plus 494260?,1234049
What is 34943665 plus 32715666?,67659331
What is 32 plus 69?,101
What is 572146745 plus 898545495?,1470692240
What is 1926693229 plus 2407391027?,4334084256
What is 469196 plus 295902?,765098
What is 62692847 plus 27651317?,90344164
What is 619717455 plus 662097262?,1281814717
What is 17342465 plus 68907431?,86249896
What is 9161158 plus 6345606?,15506764
What is 31932 plus 48356?,80288
What is 306062 plus 623576?,929638
What is 91193920 plus 89281032?,180474952
What is 90728226 plus 24489466?,115217692
What is 281 plus 654?,935
What is 79 plus 40?,119
What is 95 plus 57?,152
What is 676278 plus 236112?,912390
What is 58863 plus 53671?,112534
What is 3779987 plus 7410929?,11190916
What is 9561900202 plus 1911669462?,11473569664
What is 775 plus 549?,1324
What is 33798335 plus 54117112?,87915447
What is 78840 plus 12347?,91187
What is 71699 plus 17398?,89097
What is 7901081 plus 4669979?,12571060
What is 881541 plus 477058?,1358599
What is 8243979 plus 8740870?,16984849
What is 28047 plus 42874?,70921
What is 959309236 plus 414234551?,1373543787
What is 599 plus 142?,741
What is 184019791 plus 860348270?,1044368061
What is 13957 plus 58022?,71979
What is 52599638 plus 25013611?,77613249
What is 2257196 plus 1325268?,3582464
What is 60355388 plus 81692817?,142048205
What is 997752 plus 432417?,1430169
What is 75 plus 43?,118
What is 268 plus 334?,602
What is 897553184 plus 973005316?,1870558500
What is 9549635661 plus 7304208465?,16853844126
What is 4225748636 plus 7046639365?,11272388001
What is 69 plus 33?,102
What is 4677340 plus 9319803?,13997143
What is 2203 plus 8732?,10935
What is 14020 plus 86113?,100133
What is 780391 plus 906896?,1687287
What is 688 plus 965?,1653
What is 3105161 plus 5962490?,9067651
What is 5767290361 plus 2687018258?,8454308619
What is 24796635 plus 30615394?,55412029
What is 2088160892 plus 9250563257?,11338724149
What is 38 plus 39?,77
What is 406179 plus 774050?,1180229
What is 52747 plus 83711?,136458
What is 86 plus 35?,121
What is 58929 plus 62795?,121724
What is 270718 plus 863103?,1133821
What is 269996 plus 961793?,1231789
What is 6167133541 plus 7537850736?,13704984277
What is 85602467 plus 73714657?,159317124
What is 505644306 plus 974448325?,1480092631
What is 60 plus 78?,138
What is 20 plus 21?,41
What is 937451 plus 797065?,1734516
What is 93057 plus 47387?,140444
What is 27497885 plus 42646416?,70144301
What is 3407768770 plus 7340940004?,10748708774
What is 58797 plus 85932?,144729
What is 3645 plus 3870?,7515
What is 91289 plus 57448?,148737
What is 956997 plus 569224?,1526221
What is 59 plus 49?,108
What is 50346327 plus 50334409?,100680736
What is 81 plus 98?,179
What is 53 plus 19?,72
What is 644506 plus 621772?,1266278
What is 292522 plus 185163?,477685
What is 947975 plus 292044?,1240019
What is 46 plus 20?,66
What is 700408 plus 253135?,953543
What is 81 plus 87?,168
What is 24 plus 43?,67
What is 775333854 plus 191479867?,966813721
What is 89296188 plus 32999616?,122295804
What is 1975979426 plus 7827631030?,9803610456
What is 5946786 plus 8632648?,14579434
What is 82 plus 23?,105
What is 85621822 plus 18863344?,104485166
What is 686 plus 564?,1250
What is 972 plus 841?,1813
What is 111932 plus 282788?,394720
What is 3176 plus 4638?,7814
What is 79421 plus 51422?,130843
What is 232279202 plus 727690559?,959969761
What is 1736704043 plus 6097862494?,7834566537
What is 587 plus 708?,1295
What is 937121 plus 493011?,1430132
What is 89971375 plus 69724262?,159695637
What is 4736048436 plus 9110385095?,13846433531
What is 667 plus 417?,1084
What is 66 plus 45?,111
What is 203793982 plus 274813528?,478607510
What is 53 plus 66?,119
What is 1424869617 plus 7276821040?,8701690657
What is 527089 plus 348618?,875707
What is 6135 plus 8734?,14869
What is 53 plus 98?,151
What is 96 plus 76?,172
What is 2021397 plus 8196043?,10217440
What is 37071 plus 17646?,54717
What is 9651431 plus 8036614?,17688045
What is 475931238 plus 699328946?,1175260184
What is 58102555 plus 85392714?,143495269
What is 510 plus 811?,1321
What is 47189248 plus 10154029?,57343277
What is 3575 plus 8933?,12508
What is 1296 plus 8972?,10268
What is 98 plus 90?,188
What is 18272 plus 89780?,108052
What is 14 plus 76?,90
What is 221810053 plus 504500551?,726310604
What is 403 plus 399?,802
What is 823184 plus 384262?,1207446
What is 1549973852 plus 5147913118?,6697886970
What is 6232 plus 9025?,15257
What is 4851992 plus 1040262?,5892254
What is 944 plus 771?,1715
What is 2421323417 plus 2313018317?,4734341734
What is 43 plus 18?,61
What is 3462787782 plus 1957110968?,5419898750
What is 529 plus 668?,1197
What is 745901188 plus 422097931?,1167999119
What is 557 plus 237?,794
What is 9871045261 plus 6071215107?,15942260368
What is 278356 plus 226343?,504699
What is 3542084 plus 5206081?,8748165
What is 165723124 plus 837851692?,1003574816
What is 8993 plus 8903?,17896
What is 7956 plus 6129?,14085
What is 9403594713 plus 5514294388?,14917889101
What is 8506755 plus 6089903?,14596658
What is 648037710 plus 285235569?,933273279
What is 340 plus 746?,1086
What is 198216 plus 958597?,1156813
What is 7218559513 plus 2137437000?,9355996513
What is 553 plus 637?,1190
What is 17806 plus 67276?,85082
What is 90298 plus 13365?,103663
What is 839627950 plus 328454333?,1168082283
What is 959100036 plus 538795687?,1497895723
What is 81 plus 67?,148
What is 3762 plus 6427?,10189
What is 4221922 plus 8130541?,12352463
What is 211646741 plus 995275415?,1206922156
What is 6047 plus 3535?,9582
What is 85473 plus 17116?,102589
What is 8457812 plus 8772681?,17230493
What is 6200 plus 6907?,13107
What is 769 plus 472?,1241
What is 6148421958 plus 3814743753?,9963165711
What is 96347692 plus 23839858?,120187550
What is 72 plus 90?,162
What is 1705413547 plus 8523798460?,10229212007
What is 106 plus 510?,616
What is 622045 plus 280914?,902959
What is 6812454 plus 5572442?,12384896
What is 70475 plus 47071?,117546
What is 542060 plus 629672?,1171732
What is 3628004586 plus 9792621042?,13420625628
What is 839 plus 462?,1301
What is 69269 plus 22702?,91971
What is 175357 plus 114907?,290264
What is 564 plus 239?,803
What is 60989384 plus 17199468?,78188852
What is 816341257 plus 642399698?,1458740955
What is 498196 plus 560368?,1058564
What is 53 plus 12?,65
What is 38295 plus 51906?,90201
What is 67235 plus 97997?,165232
What is 1104544 plus 9103961?,10208505
What is 654863540 plus 174991748?,829855288
What is 7922172386 plus 1333482888?,9255655274
What is 395 plus 634?,1029
What is 404513 plus 246519?,651032
What is 2420637 plus 3928917?,6349554
What is 428 plus 114?,542
What is 4622459866 plus 4624613720?,9247073586
What is 510876492 plus 243440402?,754316894
What is 48 plus 14?,62
What is 579 plus 849?,1428
What is 678161136 plus 863694702?,1541855838
What is 131860 plus 368936?,500796
What is 5588 plus 8866?,14454
What is 3359827528 plus 8837762196?,12197589724
What is 697681 plus 811887?,1509568
What is 135452049 plus 990534700?,1125986749
What is 6583936 plus 6209755?,12793691
What is 506 plus 134?,640
What is 5126437292 plus 5041724716?,10168162008
What is 44456 plus 45443?,89899
What is 6450611 plus 1691916?,8142527
What is 3543958 plus 3454586?,6998544
What is 51 plus 59?,110
What is 25 plus 27?,52
What is 500471 plus 107958?,608429
What is 65038 plus 42630?,107668
What is 40278 plus 25459?,65737
What is 782608 plus 136123?,918731
What is 141889 plus 279104?,420993
What is 4410 plus 6446?,10856
What is 35261566 plus 87187208?,122448774
What is 479 plus 209?,688
What is 7119 plus 2865?,9984
What is 34572 plus 37172?,71744
What is 2115657180 plus 5676999789?,7792656969
What is 89248977 plus 84629768?,173878745
What is 5069978 plus 5753853?,10823831
What is 267107 plus 404687?,671794
What is 3353691 plus 6126366?,9480057
What is 788284 plus 990710?,1778994
What is 844634139 plus 265791907?,1110426046
What is 8757941 plus 8010570?,16768511
What is 408 plus 495?,903
What is 3158501291 plus 1704837588?,4863338879
What is 269662 plus 360417?,630079
What is 12209921 plus 46756830?,58966751
What is 272178 plus 717925?,990103
What is 1448751095 plus 6749045157?,8197796252
What is 13140898 plus 50610690?,63751588
What is 34 plus 52?,86
What is 10 plus 96?,106
What is 83700 plus 17353?,101053
What is 378139 plus 719031?,1097170
What is 44 plus 94?,138
What is 4897807096 plus 2829015910?,7726823006
What is 570134088 plus 812664509?,1382798597
What is 26 plus 23?,49
What is 479940 plus 926614?,1406554
What is 774519977 plus 220351157?,994871134
What is 42 plus 89?,131
What is 37 plus 37?,74
What is 5277931 plus 8811867?,14089798
What is 5738 plus 8836?,14574
What is 1871818 plus 2430455?,4302273
What is 8680076150 plus 2207021333?,10887097483
What is 6747944 plus 2844764?,9592708
What is 25323 plus 75619?,100942
What is 968960654 plus 276216881?,1245177535
What is 91 plus 56?,147
What is 56909 plus 50561?,107470
What is 712198 plus 828518?,1540716
What is 9007866774 plus 5554867437?,14562734211
What is 14 plus 33?,47
What is 8290043 plus 4318466?,12608509
What is 41281001 plus 69013489?,110294490
What is 111 plus 776?,887
What is 6746746 plus 5477772?,12224518
What is 417456216 plus 439739869?,857196085
What is 2227054 plus 3008432?,5235486
What is 201564827 plus 981945090?,1183509917
What is 7024052 plus 9218157?,16242209
What is 3671787328 plus 8256700690?,11928488018
What is 98901 plus 27805?,126706
What is 242253 plus 276541?,518794
What is 314427689 plus 784623565?,1099051254
What is 229244 plus 661601?,890845
What is 1776443922 plus 5746962514?,7523406436
What is 7090257 plus 3989413?,11079670
What is 8203174 plus 6774178?,14977352
What is 8144558 plus 8858885?,17003443
What is 788 plus 182?,970
What is 8731 plus 9411?,18142
What is 8728854 plus 7667933?,16396787
What is 292 plus 935?,1227
What is 3849434 plus 1790828?,5640262
What is 3124 plus 9600?,12724
What is 79576 plus 52598?,132174
What is 726873 plus 726054?,1452927
What is 339161 plus 475710?,814871
What is 8024230 plus 7746897?,15771127
What is 1969823 plus 8109398?,10079221
What is 12 plus 65?,77
What is 3529 plus 8332?,11861
What is 8950953849 plus 2640606015?,11591559864
What is 897634 plus 149756?,1047390
What is 3351908453 plus 2082230194?,5434138647
What is 139 plus 483?,622
What is 92730522 plus 89987725?,182718247
What is 8407236 plus 9887009?,18294245
What is 438509825 plus 935265438?,1373775263
What is 5530136774 plus 8944661640?,14474798414
What is 668987 plus 915604?,1584591
What is 7977126013 plus 8382356861?,16359482874
What is 3474496466 plus 1145640233?,4620136699
What is 9375959 plus 3400109?,12776068
What is 47 plus 87?,134
What is 10 plus 16?,26
What is 77756653 plus 62195670?,139952323
What is 99 plus 12?,111
What is 13672167 plus 74699711?,88371878
What is 34 plus 72?,106
What is 56719 plus 29021?,85740
What is 548574686 plus 925958404?,1474533090
What is 535 plus 809?,1344
What is 8248538459 plus 5462268282?,13710806741
What is 748 plus 803?,1551
What is 624 plus 773?,1397
What is 9075024 plus 1412847?,10487871
What is 3790522009 plus 3959548795?,7750070804
What is 3881774 plus 5952423?,9834197
What is 76820 plus 20234?,97054
What is 1262338284 plus 2571658661?,3833996945
What is 135686200 plus 354132994?,489819194
What is 357689977 plus 335751903?,693441880
What is 133027 plus 275943?,408970
What is 7731 plus 3855?,11586
What is 2790252 plus 8035113?,10825365
What is 23710 plus 65264?,88974
What is 267429626 plus 671824770?,939254396
What is 7996917690 plus 9897634277?,17894551967
What is 5705995149 plus 2899417195?,8605412344
What is 57 plus 90?,147
What is 845749 plus 430210?,1275959
What is 49446 plus 87634?,137080
What is 7471335 plus 3060379?,10531714
What is 4833362 plus 1665424?,6498786
What is 90373937 plus 57071234?,147445171
What is 3224 plus 9273?,12497
What is 56951605 plus 85386083?,142337688
What is 27933453 plus 25674705?,53608158
What is 542165380 plus 646933733?,1189099113
What is 4263492161 plus 7179762823?,11443254984
What is 4145602866 plus 5406872445?,9552475311
What is 7219464 plus 3765322?,10984786
What is 801157 plus 821276?,1622433
What is 77008 plus 93287?,170295
What is 8923368 plus 5830608?,14753976
What is 564 plus 287?,851
What is 6578001916 plus 9580361418?,16158363334
What is 7601826 plus 3401056?,11002882
What is 3600508786 plus 6519502555?,10120011341
What is 8628043 plus 8284449?,16912492
What is 95512 plus 36951?,132463
What is 76382488 plus 47047444?,123429932
What is 97055 plus 16439?,113494
What is 80443 plus 28685?,109128
What is 6825519 plus 7491901?,14317420
What is 780 plus 158?,938
What is 427748 plus 481982?,909730
What is 2668908206 plus 3959201820?,6628110026
What is 670 plus 902?,1572
What is 438 plus 186?,624
What is 1215 plus 4291?,5506
What is 69032 plus 63776?,132808
What is 94 plus 16?,110
What is 663494 plus 121079?,784573
What is 65314 plus 68482?,133796
What is 3803763 plus 6073467?,9877230
What is 3305386620 plus 8565500086?,11870886706
What is 26119436 plus 82084793?,108204229
What is 913827 plus 664431?,1578258
What is 826 plus 743?,1569
What is 9460 plus 7676?,17136
What is 69 plus 24?,93
What is 14 plus 27?,41
What is 2096555387 plus 1833124246?,3929679633
What is 40110 plus 60645?,100755
What is 3633441036 plus 8731163726?,12364604762
What is 453391 plus 510426?,963817
What is 12 plus 83?,95
What is 32783 plus 23203?,55986
What is 3266770574 plus 5276224738?,8542995312
What is 2596077857 plus 9991117359?,12587195216
What is 442 plus 507?,949
What is 14565545 plus 70447816?,85013361
What is 65 plus 15?,80
What is 28879428 plus 67175666?,96055094
What is 4860698481 plus 7089412858?,11950111339
What is 222793 plus 108799?,331592
What is 55451743 plus 20674819?,76126562
What is 7205057 plus 2760085?,9965142
What is 903038 plus 659352?,1562390
What is 16265776 plus 79475938?,95741714
What is 188 plus 983?,1171
What is 5426 plus 6278?,11704
What is 88 plus 38?,126
What is 57 plus 15?,72
What is 549542 plus 892437?,1441979
What is 30 plus 61?,91
What is 671 plus 710?,1381
What is 10901717 plus 67677345?,78579062
What is 2629070 plus 8365259?,10994329
What is 6784 plus 2410?,9194
What is 2438662881 plus 1481579215?,3920242096
What is 4726 plus 7213?,11939
What is 684844587 plus 793889696?,1478734283
What is 76936 plus 97893?,174829
What is 333642 plus 487701?,821343
What is 3361 plus 7431?,10792
What is 72 plus 15?,87
What is 22681 plus 91869?,114550
What is 425 plus 973?,1398
What is 948 plus 784?,1732
What is 74 plus 14?,88
What is 9650409780 plus 4632860015?,14283269795
What is 658735270 plus 949354809?,1608090079
What is 691 plus 187?,878
What is 205 plus 235?,440
What is 834 plus 865?,1699
What is 5356265 plus 3999289?,9355554
What is 426583 plus 308800?,735383
What is 271466939 plus 305034764?,576501703
What is 9330583 plus 5991149?,15321732
What is 781237546 plus 227626353?,1008863899
What is 64356 plus 79365?,143721
What is 5180300433 plus 4710010666?,9890311099
What is 684 plus 209?,893
What is 84695603 plus 12661369?,97356972
What is 327160 plus 805677?,1132837
What is 502440 plus 238055?,740495
What is 35894372 plus 10325596?,46219968
What is 639 plus 891?,1530
What is 72430 plus 57654?,130084
What is 6556829 plus 9254672?,15811501
What is 33461045 plus 20726863?,54187908
What is 921010 plus 119610?,1040620
What is 48939 plus 83817?,132756
What is 756666750 plus 267035296?,1023702046
What is 94 plus 61?,155
What is 369 plus 535?,904
What is 6272486 plus 4466298?,10738784
What is 71143 plus 32104?,103247
What is 1530 plus 6158?,7688
What is 75135218 plus 19357988?,94493206
What is 34436533 plus 79399720?,113836253
What is 374 plus 354?,728
What is 3157288159 plus 2080872930?,5238161089
What is 951479483 plus 257903985?,1209383468
What is 14616698 plus 94686339?,109303037
What is 45 plus 88?,133
What is 20337305 plus 61869407?,82206712
What is 65142704 plus 89307550?,154450254
What is 84775 plus 18633?,103408
What is 823 plus 814?,1637
What is 21451 plus 32756?,54207
What is 79559 plus 27322?,106881
What is 82 plus 57?,139
What is 482 plus 340?,822
What is 3625983 plus 2375266?,6001249
What is 23845 plus 75607?,99452
What is 692622 plus 476529?,1169151
What is 302 plus 234?,536
What is 2076 plus 5527?,7603
What is 1827 plus 5669?,7496
What is 790 plus 605?,1395
What is 72850 plus 85958?,158808
What is 267842 plus 173336?,441178
What is 630 plus 973?,1603
What is 496849592 plus 732389898?,1229239490
What is 36556 plus 91382?,127938
What is 25094650 plus 16435400?,41530050
What is 62957 plus 97683?,160640
What is 29 plus 39?,68
What is 929556 plus 586510?,1516066
What is 40348670 plus 88999336?,129348006
What is 971237951 plus 867632544?,1838870495
What is 8267391 plus 9976709?,18244100
What is 4264432 plus 4028655?,8293087
What is 604695 plus 427987?,1032682
What is 8453077 plus 5056233?,13509310
What is 3451724 plus 3482119?,6933843
What is 86775981 plus 85330369?,172106350
What is 437019992 plus 425149344?,862169336
What is 599638429 plus 840607364?,1440245793
What is 1666484024 plus 7093912604?,8760396628
What is 6674663 plus 2085852?,8760515
What is 39255755 plus 72773834?,112029589
What is 590 plus 583?,1173
What is 89428 plus 81718?,171146
What is 1681 plus 1069?,2750
What is 34150089 plus 28698755?,62848844
What is 23 plus 41?,64
What is 4456409606 plus 9065605318?,13522014924
What is 844146630 plus 548189572?,1392336202
What is 24460390 plus 34790162?,59250552
What is 331917604 plus 274153510?,606071114
What is 250870824 plus 230695304?,481566128
What is 75027 plus 13026?,88053
What is 715 plus 831?,1546
What is 8997 plus 5950?,14947
What is 5176655 plus 6149134?,11325789
What is 75 plus 51?,126
What is 8391 plus 8631?,17022
What is 941032725 plus 694258770?,1635291495
What is 75562564 plus 31890246?,107452810
What is 46 plus 27?,73
What is 91192952 plus 24954538?,116147490
What is 188923 plus 648999?,837922
What is 80 plus 14?,94
What is 542 plus 340?,882
What is 41 plus 82?,123
What is 3050123 plus 1696495?,4746618
What is 498757 plus 655552?,1154309
What is 669946 plus 561208?,1231154
What is 70450 plus 61746?,132196
What is 15 plus 49?,64
What is 27878 plus 59497?,87375
What is 64157630 plus 10190975?,74348605
What is 2830738 plus 6536907?,9367645
What is 87552585 plus 22733514?,110286099
What is 406 plus 875?,1281
What is 75567 plus 68349?,143916
What is 68572536 plus 51749465?,120322001
What is 2200 plus 4239?,6439
What is 10905632 plus 65040083?,75945715
What is 8941 plus 7760?,16701
What is 2020 plus 1566?,3586
What is 2165019787 plus 5649258855?,7814278642
What is 42198 plus 72328?,114526
What is 4940739 plus 1387726?,6328465
What is 265 plus 392?,657
What is 2955929622 plus 2881044850?,5836974472
What is 4563007 plus 6044645?,10607652
What is 497321808 plus 602860748?,1100182556
What is 96 plus 76?,172
What is 1552 plus 6189?,7741
What is 279319349 plus 938457456?,1217776805
What is 900 plus 751?,1651
What is 929768 plus 267036?,1196804
What is 8245523 plus 4499803?,12745326
What is 43242179 plus 49647976?,92890155
What is 7876 plus 9330?,17206
What is 57 plus 44?,101
What is 807 plus 505?,1312
What is 538 plus 554?,1092
What is 429466 plus 722876?,1152342
What is 20928306 plus 13562752?,34491058
What is 643 plus 770?,1413
What is 152 plus 908?,1060
What is 88163713 plus 58155655?,146319368
What is 20780866 plus 32852707?,53633573
What is 13516 plus 53258?,66774
What is 1550 plus 7115?,8665
What is 1263904 plus 5760860?,7024764
What is 10347 plus 52436?,62783
What is 5948 plus 7697?,13645
What is 8805098780 plus 6740979907?,15546078687
What is 7778758331 plus 4892642097?,12671400428
What is 5621992718 plus 9291812949?,14913805667
What is 508 plus 982?,1490
What is 392903146 plus 197719097?,590622243
What is 9832468 plus 4547690?,14380158
What is 7525 plus 5801?,13326
What is 386 plus 525?,911
What is 39 plus 99?,138
What is 3353707 plus 6205360?,9559067
What is 382 plus 516?,898
What is 75322339 plus 58003411?,133325750
What is 19623310 plus 60750181?,80373491
What is 1319922 plus 9920111?,11240033
What is 18 plus 42?,60
What is 777420139 plus 637228123?,1414648262
What is 343427 plus 385342?,728769
What is 3487 plus 9842?,13329
What is 69494519 plus 66510554?,136005073
What is 33 plus 82?,115
What is 113983 plus 941041?,1055024
What is 44 plus 33?,77
What is 1609518 plus 9438502?,11048020
What is 709894915 plus 216372193?,926267108
What is 698446 plus 601339?,1299785
What is 693 plus 285?,978
What is 2671513843 plus 1308480908?,3979994751
What is 382418194 plus 548235922?,930654116
What is 414 plus 160?,574
What is 444452 plus 185213?,629665
What is 743428088 plus 533462115?,1276890203
What is 91 plus 55?,146
What is 678370 plus 536729?,1215099
What is 7711046133 plus 6275735377?,13986781510
What is 6622151 plus 2305543?,8927694
What is 82 plus 99?,181
What is 9601675 plus 2497875?,12099550
What is 10181 plus 63683?,73864
What is 6341869987 plus 7599262127?,13941132114
What is 88 plus 47?,135
What is 442639978 plus 871138236?,1313778214
What is 59662 plus 43494?,103156
What is 962679289 plus 308526702?,1271205991
What is 635 plus 656?,1291
What is 72036 plus 69256?,141292
What is 325407 plus 738212?,1063619
What is 9066 plus 8718?,17784
What is 7894 plus 5675?,13569
What is 7332556 plus 5741369?,13073925
What is 1281 plus 8084?,9365
What is 7377 plus 6527?,13904
What is 706252515 plus 533901828?,1240154343
What is 6279789 plus 3583881?,9863670
What is 991 plus 328?,1319
What is 48415449 plus 67909803?,116325252
What is 5212 plus 3202?,8414
What is 86874 plus 92370?,179244
What is 27104 plus 79636?,106740
What is 99683 plus 57302?,156985
What is 7818619383 plus 9590905322?,17409524705
What is 94 plus 79?,173
What is 687 plus 539?,1226
What is 33876957 plus 45703977?,79580934
What is 56036 plus 83095?,139131
What is 7335845 plus 2651660?,9987505
What is 9786 plus 9480?,19266
What is 2369327 plus 9809620?,12178947
What is 548 plus 482?,1030
What is 4120 plus 7831?,11951
What is 12890819 plus 44923370?,57814189
What is 48 plus 66?,114
What is 478607635 plus 914633974?,1393241609
What is 87305193 plus 75372688?,162677881
What is 826475904 plus 447289868?,1273765772
What is 65 plus 23?,88
What is 8656 plus 9957?,18613
What is 31698943 plus 37008816?,68707759
What is 5824590953 plus 9373841470?,15198432423
What is 516 plus 679?,1195
What is 40803847 plus 25038058?,65841905
What is 98770 plus 42183?,140953
What is 516216 plus 193583?,709799
What is 4562 plus 3245?,7807
What is 720 plus 454?,1174
What is 9878 plus 5446?,15324
What is 21048 plus 42635?,63683
What is 34157107 plus 45895641?,80052748
What is 719 plus 451?,1170
What is 5872815437 plus 3818041182?,9690856619
What is 8477664917 plus 7056619930?,15534284847
What is 9533868 plus 7272301?,16806169
What is 96 plus 65?,161
What is 6903329 plus 4908611?,11811940
What is 5680385 plus 5666527?,11346912
What is 233242 plus 611801?,845043
What is 343952973 plus 680491426?,1024444399
What is 1191412 plus 2768531?,3959943
What is 62547 plus 13066?,75613
What is 51 plus 25?,76
What is 798187814 plus 894474447?,1692662261
What is 55309975 plus 82555926?,137865901
What is 2001 plus 7540?,9541
What is 178 plus 947?,1125
What is 434333053 plus 859097990?,1293431043
What is 659757 plus 763094?,1422851
What is 6797253 plus 4651490?,11448743
What is 6534004 plus 2668553?,9202557
What is 423 plus 593?,1016
What is 53267 plus 93435?,146702
What is 302077721 plus 898429620?,1200507341
What is 187 plus 702?,889
What is 15567 plus 16951?,32518
What is 87 plus 90?,177
What is 3382553444 plus 7030341417?,10412894861
What is 632 plus 191?,823
What is 88074 plus 91171?,179245
What is 4737 plus 5999?,10736
What is 70071 plus 70463?,140534
What is 63192 plus 79409?,142601
What is 7760 plus 6431?,14191
What is 922 plus 850?,1772
What is 533116578 plus 701533549?,1234650127
What is 136 plus 295?,431
What is 8159 plus 8484?,16643
What is 365009 plus 135910?,500919
What is 9040727033 plus 9430461038?,18471188071
What is 45 plus 42?,87
What is 89138368 plus 51988142?,141126510
What is 1222164 plus 5766792?,6988956
What is 9673557381 plus 2360967275?,12034524656
What is 818862 plus 718572?,1537434
What is 115323374 plus 210757677?,326081051
What is 274724 plus 471100?,745824
What is 836736420 plus 200824492?,1037560912
What is 747804 plus 609925?,1357729
What is 9471700 plus 7325155?,16796855
What is 25012 plus 14555?,39567
What is 71050478 plus 90990203?,162040681
What is 29 plus 78?,107
What is 598 plus 716?,1314
What is 8768177 plus 3927873?,12696050
What is 70295710 plus 85498211?,155793921
What is 162342504 plus 538415592?,700758096
What is 33 plus 74?,107
What is 7618046673 plus 2480344030?,10098390703
What is 907770 plus 723426?,1631196
What is 84190 plus 33083?,117273
What is 611204811 plus 194689448?,805894259
What is 1259711028 plus 8640676369?,9900387397
What is 17 plus 22?,39
What is 58 plus 93?,151
What is 37659541 plus 66239600?,103899141
What is 945 plus 988?,1933
What is 713019 plus 362793?,1075812
What is 995040 plus 955679?,1950719
What is 86 plus 88?,174
What is 95898 plus 44489?,140387
What is 56 plus 12?,68
What is 6274 plus 1549?,7823
What is 3773 plus 2528?,6301
What is 84 plus 17?,101
What is 667604879 plus 422990329?,1090595208
What is 4965 plus 4385?,9350
What is 818791 plus 911858?,1730649
What is 140 plus 252?,392
What is 7994397 plus 8676755?,16671152
What is 60585620 plus 85435217?,146020837
What is 92442 plus 95549?,187991
What is 283433 plus 132232?,415665
What is 838852 plus 325693?,1164545
What is 22 plus 17?,39
What is 46 plus 35?,81
What is 25 plus 49?,74
What is 6263199 plus 9040150?,15303349
What is 2031796 plus 7250063?,9281859
What is 84527455 plus 53211147?,137738602
What is 8170598644 plus 5719228912?,13889827556
What is 80 plus 98?,178
What is 84770 plus 59672?,144442
What is 93 plus 26?,119
What is 663366938 plus 350029704?,1013396642
What is 803637 plus 480707?,1284344
What is 8944950 plus 9280079?,18225029
What is 68 plus 72?,140
What is 2569 plus 8959?,11528
What is 31516875 plus 46293412?,77810287
What is 6685 plus 5024?,11709
What is 30052 plus 50960?,81012
What is 22577088 plus 96709951?,119287039
What is 69045 plus 10156?,79201
What is 8625449300 plus 6844478649?,15469927949
What is 33 plus 91?,124
What is 399372625 plus 829089556?,1228462181
What is 9593388336 plus 9137898528?,18731286864
What is 1571356078 plus 1094805855?,2666161933
What is 5717845 plus 4945475?,10663320
What is 14 plus 10?,24
What is 63 plus 65?,128
What is 791412 plus 266720?,1058132
What is 6411791 plus 2494832?,8906623
What is 1632669 plus 5482403?,7115072
What is 75 plus 49?,124
What is 3454 plus 7007?,10461
What is 20324587 plus 53260362?,73584949
What is 607350 plus 726510?,1333860
What is 825 plus 338?,1163
What is 26 plus 98?,124
What is 475210565 plus 974156976?,1449367541
What is 249426065 plus 312420643?,561846708
What is 844 plus 517?,1361
What is 9745 plus 4202?,13947
What is 150 plus 391?,541
What is 25959 plus 59506?,85465
What is 6865 plus 8203?,15068
What is 1307658589 plus 3588866192?,4896524781
What is 8474965085 plus 6020315944?,14495281029
What is 62563 plus 84781?,147344
What is 908464498 plus 461667722?,1370132220
What is 387 plus 761?,1148
What is 66691291 plus 62526816?,129218107
What is 1295 plus 9069?,10364
What is 643812 plus 848316?,1492128
What is 683 plus 343?,1026
What is 313 plus 613?,926
What is 2424534 plus 5845276?,8269810
What is 87166 plus 36740?,123906
What is 4823968830 plus 6641535257?,11465504087
What is 771146378 plus 633353150?,1404499528
What is 489001242 plus 783614923?,1272616165
What is 2633 plus 9321?,11954
What is 4335097 plus 9265735?,13600832
What is 275465263 plus 112276440?,387741703
What is 533 plus 872?,1405
What is 391670699 plus 664404842?,1056075541
What is 1785854 plus 1801631?,3587485
What is 71003512 plus 24325417?,95328929
What is 821622076 plus 107150474?,928772550
What is 498738283 plus 353389849?,852128132
What is 505669094 plus 472949384?,978618478
What is 947878687 plus 937994002?,1885872689
What is 1974 plus 3598?,5572
What is 8143455 plus 5007222?,13150677
What is 2615533289 plus 7582368913?,10197902202
What is 8767829 plus 1810017?,10577846
What is 9045076811 plus 4172251084?,13217327895
What is 71781 plus 57792?,129573
What is 997 plus 750?,1747
What is 289629 plus 332570?,622199
What is 7492539981 plus 1497297214?,8989837195
What is 758168 plus 909151?,1667319
What is 3028312 plus 1663718?,4692030
What is 842452 plus 783039?,1625491
What is 89 plus 41?,130
What is 79273 plus 16662?,95935
What is 9463729423 plus 8221894442?,17685623865
What is 832080 plus 685621?,1517701
What is 49 plus 60?,109
What is 615056 plus 875605?,1490661
What is 3174943308 plus 9940541162?,13115484470
What is 76 plus 40?,116
What is 59831751 plus 42261127?,102092878
What is 48405737 plus 70143499?,118549236
What is 386023384 plus 450700778?,836724162
What is 5933142697 plus 1142634147?,7075776844
What is 698931693 plus 746603716?,1445535409
What is 838834640 plus 302267843?,1141102483
What is 5867691 plus 4682782?,10550473
What is 808 plus 648?,1456
What is 7028954695 plus 6633461429?,13662416124
What is 1342988970 plus 6668663248?,8011652218
What is 734463400 plus 727586301?,1462049701
What is 64215 plus 45833?,110048
What is 3780 plus 9879?,13659
What is 4020158 plus 8434604?,12454762
What is 241177 plus 510133?,751310
What is 964 plus 157?,1121
What is 119191 plus 712701?,831892
What is 9773094445 plus 7271248723?,17044343168
What is 2758823064 plus 3193530465?,5952353529
What is 36 plus 65?,101
What is 923631453 plus 178057106?,1101688559
What is 9759189173 plus 3236270598?,12995459771
What is 3491575 plus 2054265?,5545840
What is 524399625 plus 337783991?,862183616
What is 73297 plus 12770?,86067
What is 644003 plus 443999?,1088002
What is 9168 plus 9796?,18964
What is 8453 plus 7979?,16432
What is 9813406260 plus 1040343946?,10853750206
What is 5031334 plus 9568811?,14600145
What is 5611170800 plus 7527150664?,13138321464
What is 16 plus 61?,77
What is 7479414624 plus 2671328510?,10150743134
What is 680 plus 657?,1337
What is 7171276043 plus 4462865052?,11634141095
What is 47693 plus 40214?,87907
What is 5707472 plus 9810534?,15518006
What is 83 plus 29?,112
What is 1250494 plus 6646691?,7897185
What is 207924922 plus 796123974?,1004048896
What is 135 plus 106?,241
What is 4575863756 plus 4531943773?,9107807529
What is 31 plus 96?,127
What is 481 plus 817?,1298
What is 465 plus 163?,628
What is 74132 plus 78599?,152731
What is 746 plus 353?,1099
What is 5672 plus 8544?,14216
What is 3059152 plus 9553564?,12612716
What is 521 plus 769?,1290
What is 2831 plus 5183?,8014
What is 438418 plus 898586?,1337004
What is 6970 plus 6248?,13218
What is 62268 plus 78233?,140501
What is 9863643 plus 8447924?,18311567
What is 95492 plus 12155?,107647
What is 78251248 plus 85405580?,163656828
What is 769 plus 921?,1690
What is 24 plus 31?,55
What is 83 plus 77?,160
What is 73302 plus 24015?,97317
What is 6352626181 plus 4616572345?,10969198526
What is 1167478406 plus 9084827197?,10252305603
What is 98423635 plus 98497711?,196921346
What is 639 plus 954?,1593
What is 8809684 plus 2360543?,11170227
What is 23279684 plus 14808443?,38088127
What is 381 plus 183?,564
What is 416668526 plus 450409163?,867077689
What is 8177869223 plus 4729155267?,12907024490
What is 3005922590 plus 5741411368?,8747333958
What is 436 plus 713?,1149
What is 6968890 plus 9726236?,16695126
What is 645953537 plus 799926983?,1445880520
What is 62617677 plus 89915228?,152532905
What is 46225630 plus 84403065?,130628695
What is 315998 plus 577092?,893090
What is 5540127 plus 8794125?,14334252
What is 9490641070 plus 2419643392?,11910284462
What is 909936534 plus 652112893?,1562049427
What is 82212 plus 94839?,177051
What is 53180 plus 66632?,119812
What is 27219367 plus 67801463?,95020830
What is 561 plus 620?,1181
What is 608630631 plus 273310429?,881941060
What is 49905446 plus 54117657?,104023103
What is 7992842 plus 8675315?,16668157
What is 24 plus 20?,44
What is 994217233 plus 359669586?,1353886819
What is 227 plus 257?,484
What is 3465899008 plus 2792689685?,6258588693
What is 9384047 plus 2620056?,12004103
What is 9868684 plus 2948682?,12817366
What is 849856581 plus 207321348?,1057177929
What is 34727592 plus 79539435?,114267027
What is 34171 plus 83026?,117197
What is 761 plus 141?,902
What is 24 plus 22?,46
What is 1945 plus 8435?,10380
What is 19212397 plus 18470573?,37682970
What is 23061149 plus 91482836?,114543985
What is 187615 plus 135558?,323173
What is 8705862 plus 2613426?,11319288
What is 807 plus 905?,1712
What is 970032 plus 629255?,1599287
What is 1886 plus 1052?,2938
What is 5663 plus 1922?,7585
What is 72 plus 82?,154
What is 468923 plus 112264?,581187
What is 8572 plus 7016?,15588
What is 2543 plus 3319?,5862
What is 886 plus 982?,1868
What is 68 plus 47?,115
What is 454318634 plus 772330367?,1226649001
What is 593 plus 244?,837
What is 2223289 plus 8028259?,10251548
What is 952974682 plus 253653554?,1206628236
What is 8389116695 plus 5554589561?,13943706256
What is 252450152 plus 570488187?,822938339
What is 710 plus 322?,1032
What is 9093715 plus 2277648?,11371363
What is 666246686 plus 140334259?,806580945
What is 4731152 plus 3076140?,7807292
What is 58 plus 11?,69
What is 11088 plus 89386?,100474
What is 68 plus 60?,128
What is 662667 plus 467715?,1130382
What is 9997266505 plus 8036947901?,18034214406
What is 664 plus 315?,979
What is 9050 plus 5482?,14532
What is 71 plus 26?,97
What is 19381057 plus 16848481?,36229538
What is 68 plus 70?,138
What is 1520352794 plus 5747941672?,7268294466
What is 67760 plus 88714?,156474
What is 4040 plus 6141?,10181
What is 912189 plus 874925?,1787114
What is 30367053 plus 55556289?,85923342
What is 238246620 plus 163589888?,401836508
What is 91487 plus 25413?,116900
What is 4834065250 plus 6082049967?,10916115217
What is 4471 plus 8600?,13071
What is 313 plus 828?,1141
What is 5346289 plus 7171937?,12518226
What is 77493 plus 82198?,159691
What is 49092613 plus 55400358?,104492971
What is 5045329959 plus 9080671357?,14126001316
What is 4490482340 plus 8361489489?,12851971829
What is 291588 plus 251854?,543442
What is 1912116 plus 4280736?,6192852
What is 3142846 plus 6323156?,9466002
What is 1163 plus 4386?,5549
What is 6470265747 plus 7631016883?,14101282630
What is 731 plus 992?,1723
What is 779 plus 656?,1435
What is 4813752937 plus 3901657164?,8715410101
What is 48855093 plus 12616985?,61472078
What is 46 plus 67?,113
What is 807822 plus 975939?,1783761
What is 9771 plus 7859?,17630
What is 3199 plus 1423?,4622
What is 44877741 plus 99020035?,143897776
What is 80060 plus 88912?,168972
What is 7591334827 plus 1319356169?,8910690996
What is 36872720 plus 22369757?,59242477
What is 8785938 plus 2080305?,10866243
What is 688119175 plus 643675454?,1331794629
What is 779 plus 524?,1303
What is 928 plus 384?,1312
What is 2236027 plus 9277283?,11513310
What is 530 plus 976?,1506
What is 908406 plus 254887?,1163293
What is 52232 plus 41841?,94073
What is 202592585 plus 360324471?,562917056
What is 546244 plus 163600?,709844
What is 82665507 plus 66320346?,148985853
What is 59 plus 49?,108
What is 71808 plus 80751?,152559
What is 82470525 plus 87677858?,170148383
What is 9431 plus 7923?,17354
What is 47 plus 37?,84
What is 60 plus 24?,84
What is 42 plus 45?,87
What is 4838773692 plus 8945563294?,13784336986
What is 34342038 plus 44509539?,78851577
What is 1403 plus 1110?,2513
What is 9976 plus 3065?,13041
What is 6000291165 plus 9062794932?,15063086097
What is 70064 plus 27125?,97189
What is 36 plus 40?,76
What is 198779455 plus 800780504?,999559959
What is 35889 plus 28056?,63945
What is 96924 plus 83606?,180530
What is 4430073 plus 8241018?,12671091
What is 7780239 plus 2348019?,10128258
What is 32 plus 98?,130
What is 715786241 plus 596685410?,1312471651
What is 8480160658 plus 5772984490?,14253145148
What is 6202 plus 2985?,9187
What is 272631800 plus 559685552?,832317352
What is 647337 plus 702529?,1349866
What is 4568186 plus 4829689?,9397875
What is 7217 plus 8382?,15599
What is 2282531178 plus 4871925321?,7154456499
What is 1720662 plus 5918120?,7638782
What is 462591 plus 508725?,971316
What is 854455 plus 498958?,1353413
What is 48 plus 37?,85
What is 704021 plus 404333?,1108354
What is 9533023 plus 1153451?,10686474
What is 907972 plus 144440?,1052412
What is 500310 plus 992877?,1493187
What is 3025464012 plus 3730090010?,6755554022
What is 25 plus 24?,49
What is 355105 plus 186059?,541164
What is 95828 plus 66358?,162186
What is 274607 plus 650728?,925335
What is 5598147 plus 8751373?,14349520
What is 748 plus 199?,947
What is 702 plus 704?,1406
What is 18093317 plus 35142328?,53235645
What is 24215 plus 53903?,78118
What is 78 plus 17?,95
What is 7271990 plus 3497116?,10769106
What is 95 plus 17?,112
What is 143732 plus 499463?,643195
What is 1996729 plus 2595169?,4591898
What is 153 plus 201?,354
What is 15668657 plus 41018481?,56687138
What is 90761589 plus 33750547?,124512136
What is 9422042409 plus 5832796718?,15254839127
What is 797616517 plus 792477769?,1590094286
What is 65 plus 13?,78
What is 634836 plus 744669?,1379505
What is 8697915 plus 8111255?,16809170
What is 8235358871 plus 1745587623?,9980946494
What is 1257 plus 3328?,4585
What is 11 plus 78?,89
What is 22471245 plus 87947228?,110418473
What is 45 plus 10?,55
What is 2154082 plus 8158414?,10312496
What is 54629 plus 22829?,77458
What is 484567058 plus 983704959?,1468272017
What is 74 plus 70?,144
What is 7632418 plus 2733801?,10366219
What is 41189551 plus 64162373?,105351924
What is 93 plus 60?,153
What is 261355924 plus 426172623?,687528547
What is 760 plus 650?,1410
What is 857143514 plus 403552677?,1260696191
What is 4460 plus 8458?,12918
What is 9087 plus 6735?,15822
What is 7645604 plus 7654461?,15300065
What is 94 plus 83?,177
What is 294487874 plus 434398300?,728886174
What is 56474 plus 49585?,106059
What is 4105789 plus 8412649?,12518438
What is 77668 plus 65329?,142997
What is 12049858 plus 49493300?,61543158
What is 78068455 plus 49266167?,127334622
What is 593541 plus 465290?,1058831
What is 533788374 plus 773599765?,1307388139
What is 69730 plus 95751?,165481
What is 119862 plus 862921?,982783
What is 1480 plus 2322?,3802
What is 29709 plus 10953?,40662
What is 5119135 plus 5829932?,10949067
What is 850107 plus 192235?,1042342
What is 4324 plus 4108?,8432
What is 8817 plus 8684?,17501
What is 9690261 plus 3511780?,13202041
What is 62 plus 96?,158
What is 29129757 plus 21485708?,50615465
What is 107947719 plus 533356526?,641304245
What is 9005 plus 2645?,11650
What is 39 plus 31?,70
What is 674304 plus 224056?,898360
What is 3679 plus 9726?,13405
What is 437217 plus 596328?,1033545
What is 194 plus 860?,1054
What is 375553 plus 633378?,1008931
What is 7565876 plus 5186058?,12751934
What is 7274611 plus 5662465?,12937076
What is 203661 plus 720430?,924091
What is 113 plus 187?,300
What is 4857 plus 8590?,13447
What is 91 plus 53?,144
What is 2922317323 plus 5125749341?,8048066664
What is 482107051 plus 925902508?,1408009559
What is 94048 plus 94690?,188738
What is 433015 plus 704285?,1137300
What is 93 plus 65?,158
What is 198581998 plus 579200403?,777782401
What is 59567 plus 27902?,87469
What is 504003 plus 909805?,1413808
What is 350 plus 372?,722
What is 397 plus 332?,729
What is 830294 plus 280988?,1111282
What is 51124709 plus 68010992?,119135701
What is 66079 plus 58530?,124609
What is 288551 plus 875991?,1164542
What is 2931 plus 9012?,11943
What is 200336150 plus 959449412?,1159785562
What is 78 plus 10?,88
What is 17 plus 68?,85
What is 5675585906 plus 5826113690?,11501699596
What is 1565 plus 8060?,9625
What is 33170 plus 56808?,89978
What is 548697 plus 809737?,1358434
What is 475 plus 806?,1281
What is 79496 plus 33787?,113283
What is 759 plus 753?,1512
What is 2458412 plus 1687181?,4145593
What is 374232694 plus 967928261?,1342160955
What is 7207302367 plus 4868197101?,12075499468
What is 72145893 plus 86287212?,158433105
What is 79953 plus 51835?,131788
What is 572132 plus 417747?,989879
What is 5727 plus 8360?,14087
What is 480190948 plus 398919428?,879110376
What is 153 plus 169?,322
What is 4438378978 plus 6468785294?,10907164272
What is 69665263 plus 56712001?,126377264
What is 29712 plus 44297?,74009
What is 9315 plus 1702?,11017
What is 241159134 plus 110977751?,352136885
What is 8037777319 plus 3425411689?,11463189008
What is 8950688 plus 8370715?,17321403
What is 6545960161 plus 9434248577?,15980208738
What is 56730 plus 76843?,133573
What is 6364 plus 4796?,11160
What is 139 plus 286?,425
What is 63690 plus 79454?,143144
What is 90 plus 51?,141
What is 289 plus 384?,673
What is 27 plus 99?,126
What is 88 plus 86?,174
What is 2699611 plus 8391001?,11090612
What is 751961 plus 388649?,1140610
What is 6788879 plus 7005136?,13794015
What is 48 plus 11?,59
What is 22561091 plus 27366478?,49927569
What is 950435296 plus 516644249?,1467079545
What is 150842277 plus 799634453?,950476730
What is 42 plus 45?,87
What is 629 plus 903?,1532
What is 8436394 plus 5599347?,14035741
What is 278278 plus 457779?,736057
What is 472718832 plus 827422522?,1300141354
What is 42340 plus 15189?,57529
What is 3518293 plus 5916605?,9434898
What is 154582 plus 559881?,714463
What is 16970348 plus 97844469?,114814817
What is 222457617 plus 644122163?,866579780
What is 6554265 plus 4221781?,10776046
What is 77826 plus 74089?,151915
What is 461071 plus 989055?,1450126
What is 500 plus 535?,1035
What is 59789 plus 59122?,118911
What is 60256 plus 14562?,74818
What is 2667 plus 3974?,6641
What is 264456849 plus 126680431?,391137280
What is 11 plus 30?,41
What is 54228751 plus 90453157?,144681908
What is 47903 plus 51074?,98977
What is 71135925 plus 97620804?,168756729
What is 8950392 plus 2483241?,11433633
What is 10 plus 56?,66
What is 4220393 plus 4674335?,8894728
What is 6787485 plus 1007147?,7794632
What is 17 plus 76?,93
What is 3582227400 plus 4762349091?,8344576491
What is 25346 plus 89917?,115263
What is 584411180 plus 490075297?,1074486477
What is 30 plus 37?,67
What is 359693 plus 151074?,510767
What is 17105364 plus 11413238?,28518602
What is 446 plus 931?,1377
What is 41550747 plus 43318056?,84868803
What is 2515 plus 3176?,5691
What is 1847104 plus 8824923?,10672027
What is 217 plus 598?,815
What is 16 plus 28?,44
What is 761498706 plus 940305425?,1701804131
What is 8950 plus 2079?,11029
What is 37231 plus 14422?,51653
What is 6789 plus 9745?,16534
What is 964569763 plus 496843753?,1461413516
What is 8808 plus 3874?,12682
What is 665 plus 116?,781
What is 715 plus 978?,1693
What is 897689 plus 188111?,1085800
What is 90 plus 84?,174
What is 15427 plus 84256?,99683
What is 1831854161 plus 2154197440?,3986051601
What is 936 plus 576?,1512
What is 6180419 plus 9749773?,15930192
What is 960 plus 570?,1530
What is 1170 plus 5456?,6626
What is 339354413 plus 158464484?,497818897
What is 75412563 plus 56635396?,132047959
What is 597634 plus 946696?,1544330
What is 903440 plus 442712?,1346152
What is 808 plus 179?,987
What is 92849 plus 11885?,104734
What is 56675206 plus 21430495?,78105701
What is 357014 plus 282898?,639912
What is 24 plus 55?,79
What is 41101803 plus 63655491?,104757294
What is 103196 plus 753147?,856343
What is 8698319 plus 9741172?,18439491
What is 17894 plus 90523?,108417
What is 15093 plus 41846?,56939
What is 3228784455 plus 3296550216?,6525334671
What is 512904454 plus 100519283?,613423737
What is 529262167 plus 564267352?,1093529519
What is 7015109 plus 5207564?,12222673
What is 90 plus 83?,173
What is 56650843 plus 40514544?,97165387
What is 7753183437 plus 6690877424?,14444060861
What is 671564 plus 553684?,1225248
What is 94 plus 48?,142
What is 90 plus 41?,131
What is 998200 plus 437558?,1435758
What is 48422 plus 83429?,131851
What is 955 plus 957?,1912
What is 4778849 plus 6513501?,11292350
What is 57555460 plus 25715816?,83271276
What is 816638 plus 730690?,1547328
What is 15 plus 58?,73
What is 45102810 plus 10358291?,55461101
What is 44375753 plus 15010113?,59385866
What is 2867703919 plus 2919939023?,5787642942
What is 250 plus 241?,491
What is 57668 plus 51228?,108896
What is 21179997 plus 54144910?,75324907
What is 206422 plus 247537?,453959
What is 41216 plus 84893?,126109
What is 8939 plus 9206?,18145
What is 966763 plus 907869?,1874632
What is 58 plus 25?,83
What is 761303845 plus 951294231?,1712598076
What is 2358 plus 3354?,5712
What is 7490 plus 6550?,14040
What is 831 plus 939?,1770
What is 776 plus 907?,1683
What is 38 plus 93?,131
What is 2160257 plus 4238529?,6398786
What is 6977135 plus 5068961?,12046096
What is 470177097 plus 997607271?,1467784368
What is 86 plus 29?,115
What is 972919261 plus 978987425?,1951906686
What is 3303973 plus 7441970?,10745943
What is 8550266432 plus 5421910623?,13972177055
What is 39669892 plus 50961888?,90631780
What is 427285111 plus 482248544?,909533655
What is 2035951265 plus 6931257123?,8967208388
What is 94 plus 76?,170
What is 45157 plus 91665?,136822
What is 50715898 plus 57812900?,108528798
What is 6833662566 plus 6202206841?,13035869407
What is 702 plus 180?,882
What is 53404 plus 40548?,93952
What is 738968207 plus 949431298?,1688399505
What is 12199 plus 68351?,80550
What is 645613 plus 128812?,774425
What is 713572562 plus 601515729?,1315088291
What is 403971175 plus 651373737?,1055344912
What is 50927251 plus 22123280?,73050531
What is 400 plus 313?,713
What is 53 plus 18?,71
What is 457089532 plus 837064574?,1294154106
What is 3976 plus 2462?,6438
What is 6156768 plus 1024510?,7181278
What is 3702 plus 5637?,9339
What is 4830046849 plus 9182173942?,14012220791
What is 88165612 plus 50628184?,138793796
What is 4203 plus 8380?,12583
What is 9032499 plus 1876903?,10909402
What is 637294578 plus 180903038?,818197616
What is 70 plus 16?,86
What is 2878 plus 7938?,10816
What is 536 plus 220?,756
What is 529 plus 373?,902
What is 19156829 plus 63043021?,82199850
What is 611410672 plus 536077742?,1147488414
What is 7827 plus 3284?,11111
What is 4385815 plus 8147500?,12533315
What is 7125469 plus 3616445?,10741914
What is 729020632 plus 555105303?,1284125935
What is 48640 plus 49834?,98474
What is 724332 plus 211731?,936063
What is 76 plus 51?,127
What is 6721955093 plus 6134051867?,12856006960
What is 2553107 plus 4534371?,7087478
What is 434096 plus 143952?,578048
What is 33219165 plus 34847282?,68066447
What is 934335656 plus 770613552?,1704949208
What is 12057226 plus 63152981?,75210207
What is 7489651913 plus 8590519354?,16080171267
What is 886856 plus 292243?,1179099
What is 5490 plus 6622?,12112
What is 5900872 plus 3870390?,9771262
What is 763284 plus 844423?,1607707
What is 160689157 plus 674015066?,834704223
What is 3747194603 plus 6925570925?,10672765528
What is 45789 plus 85311?,131100
What is 194 plus 628?,822
What is 1214645 plus 9814513?,11029158
What is 9521 plus 3663?,13184
What is 8740802 plus 3214629?,11955431
What is 292 plus 907?,1199
What is 895714 plus 559350?,1455064
What is 1153110 plus 7559084?,8712194
What is 62797 plus 31578?,94375
What is 1960914865 plus 9444855897?,11405770762
What is 561 plus 886?,1447
What is 31403540 plus 67949016?,99352556
What is 3635 plus 4641?,8276
What is 779 plus 277?,1056
What is 97 plus 26?,123
What is 91365779 plus 65759058?,157124837
What is 49 plus 60?,109
What is 907680951 plus 200182486?,1107863437
What is 3512199516 plus 2333813590?,5846013106
What is 820 plus 489?,1309
What is 717304 plus 892094?,1609398
What is 1903569 plus 2735789?,4639358
What is 50 plus 87?,137
What is 648 plus 685?,1333
What is 5278 plus 5500?,10778
What is 56650736 plus 47972365?,104623101
What is 38140478 plus 58429122?,96569600
What is 4191125499 plus 7161131957?,11352257456
What is 180 plus 640?,820
What is 68 plus 51?,119
What is 45 plus 33?,78
What is 4527295 plus 7381423?,11908718
What is 67866369 plus 68642176?,136508545
What is 257 plus 519?,776
What is 60905 plus 39332?,100237
What is 1648346 plus 8829684?,10478030
What is 270529 plus 635204?,905733
What is 730130 plus 887511?,1617641
What is 1585091401 plus 4927817226?,6512908627
What is 33289 plus 83625?,116914
What is 54863 plus 95176?,150039
What is 8446 plus 6937?,15383
What is 62088 plus 93756?,155844
What is 8011 plus 8379?,16390
What is 200564 plus 223102?,423666
What is 388 plus 372?,760
What is 40 plus 89?,129
What is 219242 plus 983158?,1202400
What is 7883 plus 3354?,11237
What is 280603659 plus 864125928?,1144729587
What is 612 plus 220?,832
What is 3638760880 plus 5895353823?,9534114703
What is 832004 plus 271623?,1103627
What is 3157223 plus 1420705?,4577928
What is 2859199 plus 8379758?,11238957
What is 265 plus 873?,1138
What is 49922 plus 25150?,75072
What is 160858253 plus 372759963?,533618216
What is 5427 plus 2969?,8396
What is 432161828 plus 874438696?,1306600524
What is 315785006 plus 598694239?,914479245
What is 2644 plus 3622?,6266
What is 499 plus 260?,759
What is 6530 plus 3773?,10303
What is 83194 plus 70364?,153558
What is 698 plus 726?,1424
What is 34531150 plus 20885650?,55416800
What is 502 plus 838?,1340
What is 35 plus 32?,67
What is 42 plus 44?,86
What is 4213591 plus 6472400?,10685991
What is 29428 plus 66748?,96176
What is 855954 plus 238136?,1094090
What is 950 plus 581?,1531
What is 38352343 plus 11129123?,49481466
What is 833578538 plus 951877160?,1785455698
What is 6891 plus 8006?,14897
What is 900641 plus 153188?,1053829
What is 9525 plus 2490?,12015
What is 81075 plus 39900?,120975
What is 29171 plus 31275?,60446
What is 461516 plus 253298?,714814
What is 2209 plus 9947?,12156
What is 93766393 plus 70345383?,164111776
What is 242012979 plus 224626579?,466639558
What is 6806064306 plus 6603760658?,13409824964
What is 639295158 plus 534879313?,1174174471
What is 82420 plus 73796?,156216
What is 5588 plus 5436?,11024
What is 87 plus 45?,132
What is 6501711 plus 9156815?,15658526
What is 286 plus 752?,1038
What is 575 plus 190?,765
What is 97 plus 44?,141
What is 6988334 plus 9751674?,16740008
What is 87971 plus 25386?,113357
What is 227729 plus 434961?,662690
What is 948555377 plus 104348357?,1052903734
What is 370 plus 508?,878
What is 3120494625 plus 9219134303?,12339628928
What is 21564 plus 57383?,78947
What is 4097602315 plus 2897994990?,6995597305
What is 553 plus 886?,1439
What is 9122267467 plus 7783591788?,16905859255
What is 40857 plus 29673?,70530
What is 58 plus 85?,143
What is 35 plus 46?,81
What is 8080335 plus 4855660?,12935995
What is 58 plus 81?,139
What is 8844 plus 7946?,16790
What is 250221 plus 963187?,1213408
What is 6519086 plus 4493062?,11012148
What is 66538 plus 47386?,113924
What is 24 plus 64?,88
What is 587 plus 593?,1180
What is 562638 plus 902410?,1465048
What is 1977665 plus 9477045?,11454710
What is 323829162 plus 161443973?,485273135
What is 99 plus 55?,154
What is 93850148 plus 21387784?,115237932
What is 30366605 plus 94907707?,125274312
What is 9750 plus 8422?,18172
What is 28641 plus 34210?,62851
What is 52531 plus 42876?,95407
What is 23347 plus 66387?,89734
What is 72182155 plus 24808260?,96990415
What is 2407563 plus 8063505?,10471068
What is 93608 plus 79788?,173396
What is 80 plus 91?,171
What is 56989302 plus 80802076?,137791378
What is 760325 plus 791016?,1551341
What is 909217393 plus 539086946?,1448304339
What is 470069 plus 719209?,1189278
What is 19 plus 84?,103
What is 4268127 plus 6267692?,10535819
What is 6371121 plus 2145986?,8517107
What is 42 plus 93?,135
What is 2615 plus 5010?,7625
What is 7505 plus 6054?,13559
What is 1308684 plus 5628447?,6937131
What is 60941246 plus 57098787?,118040033
What is 47507630 plus 54801296?,102308926
What is 98126992 plus 67738658?,165865650
What is 85 plus 15?,100
What is 956 plus 179?,1135
What is 3704427640 plus 8054377666?,11758805306
What is 377 plus 237?,614
What is 79647 plus 88113?,167760
What is 3385886 plus 2889725?,6275611
What is 174154 plus 987312?,1161466
What is 88994012 plus 73753219?,162747231
What is 5837032948 plus 8287458169?,14124491117
What is 4728036 plus 7349739?,12077775
What is 6366 plus 8559?,14925
What is 20569889 plus 93053345?,113623234
What is 17213 plus 97405?,114618
What is 679170 plus 961460?,1640630
What is 61333 plus 52049?,113382
What is 5128 plus 8418?,13546
What is 2041756849 plus 9674691458?,11716448307
What is 141 plus 793?,934
What is 4637046655 plus 8667803026?,13304849681
What is 140110720 plus 892987913?,1033098633
What is 60228 plus 98877?,159105
What is 59477 plus 37073?,96550
What is 1744 plus 2071?,3815
What is 538983 plus 812736?,1351719
What is 626566 plus 580566?,1207132
What is 85632 plus 66150?,151782
What is 953573016 plus 146712379?,1100285395
What is 318818073 plus 525682872?,844500945
What is 69 plus 71?,140
What is 71 plus 91?,162
What is 850041 plus 683565?,1533606
What is 2443 plus 3111?,5554
What is 5781 plus 2886?,8667
What is 5667 plus 5407?,11074
What is 70139 plus 43871?,114010
What is 4179053 plus 1939465?,6118518
What is 4822748 plus 5182738?,10005486
What is 6680576468 plus 2813813257?,9494389725
What is 702 plus 472?,1174
What is 957421 plus 819786?,1777207
What is 5390933 plus 5910919?,11301852
What is 15932 plus 31090?,47022
What is 5143132609 plus 6575465787?,11718598396
What is 6716476 plus 7169356?,13885832
What is 521517 plus 149616?,671133
What is 7880987697 plus 2831738395?,10712726092
What is 8989125 plus 6897981?,15887106
What is 589 plus 132?,721
What is 2482 plus 3329?,5811
What is 98085 plus 15697?,113782
What is 17034 plus 51526?,68560
What is 472120 plus 457541?,929661
What is 18425 plus 37496?,55921
What is 2063498 plus 1689200?,3752698
What is 8342085 plus 1334409?,9676494
What is 206797010 plus 238883613?,445680623
What is 66189 plus 40729?,106918
What is 618691 plus 973992?,1592683
What is 853066 plus 187133?,1040199
What is 58 plus 45?,103
What is 36 plus 59?,95
What is 870818848 plus 940599384?,1811418232
What is 8427 plus 6856?,15283
What is 65224 plus 29102?,94326
What is 69570 plus 51712?,121282
What is 46956 plus 75856?,122812
What is 1325573129 plus 7697693225?,9023266354
What is 955184901 plus 932808020?,1887992921
What is 7016840847 plus 6461992259?,13478833106
What is 93 plus 26?,119
What is 66 plus 71?,137
What is 4141528 plus 7016652?,11158180
What is 31 plus 67?,98
What is 981772701 plus 575595168?,1557367869
What is 262712 plus 338372?,601084
What is 28 plus 62?,90
What is 9355 plus 9941?,19296
What is 5094606081 plus 9895014063?,14989620144
What is 84059649 plus 81628623?,165688272
What is 528938444 plus 468656385?,997594829
What is 46920 plus 79605?,126525
What is 9086973 plus 6035683?,15122656
What is 25885169 plus 65287908?,91173077
What is 166969 plus 482996?,649965
What is 82885342 plus 55437983?,138323325
What is 573 plus 945?,1518
What is 297 plus 561?,858
What is 444 plus 319?,763
What is 83 plus 20?,103
What is 6226 plus 5448?,11674
What is 167 plus 406?,573
What is 67593 plus 36054?,103647
What is 906899 plus 117596?,1024495
What is 2021722 plus 6053659?,8075381
What is 98 plus 35?,133
What is 814590170 plus 808808935?,1623399105
What is 4684524768 plus 2888423645?,7572948413
What is 9079 plus 1752?,10831
What is 613141 plus 172912?,786053
What is 500646 plus 436969?,937615
What is 705311640 plus 961176820?,1666488460
What is 584958699 plus 137385384?,722344083
What is 28973 plus 45327?,74300
What is 87 plus 31?,118
What is 792188 plus 765511?,1557699
What is 934 plus 620?,1554
What is 40 plus 42?,82
What is 98862 plus 28821?,127683
What is 606 plus 656?,1262
What is 4293831 plus 5851598?,10145429
What is 580994 plus 930365?,1511359
What is 6356 plus 9036?,15392
What is 3889506 plus 6717681?,10607187
What is 572 plus 637?,1209
What is 164623962 plus 625877172?,790501134
What is 3952617 plus 2464690?,6417307
What is 136 plus 495?,631
What is 354591558 plus 581421739?,936013297
What is 608 plus 227?,835
What is 969676858 plus 147380040?,1117056898
What is 84 plus 45?,129
What is 455480 plus 512398?,967878
What is 85142247 plus 51694918?,136837165
What is 4416172 plus 9734817?,14150989
What is 820605 plus 504582?,1325187
What is 46479 plus 31632?,78111
What is 460230 plus 395678?,855908
What is 272434 plus 571139?,843573
What is 7589 plus 7533?,15122
What is 1060 plus 5429?,6489
What is 33 plus 55?,88
What is 119 plus 563?,682
What is 45 plus 60?,105
What is 76 plus 11?,87
What is 91 plus 41?,132
What is 8204 plus 3284?,11488
What is 69353 plus 96272?,165625
What is 75693 plus 84260?,159953
What is 55284815 plus 11146558?,66431373
What is 2521 plus 5931?,8452
What is 26768 plus 53337?,80105
What is 98288 plus 27213?,125501
What is 535580 plus 444104?,979684
What is 410 plus 384?,794
What is 107 plus 674?,781
What is 34968829 plus 62697808?,97666637
What is 8751 plus 6400?,15151
What is 59505 plus 89758?,149263
What is 20999184 plus 60578937?,81578121
What is 52220 plus 42533?,94753
What is 3405570992 plus 5583583401?,8989154393
What is 316 plus 370?,686
What is 809718717 plus 570682042?,1380400759
What is 50553293 plus 42396924?,92950217
What is 91922 plus 79831?,171753
What is 6487 plus 4505?,10992
What is 2680359 plus 9971847?,12652206
What is 8407 plus 3613?,12020
What is 68130885 plus 46411134?,114542019
What is 6497864714 plus 7936233673?,14434098387
What is 938 plus 896?,1834
What is 492729132 plus 187910699?,680639831
What is 960583 plus 676683?,1637266
What is 462983128 plus 626958074?,1089941202
What is 6224405539 plus 2675664964?,8900070503
What is 16346380 plus 79300851?,95647231
What is 3926039 plus 6040433?,9966472
What is 85502238 plus 36229301?,121731539
What is 697825372 plus 656553201?,1354378573
What is 52116726 plus 48088140?,100204866
What is 3412139 plus 2039686?,5451825
What is 885 plus 856?,1741
What is 544026196 plus 653356862?,1197383058
What is 11878 plus 76012?,87890
What is 71834382 plus 87978567?,159812949
What is 4259107519 plus 1565631535?,5824739054
What is 41432372 plus 44297170?,85729542
What is 15185120 plus 23286873?,38471993
What is 6121 plus 3354?,9475
What is 775316 plus 869942?,1645258
What is 76952941 plus 36102655?,113055596
What is 10170486 plus 50426434?,60596920
What is 334 plus 356?,690
What is 3154488041 plus 1834619755?,4989107796
What is 79623836 plus 51333205?,130957041
What is 828438692 plus 439702472?,1268141164
What is 47708970 plus 30173065?,77882035
What is 5605735 plus 6105103?,11710838
What is 90 plus 44?,134
What is 81388 plus 55003?,136391
What is 231 plus 777?,1008
What is 7856 plus 1880?,9736
What is 1713 plus 6625?,8338
What is 9591099887 plus 8917381340?,18508481227
What is 580460 plus 466400?,1046860
What is 35378 plus 48758?,84136
What is 191 plus 740?,931
What is 1450 plus 5246?,6696
What is 57193 plus 65305?,122498
What is 2790 plus 2435?,5225
What is 589327914 plus 613156435?,1202484349
What is 72722938 plus 24878486?,97601424
What is 58 plus 66?,124
What is 525404 plus 244732?,770136
What is 162892 plus 410860?,573752
What is 65360826 plus 32774323?,98135149
What is 5983 plus 4744?,10727
What is 2412323 plus 3061919?,5474242
What is 64713375 plus 73525351?,138238726
What is 16792 plus 42429?,59221
What is 8222846 plus 4460845?,12683691
What is 826178 plus 266089?,1092267
What is 1411618120 plus 1481006419?,2892624539
What is 9381800 plus 1901914?,11283714
What is 9282 plus 5106?,14388
What is 8803381 plus 2261786?,11065167
What is 400154176 plus 887882167?,1288036343
What is 68 plus 52?,120
What is 5812718 plus 8127395?,13940113
What is 514375984 plus 767845932?,1282221916
What is 56390 plus 33108?,89498
What is 4437176687 plus 9045561592?,13482738279
What is 397 plus 905?,1302
What is 268314 plus 286525?,554839
What is 93 plus 96?,189
What is 88550 plus 82824?,171374
What is 557787642 plus 936894686?,1494682328
What is 62461 plus 41165?,103626
What is 59 plus 84?,143
What is 9397266 plus 3159414?,12556680
What is 5662 plus 5875?,11537
What is 208 plus 855?,1063
What is 80353948 plus 74501397?,154855345
What is 937938 plus 799221?,1737159
What is 829800 plus 339115?,1168915
What is 6784019647 plus 2340255044?,9124274691
What is 6201759 plus 1788677?,7990436
What is 67 plus 62?,129
What is 2879591 plus 4172132?,7051723
What is 682037 plus 106713?,788750
What is 2818844093 plus 9639351489?,12458195582
What is 2383716589 plus 2424430374?,4808146963
What is 5544 plus 7265?,12809
What is 38105076 plus 24450653?,62555729
What is 3519 plus 6401?,9920
What is 66981226 plus 16131073?,83112299
What is 6850453 plus 4766791?,11617244
What is 9113 plus 8142?,17255
What is 202752357 plus 149442383?,352194740
What is 8667754580 plus 9920045348?,18587799928
What is 921 plus 918?,1839
What is 971 plus 965?,1936
What is 93 plus 60?,153
What is 9006860491 plus 6885976513?,15892837004
What is 76 plus 45?,121
What is 5971779428 plus 8474858374?,14446637802
What is 4074399814 plus 9797180509?,13871580323
What is 46439025 plus 94427983?,140867008
What is 8453436096 plus 4181250665?,12634686761
What is 487134529 plus 252891064?,740025593
What is 892444312 plus 185279545?,1077723857
What is 128787729 plus 491793113?,620580842
What is 1884635130 plus 7061079320?,8945714450
What is 96 plus 26?,122
What is 22388356 plus 44696712?,67085068
What is 11321 plus 46512?,57833
What is 3515297674 plus 6227832665?,9743130339
What is 265 plus 590?,855
What is 8850275678 plus 4699954978?,13550230656
What is 677138078 plus 758371184?,1435509262
What is 7421019 plus 1761102?,9182121
What is 85490 plus 87347?,172837
What is 995 plus 984?,1979
What is 179086420 plus 530754336?,709840756
What is 933486328 plus 407163312?,1340649640
What is 817065959 plus 147814354?,964880313
What is 77 plus 64?,141
What is 9271818 plus 8199982?,17471800
What is 30692419 plus 85153416?,115845835
What is 41329 plus 24894?,66223
What is 469737 plus 877394?,1347131
What is 434 plus 764?,1198
What is 16158303 plus 99150497?,115308800
What is 24 plus 27?,51
What is 526666762 plus 654603235?,1181269997
What is 590448 plus 622733?,1213181
What is 990 plus 819?,1809
What is 6018248340 plus 9454135959?,15472384299
What is 10532 plus 60317?,70849
What is 10620 plus 17881?,28501
What is 7719 plus 6806?,14525
What is 36 plus 68?,104
What is 155245 plus 757502?,912747
What is 9408730 plus 5056908?,14465638
What is 574 plus 166?,740
What is 65934729 plus 68445456?,134380185
What is 393060 plus 860176?,1253236
What is 3533989392 plus 2184545264?,5718534656
What is 2183 plus 9132?,11315
What is 836 plus 709?,1545
What is 4424641 plus 3977816?,8402457
What is 5847544 plus 4968564?,10816108
What is 443852 plus 852041?,1295893
What is 44752 plus 43342?,88094
What is 6133965762 plus 7499354632?,13633320394
What is 50 plus 80?,130
What is 34 plus 69?,103
What is 59757 plus 80075?,139832
What is 307295 plus 917215?,1224510
What is 936065 plus 124646?,1060711
What is 748692409 plus 484000956?,1232693365
What is 1384810 plus 2055938?,3440748
What is 7873047168 plus 6498383626?,14371430794
What is 7330294 plus 1155333?,8485627
What is 159 plus 597?,756
What is 193644135 plus 946554950?,1140199085
What is 27 plus 29?,56
What is 692763800 plus 507441247?,1200205047
What is 9526123 plus 4748390?,14274513
What is 985503706 plus 482928136?,1468431842
What is 783071882 plus 187320203?,970392085
What is 3067153 plus 2629774?,5696927
What is 214 plus 567?,781
What is 55 plus 12?,67
What is 60 plus 54?,114
What is 5431519003 plus 3685690084?,9117209087
What is 358 plus 605?,963
What is 84 plus 19?,103
What is 6230742991 plus 5376598881?,11607341872
What is 11 plus 72?,83
What is 530 plus 356?,886
What is 4098503 plus 3139514?,7238017
What is 622 plus 544?,1166
What is 2707150 plus 9326698?,12033848
What is 6181312638 plus 5628112076?,11809424714
What is 327667 plus 179278?,506945
What is 4586498 plus 4285865?,8872363
What is 8077183150 plus 2235478368?,10312661518
What is 627 plus 523?,1150
What is 216 plus 272?,488
What is 9835615533 plus 6933794151?,16769409684
What is 9203137489 plus 2668170080?,11871307569
What is 4712 plus 1326?,6038
What is 220548 plus 730405?,950953
What is 622 plus 446?,1068
What is 6121136904 plus 5001666754?,11122803658
What is 11924 plus 58295?,70219
What is 574180 plus 327622?,901802
What is 78230 plus 62720?,140950
What is 89352 plus 54415?,143767
What is 5025560 plus 8861820?,13887380
What is 259 plus 786?,1045
What is 10618319 plus 96071830?,106690149
What is 467115 plus 470981?,938096
What is 907111 plus 497838?,1404949
What is 5968256 plus 1125570?,7093826
What is 1307 plus 4544?,5851
What is 78572246 plus 41539446?,120111692
What is 34 plus 96?,130
What is 853 plus 205?,1058
What is 2519 plus 9624?,12143
What is 8641027809 plus 2354473933?,10995501742
What is 87668529 plus 56425378?,144093907
What is 596995 plus 607529?,1204524
What is 323533195 plus 117025289?,440558484
What is 8997100579 plus 2498702749?,11495803328
What is 206848 plus 892912?,1099760
What is 483422017 plus 187105607?,670527624
What is 6328 plus 9674?,16002
What is 3454262920 plus 8382171036?,11836433956
What is 77909962 plus 74603423?,152513385
What is 80111 plus 79447?,159558
What is 2509055424 plus 9365562789?,11874618213
What is 79 plus 43?,122
What is 455644 plus 910146?,1365790
What is 489 plus 905?,1394
What is 65637 plus 80492?,146129
What is 88535006 plus 14236918?,102771924
What is 29 plus 64?,93
What is 441458 plus 323803?,765261
What is 38000610 plus 45607064?,83607674
What is 689528 plus 255098?,944626
What is 19686 plus 10002?,29688
What is 815587 plus 630054?,1445641
What is 33481 plus 83187?,116668
What is 6142640422 plus 6193534959?,12336175381
What is 793 plus 991?,1784
What is 56353004 plus 14123860?,70476864
What is 9023 plus 3292?,12315
What is 238 plus 657?,895
What is 9671 plus 9311?,18982
What is 580182154 plus 672225410?,1252407564
What is 8917614023 plus 5767152535?,14684766558
What is 113 plus 680?,793
What is 64804 plus 69439?,134243
What is 874941188 plus 704366551?,1579307739
What is 75355442 plus 61316481?,136671923
What is 357450 plus 936017?,1293467
What is 6031100349 plus 8048294448?,14079394797
What is 47737 plus 61665?,109402
What is 6422 plus 5442?,11864
What is 972350688 plus 598648126?,1570998814
What is 6886388 plus 9963828?,16850216
What is 35 plus 60?,95
What is 555 plus 613?,1168
What is 86662 plus 68952?,155614
What is 47 plus 48?,95
What is 787025747 plus 363687145?,1150712892
What is 883 plus 562?,1445
What is 92728 plus 32940?,125668
What is 909847305 plus 466791857?,1376639162
What is 43351798 plus 27105404?,70457202
What is 50 plus 78?,128
What is 228 plus 627?,855
What is 61 plus 35?,96
What is 14 plus 45?,59
What is 45570 plus 17494?,63064
What is 6778 plus 5501?,12279
What is 7123993436 plus 2915077798?,10039071234
What is 18837 plus 50168?,69005
What is 889991 plus 300152?,1190143
What is 55051855 plus 64610210?,119662065
What is 538687452 plus 827086471?,1365773923
What is 533072 plus 187721?,720793
What is 3611536870 plus 3773990744?,7385527614
What is 49076 plus 38999?,88075
What is 25755631 plus 30616654?,56372285
What is 923 plus 244?,1167
What is 900059715 plus 766716533?,1666776248
What is 5551069194 plus 1606842920?,7157912114
What is 3421790004 plus 9603289216?,13025079220
What is 58 plus 81?,139
What is 54415283 plus 85857298?,140272581
What is 490789783 plus 713119237?,1203909020
What is 981805605 plus 261647591?,1243453196
What is 41 plus 16?,57
What is 260 plus 594?,854
What is 66 plus 50?,116
What is 1406555478 plus 9226897303?,10633452781
What is 6554145 plus 7979990?,14534135
What is 44422 plus 72895?,117317
What is 217842 plus 189714?,407556
What is 504 plus 756?,1260
What is 38673 plus 79836?,118509
What is 210 plus 799?,1009
What is 649 plus 100?,749
What is 96 plus 86?,182
What is 730 plus 874?,1604
What is 182 plus 946?,1128
What is 999654291 plus 795716134?,1795370425
What is 65755 plus 48503?,114258
What is 7552433 plus 9291037?,16843470
What is 18458 plus 76232?,94690
What is 50982781 plus 13517870?,64500651
What is 216159742 plus 555806783?,771966525
What is 3986814 plus 5112332?,9099146
What is 50316430 plus 99576356?,149892786
What is 1042161599 plus 2322658736?,3364820335
What is 5111783847 plus 8045116454?,13156900301
What is 461896612 plus 584639372?,1046535984
What is 587327 plus 485959?,1073286
What is 274 plus 966?,1240
What is 91887 plus 62465?,154352
What is 61587 plus 15734?,77321
What is 18 plus 94?,112
What is 8427941638 plus 2222396174?,10650337812
What is 485865 plus 989439?,1475304
What is 82554 plus 67940?,150494
What is 7578863 plus 5543885?,13122748
What is 224728318 plus 515667290?,740395608
What is 28715 plus 21180?,49895
What is 9871845 plus 7849237?,17721082
What is 62231 plus 67434?,129665
What is 789 plus 648?,1437
What is 86696 plus 18060?,104756
What is 88 plus 69?,157
What is 26 plus 78?,104
What is 8855686 plus 8610011?,17465697
What is 69913344 plus 73900565?,143813909
What is 81901484 plus 70915909?,152817393
What is 86 plus 23?,109
What is 550910725 plus 222286235?,773196960
What is 621449173 plus 443168186?,1064617359
What is 288 plus 349?,637
What is 441082019 plus 894668988?,1335751007
What is 6422224871 plus 3524814979?,9947039850
What is 31990 plus 71127?,103117
What is 2317235 plus 8510779?,10828014
What is 338661616 plus 603870545?,942532161
What is 3981517058 plus 4944923812?,8926440870
What is 67 plus 82?,149
What is 774932561 plus 734730571?,1509663132
What is 2989841 plus 9404285?,12394126
What is 25555491 plus 98514353?,124069844
What is 740 plus 579?,1319
What is 928532633 plus 526845609?,1455378242
What is 370 plus 405?,775
What is 916 plus 663?,1579
What is 2886375666 plus 6627555400?,9513931066
What is 31668 plus 28190?,59858
What is 909 plus 447?,1356
What is 52 plus 37?,89
What is 239472 plus 575140?,814612
What is 73273 plus 26554?,99827
What is 13566 plus 59847?,73413
What is 869655495 plus 974930761?,1844586256
What is 769559344 plus 915440540?,1684999884
What is 69636404 plus 95491849?,165128253
What is 83 plus 53?,136
What is 793704 plus 842471?,1636175
What is 984686 plus 625281?,1609967
What is 9723624728 plus 5586412119?,15310036847
What is 766 plus 367?,1133
What is 55 plus 52?,107
What is 358116 plus 856583?,1214699
What is 930639 plus 255507?,1186146
What is 1946973 plus 7144395?,9091368
What is 1073 plus 5102?,6175
What is 96 plus 85?,181
What is 21738884 plus 20548551?,42287435
What is 90 plus 77?,167
What is 582148982 plus 463653335?,1045802317
What is 3191 plus 5119?,8310
What is 65 plus 46?,111
What is 243 plus 963?,1206
What is 22450915 plus 52033613?,74484528
What is 3869295032 plus 5139409627?,9008704659
What is 943412 plus 560642?,1504054
What is 3681984675 plus 6898191089?,10580175764
What is 2858 plus 6790?,9648
What is 2518 plus 8596?,11114
What is 963337320 plus 616068680?,1579406000
What is 85 plus 20?,105
What is 907 plus 657?,1564
What is 790 plus 552?,1342
What is 439042 plus 431730?,870772
What is 49181 plus 83537?,132718
What is 74 plus 18?,92
What is 61 plus 85?,146
What is 15795 plus 60366?,76161
What is 2983487 plus 3013256?,5996743
What is 3408037 plus 8454120?,11862157
What is 89 plus 95?,184
What is 58074 plus 33294?,91368
What is 243 plus 295?,538
What is 261200496 plus 481874219?,743074715
What is 47430090 plus 93031391?,140461481
What is 80 plus 13?,93
What is 66 plus 49?,115
What is 211339 plus 467770?,679109
What is 2484568 plus 1677946?,4162514
What is 54635794 plus 14271578?,68907372
What is 63812684 plus 25315915?,89128599
What is 584 plus 500?,1084
What is 1937198 plus 4676903?,6614101
What is 767 plus 668?,1435
What is 5428349 plus 2962148?,8390497
What is 8210 plus 3324?,11534
What is 528 plus 301?,829
What is 2418591240 plus 1068695018?,3487286258
What is 8070741705 plus 6839953334?,14910695039
What is 74 plus 31?,105
What is 858 plus 551?,1409
What is 100307315 plus 624008431?,724315746
What is 55847687 plus 19260195?,75107882
What is 9505935 plus 5837806?,15343741
What is 69948936 plus 46473101?,116422037
What is 3928 plus 8976?,12904
What is 78452075 plus 95464721?,173916796
What is 59078 plus 72144?,131222
What is 632577 plus 180852?,813429
What is 4512350 plus 4299489?,8811839
What is 6470241 plus 1215242?,7685483
What is 71385 plus 78154?,149539
What is 576946 plus 867568?,1444514
What is 833326918 plus 977622934?,1810949852
What is 2453 plus 2043?,4496
What is 6603733 plus 4964132?,11567865
What is 15 plus 61?,76
What is 591 plus 168?,759
What is 123480 plus 385928?,509408
What is 72951843 plus 70589628?,143541471
What is 72793043 plus 29324545?,102117588
What is 9319213 plus 6344646?,15663859
What is 333 plus 354?,687
What is 522379 plus 193215?,715594
What is 11 plus 27?,38
What is 5398629561 plus 5930781303?,11329410864
What is 277401167 plus 442849560?,720250727
What is 44961 plus 34795?,79756
What is 656 plus 953?,1609
What is 24 plus 48?,72
What is 8095 plus 8396?,16491
What is 411347948 plus 998673486?,1410021434
What is 47299 plus 36846?,84145
What is 37587585 plus 35468674?,73056259
What is 100510 plus 575064?,675574
What is 310657107 plus 902869394?,1213526501
What is 630 plus 841?,1471
What is 86512 plus 70165?,156677
What is 62 plus 16?,78
What is 9281 plus 7574?,16855
What is 646294003 plus 367617281?,1013911284
What is 492993 plus 967014?,1460007
What is 2776333 plus 9827322?,12603655
What is 9957 plus 7482?,17439
What is 274 plus 245?,519
What is 49911570 plus 17215764?,67127334
What is 73255682 plus 18114716?,91370398
What is 4197142685 plus 9814322392?,14011465077
What is 147310620 plus 171969926?,319280546
What is 325 plus 791?,1116
What is 78 plus 74?,152
What is 6640178227 plus 5632028464?,12272206691
What is 2561259 plus 7099534?,9660793
What is 332112957 plus 431742471?,763855428
What is 490068 plus 670498?,1160566
What is 36 plus 81?,117
What is 534779 plus 357004?,891783
What is 1485105953 plus 2438125309?,3923231262
What is 82 plus 25?,107
What is 576027757 plus 487643931?,1063671688
What is 287042 plus 653064?,940106
What is 15751404 plus 81539855?,97291259
What is 4465764204 plus 8168034268?,12633798472
What is 444 plus 497?,941
What is 50552615 plus 23046688?,73599303
What is 1701 plus 3284?,4985
What is 57752853 plus 19444277?,77197130
What is 85 plus 20?,105
What is 65697 plus 10647?,76344
What is 3503512 plus 3874858?,7378370
What is 12355 plus 78749?,91104
What is 899503099 plus 246116545?,1145619644
What is 93 plus 31?,124
What is 13549415 plus 69122618?,82672033
What is 75486028 plus 82407451?,157893479
What is 26 plus 30?,56
What is 4266 plus 6540?,10806
What is 809582668 plus 617280267?,1426862935
What is 6639 plus 6065?,12704
What is 6768547595 plus 4170194212?,10938741807
What is 42914738 plus 70491033?,113405771
What is 90 plus 53?,143
What is 432 plus 381?,813
What is 53158 plus 35828?,88986
What is 85 plus 97?,182
What is 665966268 plus 487174460?,1153140728
What is 528486857 plus 708268638?,1236755495
What is 14 plus 33?,47
What is 5825089 plus 9000118?,14825207
What is 9411 plus 7840?,17251
What is 1583801 plus 2961813?,4545614
What is 907546 plus 817895?,1725441
What is 5057431 plus 9236290?,14293721
What is 37693996 plus 87244173?,124938169
What is 6591879887 plus 4108703097?,10700582984
What is 452 plus 502?,954
What is 923425 plus 957149?,1880574
What is 58266946 plus 56501046?,114767992
What is 509799882 plus 261704518?,771504400
What is 1648 plus 5544?,7192
What is 69 plus 39?,108
What is 76487 plus 84977?,161464
What is 7046488 plus 8098243?,15144731
What is 44 plus 91?,135
What is 392280 plus 963266?,1355546
What is 195321 plus 492126?,687447
What is 874937057 plus 620895178?,1495832235
What is 90762 plus 95418?,186180
What is 44883788 plus 82764050?,127647838
What is 920 plus 894?,1814
What is 172222 plus 420359?,592581
What is 718644 plus 891975?,1610619
What is 7327873520 plus 3531204303?,10859077823
What is 998 plus 738?,1736
What is 631203162 plus 524030644?,1155233806
What is 6401531436 plus 7215842795?,13617374231
What is 31 plus 68?,99
What is 87736023 plus 22422732?,110158755
What is 542 plus 941?,1483
What is 638 plus 811?,1449
What is 7900 plus 4275?,12175
What is 70 plus 71?,141
What is 45115 plus 30775?,75890
What is 665443846 plus 751018139?,1416461985
What is 39462305 plus 77231919?,116694224
What is 73434 plus 14012?,87446
What is 299721850 plus 437442828?,737164678
What is 5105 plus 4253?,9358
What is 59 plus 52?,111
What is 6353437976 plus 1512481595?,7865919571
What is 5460244021 plus 7580998761?,13041242782
What is 6932 plus 8667?,15599
What is 16986507 plus 43244111?,60230618
What is 9321 plus 3050?,12371
What is 58 plus 78?,136
What is 62045905 plus 34330589?,96376494
What is 273357139 plus 721318382?,994675521
What is 7767848 plus 4348588?,12116436
What is 367642 plus 238082?,605724
What is 56623345 plus 15469558?,72092903
What is 66 plus 49?,115
What is 13 plus 34?,47
What is 969 plus 693?,1662
What is 31855651 plus 95615379?,127471030
What is 595 plus 980?,1575
What is 369843635 plus 339684969?,709528604
What is 20427374 plus 36207628?,56635002
What is 7024754 plus 1088199?,8112953
What is 17263665 plus 21417614?,38681279
What is 96246505 plus 48414012?,144660517
What is 574462920 plus 102476604?,676939524
What is 442611 plus 985978?,1428589
What is 9115084 plus 9303281?,18418365
What is 523243481 plus 924543789?,1447787270
What is 489392 plus 256821?,746213
What is 6351347444 plus 6921012556?,13272360000
What is 56 plus 40?,96
What is 859 plus 315?,1174
What is 235 plus 321?,556
What is 751 plus 826?,1577
What is 5835206495 plus 8689694006?,14524900501
What is 8408146 plus 3594514?,12002660
What is 3941252141 plus 9207399823?,13148651964
What is 995 plus 842?,1837
What is 45012 plus 90214?,135226
What is 640 plus 936?,1576
What is 45654934 plus 82684161?,128339095
What is 74492503 plus 73540834?,148033337
What is 828 plus 143?,971
What is 3118294 plus 6186962?,9305256
What is 7633 plus 7467?,15100
What is 80842 plus 60251?,141093
What is 5560396132 plus 4302243254?,9862639386
What is 45 plus 73?,118
What is 58110 plus 10224?,68334
What is 3488883 plus 4224712?,7713595
What is 9848302 plus 2601375?,12449677
What is 4833904298 plus 8522438685?,13356342983
What is 1962 plus 8711?,10673
What is 56 plus 20?,76
What is 6800398781 plus 9629911330?,16430310111
What is 397046 plus 464116?,861162
What is 980828735 plus 589829929?,1570658664
What is 12517 plus 80284?,92801
What is 835578652 plus 263148711?,1098727363
What is 377 plus 254?,631
What is 564 plus 371?,935
What is 882 plus 337?,1219
What is 262715487 plus 395315694?,658031181
What is 5338 plus 6708?,12046
What is 82038 plus 35657?,117695
What is 749857986 plus 373073067?,1122931053
What is 5109 plus 9518?,14627
What is 84 plus 43?,127
What is 3002923 plus 7099782?,10102705
What is 9731902027 plus 9475159998?,19207062025
What is 6793060 plus 5064099?,11857159
What is 793059991 plus 650583148?,1443643139
What is 891744 plus 453116?,1344860
What is 1736949440 plus 1223134599?,2960084039
What is 95604948 plus 24203769?,119808717
What is 33 plus 82?,115
What is 85 plus 58?,143
What is 9113682 plus 3175732?,12289414
What is 212877 plus 559899?,772776
What is 3168 plus 9039?,12207
What is 548 plus 977?,1525
What is 9128 plus 1195?,10323
What is 763 plus 786?,1549
What is 24130727 plus 38044552?,62175279
What is 921499 plus 126022?,1047521
What is 4037296 plus 2312244?,6349540
What is 1703114 plus 6208540?,7911654
What is 714737 plus 926650?,1641387
What is 62 plus 85?,147
What is 20913 plus 27276?,48189
What is 76233 plus 51234?,127467
What is 620 plus 136?,756
What is 98958 plus 53985?,152943
What is 477865 plus 759443?,1237308
What is 6748019 plus 8899848?,15647867
What is 412834 plus 820833?,1233667
What is 99 plus 84?,183
What is 413 plus 969?,1382
What is 71 plus 95?,166
What is 708614515 plus 806473379?,1515087894
What is 44 plus 72?,116
What is 774050 plus 817207?,1591257
What is 2655574 plus 5557906?,8213480
What is 1186033732 plus 7918666190?,9104699922
What is 2783 plus 8095?,10878
What is 36818061 plus 23087838?,59905899
What is 9116428658 plus 5415946149?,14532374807
What is 6621539 plus 9095504?,15717043
What is 605155 plus 908752?,1513907
What is 86137 plus 94202?,180339
What is 42587 plus 71286?,113873
What is 967773 plus 666138?,1633911
What is 58008 plus 24680?,82688
What is 59 plus 76?,135
What is 421475243 plus 674483449?,1095958692
What is 207390 plus 130254?,337644
What is 240322 plus 333701?,574023
What is 35 plus 57?,92
What is 6702535 plus 1921234?,8623769
What is 7829106402 plus 6456139727?,14285246129
What is 12262222 plus 99228583?,111490805
What is 112 plus 969?,1081
What is 38349002 plus 43118735?,81467737
What is 456920080 plus 765316463?,1222236543
What is 4985678 plus 3313644?,8299322
What is 19 plus 18?,37
What is 9243915635 plus 6227596048?,15471511683
What is 5002263434 plus 6384832702?,11387096136
What is 76 plus 48?,124
What is 60946 plus 97119?,158065
What is 13345852 plus 15774955?,29120807
What is 319155267 plus 645257867?,964413134
What is 61918 plus 80013?,141931
What is 991779223 plus 920789871?,1912569094
What is 3408477 plus 2675782?,6084259
What is 887694301 plus 690634966?,1578329267
What is 99490367 plus 14700424?,114190791
What is 597463907 plus 953972273?,1551436180
What is 32454962 plus 65800525?,98255487
What is 716 plus 151?,867
What is 928 plus 989?,1917
What is 232 plus 774?,1006
What is 155 plus 255?,410
What is 6535 plus 9294?,15829
What is 59619 plus 11851?,71470
What is 323307 plus 936232?,1259539
What is 31780640 plus 32098166?,63878806
What is 80 plus 41?,121
What is 1776 plus 5928?,7704
What is 16501885 plus 23269050?,39770935
What is 314891 plus 251846?,566737
What is 879368 plus 327062?,1206430
What is 257 plus 775?,1032
What is 2070448637 plus 2439210733?,4509659370
What is 984960301 plus 841764892?,1826725193
What is 80 plus 11?,91
What is 463 plus 481?,944
What is 280604447 plus 111548614?,392153061
What is 83466154 plus 88257754?,171723908
What is 3165000 plus 8366928?,11531928
What is 8843 plus 9767?,18610
What is 121 plus 123?,244
What is 78 plus 40?,118
What is 787498 plus 963355?,1750853
What is 2982152593 plus 2448736694?,5430889287
What is 75933087 plus 46529627?,122462714
What is 7128532 plus 8543134?,15671666
What is 7459029537 plus 2621120315?,10080149852
What is 1102 plus 1248?,2350
What is 3219309661 plus 4022520195?,7241829856
What is 54 plus 92?,146
What is 748 plus 550?,1298
What is 865709 plus 630318?,1496027
What is 621 plus 267?,888
What is 5882 plus 6780?,12662
What is 50520 plus 93624?,144144
What is 826 plus 836?,1662
What is 979328 plus 326386?,1305714
What is 14478812 plus 16587575?,31066387
What is 368405920 plus 135806394?,504212314
What is 436 plus 639?,1075
What is 9046 plus 5396?,14442
What is 5540152038 plus 5549497998?,11089650036
What is 22 plus 95?,117
What is 518550299 plus 214118047?,732668346
What is 1482186036 plus 3664213972?,5146400008
What is 68 plus 31?,99
What is 11 plus 15?,26
What is 6038 plus 2472?,8510
What is 784 plus 654?,1438
What is 479835 plus 692980?,1172815
What is 84366 plus 55471?,139837
What is 9081 plus 8558?,17639
What is 82354 plus 56949?,139303
What is 491 plus 702?,1193
What is 5608 plus 5813?,11421
What is 8667907482 plus 3829298671?,12497206153
What is 2346 plus 9515?,11861
What is 27604 plus 47514?,75118
What is 403 plus 717?,1120
What is 1652188 plus 2917177?,4569365
What is 8846128550 plus 3273063359?,12119191909
What is 13413 plus 70392?,83805
What is 482 plus 250?,732
What is 3530890 plus 8857333?,12388223
What is 9667695 plus 2041359?,11709054
What is 88456668 plus 77888953?,166345621
What is 544668183 plus 918233535?,1462901718
What is 206200985 plus 575713646?,781914631
What is 9479473839 plus 6684498069?,16163971908
What is 780337783 plus 539073898?,1319411681
What is 47072 plus 37241?,84313
What is 818 plus 737?,1555
What is 217 plus 151?,368
What is 74412 plus 57864?,132276
What is 167 plus 218?,385
What is 8122387444 plus 7202157807?,15324545251
What is 82301 plus 48603?,130904
What is 2173442534 plus 7213339859?,9386782393
What is 462404 plus 414361?,876765
What is 464 plus 465?,929
What is 9907315232 plus 4066167802?,13973483034
What is 6762 plus 6610?,13372
What is 7823699372 plus 3948632592?,11772331964
What is 57 plus 15?,72
What is 6854527697 plus 4898627639?,11753155336
What is 31145 plus 33256?,64401
What is 46814 plus 27831?,74645
What is 30368017 plus 83654681?,114022698
What is 506 plus 122?,628
What is 851 plus 814?,1665
What is 26 plus 51?,77
What is 178480584 plus 505300538?,683781122
What is 2106818 plus 6849339?,8956157
What is 6398 plus 7670?,14068
What is 49 plus 62?,111
What is 6327412455 plus 8846873451?,15174285906
What is 558 plus 806?,1364
What is 3796044 plus 9691752?,13487796
What is 90138910 plus 45784281?,135923191
What is 6176085 plus 5985095?,12161180
What is 55724 plus 67166?,122890
What is 561005946 plus 416337521?,977343467
What is 2904879246 plus 7134480182?,10039359428
What is 6830 plus 6764?,13594
What is 236 plus 628?,864
What is 650613 plus 435735?,1086348
What is 1577 plus 1772?,3349
What is 324397 plus 895571?,1219968
What is 6978 plus 5438?,12416
What is 1105172 plus 5481420?,6586592
What is 59 plus 43?,102
What is 83 plus 72?,155
What is 1965 plus 9942?,11907
What is 779 plus 167?,946
What is 7060 plus 3173?,10233
What is 715606 plus 174314?,889920
What is 8330026 plus 5473776?,13803802
What is 9014909 plus 9672831?,18687740
What is 37 plus 25?,62
What is 70387 plus 28942?,99329
What is 3252795834 plus 1623036226?,4875832060
What is 1629967 plus 4399322?,6029289
What is 16030906 plus 86166255?,102197161
What is 8303756722 plus 8462831807?,16766588529
What is 9283005450 plus 4258829326?,13541834776
What is 8997480 plus 8165247?,17162727
What is 977151332 plus 890780874?,1867932206
What is 965911 plus 169266?,1135177
What is 4950 plus 4852?,9802
What is 8989034600 plus 4962057505?,13951092105
What is 50929390 plus 25554042?,76483432
What is 9992 plus 2308?,12300
What is 24 plus 67?,91
What is 53071 plus 65099?,118170
What is 77724 plus 69688?,147412
What is 502498696 plus 977294616?,1479793312
What is 178142245 plus 527953253?,706095498
What is 460900473 plus 839784766?,1300685239
What is 131 plus 548?,679
What is 1738330256 plus 7919356427?,9657686683
What is 83698 plus 15939?,99637
What is 6782 plus 6237?,13019
What is 8718156370 plus 2850610892?,11568767262
What is 71329916 plus 50635854?,121965770
What is 7677924712 plus 8913191912?,16591116624
What is 961604 plus 273423?,1235027
What is 6921 plus 3232?,10153
What is 979084132 plus 970267504?,1949351636
What is 26 plus 48?,74
What is 462053454 plus 948810144?,1410863598
What is 3209016 plus 1470191?,4679207
What is 32192 plus 78652?,110844
What is 250 plus 714?,964
What is 1416 plus 8522?,9938
What is 897705 plus 875289?,1772994
What is 57 plus 59?,116
What is 31460741 plus 87667407?,119128148
What is 978788 plus 756044?,1734832
What is 1503624228 plus 1705028682?,3208652910
What is 64876288 plus 83651397?,148527685
What is 2602459 plus 5580825?,8183284
What is 8363070 plus 9182725?,17545795
What is 354870476 plus 960904590?,1315775066
What is 7367210658 plus 6560498816?,13927709474
What is 8473633 plus 2501560?,10975193
What is 44 plus 59?,103
What is 7034 plus 6867?,13901
What is 743954 plus 887339?,1631293
What is 7159038 plus 1199300?,8358338
What is 31206842 plus 94190987?,125397829
What is 4656 plus 2614?,7270
What is 24353579 plus 89659280?,114012859
What is 1756234 plus 4738563?,6494797
What is 469287281 plus 508386314?,977673595
What is 51008528 plus 99737160?,150745688
What is 641377 plus 954442?,1595819
What is 427 plus 759?,1186
What is 1689569415 plus 8324756637?,10014326052
What is 42223302 plus 82651823?,124875125
What is 3006731034 plus 9538640810?,12545371844
What is 27 plus 93?,120
What is 991 plus 519?,1510
What is 526118 plus 335980?,862098
What is 8426988 plus 5361148?,13788136
What is 43354 plus 79465?,122819
What is 481942 plus 486324?,968266
What is 1400518831 plus 2554849267?,3955368098
What is 83656481 plus 10474126?,94130607
What is 134 plus 958?,1092
What is 6486217 plus 8778399?,15264616
What is 18 plus 17?,35
What is 632664861 plus 397224836?,1029889697
What is 43683 plus 22080?,65763
What is 45 plus 96?,141
What is 5699956082 plus 2852381711?,8552337793
What is 118 plus 491?,609
What is 5025 plus 5288?,10313
What is 19 plus 59?,78
What is 92145 plus 11481?,103626
What is 75029379 plus 47581148?,122610527
What is 90923 plus 54218?,145141
What is 743408 plus 408216?,1151624
What is 795 plus 304?,1099
What is 347567 plus 561729?,909296
What is 2923 plus 6839?,9762
What is 4991 plus 4727?,9718
What is 626436336 plus 755224798?,1381661134
What is 368618390 plus 695293220?,1063911610
What is 86949 plus 12972?,99921
What is 8760055203 plus 2834101368?,11594156571
What is 2517460503 plus 1398637902?,3916098405
What is 36471929 plus 98727639?,135199568
What is 6706274 plus 9652735?,16359009
What is 1335510 plus 4157606?,5493116
What is 5244387052 plus 2568174304?,7812561356
What is 59266279 plus 34518432?,93784711
What is 981 plus 495?,1476
What is 5128897 plus 1670133?,6799030
What is 25 plus 14?,39
What is 21 plus 40?,61
What is 43507213 plus 86326416?,129833629
What is 136201 plus 973415?,1109616
What is 58860 plus 79431?,138291
What is 42721630 plus 30071697?,72793327
What is 66 plus 17?,83
What is 36589643 plus 95467545?,132057188
What is 5097751229 plus 9854346236?,14952097465
What is 76710 plus 20274?,96984
What is 628244 plus 906820?,1535064
What is 1727 plus 4106?,5833
What is 4553977737 plus 7134704476?,11688682213
What is 64046 plus 60905?,124951
What is 451592 plus 201598?,653190
What is 2132606146 plus 6385674397?,8518280543
What is 464832 plus 558349?,1023181
What is 5920496 plus 1781118?,7701614
What is 1758853787 plus 4373073110?,6131926897
What is 6547 plus 6387?,12934
What is 3796022520 plus 5992158315?,9788180835
What is 69626467 plus 33838141?,103464608
What is 20 plus 88?,108
What is 3575428463 plus 2750281682?,6325710145
What is 84343493 plus 66411745?,150755238
What is 38 plus 17?,55
What is 9687922 plus 1595077?,11282999
What is 308341068 plus 387302660?,695643728
What is 904 plus 715?,1619
What is 8227342277 plus 1625768675?,9853110952
What is 34 plus 63?,97
What is 503031888 plus 772579876?,1275611764
What is 862148098 plus 871751309?,1733899407
What is 5838911 plus 9459665?,15298576
What is 97649 plus 79199?,176848
What is 206356850 plus 195350362?,401707212
What is 9812515368 plus 7527367752?,17339883120
What is 667779079 plus 481182683?,1148961762
What is 9926337972 plus 5562003996?,15488341968
What is 98 plus 57?,155
What is 3300 plus 6211?,9511
What is 45466 plus 43655?,89121
What is 72840628 plus 67542380?,140383008
What is 8102839 plus 5889361?,13992200
What is 5203709612 plus 7750844621?,12954554233
What is 4112 plus 3042?,7154
What is 42635674 plus 16291510?,58927184
What is 593 plus 726?,1319
What is 578 plus 491?,1069
What is 66 plus 66?,132
What is 255 plus 825?,1080
What is 9811 plus 7488?,17299
What is 89 plus 61?,150
What is 92456 plus 90222?,182678
What is 5220352 plus 6314467?,11534819
What is 969623 plus 841656?,1811279
What is 9471 plus 2488?,11959
What is 234753400 plus 741873061?,976626461
What is 450690 plus 844414?,1295104
What is 93447 plus 78376?,171823
What is 855102456 plus 149578628?,1004681084
What is 12853825 plus 72230213?,85084038
What is 608564 plus 367496?,976060
What is 71464621 plus 23334813?,94799434
What is 635 plus 380?,1015
What is 9932512932 plus 6920050215?,16852563147
What is 77054059 plus 93228255?,170282314
What is 70942672 plus 76363447?,147306119
What is 210 plus 222?,432
What is 36 plus 51?,87
What is 71237630 plus 20573222?,91810852
What is 6367 plus 9966?,16333
What is 28 plus 97?,125
What is 82493 plus 17571?,100064
What is 9691359 plus 6201794?,15893153
What is 94212377 plus 60019020?,154231397
What is 30222 plus 38805?,69027
What is 709474 plus 936850?,1646324
What is 977431489 plus 626944976?,1604376465
What is 592 plus 229?,821
What is 81682502 plus 96014660?,177697162
What is 7960280 plus 1028005?,8988285
What is 1893686 plus 8934468?,10828154
What is 199 plus 848?,1047
What is 94008563 plus 78353020?,172361583
What is 48 plus 52?,100
What is 664877721 plus 446486232?,1111363953
What is 942276903 plus 906952389?,1849229292
What is 4973 plus 4341?,9314
What is 464035 plus 215397?,679432
What is 58903786 plus 20393931?,79297717
What is 43680 plus 13668?,57348
What is 1938597881 plus 7531460851?,9470058732
What is 80 plus 76?,156
What is 58057 plus 29756?,87813
What is 7059462 plus 3122213?,10181675
What is 5011384855 plus 5232628703?,10244013558
What is 5852 plus 3818?,9670
What is 7625482271 plus 8283417168?,15908899439
What is 891829680 plus 846917176?,1738746856
What is 65976085 plus 43257234?,109233319
What is 2148630710 plus 9204086174?,11352716884
What is 779757 plus 640183?,1419940
What is 828854 plus 793877?,1622731
What is 1251050 plus 6087786?,7338836
What is 21322917 plus 31508478?,52831395
What is 31893 plus 67841?,99734
What is 6099566 plus 6467976?,12567542
What is 437372 plus 106546?,543918
What is 22 plus 60?,82
What is 52836823 plus 88456182?,141293005
What is 7808223313 plus 9687458134?,17495681447
What is 2802 plus 3146?,5948
What is 9043489 plus 7036848?,16080337
What is 603424 plus 583980?,1187404
What is 325295 plus 751376?,1076671
What is 7675 plus 4105?,11780
What is 1407473 plus 4775996?,6183469
What is 44 plus 68?,112
What is 15143 plus 83468?,98611
What is 5707006 plus 4181214?,9888220
What is 411978 plus 264088?,676066
What is 30824129 plus 73280331?,104104460
What is 54 plus 61?,115
What is 347960 plus 380415?,728375
What is 6321 plus 7554?,13875
What is 5689998434 plus 4674514329?,10364512763
What is 82279 plus 20437?,102716
What is 813442 plus 418090?,1231532
What is 82 plus 85?,167
What is 9808 plus 2950?,12758
What is 57331721 plus 91244959?,148576680
What is 8018722 plus 7402063?,15420785
What is 8447 plus 1663?,10110
What is 326995 plus 381613?,708608
What is 9036 plus 4548?,13584
What is 251157466 plus 982343103?,1233500569
What is 29 plus 99?,128
What is 913303 plus 528109?,1441412
What is 217976 plus 725328?,943304
What is 96171484 plus 82403228?,178574712
What is 223 plus 203?,426
What is 71818 plus 81922?,153740
What is 98 plus 40?,138
What is 38583493 plus 77012525?,115596018
What is 894 plus 612?,1506
What is 41 plus 52?,93
What is 166701947 plus 931722314?,1098424261
What is 1755 plus 2423?,4178
What is 849412641 plus 934356258?,1783768899
What is 45134 plus 38926?,84060
What is 740824 plus 420689?,1161513
What is 7115406036 plus 7229312780?,14344718816
What is 792498106 plus 111037356?,903535462
What is 20539 plus 11971?,32510
What is 37 plus 83?,120
What is 6473 plus 4616?,11089
What is 599 plus 830?,1429
What is 7076433700 plus 8723454599?,15799888299
What is 5004 plus 5641?,10645
What is 99 plus 19?,118
What is 753703 plus 654663?,1408366
What is 18589348 plus 75439881?,94029229
What is 3724305276 plus 5137493213?,8861798489
What is 757072 plus 882816?,1639888
What is 273 plus 574?,847
What is 5052 plus 5981?,11033
What is 92361723 plus 99228519?,191590242
What is 9357821 plus 5280137?,14637958
What is 579011359 plus 449002993?,1028014352
What is 47737595 plus 33789525?,81527120
What is 3346 plus 5528?,8874
What is 85 plus 33?,118
What is 253295860 plus 137771772?,391067632
What is 63 plus 87?,150
What is 93549649 plus 12062823?,105612472
What is 625 plus 185?,810
What is 4934230223 plus 8081428029?,13015658252
What is 15405398 plus 55313629?,70719027
What is 3564 plus 9938?,13502
What is 667774603 plus 310046763?,977821366
What is 3814478 plus 7769397?,11583875
What is 60 plus 90?,150
What is 7717161187 plus 8891229982?,16608391169
What is 514 plus 632?,1146
What is 745117 plus 389364?,1134481
What is 9646850280 plus 9198352755?,18845203035
What is 80143 plus 95289?,175432
What is 3175082 plus 7789369?,10964451
What is 6781553 plus 3647552?,10429105
What is 12731742 plus 47958538?,60690280
What is 863 plus 231?,1094
What is 9848770 plus 8572223?,18420993
What is 3876 plus 2501?,6377
What is 4229 plus 2939?,7168
What is 723 plus 175?,898
What is 36201 plus 75786?,111987
What is 7362 plus 8715?,16077
What is 6115846551 plus 4344943971?,10460790522
What is 92396472 plus 72519127?,164915599
What is 381444342 plus 384175228?,765619570
What is 8183 plus 6278?,14461
What is 62070212 plus 93516638?,155586850
What is 1536 plus 6802?,8338
What is 9780710118 plus 2624308606?,12405018724
What is 3567 plus 9024?,12591
What is 496120 plus 686369?,1182489
What is 16950481 plus 88294226?,105244707
What is 63796406 plus 99768076?,163564482
What is 619850 plus 449742?,1069592
What is 665572 plus 591400?,1256972
What is 76659 plus 45447?,122106
What is 97085 plus 39717?,136802
What is 990736365 plus 602204315?,1592940680
What is 4145946 plus 6652593?,10798539
What is 747954508 plus 679034670?,1426989178
What is 5211341359 plus 1093690847?,6305032206
What is 865114644 plus 132416982?,997531626
What is 19 plus 22?,41
What is 771381518 plus 625332338?,1396713856
What is 587366876 plus 380092558?,967459434
What is 190 plus 256?,446
What is 98 plus 34?,132
What is 5494878216 plus 4085929332?,9580807548
What is 3948 plus 5644?,9592
What is 4256746388 plus 8096467502?,12353213890
What is 56136313 plus 26691359?,82827672
What is 379 plus 410?,789
What is 840031 plus 929680?,1769711
What is 34 plus 69?,103
What is 4000282754 plus 6387583389?,10387866143
What is 49350559 plus 71927584?,121278143
What is 94478 plus 40077?,134555
What is 326 plus 889?,1215
What is 3527 plus 2260?,5787
What is 5966624852 plus 5842002789?,11808627641
What is 47 plus 99?,146
What is 8123 plus 1691?,9814
What is 244 plus 785?,1029
What is 4203713821 plus 5372436698?,9576150519
What is 49934930 plus 28852646?,78787576
What is 7696750 plus 8124217?,15820967
What is 3761948 plus 7502177?,11264125
What is 308773 plus 174642?,483415
What is 106809 plus 451172?,557981
What is 719858707 plus 425849892?,1145708599
What is 268437 plus 562030?,830467
What is 5449788 plus 2262725?,7712513
What is 2705093 plus 5868001?,8573094
What is 7015597 plus 2351230?,9366827
What is 9051689578 plus 6615373295?,15667062873
What is 5651 plus 3331?,8982
What is 77 plus 38?,115
What is 99859 plus 28279?,128138
What is 633344 plus 422974?,1056318
What is 603 plus 531?,1134
What is 277447 plus 324301?,601748
What is 324 plus 585?,909
What is 53389 plus 84015?,137404
What is 99551581 plus 63977901?,163529482
What is 701 plus 298?,999
What is 1344515916 plus 6086754088?,7431270004
What is 90376703 plus 44779861?,135156564
What is 39386547 plus 48514643?,87901190
What is 1849099 plus 3328272?,5177371
What is 67223 plus 33217?,100440
What is 48602 plus 36256?,84858
What is 4885746914 plus 3106662345?,7992409259
What is 75707615 plus 89257736?,164965351
What is 526 plus 693?,1219
What is 67796030 plus 56813564?,124609594
What is 60811 plus 72726?,133537
What is 4732661816 plus 1036119051?,5768780867
What is 5358142272 plus 9533867909?,14892010181
What is 943137985 plus 432277860?,1375415845
What is 887760 plus 789098?,1676858
What is 88 plus 24?,112
What is 5916896417 plus 3048187825?,8965084242
What is 876145 plus 468065?,1344210
What is 987867590 plus 590461288?,1578328878
What is 29 plus 27?,56
What is 8955444 plus 7667686?,16623130
What is 945121 plus 354801?,1299922
What is 685158804 plus 410020455?,1095179259
What is 217118486 plus 544869613?,761988099
What is 612 plus 188?,800
What is 460101128 plus 164188177?,624289305
What is 547088262 plus 217541853?,764630115
What is 48 plus 80?,128
What is 732602 plus 942726?,1675328
What is 1973629573 plus 7603470779?,9577100352
What is 106210524 plus 820510414?,926720938
What is 6631 plus 6354?,12985
What is 522 plus 361?,883
What is 23632 plus 71464?,95096
What is 14326792 plus 36517911?,50844703
What is 234460 plus 408145?,642605
What is 285 plus 714?,999
What is 939 plus 561?,1500
What is 6353 plus 6748?,13101
What is 406367 plus 786663?,1193030
What is 2005145 plus 1268413?,3273558
What is 5576 plus 1566?,7142
What is 1814 plus 1350?,3164
What is 336 plus 158?,494
What is 819359 plus 368979?,1188338
What is 730903 plus 963205?,1694108
What is 201924737 plus 461547546?,663472283
What is 82022861 plus 20198733?,102221594
What is 98 plus 20?,118
What is 291478036 plus 375225500?,666703536
What is 18732 plus 29659?,48391
What is 670126277 plus 883523234?,1553649511
What is 56192854 plus 92183048?,148375902
What is 170309 plus 638979?,809288
What is 314561681 plus 941780193?,1256341874
What is 21938 plus 88970?,110908
What is 799221 plus 648850?,1448071
What is 57 plus 42?,99
What is 51 plus 11?,62
What is 591577224 plus 854780890?,1446358114
What is 71110223 plus 30647215?,101757438
What is 1708 plus 6769?,8477
What is 25 plus 75?,100
What is 1550 plus 7245?,8795
What is 311 plus 928?,1239
What is 791418 plus 221268?,1012686
What is 46114158 plus 84010927?,130125085
What is 42543594 plus 73879024?,116422618
What is 929793 plus 624665?,1554458
What is 3253272 plus 7381045?,10634317
What is 415791621 plus 351391369?,767182990
What is 829078 plus 623500?,1452578
What is 6468 plus 8980?,15448
What is 721 plus 200?,921
What is 4493928534 plus 7333921803?,11827850337
What is 12181 plus 22298?,34479
What is 58244045 plus 50476942?,108720987
What is 2396123368 plus 6282533874?,8678657242
What is 6986920029 plus 2325660598?,9312580627
What is 483714732 plus 980933431?,1464648163
What is 21448484 plus 18084970?,39533454
What is 828 plus 219?,1047
What is 94 plus 97?,191
What is 863 plus 765?,1628
What is 484253 plus 218732?,702985
What is 324865 plus 491796?,816661
What is 258320521 plus 850589126?,1108909647
What is 88802 plus 88895?,177697
What is 4366461 plus 6829265?,11195726
What is 3656839147 plus 1380559790?,5037398937
What is 972578 plus 355632?,1328210
What is 6686501787 plus 6880151904?,13566653691
What is 89178024 plus 50152310?,139330334
What is 80 plus 99?,179
What is 533843 plus 504064?,1037907
What is 3909369 plus 1231074?,5140443
What is 432503783 plus 177915292?,610419075
What is 49924 plus 66460?,116384
What is 100138391 plus 981538294?,1081676685
What is 443432 plus 701620?,1145052
What is 473970669 plus 800992017?,1274962686
What is 5066 plus 6335?,11401
What is 91084517 plus 27284925?,118369442
What is 5927 plus 8509?,14436
What is 685653254 plus 363102447?,1048755701
What is 286530465 plus 623890480?,910420945
What is 4908 plus 2731?,7639
What is 2229 plus 4813?,7042
What is 3734 plus 1469?,5203
What is 15 plus 88?,103
What is 25107941 plus 25826607?,50934548
What is 82163822 plus 25052748?,107216570
What is 6937 plus 4843?,11780
What is 2216597151 plus 1006081242?,3222678393
What is 76043322 plus 21111575?,97154897
What is 52930013 plus 57467527?,110397540
What is 53052 plus 13356?,66408
What is 7484437 plus 8775140?,16259577
What is 35515145 plus 42219903?,77735048
What is 72226 plus 52469?,124695
What is 5394939708 plus 7444874021?,12839813729
What is 79 plus 77?,156
What is 8926503717 plus 3949512245?,12876015962
What is 267203484 plus 894124106?,1161327590
What is 2716542 plus 5450657?,8167199
What is 963 plus 890?,1853
What is 9297436468 plus 3302704768?,12600141236
What is 993794 plus 699940?,1693734
What is 6648096716 plus 6479330752?,13127427468
What is 50524185 plus 80808610?,131332795
What is 158889538 plus 339971185?,498860723
What is 4433995879 plus 2553432258?,6987428137
What is 696 plus 788?,1484
What is 1169508 plus 3838945?,5008453
What is 1952457394 plus 2693996906?,4646454300
What is 9566313 plus 2869454?,12435767
What is 27 plus 63?,90
What is 511177277 plus 835785641?,1346962918
What is 489 plus 176?,665
What is 731 plus 868?,1599
What is 21593442 plus 23418314?,45011756
What is 45722 plus 12313?,58035
What is 6539797 plus 2843891?,9383688
What is 27123293 plus 44814335?,71937628
What is 771211112 plus 504323516?,1275534628
What is 33670294 plus 46409451?,80079745
What is 86 plus 93?,179
What is 43 plus 27?,70
What is 68 plus 46?,114
What is 179686 plus 235006?,414692
What is 629 plus 964?,1593
What is 726485559 plus 765952117?,1492437676
What is 741 plus 720?,1461
What is 2534018 plus 4650729?,7184747
What is 78347594 plus 56896142?,135243736
What is 8276251 plus 9795312?,18071563
What is 8249 plus 1030?,9279
What is 52 plus 99?,151
What is 6837619 plus 3749101?,10586720
What is 9784 plus 2310?,12094
What is 96143 plus 56538?,152681
What is 5556 plus 4921?,10477
What is 819 plus 703?,1522
What is 6389109678 plus 8615255914?,15004365592
What is 5403747617 plus 3282775319?,8686522936
What is 1148061 plus 2794420?,3942481
What is 33628642 plus 22643894?,56272536
What is 877231 plus 122060?,999291
What is 803993953 plus 429714092?,1233708045
What is 9362673057 plus 1658625396?,11021298453
What is 8381771 plus 4941209?,13322980
What is 37 plus 35?,72
What is 43749 plus 68218?,111967
What is 545683 plus 151516?,697199
What is 59846535 plus 60373916?,120220451
What is 236 plus 798?,1034
What is 27 plus 25?,52
What is 8815652663 plus 9477562026?,18293214689
What is 2180090783 plus 2225602861?,4405693644
What is 39 plus 69?,108
What is 2542 plus 2720?,5262
What is 76347242 plus 23533056?,99880298
What is 784442 plus 969253?,1753695
What is 31819016 plus 27048334?,58867350
What is 87844 plus 83393?,171237
What is 6755 plus 3953?,10708
What is 46 plus 88?,134
What is 81616145 plus 25123090?,106739235
What is 73 plus 23?,96
What is 350975647 plus 268272175?,619247822
What is 7792037 plus 5469326?,13261363
What is 3039892 plus 3956518?,6996410
What is 3084609 plus 6212360?,9296969
What is 46800 plus 23853?,70653
What is 897 plus 337?,1234
What is 6402897200 plus 3089824783?,9492721983
What is 5890950 plus 7444505?,13335455
What is 5734990772 plus 1308674518?,7043665290
What is 20577487 plus 43485455?,64062942
What is 233023 plus 225468?,458491
What is 6838 plus 8926?,15764
What is 6294086731 plus 6868751338?,13162838069
What is 841574900 plus 509694027?,1351268927
What is 3723459 plus 6522616?,10246075
What is 127369990 plus 499674091?,627044081
What is 3617054 plus 5595032?,9212086
What is 4897974 plus 8780220?,13678194
What is 715983066 plus 987929549?,1703912615
What is 38366799 plus 91368856?,129735655
What is 6542 plus 8504?,15046
What is 571 plus 141?,712
What is 728235599 plus 490914577?,1219150176
What is 45550856 plus 37136894?,82687750
What is 1186 plus 9868?,11054
What is 2421126812 plus 9578396912?,11999523724
What is 10817586 plus 85936832?,96754418
What is 207482 plus 466060?,673542
What is 5831 plus 6504?,12335
What is 16 plus 46?,62
What is 5127 plus 3570?,8697
What is 517 plus 142?,659
What is 4131912 plus 1474669?,5606581
What is 391163 plus 327353?,718516
What is 2797 plus 9961?,12758
What is 52569 plus 71871?,124440
What is 5525762 plus 4700983?,10226745
What is 3538865057 plus 3744108149?,7282973206
What is 98 plus 66?,164
What is 81798228 plus 19512188?,101310416
What is 10095496 plus 52055735?,62151231
What is 81324 plus 68771?,150095
What is 224 plus 662?,886
What is 4303551969 plus 9430260066?,13733812035
What is 465170850 plus 363211113?,828381963
What is 57713039 plus 41606505?,99319544
What is 454181477 plus 646244259?,1100425736
What is 5035832 plus 3794220?,8830052
What is 7371459 plus 5455014?,12826473
What is 81 plus 46?,127
What is 3111517307 plus 4590978997?,7702496304
What is 1168771969 plus 3725754682?,4894526651
What is 82013 plus 77961?,159974
What is 12084 plus 29209?,41293
What is 73058 plus 28402?,101460
What is 20476073 plus 86462716?,106938789
What is 327324 plus 613099?,940423
What is 16 plus 81?,97
What is 47527691 plus 17571708?,65099399
What is 831865 plus 120103?,951968
What is 71293295 plus 60739599?,132032894
What is 23 plus 44?,67
What is 291514 plus 142492?,434006
What is 6169594704 plus 1294923479?,7464518183
What is 1367 plus 7305?,8672
What is 1550 plus 4440?,5990
What is 819757040 plus 993276526?,1813033566
What is 12 plus 79?,91
What is 1437192 plus 8797170?,10234362
What is 65213473 plus 68669172?,133882645
What is 9362510 plus 4559142?,13921652
What is 68 plus 16?,84
What is 840762833 plus 371765949?,1212528782
What is 981267 plus 400312?,1381579
What is 4704924076 plus 8498267406?,13203191482
What is 332226 plus 109885?,442111
What is 625 plus 278?,903
What is 913 plus 622?,1535
What is 78774 plus 11778?,90552
What is 45 plus 29?,74
What is 3781369985 plus 2078637804?,5860007789
What is 40548 plus 82420?,122968
What is 614295 plus 219129?,833424
What is 50155219 plus 59042962?,109198181
What is 2097 plus 2303?,4400
What is 147456 plus 406558?,554014
What is 1636 plus 7305?,8941
What is 8468048015 plus 4739346552?,13207394567
What is 6150 plus 6833?,12983
What is 19492695 plus 71495838?,90988533
What is 54775 plus 43963?,98738
What is 9220016805 plus 8886134282?,18106151087
What is 13 plus 47?,60
What is 36328710 plus 38230033?,74558743
What is 6895 plus 5486?,12381
What is 74387578 plus 66354393?,140741971
What is 2769044253 plus 2954160591?,5723204844
What is 94080 plus 88269?,182349
What is 39616 plus 14470?,54086
What is 6058680 plus 5610444?,11669124
What is 8246722445 plus 4666505393?,12913227838
What is 4192 plus 2565?,6757
What is 1332015643 plus 5606846188?,6938861831
What is 30834979 plus 41594783?,72429762
What is 84 plus 36?,120
What is 3113906740 plus 9957334112?,13071240852
What is 55117 plus 20354?,75471
What is 319045 plus 317469?,636514
What is 26 plus 58?,84
What is 398507 plus 969991?,1368498
What is 77708480 plus 22518764?,100227244
What is 2008 plus 2451?,4459
What is 6424214 plus 5008954?,11433168
What is 6032990 plus 1391597?,7424587
What is 915050027 plus 629609001?,1544659028
What is 69954103 plus 78699029?,148653132
What is 3790659317 plus 3256126625?,7046785942
What is 92931 plus 61160?,154091
What is 31933 plus 89779?,121712
What is 409831 plus 320576?,730407
What is 8550 plus 3121?,11671
What is 4512948372 plus 6747640767?,11260589139
What is 405481819 plus 324416346?,729898165
What is 576870480 plus 845638695?,1422509175
What is 248351921 plus 649816961?,898168882
What is 166160896 plus 476800811?,642961707
What is 9837 plus 2245?,12082
What is 1888 plus 6053?,7941
What is 5266 plus 3840?,9106
What is 8704481162 plus 5793281742?,14497762904
What is 7754378 plus 6067213?,13821591
What is 56167364 plus 88221182?,144388546
What is 7428848 plus 7920010?,15348858
What is 5416401 plus 3030583?,8446984
What is 4321975 plus 9977008?,14298983
What is 50944481 plus 97533560?,148478041
What is 640639841 plus 863891731?,1504531572
What is 594303 plus 590776?,1185079
What is 136953866 plus 641329838?,778283704
What is 668783341 plus 408599105?,1077382446
What is 143 plus 835?,978
What is 3355 plus 6438?,9793
What is 7392703237 plus 8395840272?,15788543509
What is 14 plus 35?,49
What is 5796361950 plus 9100605278?,14896967228
What is 7180 plus 7372?,14552
What is 99 plus 10?,109
What is 22891 plus 76604?,99495
What is 3632785 plus 5064747?,8697532
What is 5029633 plus 3497350?,8526983
What is 34120087 plus 75410831?,109530918
What is 616 plus 776?,1392
What is 4528 plus 3110?,7638
What is 4750022975 plus 5199958873?,9949981848
What is 52890 plus 10405?,63295
What is 42051 plus 30341?,72392
What is 2444814529 plus 7151974962?,9596789491
What is 21 plus 35?,56
What is 738 plus 699?,1437
What is 797 plus 956?,1753
What is 35862 plus 59477?,95339
What is 511687 plus 593487?,1105174
What is 9464 plus 4411?,13875
What is 726367211 plus 174991617?,901358828
What is 352896 plus 776891?,1129787
What is 4254 plus 8658?,12912
What is 97069580 plus 95817783?,192887363
What is 924890 plus 185752?,1110642
What is 9410 plus 3550?,12960
What is 27381 plus 52026?,79407
What is 5416847 plus 5533128?,10949975
What is 82 plus 50?,132
What is 699 plus 163?,862
What is 50 plus 93?,143
What is 286094 plus 825197?,1111291
What is 752 plus 590?,1342
What is 9023 plus 6053?,15076
What is 61 plus 74?,135
What is 32 plus 58?,90
What is 503878883 plus 234232103?,738110986
What is 94582 plus 40750?,135332
What is 272908698 plus 691619941?,964528639
What is 32252 plus 88953?,121205
What is 8286 plus 3204?,11490
What is 8619 plus 8601?,17220
What is 3004882219 plus 1558020821?,4562903040
What is 54 plus 69?,123
What is 879367 plus 856476?,1735843
What is 94 plus 45?,139
What is 42471 plus 66969?,109440
What is 5544409 plus 9250485?,14794894
What is 39549 plus 46036?,85585
What is 643474 plus 785971?,1429445
What is 53557 plus 82196?,135753
What is 8884 plus 2863?,11747
What is 99 plus 13?,112
What is 1252992013 plus 4374828654?,5627820667
What is 9594416702 plus 5712311569?,15306728271
What is 17 plus 10?,27
What is 64 plus 97?,161
What is 624050715 plus 614308370?,1238359085
What is 906431015 plus 168386726?,1074817741
What is 936403537 plus 296671197?,1233074734
What is 9978235 plus 5375337?,15353572
What is 129657 plus 605799?,735456
What is 87228 plus 46530?,133758
What is 18091686 plus 21899417?,39991103
What is 503661806 plus 247221884?,750883690
What is 98764558 plus 15083379?,113847937
What is 397890172 plus 337016972?,734907144
What is 66968893 plus 15920363?,82889256
What is 13 plus 81?,94
What is 49550 plus 72855?,122405
What is 47444 plus 55028?,102472
What is 350280826 plus 870797539?,1221078365
What is 467 plus 923?,1390
What is 79 plus 31?,110
What is 857444973 plus 835137098?,1692582071
What is 904544 plus 592903?,1497447
What is 822327 plus 590587?,1412914
What is 5313 plus 2482?,7795
What is 8800821 plus 2951708?,11752529
What is 35 plus 99?,134
What is 5790 plus 2275?,8065
What is 5029 plus 1548?,6577
What is 1734695671 plus 1170582856?,2905278527
What is 1058124241 plus 3344018430?,4402142671
What is 27034484 plus 26873756?,53908240
What is 577599969 plus 982136202?,1559736171
What is 94379564 plus 18206150?,112585714
What is 3157966 plus 4771744?,7929710
What is 9101 plus 5294?,14395
What is 9128437 plus 3956973?,13085410
What is 4759119 plus 9733516?,14492635
What is 9980970 plus 5580563?,15561533
What is 29146121 plus 64351967?,93498088
What is 7983901 plus 8566359?,16550260
What is 5237709 plus 6318977?,11556686
What is 71673692 plus 83356735?,155030427
What is 667 plus 140?,807
What is 7170 plus 9397?,16567
What is 4488 plus 5416?,9904
What is 1164133 plus 1866274?,3030407
What is 3329718018 plus 3350915236?,6680633254
What is 23911672 plus 86342014?,110253686
What is 86 plus 35?,121
What is 78997789 plus 60929138?,139926927
What is 8779674374 plus 7506204494?,16285878868
What is 213 plus 636?,849
What is 882 plus 391?,1273
What is 657179 plus 277654?,934833
What is 4241 plus 3866?,8107
What is 6078 plus 7571?,13649
What is 9327660253 plus 1211064714?,10538724967
What is 218 plus 775?,993
What is 7731 plus 9582?,17313
What is 4316383 plus 3464210?,7780593
What is 2768835 plus 6458557?,9227392
What is 91 plus 40?,131
What is 7243013 plus 3007898?,10250911
What is 173416169 plus 762110612?,935526781
What is 600036 plus 739895?,1339931
What is 10507 plus 92158?,102665
What is 13208 plus 82688?,95896
What is 761026386 plus 981697066?,1742723452
What is 339 plus 193?,532
What is 7650122783 plus 2670925683?,10321048466
What is 1618595 plus 2222376?,3840971
What is 513 plus 457?,970
What is 6855 plus 7145?,14000
What is 7378748771 plus 3254346556?,10633095327
What is 60 plus 42?,102
What is 30292 plus 49698?,79990
What is 516802606 plus 852348755?,1369151361
What is 154 plus 691?,845
What is 5954594095 plus 1275442330?,7230036425
What is 252629940 plus 550019529?,802649469
What is 152575 plus 212578?,365153
What is 19101684 plus 62864359?,81966043
What is 576566368 plus 108780920?,685347288
What is 392 plus 679?,1071
What is 947243 plus 417049?,1364292
What is 6519116175 plus 7883969759?,14403085934
What is 913 plus 628?,1541
What is 28995906 plus 52768892?,81764798
What is 9583321 plus 3335181?,12918502
What is 678326928 plus 950625748?,1628952676
What is 2724374 plus 2925032?,5649406
What is 213743 plus 951195?,1164938
What is 192026 plus 625653?,817679
What is 8860 plus 7533?,16393
What is 694268 plus 692500?,1386768
What is 8091401171 plus 8604534556?,16695935727
What is 227968515 plus 762602886?,990571401
What is 8384 plus 5781?,14165
What is 128183859 plus 342129814?,470313673
What is 42513170 plus 10762099?,53275269
What is 45 plus 25?,70
What is 8719 plus 3803?,12522
What is 267825 plus 368142?,635967
What is 314142 plus 349142?,663284
What is 93 plus 71?,164
What is 3879176939 plus 8759559962?,12638736901
What is 12580 plus 92324?,104904
What is 40 plus 49?,89
What is 74940 plus 43112?,118052
What is 2811 plus 2224?,5035
What is 178100763 plus 359148891?,537249654
What is 2001042 plus 7161373?,9162415
What is 871 plus 939?,1810
What is 419502331 plus 584777007?,1004279338
What is 85120122 plus 81092601?,166212723
What is 642779 plus 883145?,1525924
What is 992 plus 542?,1534
What is 87398023 plus 35216971?,122614994
What is 4440485874 plus 9014925654?,13455411528
What is 34393 plus 57278?,91671
What is 4576299 plus 6899115?,11475414
What is 142290784 plus 480845267?,623136051
What is 75208511 plus 80906743?,156115254
What is 9867510 plus 6830200?,16697710
What is 25 plus 87?,112
What is 4906974 plus 1450725?,6357699
What is 933 plus 978?,1911
What is 598 plus 962?,1560
What is 35605555 plus 14616540?,50222095
What is 9341021 plus 3963315?,13304336
What is 39751445 plus 81244582?,120996027
What is 4030356083 plus 8348121198?,12378477281
What is 682063 plus 921906?,1603969
What is 43845 plus 13132?,56977
What is 541593874 plus 234135654?,775729528
What is 26736 plus 46006?,72742
What is 9953494364 plus 8123639428?,18077133792
What is 1408 plus 8703?,10111
What is 835956 plus 595735?,1431691
What is 7462112 plus 3658925?,11121037
What is 974929 plus 823307?,1798236
What is 4782951 plus 6800284?,11583235
What is 989993 plus 774810?,1764803
What is 10096 plus 29563?,39659
What is 3404322824 plus 2109910937?,5514233761
What is 96856673 plus 38172170?,135028843
What is 9410 plus 9109?,18519
What is 1240960807 plus 6975701498?,8216662305
What is 28062082 plus 42889131?,70951213
What is 161284591 plus 631576687?,792861278
What is 416674711 plus 492198649?,908873360
What is 8807 plus 4154?,12961
What is 2875794130 plus 6129444162?,9005238292
What is 8523940695 plus 3556170094?,12080110789
What is 1755 plus 4883?,6638
What is 814542 plus 531735?,1346277
What is 576048743 plus 487817278?,1063866021
What is 48145 plus 89401?,137546
What is 3586604 plus 1702194?,5288798
What is 55846 plus 42503?,98349
What is 6040083 plus 5157623?,11197706
What is 909210059 plus 561928197?,1471138256
What is 28571210 plus 81048945?,109620155
What is 567491888 plus 990826604?,1558318492
What is 959658 plus 174782?,1134440
What is 76721 plus 28492?,105213
What is 98 plus 27?,125
What is 9731 plus 8398?,18129
What is 831 plus 919?,1750
What is 458986910 plus 247386240?,706373150
What is 74 plus 40?,114
What is 6086177798 plus 6195946767?,12282124565
What is 9522 plus 6954?,16476
What is 94646 plus 38250?,132896
What is 448273 plus 963302?,1411575
What is 59 plus 50?,109
What is 2097815 plus 4376595?,6474410
What is 38 plus 83?,121
What is 100201 plus 724010?,824211
What is 934 plus 569?,1503
What is 42335146 plus 57254050?,99589196
What is 656542633 plus 293252913?,949795546
What is 8784 plus 1342?,10126
What is 622457877 plus 484531559?,1106989436
What is 70945114 plus 48331842?,119276956
What is 51 plus 42?,93
What is 13428996 plus 23656906?,37085902
What is 35 plus 36?,71
What is 23 plus 71?,94
What is 6612856352 plus 3677604639?,10290460991
What is 50 plus 56?,106
What is 7608132012 plus 2533677140?,10141809152
What is 7785 plus 9473?,17258
What is 851 plus 700?,1551
What is 2045781 plus 6159529?,8205310
What is 867046382 plus 546711373?,1413757755
What is 8013356 plus 9275086?,17288442
What is 255082 plus 268961?,524043
What is 579310717 plus 461453723?,1040764440
What is 7789920 plus 6974788?,14764708
What is 13 plus 74?,87
What is 2536575 plus 4228416?,6764991
What is 229 plus 423?,652
What is 62382 plus 87518?,149900
What is 3882317546 plus 9380756867?,13263074413
What is 303408814 plus 752604229?,1056013043
What is 326343275 plus 898084334?,1224427609
What is 62566452 plus 23659947?,86226399
What is 3835762652 plus 5390061416?,9225824068
What is 4211 plus 4538?,8749
What is 804957 plus 387349?,1192306
What is 3655945409 plus 2629148586?,6285093995
What is 6238 plus 5328?,11566
What is 953 plus 707?,1660
What is 42599 plus 35670?,78269
What is 5096407962 plus 4666742612?,9763150574
What is 216214 plus 766921?,983135
What is 89 plus 79?,168
What is 5807890322 plus 3100177618?,8908067940
What is 491607 plus 680128?,1171735
What is 8738041 plus 2950097?,11688138
What is 2577927692 plus 6519965234?,9097892926
What is 64 plus 82?,146
What is 784141 plus 632621?,1416762
What is 2753186 plus 8957294?,11710480
What is 38613761 plus 10920107?,49533868
What is 28143690 plus 95256689?,123400379
What is 15652628 plus 19297542?,34950170
What is 8398490 plus 7345410?,15743900
What is 41612 plus 29670?,71282
What is 544068 plus 489471?,1033539
What is 980887 plus 500499?,1481386
What is 8586 plus 9779?,18365
What is 47220874 plus 67384721?,114605595
What is 62955 plus 94011?,156966
What is 53397 plus 15588?,68985
What is 6284 plus 7321?,13605
What is 52 plus 70?,122
What is 4122366314 plus 7884287271?,12006653585
What is 58866860 plus 87656141?,146523001
What is 8008749093 plus 3453908786?,11462657879
What is 734219434 plus 301442446?,1035661880
What is 583600 plus 147983?,731583
What is 92800015 plus 50828528?,143628543
What is 581056344 plus 897178125?,1478234469
What is 310720 plus 816908?,1127628
What is 5242676 plus 4596028?,9838704
What is 1743239456 plus 1025215437?,2768454893
What is 970 plus 677?,1647
What is 27629444 plus 51279250?,78908694
What is 260 plus 132?,392
What is 3963756355 plus 2461005607?,6424761962
What is 694418662 plus 124787965?,819206627
What is 23029 plus 37042?,60071
What is 386616 plus 139712?,526328
What is 27434401 plus 66219482?,93653883
What is 7572 plus 2036?,9608
What is 40069 plus 47588?,87657
What is 8946575 plus 9138308?,18084883
What is 1067166984 plus 4146674028?,5213841012
What is 36244438 plus 89844927?,126089365
What is 1349 plus 8960?,10309
What is 84247882 plus 97936346?,182184228
What is 179 plus 862?,1041
What is 790419033 plus 239753098?,1030172131
What is 88252 plus 97294?,185546
What is 74407 plus 23222?,97629
What is 790670312 plus 650056352?,1440726664
What is 188236 plus 708966?,897202
What is 7001462862 plus 4831084586?,11832547448
What is 7607619576 plus 1775243260?,9382862836
What is 61748 plus 69083?,130831
What is 806 plus 349?,1155
What is 83102475 plus 82392120?,165494595
What is 1543 plus 8361?,9904
What is 55792119 plus 30590099?,86382218
What is 9997518 plus 7879343?,17876861
What is 4476697 plus 4231473?,8708170
What is 1423481 plus 3103452?,4526933
What is 8598300760 plus 1734006430?,10332307190
What is 81120207 plus 75750231?,156870438
What is 34459316 plus 23872870?,58332186
What is 611038 plus 656674?,1267712
What is 72832 plus 19601?,92433
What is 3822544628 plus 4668818296?,8491362924
What is 49653 plus 12180?,61833
What is 1464687151 plus 8292896324?,9757583475
What is 48973 plus 13795?,62768
What is 9697 plus 4382?,14079
What is 566 plus 922?,1488
What is 6013 plus 7661?,13674
What is 2941295952 plus 8661654734?,11602950686
What is 28047927 plus 71118714?,99166641
What is 68134 plus 76548?,144682
What is 6071497 plus 3900336?,9971833
What is 689176 plus 845424?,1534600
What is 673597 plus 601641?,1275238
What is 159487 plus 210718?,370205
What is 4388 plus 6799?,11187
What is 2353252792 plus 4387904378?,6741157170
What is 430 plus 606?,1036
What is 9598488 plus 1155984?,10754472
What is 344 plus 551?,895
What is 5236802353 plus 8942280576?,14179082929
What is 60748791 plus 54101309?,114850100
What is 69951 plus 84041?,153992
What is 368737883 plus 760478126?,1129216009
What is 9120012 plus 1932136?,11052148
What is 91171363 plus 36441497?,127612860
What is 70586 plus 83312?,153898
What is 22633549 plus 64409920?,87043469
What is 224680 plus 466662?,691342
What is 7588 plus 3447?,11035
What is 5092635 plus 4703299?,9795934
What is 3735597091 plus 8047481857?,11783078948
What is 332 plus 696?,1028
What is 193 plus 185?,378
What is 41627251 plus 30263198?,71890449
What is 8164467871 plus 9153371365?,17317839236
What is 46178 plus 74669?,120847
What is 713752 plus 742845?,1456597
What is 50932832 plus 34722683?,85655515
What is 31 plus 63?,94
What is 546702 plus 241239?,787941
What is 255 plus 138?,393
What is 73 plus 78?,151
What is 305 plus 662?,967
What is 374 plus 872?,1246
What is 41009 plus 32466?,73475
What is 73086655 plus 93756679?,166843334
What is 6772022659 plus 2369287650?,9141310309
What is 934 plus 165?,1099
What is 462 plus 367?,829
What is 8222849269 plus 8611994957?,16834844226
What is 7503843 plus 2115869?,9619712
What is 102 plus 507?,609
What is 79483537 plus 99232217?,178715754
What is 4317706 plus 3173383?,7491089
What is 263 plus 349?,612
What is 7075 plus 8346?,15421
What is 33893 plus 25804?,59697
What is 38 plus 90?,128
What is 5088664 plus 9804809?,14893473
What is 793122 plus 525709?,1318831
What is 4101513 plus 4738423?,8839936
What is 5144278 plus 3934051?,9078329
What is 9261162122 plus 7505118707?,16766280829
What is 242550 plus 635241?,877791
What is 149574 plus 394830?,544404
What is 63252 plus 50805?,114057
What is 9686575560 plus 9954635334?,19641210894
What is 711161137 plus 224166682?,935327819
What is 68 plus 96?,164
What is 64239479 plus 50382584?,114622063
What is 615723932 plus 728300851?,1344024783
What is 35 plus 97?,132
What is 440421334 plus 685651080?,1126072414
What is 380 plus 449?,829
What is 3579116149 plus 7943376525?,11522492674
What is 1991 plus 2471?,4462
What is 57 plus 66?,123
What is 834215068 plus 397800982?,1232016050
What is 275 plus 630?,905
What is 806 plus 768?,1574
What is 33831 plus 31907?,65738
What is 52287 plus 47163?,99450
What is 6507606408 plus 9509563438?,16017169846
What is 47 plus 84?,131
What is 248 plus 260?,508
What is 1609207 plus 1503960?,3113167
What is 9095735488 plus 2621998666?,11717734154
What is 484238 plus 698840?,1183078
What is 8846963307 plus 8375399226?,17222362533
What is 76 plus 87?,163
What is 68 plus 25?,93
What is 494484 plus 522593?,1017077
What is 6481456625 plus 8413226345?,14894682970
What is 55 plus 95?,150
What is 4005571 plus 8268655?,12274226
What is 142 plus 553?,695
What is 651 plus 510?,1161
What is 6318 plus 3878?,10196
What is 1275022062 plus 6377407019?,7652429081
What is 84394 plus 87692?,172086
What is 558795784 plus 688268202?,1247063986
What is 583 plus 529?,1112
What is 692409 plus 431159?,1123568
What is 54 plus 52?,106
What is 891104 plus 833584?,1724688
What is 134503 plus 612097?,746600
What is 4141504 plus 2222373?,6363877
What is 4706 plus 4579?,9285
What is 8166357074 plus 1537961390?,9704318464
What is 4925098885 plus 3808791202?,8733890087
What is 215 plus 807?,1022
What is 25003 plus 72626?,97629
What is 2225019 plus 7935706?,10160725
What is 922386 plus 488099?,1410485
What is 4397915508 plus 8002775831?,12400691339
What is 7900978999 plus 8641500281?,16542479280
What is 65 plus 82?,147
What is 50205940 plus 20113410?,70319350
What is 9916 plus 2599?,12515
What is 26931 plus 24433?,51364
What is 6300332 plus 5263512?,11563844
What is 9804039 plus 5611138?,15415177
What is 9705233 plus 2718902?,12424135
What is 65252228 plus 79853970?,145106198
What is 9221360987 plus 6079203830?,15300564817
What is 189379216 plus 159438193?,348817409
What is 3274025 plus 7674516?,10948541
What is 650535755 plus 748067762?,1398603517
What is 362 plus 686?,1048
What is 20 plus 17?,37
What is 97375 plus 63995?,161370
What is 288 plus 348?,636
What is 35 plus 25?,60
What is 748 plus 118?,866
What is 80 plus 57?,137
What is 11 plus 56?,67
What is 2275102442 plus 3177750666?,5452853108
What is 73113 plus 40762?,113875
What is 6167 plus 9389?,15556
What is 605005584 plus 821507220?,1426512804
What is 56 plus 88?,144
What is 58 plus 93?,151
What is 511047294 plus 139986284?,651033578
What is 210 plus 571?,781
What is 196 plus 136?,332
What is 2606594 plus 5269395?,7875989
What is 4222381783 plus 9389509092?,13611890875
What is 8386 plus 4783?,13169
What is 5517471783 plus 3275051781?,8792523564
What is 30094505 plus 99359618?,129454123
What is 836108 plus 773069?,1609177
What is 31 plus 73?,104
What is 538510 plus 433975?,972485
What is 3231314 plus 4707233?,7938547
What is 64 plus 90?,154
What is 3495101320 plus 2697560968?,6192662288
What is 319766319 plus 838116918?,1157883237
What is 4655976 plus 6952044?,11608020
What is 295934 plus 220647?,516581
What is 65156 plus 51328?,116484
What is 7685622167 plus 7902099573?,15587721740
What is 697059 plus 413319?,1110378
What is 4563607975 plus 6255530803?,10819138778
What is 677126927 plus 287978526?,965105453
What is 841 plus 913?,1754
What is 1596202 plus 2285293?,3881495
What is 26670 plus 88314?,114984
What is 9610 plus 1277?,10887
What is 46 plus 21?,67
What is 2428 plus 9524?,11952
What is 725549962 plus 971133089?,1696683051
What is 3241 plus 1137?,4378
What is 42320 plus 97968?,140288
What is 202014 plus 445786?,647800
What is 1775365 plus 2484359?,4259724
What is 3819126670 plus 7126811946?,10945938616
What is 601 plus 142?,743
What is 898217 plus 908170?,1806387
What is 8605721 plus 7886781?,16492502
What is 279315 plus 169413?,448728
What is 982 plus 711?,1693
What is 23 plus 54?,77
What is 28794020 plus 21109701?,49903721
What is 32467 plus 32631?,65098
What is 4822 plus 6249?,11071
What is 601056 plus 289674?,890730
What is 141778663 plus 683900046?,825678709
What is 9121 plus 7185?,16306
What is 78 plus 37?,115
What is 8156 plus 6320?,14476
What is 1415637614 plus 4497771744?,5913409358
What is 21 plus 27?,48
What is 71188910 plus 71715528?,142904438
What is 871344711 plus 221615585?,1092960296
What is 67032 plus 87129?,154161
What is 5866 plus 8391?,14257
What is 513 plus 253?,766
What is 5325528 plus 4623235?,9948763
What is 2381590 plus 7828304?,10209894
What is 64 plus 86?,150
What is 4286119514 plus 4543145005?,8829264519
What is 14429 plus 54721?,69150
What is 291165 plus 548093?,839258
What is 281793293 plus 120725525?,402518818
What is 6968496 plus 8666819?,15635315
What is 752337 plus 636445?,1388782
What is 897133 plus 178169?,1075302
What is 2156 plus 9680?,11836
What is 8243107 plus 5860273?,14103380
What is 7663927 plus 9514409?,17178336
What is 1339643132 plus 6542043126?,7881686258
What is 736 plus 687?,1423
What is 74909 plus 22274?,97183
What is 7142539 plus 9339093?,16481632
What is 6716 plus 7259?,13975
What is 794395953 plus 264521453?,1058917406
What is 7495917641 plus 2093163988?,9589081629
What is 46926878 plus 72622468?,119549346
What is 3358340953 plus 3978667401?,7337008354
What is 8833536 plus 5489463?,14322999
What is 910582 plus 183279?,1093861
What is 10743219 plus 31941480?,42684699
What is 21124 plus 19606?,40730
What is 7419 plus 5001?,12420
What is 6918 plus 1602?,8520
What is 913575155 plus 655755712?,1569330867
What is 41398 plus 90562?,131960
What is 252766 plus 628432?,881198
What is 61 plus 90?,151
What is 386919 plus 395601?,782520
What is 294877784 plus 967811714?,1262689498
What is 704890181 plus 317168020?,1022058201
What is 27240 plus 43851?,71091
What is 889049078 plus 799498631?,1688547709
What is 4948081878 plus 6759007726?,11707089604
What is 1908115347 plus 3959756760?,5867872107
What is 8558240737 plus 6929553640?,15487794377
What is 391668 plus 621240?,1012908
What is 21441 plus 70503?,91944
What is 69914349 plus 95522661?,165437010
What is 715543919 plus 861962835?,1577506754
What is 25380 plus 46971?,72351
What is 5262416 plus 2829159?,8091575
What is 2145703189 plus 8785224843?,10930928032
What is 40788609 plus 51300155?,92088764
What is 14304559 plus 47501225?,61805784
What is 17684336 plus 87853381?,105537717
What is 4345236 plus 1658322?,6003558
What is 42 plus 10?,52
What is 697 plus 557?,1254
What is 8340 plus 5043?,13383
What is 7877530 plus 3004757?,10882287
What is 7323 plus 3288?,10611
What is 3734231 plus 4218576?,7952807
What is 291852 plus 618348?,910200
What is 882763110 plus 477287914?,1360051024
What is 240 plus 748?,988
What is 93 plus 28?,121
What is 32218 plus 21143?,53361
What is 7626683 plus 5118615?,12745298
What is 45 plus 36?,81
What is 9992 plus 2869?,12861
What is 840 plus 991?,1831
What is 32950 plus 92731?,125681
What is 9324895 plus 5015028?,14339923
What is 262151246 plus 882616217?,1144767463
What is 155 plus 994?,1149
What is 118 plus 753?,871
What is 21 plus 40?,61
What is 3659686 plus 2442356?,6102042
What is 56182 plus 42370?,98552
What is 9335113 plus 7395463?,16730576
What is 2994 plus 4307?,7301
What is 3767624505 plus 9155121035?,12922745540
What is 12230299 plus 84806198?,97036497
What is 7754658639 plus 7259385763?,15014044402
What is 4944486767 plus 3810019838?,8754506605
What is 9605 plus 9590?,19195
What is 40 plus 19?,59
What is 49213661 plus 29528448?,78742109
What is 8805 plus 1072?,9877
What is 2405739 plus 9610793?,12016532
What is 48451 plus 23818?,72269
What is 68 plus 32?,100
What is 992 plus 463?,1455
What is 80829 plus 68906?,149735
What is 2049 plus 7448?,9497
What is 6586 plus 2118?,8704
What is 197 plus 503?,700
What is 2023375 plus 8098570?,10121945
What is 52 plus 10?,62
What is 21765 plus 88557?,110322
What is 81957 plus 43198?,125155
What is 70592371 plus 36283064?,106875435
What is 64686 plus 34229?,98915
What is 671654 plus 708525?,1380179
What is 697 plus 416?,1113
What is 9449 plus 4040?,13489
What is 1517432532 plus 8077210156?,9594642688
What is 1130 plus 4450?,5580
What is 935036 plus 471005?,1406041
What is 948093 plus 982511?,1930604
What is 534097 plus 421409?,955506
What is 1594407 plus 9850075?,11444482
What is 9274 plus 7164?,16438
What is 366 plus 397?,763
What is 390850 plus 699231?,1090081
What is 8877755057 plus 5950164867?,14827919924
What is 82185 plus 22263?,104448
What is 74362 plus 76112?,150474
What is 47 plus 99?,146
What is 5200 plus 5257?,10457
What is 546 plus 827?,1373
What is 834771 plus 281337?,1116108
What is 88101062 plus 46410507?,134511569
What is 410664 plus 123863?,534527
What is 583241 plus 339764?,923005
What is 801266144 plus 281588257?,1082854401
What is 313 plus 347?,660
What is 8089 plus 5768?,13857
What is 3814 plus 9417?,13231
What is 348 plus 220?,568
What is 225754677 plus 188591132?,414345809
What is 7921073 plus 5101815?,13022888
What is 4175 plus 4341?,8516
What is 5242 plus 3419?,8661
What is 92198986 plus 70982852?,163181838
What is 19 plus 94?,113
What is 51685 plus 30907?,82592
What is 835000926 plus 314820118?,1149821044
What is 28033284 plus 85203186?,113236470
What is 302164 plus 859316?,1161480
What is 258 plus 410?,668
What is 423 plus 819?,1242
What is 93 plus 20?,113
What is 31145 plus 66482?,97627
What is 9430444 plus 6644479?,16074923
What is 8139520 plus 3444030?,11583550
What is 49252 plus 66783?,116035
What is 32 plus 57?,89
What is 638025980 plus 550941773?,1188967753
What is 4051568554 plus 8225104428?,12276672982
What is 43 plus 58?,101
What is 643122394 plus 720688992?,1363811386
What is 52210920 plus 40489655?,92700575
What is 971285 plus 607242?,1578527
What is 7553 plus 1099?,8652
What is 2916 plus 9571?,12487
What is 670 plus 894?,1564
What is 209634 plus 501167?,710801
What is 3705775 plus 9118217?,12823992
What is 971846 plus 288377?,1260223
What is 412556 plus 947670?,1360226
What is 5667272 plus 1330603?,6997875
What is 40 plus 66?,106
What is 4892881311 plus 9506063890?,14398945201
What is 7573 plus 3194?,10767
What is 31 plus 30?,61
What is 98811675 plus 60968018?,159779693
What is 746964326 plus 909501989?,1656466315
What is 13237 plus 56608?,69845
What is 13769 plus 38879?,52648
What is 40 plus 13?,53
What is 853 plus 596?,1449
What is 79094 plus 27305?,106399
What is 808188230 plus 106472213?,914660443
What is 930 plus 836?,1766
What is 8117086 plus 8352343?,16469429
What is 5202 plus 4786?,9988
What is 15428935 plus 68184055?,83612990
What is 59 plus 53?,112
What is 76 plus 93?,169
What is 8530863983 plus 1060750148?,9591614131
What is 3711075065 plus 5562218270?,9273293335
What is 3922397 plus 6353951?,10276348
What is 79337 plus 92842?,172179
What is 213136 plus 458668?,671804
What is 770250 plus 470319?,1240569
What is 98 plus 23?,121
What is 70160001 plus 37561392?,107721393
What is 9032811420 plus 6818994630?,15851806050
What is 854509485 plus 120846351?,975355836
What is 282635 plus 625224?,907859
What is 34720 plus 63888?,98608
What is 749550262 plus 828242548?,1577792810
What is 2246946 plus 8061348?,10308294
What is 547953 plus 416905?,964858
What is 436111800 plus 281036997?,717148797
What is 1505 plus 4535?,6040
What is 143542 plus 857418?,1000960
What is 76233 plus 38932?,115165
What is 896972 plus 196405?,1093377
What is 11404773 plus 34775888?,46180661
What is 6495 plus 4648?,11143
What is 702526 plus 209975?,912501
What is 923414 plus 311105?,1234519
What is 3032690 plus 3022119?,6054809
What is 44 plus 86?,130
What is 641689733 plus 254849802?,896539535
What is 192332799 plus 347551465?,539884264
What is 91129 plus 31176?,122305
What is 3392921 plus 5443416?,8836337
What is 905065 plus 411013?,1316078
What is 8119729139 plus 5555602987?,13675332126
What is 62320085 plus 10582354?,72902439
What is 187134022 plus 985856359?,1172990381
What is 272 plus 560?,832
What is 1877149195 plus 9499628076?,11376777271
What is 835 plus 972?,1807
What is 6927291086 plus 1798165478?,8725456564
What is 3570099 plus 1704686?,5274785
What is 2482027 plus 5766173?,8248200
What is 26932 plus 92614?,119546
What is 1907 plus 8776?,10683
What is 570 plus 697?,1267
What is 472 plus 363?,835
What is 6068270922 plus 5653296829?,11721567751
What is 258633322 plus 358804843?,617438165
What is 650190367 plus 559365865?,1209556232
What is 818 plus 664?,1482
What is 8502059977 plus 1038356028?,9540416005
What is 704737656 plus 259557415?,964295071
What is 86 plus 87?,173
What is 439716752 plus 167256662?,606973414
What is 60873 plus 37337?,98210
What is 1837 plus 9512?,11349
What is 9553 plus 4958?,14511
What is 952260 plus 327699?,1279959
What is 8901817039 plus 7029769476?,15931586515
What is 2517 plus 8437?,10954
What is 56 plus 68?,124
What is 37266801 plus 71866956?,109133757
What is 762975750 plus 583783958?,1346759708
What is 908424490 plus 711178347?,1619602837
What is 977386658 plus 429358022?,1406744680
What is 502 plus 289?,791
What is 17153526 plus 61437761?,78591287
What is 3720555109 plus 3251353984?,6971909093
What is 610 plus 415?,1025
What is 332920 plus 905374?,1238294
What is 35427987 plus 80363911?,115791898
What is 776 plus 530?,1306
What is 950374238 plus 535462714?,1485836952
What is 6280 plus 2909?,9189
What is 204273 plus 312975?,517248
What is 93671 plus 83239?,176910
What is 143596636 plus 699539853?,843136489
What is 610151231 plus 420016152?,1030167383
What is 27 plus 58?,85
What is 97509831 plus 36467519?,133977350
What is 8815953357 plus 8546351469?,17362304826
What is 678 plus 986?,1664
What is 9604086 plus 7011426?,16615512
What is 4493967 plus 5477129?,9971096
What is 292907707 plus 605907522?,898815229
What is 43927 plus 40151?,84078
What is 267463574 plus 739133286?,1006596860
What is 793 plus 525?,1318
What is 51509 plus 13894?,65403
What is 10 plus 93?,103
What is 354739782 plus 902846849?,1257586631
What is 502239574 plus 244719379?,746958953
What is 714767 plus 184814?,899581
What is 79119 plus 18199?,97318
What is 41132188 plus 59049308?,100181496
What is 4490 plus 5613?,10103
What is 926808 plus 857823?,1784631
What is 40119006 plus 36578062?,76697068
What is 4882 plus 7494?,12376
What is 273890 plus 759737?,1033627
What is 83 plus 90?,173
What is 709 plus 522?,1231
What is 896106 plus 632270?,1528376
What is 70 plus 72?,142
What is 6718 plus 8060?,14778
What is 597261806 plus 649110675?,1246372481
What is 9550962731 plus 3559891138?,13110853869
What is 228 plus 296?,524
What is 51889210 plus 10343194?,62232404
What is 244129940 plus 634096262?,878226202
What is 8502 plus 8377?,16879
What is 85518 plus 11232?,96750
What is 67340729 plus 70855979?,138196708
What is 2975 plus 9385?,12360
What is 25865 plus 55661?,81526
What is 11913700 plus 18782026?,30695726
What is 86 plus 45?,131
What is 7180320602 plus 5672143735?,12852464337
What is 544 plus 868?,1412
What is 1078836 plus 9935663?,11014499
What is 1703 plus 9480?,11183
What is 1324 plus 8349?,9673
What is 8564490 plus 7330559?,15895049
What is 55133378 plus 55248366?,110381744
What is 3281673671 plus 7744996581?,11026670252
What is 38087 plus 77281?,115368
What is 7305623 plus 7403986?,14709609
What is 288966212 plus 147016391?,435982603
What is 821673 plus 313077?,1134750
What is 67767 plus 53986?,121753
What is 139 plus 480?,619
What is 1014 plus 1479?,2493
What is 7910248532 plus 4364004651?,12274253183
What is 9153721941 plus 7084768716?,16238490657
What is 39 plus 88?,127
What is 606988 plus 582707?,1189695
What is 68584 plus 62811?,131395
What is 710275 plus 921866?,1632141
What is 8059765 plus 3533725?,11593490
What is 630295743 plus 916747844?,1547043587
What is 783 plus 271?,1054
What is 769 plus 277?,1046
What is 868204927 plus 644394161?,1512599088
What is 60 plus 63?,123
What is 721 plus 957?,1678
What is 6691986706 plus 6337263762?,13029250468
What is 627154 plus 606555?,1233709
What is 925 plus 154?,1079
What is 4884433 plus 9997772?,14882205
What is 1316771411 plus 7262180224?,8578951635
What is 4839228 plus 5452036?,10291264
What is 629190724 plus 252827066?,882017790
What is 460 plus 231?,691
What is 460357728 plus 754386087?,1214743815
What is 39547 plus 14782?,54329
What is 895048 plus 479561?,1374609
What is 351 plus 919?,1270
What is 5888 plus 6695?,12583
What is 5281563795 plus 3466626065?,8748189860
What is 680 plus 139?,819
What is 834401936 plus 307105920?,1141507856
What is 152952 plus 809253?,962205
What is 561 plus 225?,786
What is 57790 plus 58735?,116525
What is 471612896 plus 765781516?,1237394412
What is 758397 plus 265442?,1023839
What is 7673141 plus 6150606?,13823747
What is 9101320028 plus 3111086161?,12212406189
What is 9866032 plus 6400285?,16266317
What is 86104 plus 18247?,104351
What is 14 plus 56?,70
What is 102699651 plus 731823707?,834523358
What is 1770 plus 5665?,7435
What is 1850175 plus 6072292?,7922467
What is 76371 plus 85947?,162318
What is 468211 plus 547641?,1015852
What is 796685 plus 758401?,1555086
What is 4308 plus 5647?,9955
What is 2330953 plus 1453614?,3784567
What is 942 plus 791?,1733
What is 764452 plus 495727?,1260179
What is 109043918 plus 173146004?,282189922
What is 5779 plus 3810?,9589
What is 615 plus 778?,1393
What is 887088395 plus 204493356?,1091581751
What is 531808 plus 574076?,1105884
What is 9889609 plus 6964766?,16854375
What is 1006370773 plus 5686950273?,6693321046
What is 90929590 plus 45923323?,136852913
What is 849426 plus 787781?,1637207
What is 8794497 plus 8434058?,17228555
What is 829739 plus 852003?,1681742
What is 98 plus 33?,131
What is 4550648535 plus 3693081428?,8243729963
What is 950855445 plus 244354003?,1195209448
What is 1135 plus 3560?,4695
What is 856 plus 843?,1699
What is 7926851614 plus 7168607761?,15095459375
What is 5447531398 plus 2102724233?,7550255631
What is 8729628 plus 4077686?,12807314
What is 17 plus 74?,91
What is 10468 plus 27540?,38008
What is 892220 plus 879946?,1772166
What is 14 plus 95?,109
What is 2934 plus 4312?,7246
What is 697 plus 819?,1516
What is 460 plus 624?,1084
What is 2742333 plus 9149446?,11891779
What is 39859933 plus 20404900?,60264833
What is 464576820 plus 137472148?,602048968
What is 8422 plus 7399?,15821
What is 537265 plus 705740?,1243005
What is 872 plus 548?,1420
What is 6813747004 plus 3503964242?,10317711246
What is 13 plus 40?,53
What is 935 plus 743?,1678
What is 60627 plus 48346?,108973
What is 2092 plus 7345?,9437
What is 97 plus 94?,191
What is 3646012 plus 3565621?,7211633
What is 34194 plus 50175?,84369
What is 21 plus 49?,70
What is 568292592 plus 665250720?,1233543312
What is 7834 plus 2006?,9840
What is 1597 plus 1096?,2693
What is 73033 plus 47349?,120382
What is 8763467211 plus 5158641049?,13922108260
What is 403831526 plus 637554701?,1041386227
What is 4153 plus 7919?,12072
What is 1349 plus 5351?,6700
What is 914050794 plus 851597640?,1765648434
What is 35 plus 62?,97
What is 624923193 plus 314133023?,939056216
What is 24588 plus 62942?,87530
What is 941650 plus 431317?,1372967
What is 1925178338 plus 7667016837?,9592195175
What is 98488 plus 21077?,119565
What is 3522 plus 6914?,10436
What is 2011899 plus 8889581?,10901480
What is 423872 plus 812463?,1236335
What is 493685399 plus 394210751?,887896150
What is 6409 plus 6912?,13321
What is 919082403 plus 918398426?,1837480829
What is 992806407 plus 617292597?,1610099004
What is 3565553 plus 2017249?,5582802
What is 90 plus 52?,142
What is 5044475 plus 3091884?,8136359
What is 8569 plus 2318?,10887
What is 362 plus 645?,1007
What is 44512 plus 70993?,115505
What is 4130538489 plus 5414099871?,9544638360
What is 1510 plus 6692?,8202
What is 56021 plus 38482?,94503
What is 430437580 plus 757971692?,1188409272
What is 5960329072 plus 5466547515?,11426876587
What is 9992854768 plus 5039930934?,15032785702
What is 170 plus 811?,981
What is 4182993 plus 7071834?,11254827
What is 1805808236 plus 5720484354?,7526292590
What is 2093349 plus 5328830?,7422179
What is 122 plus 681?,803
What is 31081 plus 38827?,69908
What is 116301693 plus 759839102?,876140795
What is 6802818 plus 9050172?,15852990
What is 3147312417 plus 2690219924?,5837532341
What is 99280 plus 95036?,194316
What is 4041 plus 8059?,12100
What is 5993646954 plus 8492165077?,14485812031
What is 1518284 plus 3848299?,5366583
What is 397319 plus 802588?,1199907
What is 2067 plus 9676?,11743
What is 46 plus 12?,58
What is 65863261 plus 37919854?,103783115
What is 306202730 plus 225084219?,531286949
What is 2836 plus 9240?,12076
What is 662569895 plus 834901883?,1497471778
What is 12472 plus 75865?,88337
What is 6084104 plus 6420099?,12504203
What is 32316 plus 40602?,72918
What is 529303624 plus 739805438?,1269109062
What is 244837803 plus 264565245?,509403048
What is 402 plus 584?,986
What is 980413454 plus 328365950?,1308779404
What is 4637477 plus 5907520?,10544997
What is 37649352 plus 96106511?,133755863
What is 707717 plus 673182?,1380899
What is 74 plus 91?,165
What is 1580164 plus 1987301?,3567465
What is 26620073 plus 61932287?,88552360
What is 1411 plus 2609?,4020
What is 507 plus 671?,1178
What is 6238435568 plus 1123950750?,7362386318
What is 813630257 plus 174550198?,988180455
What is 852443 plus 130359?,982802
What is 36856 plus 90055?,126911
What is 99538 plus 90376?,189914
What is 925 plus 593?,1518
What is 39956 plus 29189?,69145
What is 2756 plus 8280?,11036
What is 7474188365 plus 3547880992?,11022069357
What is 62 plus 15?,77
What is 6534 plus 3052?,9586
What is 86005815 plus 86965749?,172971564
What is 98202 plus 88498?,186700
What is 578647 plus 385886?,964533
What is 1665085363 plus 5310470002?,6975555365
What is 22 plus 19?,41
What is 711475 plus 513466?,1224941
What is 684739 plus 296001?,980740
What is 39 plus 85?,124
What is 2108575998 plus 8618683240?,10727259238
What is 50 plus 25?,75
What is 260966 plus 191831?,452797
What is 57 plus 34?,91
What is 734917 plus 355584?,1090501
What is 20351 plus 64511?,84862
What is 847505 plus 427475?,1274980
What is 186791 plus 499305?,686096
What is 34 plus 64?,98
What is 36879767 plus 93414141?,130293908
What is 867 plus 260?,1127
What is 11 plus 80?,91
What is 86699019 plus 85423178?,172122197
What is 244 plus 820?,1064
What is 417 plus 687?,1104
What is 9041049 plus 5058671?,14099720
What is 1613728523 plus 2436185219?,4049913742
What is 378 plus 858?,1236
What is 96503219 plus 30436664?,126939883
What is 16 plus 55?,71
What is 538 plus 750?,1288
What is 123132377 plus 661307584?,784439961
What is 4696124 plus 5682561?,10378685
What is 580244315 plus 666520866?,1246765181
What is 356 plus 298?,654
What is 99976 plus 61289?,161265
What is 686869245 plus 166161453?,853030698
What is 331772366 plus 234088153?,565860519
What is 616428218 plus 225170255?,841598473
What is 4562707285 plus 5092963902?,9655671187
What is 979621 plus 273865?,1253486
What is 96839 plus 17465?,114304
What is 193 plus 827?,1020
What is 62116 plus 76964?,139080
What is 13 plus 39?,52
What is 6977 plus 3511?,10488
What is 25 plus 46?,71
What is 82311 plus 38680?,120991
What is 967859 plus 258030?,1225889
What is 1174 plus 8185?,9359
What is 8951578 plus 5215973?,14167551
What is 18310316 plus 68766675?,87076991
What is 49786 plus 83321?,133107
What is 3612484781 plus 2377429900?,5989914681
What is 576403 plus 475059?,1051462
What is 2311715388 plus 4582324896?,6894040284
What is 2901 plus 9376?,12277
What is 52 plus 62?,114
What is 379 plus 969?,1348
What is 64659 plus 66623?,131282
What is 53760256 plus 90278910?,144039166
What is 2930081 plus 9303696?,12233777
What is 8270059 plus 5213139?,13483198
What is 241434 plus 863131?,1104565
What is 7275 plus 2798?,10073
What is 2261626730 plus 7800683714?,10062310444
What is 11632069 plus 81046865?,92678934
What is 734668 plus 687479?,1422147
What is 34212 plus 61871?,96083
What is 5322 plus 2898?,8220
What is 90 plus 51?,141
What is 8852683980 plus 6057250748?,14909934728
What is 58529601 plus 24573518?,83103119
What is 6215 plus 1932?,8147
What is 739 plus 391?,1130
What is 7259380313 plus 5470297382?,12729677695
What is 4697195758 plus 8465046421?,13162242179
What is 9449 plus 9447?,18896
What is 27832391 plus 19541995?,47374386
What is 51997276 plus 37254174?,89251450
What is 94150 plus 16926?,111076
What is 8803049199 plus 1910557099?,10713606298
What is 73 plus 77?,150
What is 9769 plus 7450?,17219
What is 28 plus 86?,114
What is 78907 plus 60839?,139746
What is 60929 plus 17184?,78113
What is 13 plus 34?,47
What is 486299 plus 667929?,1154228
What is 24109600 plus 64591082?,88700682
What is 40 plus 61?,101
What is 375960 plus 147719?,523679
What is 35 plus 63?,98
What is 1159 plus 4497?,5656
What is 860703635 plus 464329249?,1325032884
What is 40536903 plus 51379240?,91916143
What is 3816 plus 7339?,11155
What is 2125 plus 6717?,8842
What is 217 plus 203?,420
What is 57297 plus 37175?,94472
What is 62 plus 63?,125
What is 744993 plus 748920?,1493913
What is 979 plus 266?,1245
What is 6091453236 plus 9645090268?,15736543504
What is 5043056 plus 3687722?,8730778
What is 52922913 plus 70748812?,123671725
What is 96698 plus 18811?,115509
What is 3528347 plus 8935677?,12464024
What is 137 plus 188?,325
What is 5351613 plus 1633859?,6985472
What is 84056 plus 35354?,119410
What is 4278026864 plus 1732088141?,6010115005
What is 41295 plus 77842?,119137
What is 182 plus 447?,629
What is 83518 plus 65889?,149407
What is 373762286 plus 127089496?,500851782
What is 3864667 plus 3208477?,7073144
What is 9628 plus 5579?,15207
What is 755682 plus 362328?,1118010
What is 8287073 plus 6147179?,14434252
What is 6874045 plus 1305063?,8179108
What is 14618003 plus 59959513?,74577516
What is 264110448 plus 869040704?,1133151152
What is 71253 plus 35626?,106879
What is 69 plus 33?,102
What is 39 plus 15?,54
What is 5525095750 plus 4313230678?,9838326428
What is 6040763076 plus 2956087545?,8996850621
What is 8997 plus 2942?,11939
What is 4358 plus 1874?,6232
What is 9938 plus 9519?,19457
What is 83604099 plus 85867746?,169471845
What is 880666390 plus 391879006?,1272545396
What is 976109 plus 941916?,1918025
What is 984549 plus 448296?,1432845
What is 32691479 plus 92224103?,124915582
What is 5400 plus 4334?,9734
What is 4940216193 plus 4938541191?,9878757384
What is 398426497 plus 569974403?,968400900
What is 1467815 plus 9232136?,10699951
What is 6281323 plus 5824838?,12106161
What is 9607773275 plus 9305267195?,18913040470
What is 4877074 plus 8996731?,13873805
What is 42 plus 75?,117
What is 48911398 plus 19225968?,68137366
What is 671961 plus 323651?,995612
What is 155 plus 763?,918
What is 68 plus 33?,101
What is 187 plus 120?,307
What is 5780295 plus 5861580?,11641875
What is 610 plus 144?,754
What is 927916 plus 718315?,1646231
What is 48009 plus 43198?,91207
What is 401270920 plus 830745186?,1232016106
What is 201 plus 427?,628
What is 71 plus 25?,96
What is 3083 plus 1811?,4894
What is 88000 plus 29376?,117376
What is 96385647 plus 21113866?,117499513
What is 24859 plus 15007?,39866
What is 2465 plus 4613?,7078
What is 10730 plus 87689?,98419
What is 59033032 plus 59939319?,118972351
What is 178131 plus 212929?,391060
What is 3898 plus 8616?,12514
What is 20886281 plus 93587334?,114473615
What is 655716 plus 593975?,1249691
What is 710422 plus 392762?,1103184
What is 325 plus 151?,476
What is 59756 plus 67333?,127089
What is 97 plus 27?,124
What is 6891884883 plus 4199666901?,11091551784
What is 587634 plus 678631?,1266265
What is 648335 plus 206081?,854416
What is 6286 plus 8869?,15155
What is 76524414 plus 11149308?,87673722
What is 31219983 plus 65171296?,96391279
What is 91 plus 77?,168
What is 4264004557 plus 7317706626?,11581711183
What is 8792144 plus 1733045?,10525189
What is 7541 plus 3120?,10661
What is 82674930 plus 39330760?,122005690
What is 2469946 plus 9294292?,11764238
What is 3076 plus 5405?,8481
What is 45 plus 10?,55
What is 604 plus 147?,751
What is 6363185 plus 7397686?,13760871
What is 638 plus 616?,1254
What is 2316 plus 1575?,3891
What is 44232 plus 55585?,99817
What is 788 plus 282?,1070
What is 76639 plus 79394?,156033
What is 594209122 plus 752774151?,1346983273
What is 421427013 plus 610117001?,1031544014
What is 3657 plus 2692?,6349
What is 56 plus 43?,99
What is 2976615871 plus 8901310966?,11877926837
What is 20659 plus 84779?,105438
What is 7161 plus 9098?,16259
What is 20073 plus 76859?,96932
What is 304974 plus 828871?,1133845
What is 15 plus 82?,97
What is 974061 plus 386216?,1360277
What is 3733710 plus 6521814?,10255524
What is 44087 plus 85750?,129837
What is 724 plus 804?,1528
What is 83 plus 27?,110
What is 48042 plus 43867?,91909
What is 919423 plus 260410?,1179833
What is 7244069704 plus 3826597878?,11070667582
What is 2112 plus 5579?,7691
What is 4873733736 plus 1106128838?,5979862574
What is 9912359076 plus 7816646852?,17729005928
What is 6715169436 plus 6609487997?,13324657433
What is 48658 plus 87955?,136613
What is 650788 plus 108159?,758947
What is 87 plus 83?,170
What is 4855863016 plus 4384481312?,9240344328
What is 2404849828 plus 4332396352?,6737246180
What is 9135739 plus 5358169?,14493908
What is 53658147 plus 64350677?,118008824
What is 8761676 plus 3169838?,11931514
What is 2791356 plus 3825655?,6617011
What is 91 plus 59?,150
What is 171 plus 313?,484
What is 28152 plus 70779?,98931
What is 4464346675 plus 8336185072?,12800531747
What is 376 plus 688?,1064
What is 1732096 plus 7809794?,9541890
What is 254807484 plus 533270734?,788078218
What is 25854708 plus 27954035?,53808743
What is 2455531 plus 5206441?,7661972
What is 59 plus 75?,134
What is 717327 plus 135271?,852598
What is 827674297 plus 420288610?,1247962907
What is 49 plus 18?,67
What is 3701 plus 6545?,10246
What is 68384 plus 96230?,164614
What is 8337073 plus 5340021?,13677094
What is 19984512 plus 59795786?,79780298
What is 23810 plus 37786?,61596
What is 13 plus 11?,24
What is 11110 plus 45436?,56546
What is 945456 plus 151765?,1097221
What is 920 plus 491?,1411
What is 842590121 plus 975636905?,1818227026
What is 302702516 plus 327507627?,630210143
What is 378674299 plus 303712992?,682387291
What is 112399 plus 910951?,1023350
What is 55955086 plus 36948708?,92903794
What is 8359 plus 7988?,16347
What is 57107414 plus 19596484?,76703898
What is 27802722 plus 62558094?,90360816
What is 31 plus 42?,73
What is 615234968 plus 893852957?,1509087925
What is 9721003 plus 1619087?,11340090
What is 29134 plus 61128?,90262
What is 9336 plus 9722?,19058
What is 9964021 plus 8800725?,18764746
What is 17654974 plus 79121239?,96776213
What is 10948745 plus 67985256?,78934001
What is 3466516145 plus 5942467906?,9408984051
What is 1541721135 plus 3074786076?,4616507211
What is 2370304573 plus 8318605999?,10688910572
What is 65 plus 77?,142
What is 29298 plus 64907?,94205
What is 657 plus 443?,1100
What is 589 plus 299?,888
What is 6345460965 plus 2700048338?,9045509303
What is 33807625 plus 56092360?,89899985
What is 84 plus 74?,158
What is 1248786424 plus 6559460857?,7808247281
What is 694284954 plus 958919025?,1653203979
What is 686698 plus 349424?,1036122
What is 63 plus 20?,83
What is 51350 plus 14743?,66093
What is 749849590 plus 351017448?,1100867038
What is 1379 plus 1615?,2994
What is 42792 plus 67683?,110475
What is 88017253 plus 60188454?,148205707
What is 5005952 plus 3437170?,8443122
What is 63821 plus 24855?,88676
What is 50241 plus 14550?,64791
What is 57203753 plus 51833688?,109037441
What is 58053 plus 17293?,75346
What is 17 plus 10?,27
What is 970 plus 808?,1778
What is 62 plus 85?,147
What is 195767778 plus 781149630?,976917408
What is 7998910303 plus 2585352554?,10584262857
What is 79304591 plus 26811024?,106115615
What is 926564548 plus 657743671?,1584308219
What is 269475602 plus 918296038?,1187771640
What is 78 plus 94?,172
What is 9049 plus 7125?,16174
What is 3445157386 plus 5266117947?,8711275333
What is 32622462 plus 97393665?,130016127
What is 481238 plus 551952?,1033190
What is 7773221314 plus 5425224418?,13198445732
What is 2155093 plus 2120032?,4275125
What is 1239195 plus 9461346?,10700541
What is 47037087 plus 83872558?,130909645
What is 6921 plus 4357?,11278
What is 1664168 plus 3191661?,4855829
What is 56245177 plus 27181306?,83426483
What is 54 plus 33?,87
What is 6109506 plus 6389853?,12499359
What is 66268 plus 76348?,142616
What is 559 plus 629?,1188
What is 71784 plus 78162?,149946
What is 19077 plus 97491?,116568
What is 611340274 plus 705354823?,1316695097
What is 14939 plus 57356?,72295
What is 43828223 plus 82294288?,126122511
What is 6575811 plus 9611476?,16187287
What is 5933556448 plus 9036101175?,14969657623
What is 5839490933 plus 9137549119?,14977040052
What is 1264226260 plus 9650777039?,10915003299
What is 729935247 plus 592981300?,1322916547
What is 206 plus 290?,496
What is 9440 plus 8578?,18018
What is 4950 plus 7833?,12783
What is 4024228099 plus 2625836653?,6650064752
What is 78521 plus 23757?,102278
What is 741 plus 613?,1354
What is 33 plus 85?,118
What is 3053 plus 4692?,7745
What is 23 plus 34?,57
What is 833 plus 969?,1802
What is 127 plus 259?,386
What is 8578344 plus 2913401?,11491745
What is 5610164515 plus 8517388910?,14127553425
What is 33199317 plus 64918191?,98117508
What is 27602 plus 41122?,68724
What is 519 plus 306?,825
What is 156358978 plus 750743601?,907102579
What is 1314 plus 9100?,10414
What is 918292120 plus 239626064?,1157918184
What is 94 plus 88?,182
What is 511315495 plus 347087059?,858402554
What is 69 plus 82?,151
What is 7145969 plus 4088550?,11234519
What is 108231415 plus 432674619?,540906034
What is 572943 plus 739357?,1312300
What is 519690395 plus 491568455?,1011258850
What is 76 plus 49?,125
What is 7525328016 plus 2216206855?,9741534871
What is 372104550 plus 398832471?,770937021
What is 25853589 plus 32531100?,58384689
What is 9798064777 plus 9545302372?,19343367149
What is 161569 plus 482327?,643896
What is 9826583689 plus 2966181736?,12792765425
What is 584915632 plus 975158713?,1560074345
What is 3430721272 plus 3246982738?,6677704010
What is 315223141 plus 294696881?,609920022
What is 27 plus 53?,80
What is 568 plus 676?,1244
What is 1731620 plus 1296237?,3027857
What is 52792332 plus 24993699?,77786031
What is 90757 plus 40506?,131263
What is 823713022 plus 978794015?,1802507037
What is 3909702910 plus 7041752657?,10951455567
What is 6650 plus 3812?,10462
What is 767 plus 766?,1533
What is 48 plus 40?,88
What is 342021 plus 664543?,1006564
What is 8657874258 plus 7612781039?,16270655297
What is 54486658 plus 48133670?,102620328
What is 30717520 plus 33096942?,63814462
What is 170 plus 727?,897
What is 146024376 plus 629673591?,775697967
What is 425 plus 454?,879
What is 9496 plus 5356?,14852
What is 5585163 plus 2411930?,7997093
What is 4674918561 plus 9831425247?,14506343808
What is 21 plus 71?,92
What is 2824 plus 7239?,10063
What is 439 plus 511?,950
What is 692 plus 129?,821
What is 54 plus 12?,66
What is 52156192 plus 28968948?,81125140
What is 28880404 plus 56797175?,85677579
What is 41814762 plus 15469379?,57284141
What is 65408297 plus 91539056?,156947353
What is 21354 plus 69744?,91098
What is 11285 plus 29212?,40497
What is 55431187 plus 75388701?,130819888
What is 89277 plus 62424?,151701
What is 1282 plus 6764?,8046
What is 1692 plus 5833?,7525
What is 495856109 plus 474969676?,970825785
What is 9721 plus 7863?,17584
What is 8184 plus 3309?,11493
What is 65503 plus 32151?,97654
What is 23 plus 16?,39
What is 85899 plus 86833?,172732
What is 6280 plus 7641?,13921
What is 5983 plus 3081?,9064
What is 96755302 plus 26228793?,122984095
What is 860034 plus 982286?,1842320
What is 911476 plus 589411?,1500887
What is 67 plus 74?,141
What is 20 plus 95?,115
What is 8507 plus 8857?,17364
What is 73559 plus 29664?,103223
What is 8906325 plus 4858458?,13764783
What is 503605895 plus 942229566?,1445835461
What is 131 plus 474?,605
What is 4219312922 plus 5016628507?,9235941429
What is 1258629387 plus 3412130378?,4670759765
What is 722 plus 532?,1254
What is 975797 plus 358246?,1334043
What is 2807407765 plus 8163285825?,10970693590
What is 6324725929 plus 9501460029?,15826185958
What is 2196636734 plus 3947434438?,6144071172
What is 9388632940 plus 8792416248?,18181049188
What is 7273906035 plus 3379251498?,10653157533
What is 48 plus 79?,127
What is 404 plus 852?,1256
What is 166263293 plus 378859843?,545123136
What is 60769 plus 43481?,104250
What is 797461530 plus 228938526?,1026400056
What is 800 plus 269?,1069
What is 20 plus 46?,66
What is 4755055008 plus 7778681181?,12533736189
What is 38207 plus 10689?,48896
What is 6673 plus 7301?,13974
What is 51 plus 82?,133
What is 38 plus 87?,125
What is 66978 plus 65740?,132718
What is 65828 plus 49880?,115708
What is 1209341973 plus 9777930446?,10987272419
What is 4221 plus 5668?,9889
What is 66 plus 17?,83
What is 983 plus 987?,1970
What is 12068097 plus 58095165?,70163262
What is 57 plus 18?,75
What is 66 plus 65?,131
What is 39 plus 52?,91
What is 99796607 plus 49386025?,149182632
What is 23866473 plus 40056159?,63922632
What is 518297 plus 651515?,1169812
What is 889 plus 723?,1612
What is 12291009 plus 40356907?,52647916
What is 315 plus 351?,666
What is 51892 plus 12007?,63899
What is 892914370 plus 968520648?,1861435018
What is 633976671 plus 861605773?,1495582444
What is 42 plus 47?,89
What is 2071 plus 7347?,9418
What is 43675637 plus 87610432?,131286069
What is 410 plus 714?,1124
What is 23 plus 29?,52
What is 95823233 plus 49838016?,145661249
What is 10891174 plus 70158852?,81050026
What is 2815690019 plus 9453038005?,12268728024
What is 267814 plus 614857?,882671
What is 9381096962 plus 4750441350?,14131538312
What is 6088169474 plus 6470755605?,12558925079
What is 13 plus 35?,48
What is 72 plus 11?,83
What is 68894 plus 94498?,163392
What is 8858131 plus 9004632?,17862763
What is 79715251 plus 43195979?,122911230
What is 622 plus 721?,1343
What is 72848 plus 87498?,160346
What is 8464882839 plus 7306536368?,15771419207
What is 900 plus 472?,1372
What is 70869 plus 81739?,152608
What is 14 plus 85?,99
What is 4450234025 plus 8690091570?,13140325595
What is 1506150 plus 3589166?,5095316
What is 709654749 plus 746691485?,1456346234
What is 592354718 plus 447312796?,1039667514
What is 2134 plus 6163?,8297
What is 8413027 plus 8383131?,16796158
What is 938 plus 933?,1871
What is 14473248 plus 91655358?,106128606
What is 916551323 plus 820031703?,1736583026
What is 968141 plus 713444?,1681585
What is 7499 plus 9075?,16574
What is 1794223 plus 4193412?,5987635
What is 261652445 plus 899505121?,1161157566
What is 4433 plus 4407?,8840
What is 3864177961 plus 1006760128?,4870938089
What is 17 plus 49?,66
What is 727516 plus 790312?,1517828
What is 43490402 plus 35331146?,78821548
What is 7539 plus 2041?,9580
What is 9602799 plus 3735960?,13338759
What is 237113718 plus 277951188?,515064906
What is 30507864 plus 63040130?,93547994
What is 76398752 plus 55323672?,131722424
What is 4882821806 plus 1657734484?,6540556290
What is 88771 plus 72826?,161597
What is 894401 plus 543350?,1437751
What is 47913 plus 88355?,136268
What is 819837 plus 869944?,1689781
What is 339 plus 652?,991
What is 7648 plus 3903?,11551
What is 987 plus 473?,1460
What is 35576 plus 14882?,50458
What is 41 plus 40?,81
What is 41 plus 27?,68
What is 840875 plus 396011?,1236886
What is 815471544 plus 495806993?,1311278537
What is 9658072013 plus 5994185234?,15652257247
What is 321764715 plus 681449616?,1003214331
What is 833462 plus 301864?,1135326
What is 71001 plus 49512?,120513
What is 1274369 plus 6072032?,7346401
What is 55 plus 98?,153
What is 58 plus 88?,146
What is 322 plus 504?,826
What is 562667331 plus 583912006?,1146579337
What is 65153 plus 98378?,163531
What is 248189267 plus 851250924?,1099440191
What is 55 plus 17?,72
What is 20 plus 19?,39
What is 96774246 plus 90391872?,187166118
What is 3368 plus 7228?,10596
What is 930299 plus 724290?,1654589
What is 45410 plus 42427?,87837
What is 770932788 plus 811533231?,1582466019
What is 15036904 plus 24583601?,39620505
What is 4605 plus 8260?,12865
What is 156554 plus 987614?,1144168
What is 559537 plus 667598?,1227135
What is 830469 plus 142493?,972962
What is 3729427987 plus 9546329408?,13275757395
What is 186539 plus 580447?,766986
What is 937250848 plus 896686899?,1833937747
What is 607764813 plus 440216794?,1047981607
What is 199 plus 966?,1165
What is 9138 plus 2291?,11429
What is 521 plus 502?,1023
What is 4089749481 plus 4730413796?,8820163277
What is 26656 plus 26844?,53500
What is 508865138 plus 525412348?,1034277486
What is 11828 plus 99092?,110920
What is 70537 plus 40330?,110867
What is 4784967 plus 1131364?,5916331
What is 578332490 plus 119128252?,697460742
What is 4139368 plus 9303819?,13443187
What is 857971 plus 365721?,1223692
What is 887256 plus 127736?,1014992
What is 91147550 plus 80762155?,171909705
What is 8235 plus 1210?,9445
What is 506904 plus 605666?,1112570
What is 272053303 plus 748722568?,1020775871
What is 760677 plus 904637?,1665314
What is 568367 plus 843969?,1412336
What is 16877842 plus 62923259?,79801101
What is 34035731 plus 96176290?,130212021
What is 202 plus 682?,884
What is 69 plus 82?,151
What is 3581200451 plus 4077801320?,7659001771
What is 28 plus 54?,82
What is 9739951 plus 6279793?,16019744
What is 769230820 plus 719755644?,1488986464
What is 992 plus 100?,1092
What is 380 plus 485?,865
What is 3864 plus 1746?,5610
What is 61931 plus 59552?,121483
What is 312 plus 381?,693
What is 91 plus 77?,168
What is 307 plus 991?,1298
What is 137008646 plus 890151778?,1027160424
What is 891892045 plus 985808784?,1877700829
What is 118365772 plus 687801114?,806166886
What is 3664797494 plus 8882704155?,12547501649
What is 7477 plus 9419?,16896
What is 750340613 plus 294651715?,1044992328
What is 2082576922 plus 3042429198?,5125006120
What is 587 plus 591?,1178
What is 7193145918 plus 3629418343?,10822564261
What is 17 plus 48?,65
What is 6900392171 plus 8212054491?,15112446662
What is 7586850961 plus 1428665756?,9015516717
What is 804269801 plus 956605516?,1760875317
What is 507011 plus 126678?,633689
What is 188 plus 622?,810
What is 623300371 plus 230826138?,854126509
What is 4716 plus 1333?,6049
What is 499707 plus 324553?,824260
What is 875 plus 999?,1874
What is 1970844 plus 1393510?,3364354
What is 702104 plus 182637?,884741
What is 1385264 plus 2948542?,4333806
What is 375326 plus 224647?,599973
What is 247481 plus 759105?,1006586
What is 260890513 plus 201915607?,462806120
What is 258879095 plus 530498456?,789377551
What is 5014174 plus 3213243?,8227417
What is 3440559948 plus 6309260635?,9749820583
What is 11081652 plus 51614949?,62696601
What is 4879 plus 7813?,12692
What is 170558 plus 101874?,272432
What is 3393316 plus 1862807?,5256123
What is 66 plus 10?,76
What is 9352 plus 2943?,12295
What is 76908638 plus 20734031?,97642669
What is 419 plus 803?,1222
What is 275777 plus 664907?,940684
What is 6204 plus 8763?,14967
What is 1584 plus 8422?,10006
What is 51 plus 61?,112
What is 518154718 plus 991243780?,1509398498
What is 1530124044 plus 1160846294?,2690970338
What is 15851722 plus 89409029?,105260751
What is 721342 plus 486648?,1207990
What is 16 plus 71?,87
What is 199716 plus 817794?,1017510
What is 212 plus 907?,1119
What is 91 plus 79?,170
What is 3033 plus 1160?,4193
What is 518557122 plus 798328675?,1316885797
What is 85 plus 91?,176
What is 26 plus 14?,40
What is 706142310 plus 854364528?,1560506838
What is 765199330 plus 491809276?,1257008606
What is 72411068 plus 52215470?,124626538
What is 638 plus 799?,1437
What is 99 plus 46?,145
What is 916 plus 453?,1369
What is 8607492 plus 4177825?,12785317
What is 3918837619 plus 3942490261?,7861327880
What is 992766 plus 739406?,1732172
What is 7460748 plus 7090850?,14551598
What is 366799 plus 726493?,1093292
What is 94089729 plus 44216482?,138306211
What is 78 plus 81?,159
What is 88 plus 26?,114
What is 96860 plus 77356?,174216
What is 22981 plus 51508?,74489
What is 835 plus 922?,1757
What is 4989983 plus 1451114?,6441097
What is 62747 plus 31913?,94660
What is 96 plus 26?,122
What is 148633 plus 514140?,662773
What is 9752016 plus 2978772?,12730788
What is 466 plus 502?,968
What is 963 plus 948?,1911
What is 413 plus 559?,972
What is 88376245 plus 13431924?,101808169
What is 22344 plus 16329?,38673
What is 12666706 plus 44143609?,56810315
What is 293988626 plus 708840911?,1002829537
What is 3595896994 plus 5998449258?,9594346252
What is 5331550 plus 5266855?,10598405
What is 5848 plus 4917?,10765
What is 58 plus 84?,142
What is 1068223 plus 2112267?,3180490
What is 638604 plus 377812?,1016416
What is 46624483 plus 21574844?,68199327
What is 22 plus 62?,84
What is 97864228 plus 46850149?,144714377
What is 28 plus 81?,109
What is 54198852 plus 10773168?,64972020
What is 98056 plus 63943?,161999
What is 7551 plus 5238?,12789
What is 93282 plus 15718?,109000
What is 2750893370 plus 9379168148?,12130061518
What is 613 plus 923?,1536
What is 5876782030 plus 2109498926?,7986280956
What is 4794509640 plus 8517839631?,13312349271
What is 5583 plus 4542?,10125
What is 19498733 plus 91382382?,110881115
What is 618129 plus 981966?,1600095
What is 99884446 plus 67763694?,167648140
What is 95643594 plus 17365643?,113009237
What is 894 plus 256?,1150
What is 67261722 plus 51871314?,119133036
What is 955952051 plus 927567134?,1883519185
What is 11172 plus 76777?,87949
What is 329 plus 885?,1214
What is 6241719771 plus 7543602386?,13785322157
What is 56 plus 42?,98
What is 48 plus 73?,121
What is 14617967 plus 67856006?,82473973
What is 95321 plus 87463?,182784
What is 285781 plus 389788?,675569
What is 994356 plus 318935?,1313291
What is 9284 plus 1952?,11236
What is 8339537 plus 6688470?,15028007
What is 968022 plus 804079?,1772101
What is 19842899 plus 24924495?,44767394
What is 795364 plus 310959?,1106323
What is 8035621120 plus 5396804695?,13432425815
What is 1555 plus 1488?,3043
What is 2104 plus 2932?,5036
What is 702830 plus 307516?,1010346
What is 53339535 plus 51530933?,104870468
What is 865372624 plus 441514879?,1306887503
What is 6097453945 plus 4559463443?,10656917388
What is 2061 plus 4509?,6570
What is 941 plus 609?,1550
What is 42369640 plus 14287826?,56657466
What is 81932097 plus 76273769?,158205866
What is 5288388 plus 2459756?,7748144
What is 1216 plus 2146?,3362
What is 856847891 plus 425980219?,1282828110
What is 3763418 plus 1606334?,5369752
What is 840439463 plus 281714978?,1122154441
What is 5989762 plus 9027208?,15016970
What is 36019 plus 57363?,93382
What is 6137119 plus 5532571?,11669690
What is 1003 plus 7897?,8900
What is 41 plus 51?,92
What is 366925841 plus 476748981?,843674822
What is 96777144 plus 99229162?,196006306
What is 46450 plus 63334?,109784
What is 8677 plus 4560?,13237
What is 8472800 plus 7578983?,16051783
What is 9074806 plus 7686755?,16761561
What is 80534870 plus 94405424?,174940294
What is 70 plus 55?,125
What is 825488 plus 398571?,1224059
What is 5591 plus 1033?,6624
What is 69 plus 28?,97
What is 692450855 plus 244085056?,936535911
What is 75309 plus 68395?,143704
What is 979877 plus 845375?,1825252
What is 56267569 plus 67842651?,124110220
What is 48879122 plus 43337856?,92216978
What is 20380 plus 77572?,97952
What is 46978613 plus 17027908?,64006521
What is 5261067 plus 6092715?,11353782
What is 97 plus 10?,107
What is 9310 plus 7504?,16814
What is 7774 plus 1728?,9502
What is 1783825 plus 4099796?,5883621
What is 43 plus 69?,112
What is 87219356 plus 95292013?,182511369
What is 670601 plus 344642?,1015243
What is 47729 plus 41935?,89664
What is 667930 plus 646511?,1314441
What is 539 plus 269?,808
What is 4995044702 plus 2732863232?,7727907934
What is 676932 plus 112192?,789124
What is 3176132 plus 6008586?,9184718
What is 25495460 plus 70527819?,96023279
What is 43768447 plus 15737621?,59506068
What is 994270823 plus 601299082?,1595569905
What is 86609263 plus 15538321?,102147584
What is 104803854 plus 531838200?,636642054
What is 660 plus 979?,1639
What is 275414 plus 353281?,628695
What is 6206467514 plus 3847086833?,10053554347
What is 9805975 plus 6545781?,16351756
What is 830 plus 534?,1364
What is 9071887998 plus 6284062681?,15355950679
What is 34 plus 97?,131
What is 84162826 plus 98513904?,182676730
What is 225168438 plus 977477568?,1202646006
What is 15629 plus 76511?,92140
What is 80 plus 19?,99
What is 68870 plus 83792?,152662
What is 68594 plus 20997?,89591
What is 248775 plus 108563?,357338
What is 7114 plus 2078?,9192
What is 36130505 plus 97185149?,133315654
What is 7984362 plus 1582168?,9566530
What is 60 plus 38?,98
What is 8668 plus 4384?,13052
What is 509 plus 916?,1425
What is 7786275 plus 5951566?,13737841
What is 805608541 plus 134073996?,939682537
What is 442 plus 799?,1241
What is 343 plus 155?,498
What is 562585 plus 215208?,777793
What is 7079949 plus 9166637?,16246586
What is 7921784 plus 5323571?,13245355
What is 71136450 plus 86840240?,157976690
What is 3262 plus 2305?,5567
What is 75066300 plus 14955685?,90021985
What is 3022 plus 7694?,10716
What is 285560 plus 325718?,611278
What is 304547 plus 291884?,596431
What is 2863875 plus 5832511?,8696386
What is 24332 plus 97753?,122085
What is 9225547 plus 9798394?,19023941
What is 8750948 plus 4897424?,13648372
What is 79397 plus 80923?,160320
What is 6599 plus 4262?,10861
What is 28 plus 89?,117
What is 3146216873 plus 4673712472?,7819929345
What is 5226693 plus 8819345?,14046038
What is 3608 plus 1421?,5029
What is 98576347 plus 69034579?,167610926
What is 874128 plus 756906?,1631034
What is 83703359 plus 68721304?,152424663
What is 3555 plus 2909?,6464
What is 192079 plus 672599?,864678
What is 35075 plus 82258?,117333
What is 66 plus 74?,140
What is 28159744 plus 99600243?,127759987
What is 9503204 plus 7474403?,16977607
What is 158029 plus 226952?,384981
What is 435898187 plus 952606082?,1388504269
What is 4856830494 plus 9190423794?,14047254288
What is 34 plus 14?,48
What is 240 plus 181?,421
What is 4821 plus 1807?,6628
What is 15 plus 61?,76
What is 90216 plus 65349?,155565
What is 3228968 plus 3684671?,6913639
What is 5114 plus 7724?,12838
What is 27 plus 53?,80
What is 800592702 plus 620738226?,1421330928
What is 785 plus 395?,1180
What is 8600 plus 9911?,18511
What is 6899816 plus 1325811?,8225627
What is 51863 plus 57530?,109393
What is 208738 plus 384295?,593033
What is 644 plus 216?,860
What is 2579062675 plus 4851714349?,7430777024
What is 1773 plus 5612?,7385
What is 542927 plus 247838?,790765
What is 488859 plus 466219?,955078
What is 10093380 plus 88008102?,98101482
What is 979038 plus 764725?,1743763
What is 7753 plus 9854?,17607
What is 77385 plus 66636?,144021
What is 999730 plus 960855?,1960585
What is 674 plus 253?,927
What is 52 plus 72?,124
What is 2702 plus 2103?,4805
What is 30 plus 98?,128
What is 33401 plus 38672?,72073
What is 6606087 plus 2138447?,8744534
What is 48972948 plus 79716193?,128689141
What is 5210170253 plus 4722081146?,9932251399
What is 270600 plus 266098?,536698
What is 92382719 plus 58088511?,150471230
What is 9162333 plus 7205573?,16367906
What is 99843929 plus 90318520?,190162449
What is 8102831322 plus 3812415447?,11915246769
What is 1021 plus 9432?,10453
What is 424191 plus 879568?,1303759
What is 26 plus 39?,65
What is 79 plus 51?,130
What is 23548 plus 63503?,87051
What is 49 plus 17?,66
What is 81311 plus 85517?,166828
What is 405577105 plus 431300102?,836877207
What is 70390 plus 38691?,109081
What is 529119 plus 906755?,1435874
What is 1508 plus 4077?,5585
What is 4289 plus 7743?,12032
What is 781 plus 942?,1723
What is 862367 plus 929648?,1792015
What is 94215632 plus 97039526?,191255158
What is 57 plus 96?,153
What is 4609246 plus 4306685?,8915931
What is 5353903 plus 7625395?,12979298
What is 440983 plus 486109?,927092
What is 9442669488 plus 4462512909?,13905182397
What is 7636873553 plus 9256385674?,16893259227
What is 91229 plus 74636?,165865
What is 7103529179 plus 2373065122?,9476594301
What is 7651 plus 1549?,9200
What is 21496738 plus 31594807?,53091545
What is 686 plus 602?,1288
What is 82300005 plus 64233026?,146533031
What is 4491986 plus 7998091?,12490077
What is 56078903 plus 83022347?,139101250
What is 53 plus 36?,89
What is 577159067 plus 987249021?,1564408088
What is 41 plus 63?,104
What is 7873589122 plus 7204382596?,15077971718
What is 8432292668 plus 2024470788?,10456763456
What is 3283328 plus 1205450?,4488778
What is 34936108 plus 70715971?,105652079
What is 1058099 plus 8291268?,9349367
What is 9776 plus 4293?,14069
What is 163940052 plus 553349023?,717289075
What is 40 plus 61?,101
What is 39 plus 40?,79
What is 949653627 plus 234910775?,1184564402
What is 215 plus 912?,1127
What is 9410 plus 8668?,18078
What is 128 plus 618?,746
What is 9210234 plus 9079367?,18289601
What is 86 plus 39?,125
What is 560144931 plus 817572950?,1377717881
What is 8540836150 plus 7420906518?,15961742668
What is 9759126867 plus 7494205839?,17253332706
What is 90541 plus 96228?,186769
What is 66812 plus 72283?,139095
What is 706 plus 134?,840
What is 970 plus 997?,1967
What is 37 plus 18?,55
What is 5056641 plus 4439545?,9496186
What is 457225235 plus 504800744?,962025979
What is 8852310952 plus 3685904888?,12538215840
What is 1797995 plus 4494787?,6292782
What is 11704 plus 88490?,100194
What is 27 plus 90?,117
What is 18230634 plus 69823059?,88053693
What is 5399606152 plus 5495939942?,10895546094
What is 890 plus 223?,1113
What is 7588 plus 8334?,15922
What is 679009 plus 477319?,1156328
What is 353870456 plus 283117467?,636987923
What is 72946862 plus 14834891?,87781753
What is 115210 plus 966604?,1081814
What is 9507 plus 1123?,10630
What is 8121 plus 2536?,10657
What is 96645676 plus 76025053?,172670729
What is 10 plus 79?,89
What is 98 plus 38?,136
What is 562841 plus 316527?,879368
What is 991155 plus 252642?,1243797
What is 7542 plus 6371?,13913
What is 3141275896 plus 1798269542?,4939545438
What is 189218411 plus 341113082?,530331493
What is 3234186 plus 8344315?,11578501
What is 773553 plus 307878?,1081431
What is 360 plus 907?,1267
What is 1311 plus 4280?,5591
What is 29787 plus 96060?,125847
What is 3000 plus 6430?,9430
What is 63443 plus 21510?,84953
What is 84540 plus 30693?,115233
What is 13 plus 42?,55
What is 7841 plus 3514?,11355
What is 3997537227 plus 2177511046?,6175048273
What is 489 plus 736?,1225
What is 805 plus 633?,1438
What is 210818 plus 184737?,395555
What is 19 plus 40?,59
What is 1242716 plus 5878193?,7120909
What is 7758192665 plus 1964136906?,9722329571
What is 7426 plus 7924?,15350
What is 48 plus 51?,99
What is 946203973 plus 157918937?,1104122910
What is 8688 plus 1963?,10651
What is 1762 plus 3346?,5108
What is 2096483131 plus 5482407594?,7578890725
What is 12505156 plus 79106729?,91611885
What is 4593895 plus 3926717?,8520612
What is 450 plus 353?,803
What is 9873965 plus 9310493?,19184458
What is 5697838075 plus 6318657324?,12016495399
What is 53 plus 96?,149
What is 961 plus 584?,1545
What is 232 plus 698?,930
What is 659 plus 265?,924
What is 312570635 plus 877189123?,1189759758
What is 349 plus 308?,657
What is 62869 plus 61677?,124546
What is 31739017 plus 50620699?,82359716
What is 44 plus 72?,116
What is 211590855 plus 524702753?,736293608
What is 7110 plus 9565?,16675
What is 7390052081 plus 9981872304?,17371924385
What is 609 plus 561?,1170
What is 92 plus 13?,105
What is 32634 plus 63601?,96235
What is 9369 plus 3647?,13016
What is 72427154 plus 39917829?,112344983
What is 1404627 plus 9756163?,11160790
What is 65422116 plus 63234151?,128656267
What is 629191178 plus 144904451?,774095629
What is 7927815297 plus 5356628930?,13284444227
What is 22778297 plus 94919370?,117697667
What is 4740343 plus 9581836?,14322179
What is 707 plus 263?,970
What is 69 plus 50?,119
What is 69457 plus 86462?,155919
What is 903 plus 552?,1455
What is 926973 plus 568548?,1495521
What is 510 plus 511?,1021
What is 6872 plus 7867?,14739
What is 747671 plus 774743?,1522414
What is 920637573 plus 887660087?,1808297660
What is 886301992 plus 202703808?,1089005800
What is 6527 plus 7309?,13836
What is 2132600337 plus 3911464418?,6044064755
What is 60 plus 39?,99
What is 789 plus 280?,1069
What is 8453 plus 1102?,9555
What is 1637044 plus 7535979?,9173023
What is 474276451 plus 842931912?,1317208363
What is 81512399 plus 27938411?,109450810
What is 40795234 plus 17181994?,57977228
What is 20245 plus 76132?,96377
What is 91345 plus 49447?,140792
What is 7419784 plus 1774856?,9194640
What is 24288149 plus 38715349?,63003498
What is 728 plus 380?,1108
What is 8514672 plus 4723274?,13237946
What is 164749905 plus 283741207?,448491112
What is 552038488 plus 977407493?,1529445981
What is 49022 plus 65829?,114851
What is 89690893 plus 61620779?,151311672
What is 5058 plus 7811?,12869
What is 7962350 plus 6038194?,14000544
What is 520 plus 898?,1418
What is 8361258365 plus 8574348586?,16935606951
What is 3870127 plus 1062323?,4932450
What is 1208 plus 1865?,3073
What is 614 plus 574?,1188
What is 687818 plus 943772?,1631590
What is 4397 plus 6869?,11266
What is 213859834 plus 631223559?,845083393
What is 1326090 plus 4251175?,5577265
What is 539684 plus 144653?,684337
What is 97492 plus 13248?,110740
What is 203 plus 433?,636
What is 2519 plus 9056?,11575
What is 936142 plus 773914?,1710056
What is 278679 plus 138255?,416934
What is 983634138 plus 433882973?,1417517111
What is 205916 plus 894081?,1099997
What is 146412 plus 375123?,521535
What is 1200162958 plus 9915390931?,11115553889
What is 39 plus 86?,125
What is 4387900774 plus 3487560821?,7875461595
What is 766859 plus 376030?,1142889
What is 88730 plus 55291?,144021
What is 552461002 plus 802053336?,1354514338
What is 1404 plus 5023?,6427
What is 1587474 plus 9745137?,11332611
What is 98550 plus 98338?,196888
What is 998923 plus 394376?,1393299
What is 2991 plus 3035?,6026
What is 2731966 plus 2131800?,4863766
What is 7310976895 plus 2779001627?,10089978522
What is 34 plus 78?,112
What is 31183 plus 21394?,52577
What is 7739691 plus 5755588?,13495279
What is 404794 plus 865888?,1270682
What is 356144179 plus 949146839?,1305291018
What is 1358183490 plus 9290581840?,10648765330
What is 347629240 plus 875296077?,1222925317
What is 936237 plus 651667?,1587904
What is 1603507 plus 7420378?,9023885
What is 50845421 plus 54599781?,105445202
What is 9265338 plus 2810103?,12075441
What is 8736826480 plus 1735322173?,10472148653
What is 251517252 plus 760629960?,1012147212
What is 30261 plus 63339?,93600
What is 8056146021 plus 4479574535?,12535720556
What is 45 plus 38?,83
What is 28525527 plus 80887281?,109412808
What is 6705 plus 6189?,12894
What is 431 plus 335?,766
What is 395201647 plus 931851161?,1327052808
What is 775146 plus 842632?,1617778
What is 135793489 plus 133376824?,269170313
What is 2297 plus 1728?,4025
What is 78 plus 16?,94
What is 3198 plus 1923?,5121
What is 240547 plus 283501?,524048
What is 58317941 plus 53624955?,111942896
What is 2021 plus 3147?,5168
What is 2594 plus 5254?,7848
What is 1007 plus 9771?,10778
What is 57 plus 86?,143
What is 3071088914 plus 4372267437?,7443356351
What is 197 plus 731?,928
What is 4783838829 plus 3315462896?,8099301725
What is 162 plus 639?,801
What is 14734558 plus 98648961?,113383519
What is 55669463 plus 16528891?,72198354
What is 432804836 plus 825657033?,1258461869
What is 595299953 plus 642980510?,1238280463
What is 613807520 plus 466617103?,1080424623
What is 8922234 plus 4589048?,13511282
What is 34 plus 96?,130
What is 7404 plus 6016?,13420
What is 204924 plus 783767?,988691
What is 109568 plus 724996?,834564
What is 6797 plus 7478?,14275
What is 43 plus 49?,92
What is 114405 plus 756949?,871354
What is 2014 plus 6043?,8057
What is 19 plus 82?,101
What is 267018 plus 570599?,837617
What is 72362 plus 35870?,108232
What is 756 plus 893?,1649
What is 846295268 plus 141124813?,987420081
What is 5601576082 plus 6747584661?,12349160743
What is 12839 plus 71975?,84814
What is 708465 plus 901293?,1609758
What is 3229 plus 1785?,5014
What is 60711598 plus 70056988?,130768586
What is 8162879380 plus 8677860478?,16840739858
What is 3666 plus 5641?,9307
What is 170247 plus 372108?,542355
What is 250 plus 573?,823
What is 498170 plus 221524?,719694
What is 261304721 plus 731512575?,992817296
What is 67 plus 34?,101
What is 5446261 plus 9230535?,14676796
What is 7677742058 plus 5896899534?,13574641592
What is 688817 plus 932482?,1621299
What is 9733132 plus 6066879?,15800011
What is 664823 plus 521524?,1186347
What is 87433 plus 97848?,185281
What is 56404596 plus 13291650?,69696246
What is 6333 plus 1022?,7355
What is 523930656 plus 361497928?,885428584
What is 15 plus 27?,42
What is 28772 plus 86714?,115486
What is 3533140 plus 8720247?,12253387
What is 6448 plus 6789?,13237
What is 14728705 plus 67814719?,82543424
What is 837706158 plus 152282106?,989988264
What is 592456704 plus 543832182?,1136288886
What is 703 plus 139?,842
What is 462 plus 992?,1454
What is 887 plus 540?,1427
What is 834665 plus 825774?,1660439
What is 1904960900 plus 8656360856?,10561321756
What is 7845182565 plus 3474309575?,11319492140
What is 536781 plus 394174?,930955
What is 98 plus 31?,129
What is 194854 plus 913766?,1108620
What is 275 plus 136?,411
What is 782750122 plus 424681716?,1207431838
What is 6222255 plus 3668318?,9890573
What is 32 plus 94?,126
What is 5574479 plus 7947673?,13522152
What is 496559960 plus 278961949?,775521909
What is 29 plus 22?,51
What is 745273 plus 787580?,1532853
What is 26 plus 52?,78
What is 834185479 plus 363330571?,1197516050
What is 11819 plus 88647?,100466
What is 576362481 plus 446509494?,1022871975
What is 790597 plus 485883?,1276480
What is 939 plus 128?,1067
What is 2070 plus 8282?,10352
What is 825 plus 866?,1691
What is 655452 plus 825214?,1480666
What is 2509 plus 2025?,4534
What is 88 plus 98?,186
What is 2877 plus 8540?,11417
What is 80 plus 45?,125
What is 641669 plus 644558?,1286227
What is 69280138 plus 24822358?,94102496
What is 191593 plus 572601?,764194
What is 635994 plus 578021?,1214015
What is 86833470 plus 28929361?,115762831
What is 2266136628 plus 9697338378?,11963475006
What is 86095 plus 70851?,156946
What is 9214069375 plus 6097863806?,15311933181
What is 4790 plus 9201?,13991
What is 27225 plus 60859?,88084
What is 4149587 plus 1055017?,5204604
What is 691087 plus 331643?,1022730
What is 8657 plus 4372?,13029
What is 3483450755 plus 4203283541?,7686734296
What is 6180 plus 3711?,9891
What is 917724 plus 349230?,1266954
What is 10563 plus 42285?,52848
What is 3486532 plus 2699039?,6185571
What is 88012 plus 45145?,133157
What is 5322392917 plus 3744313699?,9066706616
What is 271026 plus 186805?,457831
What is 709 plus 351?,1060
What is 61 plus 76?,137
What is 674156 plus 345307?,1019463
What is 608451 plus 330869?,939320
What is 503 plus 647?,1150
What is 368 plus 130?,498
What is 5962173815 plus 5299606513?,11261780328
What is 278 plus 301?,579
What is 9706732700 plus 5973874912?,15680607612
What is 11 plus 79?,90
What is 9925797300 plus 3291107466?,13216904766
What is 70 plus 83?,153
What is 729 plus 775?,1504
What is 688 plus 662?,1350
What is 3962498452 plus 8908966679?,12871465131
What is 876178 plus 669955?,1546133
What is 86305 plus 56888?,143193
What is 170716 plus 322854?,493570
What is 88 plus 35?,123
What is 6386181188 plus 8298855877?,14685037065
What is 7343760 plus 9349493?,16693253
What is 59899 plus 91766?,151665
What is 61106973 plus 92812912?,153919885
What is 4107646096 plus 9693536530?,13801182626
What is 8120410186 plus 4452074821?,12572485007
What is 704772556 plus 406807349?,1111579905
What is 753970978 plus 260468686?,1014439664
What is 39952725 plus 21638357?,61591082
What is 2525 plus 3600?,6125
What is 92494128 plus 28884040?,121378168
What is 402 plus 247?,649
What is 91 plus 95?,186
What is 505789 plus 963713?,1469502
What is 6391800 plus 6615904?,13007704
What is 4094 plus 7882?,11976
What is 394407837 plus 557991346?,952399183
What is 95722421 plus 98621384?,194343805
What is 4683 plus 7574?,12257
What is 507949932 plus 492071470?,1000021402
What is 9288608 plus 2634298?,11922906
What is 8969073051 plus 8004525923?,16973598974
What is 77071 plus 55796?,132867
What is 50038 plus 94276?,144314
What is 11638 plus 63783?,75421
What is 7179703 plus 3239501?,10419204
What is 894607 plus 891553?,1786160
What is 26302902 plus 14666710?,40969612
What is 80 plus 33?,113
What is 456539 plus 419228?,875767
What is 61 plus 90?,151
What is 562717 plus 785855?,1348572
What is 16 plus 17?,33
What is 311 plus 907?,1218
What is 89810 plus 74325?,164135
What is 5664029209 plus 9587840033?,15251869242
What is 895512 plus 791528?,1687040
What is 395 plus 452?,847
What is 263879380 plus 377571171?,641450551
What is 8494218903 plus 4070003421?,12564222324
What is 3218644 plus 6712343?,9930987
What is 648057025 plus 968756865?,1616813890
What is 88345 plus 62941?,151286
What is 62285825 plus 35298407?,97584232
What is 85 plus 34?,119
What is 6978887 plus 3598263?,10577150
What is 891 plus 257?,1148
What is 75894569 plus 59875941?,135770510
What is 6187383 plus 4612869?,10800252
What is 93803385 plus 51784473?,145587858
What is 7230385451 plus 9770471300?,17000856751
What is 358 plus 446?,804
What is 5144796 plus 6458045?,11602841
What is 23780 plus 41924?,65704
What is 2755258287 plus 5220769540?,7976027827
What is 975 plus 292?,1267
What is 61071 plus 89939?,151010
What is 7670168 plus 1624264?,9294432
What is 176773 plus 348012?,524785
What is 40315377 plus 64878503?,105193880
What is 2366 plus 3699?,6065
What is 2159416 plus 5810535?,7969951
What is 8771 plus 8892?,17663
What is 3767056129 plus 1850182223?,5617238352
What is 9212 plus 2508?,11720
What is 10 plus 28?,38
What is 74876 plus 10301?,85177
What is 26888 plus 52103?,78991
What is 1629 plus 8804?,10433
What is 386900 plus 815356?,1202256
What is 871 plus 337?,1208
What is 83213842 plus 69917895?,153131737
What is 145 plus 571?,716
What is 9338785 plus 3328489?,12667274
What is 397 plus 994?,1391
What is 35047420 plus 85769560?,120816980
What is 79 plus 21?,100
What is 21 plus 54?,75
What is 634 plus 998?,1632
What is 413580 plus 977782?,1391362
What is 542889 plus 798613?,1341502
What is 64822345 plus 14326863?,79149208
What is 938 plus 905?,1843
What is 919130916 plus 393807956?,1312938872
What is 8217 plus 2597?,10814
What is 487073911 plus 309412219?,796486130
What is 814949737 plus 874097652?,1689047389
What is 4044888663 plus 8534531518?,12579420181
What is 383956849 plus 803853444?,1187810293
What is 1610786712 plus 1454754576?,3065541288
What is 429032 plus 684293?,1113325
What is 40315 plus 66310?,106625
What is 719613 plus 855025?,1574638
What is 6557343 plus 6489225?,13046568
What is 66 plus 55?,121
What is 2178 plus 2580?,4758
What is 30 plus 65?,95
What is 7609790 plus 6997477?,14607267
What is 530120 plus 606502?,1136622
What is 6267 plus 8037?,14304
What is 4836 plus 7758?,12594
What is 8748433719 plus 2544497908?,11292931627
What is 3215388 plus 4733256?,7948644
What is 54759289 plus 11176384?,65935673
What is 14 plus 16?,30
What is 9267956428 plus 8218306140?,17486262568
What is 4198109260 plus 3713081138?,7911190398
What is 5529660 plus 3418917?,8948577
What is 6812115 plus 8604604?,15416719
What is 237 plus 318?,555
What is 48126 plus 21780?,69906
What is 222699 plus 623073?,845772
What is 97728961 plus 21554366?,119283327
What is 538 plus 555?,1093
What is 1306761417 plus 7487958740?,8794720157
What is 99311 plus 71671?,170982
What is 93526 plus 68399?,161925
What is 30871 plus 70551?,101422
What is 384563032 plus 377347552?,761910584
What is 5731 plus 4089?,9820
What is 91 plus 27?,118
What is 3285983433 plus 8243258528?,11529241961
What is 4377353 plus 1531874?,5909227
What is 6666 plus 4571?,11237
What is 30 plus 34?,64
What is 68 plus 47?,115
What is 4517 plus 1994?,6511
What is 743 plus 954?,1697
What is 490568 plus 527139?,1017707
What is 5392 plus 3140?,8532
What is 261300608 plus 761073717?,1022374325
What is 759337653 plus 626306151?,1385643804
What is 340506766 plus 459328462?,799835228
What is 1522080197 plus 9903819275?,11425899472
What is 78223279 plus 40327331?,118550610
What is 82542 plus 19518?,102060
What is 20094342 plus 40324670?,60419012
What is 139213280 plus 561299244?,700512524
What is 3597 plus 9165?,12762
What is 45 plus 49?,94
What is 1167866371 plus 7448322142?,8616188513
What is 397 plus 276?,673
What is 937174 plus 255111?,1192285
What is 9876480 plus 3584035?,13460515
What is 42944 plus 48598?,91542
What is 70686024 plus 77250293?,147936317
What is 14435 plus 73845?,88280
What is 18185834 plus 89999545?,108185379
What is 227 plus 500?,727
What is 9959 plus 3942?,13901
What is 2684883785 plus 5284034485?,7968918270
What is 2906147262 plus 3683801861?,6589949123
What is 3646 plus 8307?,11953
What is 4941638127 plus 5906975549?,10848613676
What is 4824020 plus 6852942?,11676962
What is 9586427 plus 8803372?,18389799
What is 39084 plus 42592?,81676
What is 51800 plus 72309?,124109
What is 54324631 plus 19282927?,73607558
What is 645004882 plus 453171633?,1098176515
What is 65 plus 43?,108
What is 49 plus 66?,115
What is 402166439 plus 237010013?,639176452
What is 90257405 plus 89504034?,179761439
What is 342 plus 926?,1268
What is 6282 plus 6862?,13144
What is 538 plus 210?,748
What is 2531772637 plus 7735741652?,10267514289
What is 2124593282 plus 4240485731?,6365079013
What is 329070 plus 817398?,1146468
What is 323421 plus 533584?,857005
What is 104369 plus 787141?,891510
What is 68202431 plus 61662158?,129864589
What is 412 plus 916?,1328
What is 294421775 plus 827112804?,1121534579
What is 53484 plus 30008?,83492
What is 357 plus 740?,1097
What is 6597 plus 1522?,8119
What is 130642 plus 665391?,796033
What is 3412 plus 5073?,8485
What is 866694267 plus 450998663?,1317692930
What is 930873 plus 764248?,1695121
What is 36 plus 51?,87
What is 9156848015 plus 3231519929?,12388367944
What is 55724511 plus 70230425?,125954936
What is 6250 plus 6570?,12820
What is 8530180 plus 9313342?,17843522
What is 71269192 plus 61568237?,132837429
What is 76 plus 57?,133
What is 4536459 plus 5013052?,9549511
What is 81399 plus 97807?,179206
What is 4966 plus 5983?,10949
What is 83256113 plus 90680759?,173936872
What is 58421 plus 51327?,109748
What is 5535582707 plus 7175395416?,12710978123
What is 9521430 plus 7394364?,16915794
What is 25 plus 18?,43
What is 50726 plus 11368?,62094
What is 31773833 plus 50927413?,82701246
What is 765281028 plus 942463427?,1707744455
What is 75 plus 76?,151
What is 5310 plus 9639?,14949
What is 195 plus 956?,1151
What is 21152912 plus 64970001?,86122913
What is 715164 plus 195091?,910255
What is 3065 plus 8743?,11808
What is 463010915 plus 411960884?,874971799
What is 42265 plus 57324?,99589
What is 1803403261 plus 6559000930?,8362404191
What is 59203 plus 56091?,115294
What is 6590 plus 1923?,8513
What is 643361 plus 820874?,1464235
What is 62 plus 17?,79
What is 88 plus 20?,108
What is 87 plus 78?,165
What is 335 plus 224?,559
What is 87012 plus 56035?,143047
What is 70 plus 27?,97
What is 94 plus 53?,147
What is 6541 plus 8835?,15376
What is 99 plus 97?,196
What is 86 plus 48?,134
What is 4796318998 plus 4841726890?,9638045888
What is 40740893 plus 33096126?,73837019
What is 63541553 plus 21027833?,84569386
What is 5542 plus 6563?,12105
What is 983921600 plus 879716963?,1863638563
What is 1208 plus 4498?,5706
What is 39 plus 91?,130
What is 942155835 plus 118142602?,1060298437
What is 895707 plus 416852?,1312559
What is 6934528710 plus 7931447653?,14865976363
What is 687172075 plus 751583854?,1438755929
What is 855 plus 794?,1649
What is 6042 plus 7366?,13408
What is 502797 plus 192059?,694856
What is 1609370122 plus 9097191051?,10706561173
What is 259 plus 853?,1112
What is 5411015 plus 9271911?,14682926
What is 4489 plus 3155?,7644
What is 6072 plus 3661?,9733
What is 274624 plus 175708?,450332
What is 369 plus 824?,1193
What is 209 plus 169?,378
What is 35372355 plus 71057740?,106430095
What is 37 plus 38?,75
What is 916710 plus 212716?,1129426
What is 477 plus 325?,802
What is 78581 plus 66307?,144888
What is 781476 plus 908115?,1689591
What is 676 plus 185?,861
What is 903684 plus 906625?,1810309
What is 94267522 plus 35535311?,129802833
What is 9909805180 plus 9591655157?,19501460337
What is 47111842 plus 13311745?,60423587
What is 94833 plus 57647?,152480
What is 41 plus 77?,118
What is 5873206 plus 3096728?,8969934
What is 510 plus 954?,1464
What is 724 plus 207?,931
What is 8142 plus 2592?,10734
What is 1068458874 plus 9935209584?,11003668458
What is 483093 plus 662684?,1145777
What is 23 plus 80?,103
What is 667523408 plus 972287718?,1639811126
What is 83243383 plus 79870528?,163113911
What is 888700396 plus 991191238?,1879891634
What is 50708 plus 21466?,72174
What is 454 plus 789?,1243
What is 6479802 plus 5268512?,11748314
What is 251323378 plus 560515771?,811839149
What is 353867514 plus 192694957?,546562471
What is 3700693 plus 8316269?,12016962
What is 9156647 plus 5014922?,14171569
What is 55171 plus 89598?,144769
What is 12571531 plus 30649212?,43220743
What is 81970759 plus 92544772?,174515531
What is 86 plus 23?,109
What is 59845 plus 38244?,98089
What is 5296397594 plus 3887357088?,9183754682
What is 4364 plus 6952?,11316
What is 69561441 plus 19654090?,89215531
What is 40 plus 65?,105
What is 270854998 plus 685485587?,956340585
What is 68925590 plus 11371693?,80297283
What is 43409893 plus 39922355?,83332248
What is 4693971 plus 2568437?,7262408
What is 8560075684 plus 5504015057?,14064090741
What is 3056752308 plus 4430233164?,7486985472
What is 943 plus 129?,1072
What is 204893155 plus 248050329?,452943484
What is 2693583 plus 8482067?,11175650
What is 1788889552 plus 4654522242?,6443411794
What is 4715746 plus 9199912?,13915658
What is 201 plus 475?,676
What is 303440 plus 441340?,744780
What is 492 plus 155?,647
What is 13 plus 79?,92
What is 3264412474 plus 5770321784?,9034734258
What is 96785266 plus 77434433?,174219699
What is 496033 plus 131794?,627827
What is 40510285 plus 71472667?,111982952
What is 36 plus 46?,82
What is 655914 plus 627338?,1283252
What is 5284677 plus 2158984?,7443661
What is 8995 plus 5938?,14933
What is 428176378 plus 909760381?,1337936759
What is 279 plus 320?,599
What is 56577 plus 29304?,85881
What is 7128497 plus 5807899?,12936396
What is 492299003 plus 604662134?,1096961137
What is 7691015911 plus 4335291483?,12026307394
What is 247525 plus 878240?,1125765
What is 16299770 plus 69906553?,86206323
What is 9583933803 plus 7840678824?,17424612627
What is 71 plus 24?,95
What is 544005 plus 475959?,1019964
What is 558291772 plus 368763031?,927054803
What is 82 plus 38?,120
What is 70898908 plus 93482242?,164381150
What is 112 plus 965?,1077
What is 323 plus 964?,1287
What is 16513522 plus 71430503?,87944025
What is 47 plus 99?,146
What is 86 plus 22?,108
What is 639490109 plus 193451125?,832941234
What is 8103812109 plus 8826406499?,16930218608
What is 909 plus 716?,1625
What is 973697590 plus 664672635?,1638370225
What is 323855 plus 497131?,820986
What is 7921 plus 5622?,13543
What is 6669422 plus 6099163?,12768585
What is 54058748 plus 53531499?,107590247
What is 521135 plus 864554?,1385689
What is 72405 plus 75531?,147936
What is 5936798374 plus 1586696613?,7523494987
What is 81 plus 28?,109
What is 7180 plus 2989?,10169
What is 4285759 plus 5127341?,9413100
What is 9108510 plus 4039771?,13148281
What is 3628 plus 9113?,12741
What is 24 plus 65?,89
What is 389986969 plus 292769491?,682756460
What is 19517978 plus 48883160?,68401138
What is 96 plus 19?,115
What is 57837 plus 95448?,153285
What is 194102873 plus 436064380?,630167253
What is 85 plus 16?,101
What is 6037092656 plus 3678217742?,9715310398
What is 74 plus 96?,170
What is 90 plus 66?,156
What is 2050580598 plus 5032829527?,7083410125
What is 93057971 plus 90370442?,183428413
What is 74543 plus 36973?,111516
What is 54 plus 23?,77
What is 63 plus 78?,141
What is 6253198 plus 7648432?,13901630
What is 4320917628 plus 6529678031?,10850595659
What is 824320 plus 659929?,1484249
What is 21057 plus 40541?,61598
What is 481348208 plus 530938725?,1012286933
What is 4366886 plus 7288533?,11655419
What is 1232 plus 3089?,4321
What is 989 plus 240?,1229
What is 7853297 plus 6305276?,14158573
What is 2989534 plus 1090476?,4080010
What is 15618 plus 30267?,45885
What is 712 plus 584?,1296
What is 6066940 plus 2348911?,8415851
What is 5375612 plus 8724532?,14100144
What is 5238276819 plus 8633145945?,13871422764
What is 19814495 plus 36031650?,55846145
What is 2874919 plus 4777317?,7652236
What is 5026 plus 7890?,12916
What is 38 plus 92?,130
What is 1201 plus 9368?,10569
What is 688573 plus 577852?,1266425
What is 1537 plus 9820?,11357
What is 68475624 plus 94210844?,162686468
What is 1182793757 plus 2431507893?,3614301650
What is 9138276896 plus 5803435845?,14941712741
What is 9395 plus 1704?,11099
What is 629091 plus 210340?,839431
What is 73709 plus 11660?,85369
What is 4797470223 plus 8897659226?,13695129449
What is 89056637 plus 93960651?,183017288
What is 945822 plus 703863?,1649685
What is 47562 plus 15586?,63148
What is 1847240 plus 6613943?,8461183
What is 9166500 plus 4562702?,13729202
What is 2882963029 plus 1697971185?,4580934214
What is 351 plus 253?,604
What is 7313804 plus 6795304?,14109108
What is 49612755 plus 70225014?,119837769
What is 61433 plus 37286?,98719
What is 3786 plus 7953?,11739
What is 339382 plus 215642?,555024
What is 9112 plus 4906?,14018
What is 227 plus 198?,425
What is 77860013 plus 60637832?,138497845
What is 51183 plus 34585?,85768
What is 554149 plus 310503?,864652
What is 1803463 plus 3707175?,5510638
What is 84941 plus 18160?,103101
What is 654 plus 861?,1515
What is 77862748 plus 45715463?,123578211
What is 756616032 plus 422328961?,1178944993
What is 550430006 plus 431228367?,981658373
What is 9900140047 plus 4489685300?,14389825347
What is 6008751 plus 9041593?,15050344
What is 261457 plus 900750?,1162207
What is 9413009081 plus 1184331853?,10597340934
What is 430 plus 537?,967
What is 4713 plus 2580?,7293
What is 61186839 plus 35991273?,97178112
What is 4399 plus 1585?,5984
What is 62 plus 95?,157
What is 979978102 plus 119196532?,1099174634
What is 90583 plus 89092?,179675
What is 971 plus 956?,1927
What is 68 plus 34?,102
What is 8112 plus 3983?,12095
What is 723816 plus 375534?,1099350
What is 661824 plus 222654?,884478
What is 97520952 plus 55014772?,152535724
What is 19449395 plus 21777657?,41227052
What is 6492160 plus 3013559?,9505719
What is 208 plus 485?,693
What is 8595858622 plus 2262206415?,10858065037
What is 5810672121 plus 1147877659?,6958549780
What is 46 plus 67?,113
What is 52 plus 21?,73
What is 236326172 plus 193533446?,429859618
What is 1235625 plus 1040388?,2276013
What is 68 plus 77?,145
What is 963 plus 758?,1721
What is 1909840296 plus 5806007972?,7715848268
What is 4679 plus 6804?,11483
What is 83213333 plus 48592252?,131805585
What is 932 plus 655?,1587
What is 680 plus 506?,1186
What is 2574189 plus 3868454?,6442643
What is 741618929 plus 358816900?,1100435829
What is 9627731 plus 9653993?,19281724
What is 783448 plus 262132?,1045580
What is 982889 plus 935954?,1918843
What is 34885697 plus 24648098?,59533795
What is 77990119 plus 77603417?,155593536
What is 1654791 plus 9834010?,11488801
What is 6295381 plus 1267534?,7562915
What is 442557 plus 643632?,1086189
What is 677489359 plus 585868540?,1263357899
What is 24 plus 10?,34
What is 26849 plus 76067?,102916
What is 2761074654 plus 5245926177?,8007000831
What is 8637181399 plus 9724455826?,18361637225
What is 5010592 plus 2308110?,7318702
What is 82 plus 67?,149
What is 174357 plus 650909?,825266
What is 2740877984 plus 2278026838?,5018904822
What is 892400771 plus 970267134?,1862667905
What is 78044 plus 39657?,117701
What is 440278 plus 135103?,575381
What is 5948 plus 3963?,9911
What is 675 plus 347?,1022
What is 7744382 plus 4084227?,11828609
What is 211750503 plus 733027722?,944778225
What is 7091 plus 9493?,16584
What is 46882 plus 97142?,144024
What is 4138864108 plus 5126831899?,9265696007
What is 6129858229 plus 6202984594?,12332842823
What is 76 plus 84?,160
What is 35046742 plus 18940907?,53987649
What is 1245612 plus 2885373?,4130985
What is 269575075 plus 987521115?,1257096190
What is 96031 plus 46961?,142992
What is 2687 plus 4943?,7630
What is 50796 plus 53198?,103994
What is 9596074 plus 1333951?,10930025
What is 9521365351 plus 3342548589?,12863913940
What is 2644938 plus 4569359?,7214297
What is 687 plus 588?,1275
What is 3814 plus 7304?,11118
What is 68298647 plus 61494883?,129793530
What is 89 plus 45?,134
What is 4244618487 plus 7726482884?,11971101371
What is 7468610 plus 5398464?,12867074
What is 9230 plus 6320?,15550
What is 27523 plus 63674?,91197
What is 3149187 plus 9282597?,12431784
What is 53830085 plus 23195488?,77025573
What is 5228042 plus 3108778?,8336820
What is 1442423 plus 5875420?,7317843
What is 183645 plus 202125?,385770
What is 698963 plus 110687?,809650
What is 3256239 plus 8870238?,12126477
What is 871 plus 388?,1259
What is 419412944 plus 304013116?,723426060
What is 53543317 plus 96207798?,149751115
What is 947 plus 309?,1256
What is 99 plus 23?,122
What is 54994383 plus 79908612?,134902995
What is 9075104 plus 5194588?,14269692
What is 586 plus 588?,1174
What is 30772 plus 94462?,125234
What is 97958 plus 95733?,193691
What is 19926 plus 45631?,65557
What is 64359575 plus 47300462?,111660037
What is 583064 plus 903388?,1486452
What is 5539276 plus 4349960?,9889236
What is 13 plus 23?,36
What is 80898371 plus 98491877?,179390248
What is 335973 plus 344852?,680825
What is 13819 plus 77010?,90829
What is 76329306 plus 67406827?,143736133
What is 367 plus 237?,604
What is 8590 plus 6636?,15226
What is 3495882596 plus 9469380668?,12965263264
What is 365617 plus 867447?,1233064
What is 22702 plus 63188?,85890
What is 36 plus 58?,94
What is 474476 plus 521435?,995911
What is 460061 plus 485666?,945727
What is 32180 plus 75469?,107649
What is 44010 plus 41820?,85830
What is 4611290 plus 8180606?,12791896
What is 803 plus 945?,1748
What is 11081707 plus 42478277?,53559984
What is 532 plus 780?,1312
What is 4657 plus 6715?,11372
What is 376787256 plus 442764940?,819552196
What is 237835494 plus 724298800?,962134294
What is 7379321 plus 7178729?,14558050
What is 6546889645 plus 1796523562?,8343413207
What is 7980630 plus 3714581?,11695211
What is 92 plus 35?,127
What is 284894031 plus 919291892?,1204185923
What is 122 plus 881?,1003
What is 34850371 plus 71489091?,106339462
What is 92222 plus 58996?,151218
What is 49846233 plus 52772993?,102619226
What is 7885012 plus 8253128?,16138140
What is 380744 plus 571385?,952129
What is 487 plus 146?,633
What is 80 plus 83?,163
What is 17193333 plus 38665284?,55858617
What is 94435669 plus 63403974?,157839643
What is 71527 plus 27822?,99349
What is 6960 plus 3017?,9977
What is 90 plus 97?,187
What is 17175285 plus 79824550?,96999835
What is 38377871 plus 54345528?,92723399
What is 583084889 plus 447416275?,1030501164
What is 45240467 plus 97550465?,142790932
What is 634738033 plus 404391064?,1039129097
What is 590371276 plus 305157558?,895528834
What is 32189318 plus 40134147?,72323465
What is 93220 plus 60680?,153900
What is 11 plus 57?,68
What is 3930166 plus 5379655?,9309821
What is 1475413241 plus 7942163912?,9417577153
What is 9226712 plus 1646927?,10873639
What is 5745694 plus 2017646?,7763340
What is 18 plus 59?,77
What is 3261918 plus 5879087?,9141005
What is 743007 plus 564499?,1307506
What is 6381667 plus 9732452?,16114119
What is 49 plus 28?,77
What is 797545 plus 122012?,919557
What is 217268 plus 363237?,580505
What is 8532 plus 2856?,11388
What is 234955646 plus 372807458?,607763104
What is 93438 plus 97954?,191392
What is 9566 plus 7772?,17338
What is 999917 plus 877494?,1877411
What is 206938124 plus 854963798?,1061901922
What is 990 plus 216?,1206
What is 8000 plus 3623?,11623
What is 308729379 plus 433034849?,741764228
What is 98758488 plus 97616007?,196374495
What is 222122724 plus 877919254?,1100041978
What is 21358670 plus 17356174?,38714844
What is 82379266 plus 31214825?,113594091
What is 438099 plus 288879?,726978
What is 8025447226 plus 8188599457?,16214046683
What is 6733 plus 3111?,9844
What is 777 plus 153?,930
What is 201477 plus 173551?,375028
What is 679 plus 247?,926
What is 90445 plus 53517?,143962
What is 47786953 plus 86556526?,134343479
What is 362 plus 169?,531
What is 79 plus 50?,129
What is 7645263 plus 1402361?,9047624
What is 59410 plus 56094?,115504
What is 8308521 plus 1878679?,10187200
What is 81716 plus 66825?,148541
What is 38104157 plus 42231543?,80335700
What is 471770378 plus 867543597?,1339313975
What is 7579187565 plus 4892110726?,12471298291
What is 57359367 plus 92569066?,149928433
What is 4871729471 plus 2218360197?,7090089668
What is 177115 plus 504299?,681414
What is 82112797 plus 17152255?,99265052
What is 189534 plus 946868?,1136402
What is 4413 plus 8030?,12443
What is 114439 plus 155885?,270324
What is 37378 plus 71247?,108625
What is 98 plus 87?,185
What is 407 plus 932?,1339
What is 1174946 plus 1068439?,2243385
What is 5661038821 plus 4850176016?,10511214837
What is 485 plus 358?,843
What is 8924726881 plus 8574798373?,17499525254
What is 1561 plus 9669?,11230
What is 790784631 plus 808121742?,1598906373
What is 160640 plus 675359?,835999
What is 798 plus 285?,1083
What is 52620853 plus 62788776?,115409629
What is 78479 plus 38423?,116902
What is 11237784 plus 53191427?,64429211
What is 8225420 plus 5963546?,14188966
What is 89 plus 81?,170
What is 4526 plus 2963?,7489
What is 955471 plus 195122?,1150593
What is 3647 plus 6336?,9983
What is 83337 plus 15008?,98345
What is 8105354692 plus 9063672430?,17169027122
What is 602329006 plus 563956387?,1166285393
What is 18189 plus 53914?,72103
What is 4874517 plus 2764327?,7638844
What is 2275189 plus 5495429?,7770618
What is 9387191268 plus 1398929959?,10786121227
What is 402956772 plus 722524991?,1125481763
What is 48972981 plus 65976586?,114949567
What is 60 plus 75?,135
What is 395405 plus 671365?,1066770
What is 20 plus 87?,107
What is 1910485416 plus 9134117847?,11044603263
What is 6825 plus 5908?,12733
What is 552586154 plus 889542751?,1442128905
What is 12 plus 65?,77
What is 350086911 plus 545132155?,895219066
What is 9213597 plus 6851684?,16065281
What is 9664830748 plus 4506453182?,14171283930
What is 41575 plus 17554?,59129
What is 9042226821 plus 9485392234?,18527619055
What is 81410 plus 58629?,140039
What is 14302 plus 33622?,47924
What is 689853018 plus 300775464?,990628482
What is 477 plus 802?,1279
What is 548011 plus 393257?,941268
What is 8729316778 plus 2019938582?,10749255360
What is 80130099 plus 44966282?,125096381
What is 25 plus 74?,99
What is 62 plus 23?,85
What is 3638064932 plus 4439625160?,8077690092
What is 710 plus 541?,1251
What is 33065 plus 22714?,55779
What is 816569 plus 724055?,1540624
What is 9523 plus 9807?,19330
What is 478305 plus 520061?,998366
What is 1948374 plus 9952507?,11900881
What is 8356024850 plus 3580905889?,11936930739
What is 490 plus 665?,1155
What is 72077 plus 27883?,99960
What is 9007332 plus 6363306?,15370638
What is 5515 plus 2062?,7577
What is 414 plus 434?,848
What is 3422612040 plus 4965527857?,8388139897
What is 48 plus 74?,122
What is 6844948 plus 3954014?,10798962
What is 975130 plus 568932?,1544062
What is 666475 plus 326973?,993448
What is 39 plus 15?,54
What is 48655 plus 99648?,148303
What is 1204766798 plus 5262715929?,6467482727
What is 590405003 plus 283191959?,873596962
What is 31392 plus 68745?,100137
What is 64 plus 93?,157
What is 13 plus 74?,87
What is 83002 plus 51324?,134326
What is 74473 plus 44136?,118609
What is 8917 plus 2728?,11645
What is 50 plus 38?,88
What is 472 plus 992?,1464
What is 68 plus 89?,157
What is 1378914085 plus 9469868569?,10848782654
What is 6842 plus 8205?,15047
What is 21754890 plus 46599261?,68354151
What is 6151320 plus 6809538?,12960858
What is 31884706 plus 40736381?,72621087
What is 5034078 plus 7845942?,12880020
What is 47 plus 38?,85
What is 4773 plus 9964?,14737
What is 896235061 plus 240824866?,1137059927
What is 7279 plus 1119?,8398
What is 471 plus 997?,1468
What is 5642 plus 6850?,12492
What is 5321 plus 2133?,7454
What is 23 plus 62?,85
What is 86 plus 59?,145
What is 89314 plus 18718?,108032
What is 6273 plus 9313?,15586
What is 8739963089 plus 7729955997?,16469919086
What is 76 plus 20?,96
What is 865634 plus 296200?,1161834
What is 280475489 plus 818631844?,1099107333
What is 93 plus 54?,147
What is 4731 plus 9001?,13732
What is 419266042 plus 466581972?,885848014
What is 3093825685 plus 8303941764?,11397767449
What is 187 plus 895?,1082
What is 590689780 plus 345948624?,936638404
What is 6130516 plus 4124949?,10255465
What is 948816656 plus 301733058?,1250549714
What is 7536777042 plus 5948373411?,13485150453
What is 2096 plus 4831?,6927
What is 399772923 plus 252873428?,652646351
What is 2960107839 plus 8806294617?,11766402456
What is 47143289 plus 85987929?,133131218
What is 8505 plus 8831?,17336
What is 71322 plus 47797?,119119
What is 288357830 plus 331001786?,619359616
What is 94 plus 12?,106
What is 5934 plus 5015?,10949
What is 78 plus 99?,177
What is 3992804 plus 6920383?,10913187
What is 217825 plus 413206?,631031
What is 8587002623 plus 8397486260?,16984488883
What is 209 plus 249?,458
What is 570393999 plus 634749771?,1205143770
What is 68500 plus 22973?,91473
What is 38266 plus 16109?,54375
What is 79247195 plus 32710725?,111957920
What is 93293870 plus 22727397?,116021267
What is 62439 plus 21863?,84302
What is 775 plus 375?,1150
What is 195 plus 142?,337
What is 24 plus 51?,75
What is 5542480 plus 3030819?,8573299
What is 504119975 plus 435324222?,939444197
What is 6883540533 plus 4272447186?,11155987719
What is 548015347 plus 650727506?,1198742853
What is 324 plus 507?,831
What is 1479 plus 7888?,9367
What is 957 plus 611?,1568
What is 223485 plus 227751?,451236
What is 772691091 plus 606938315?,1379629406
What is 836 plus 496?,1332
What is 8432 plus 7931?,16363
What is 37 plus 91?,128
What is 451 plus 634?,1085
What is 259 plus 249?,508
What is 5228779596 plus 3967977776?,9196757372
What is 119769 plus 670454?,790223
What is 1813359977 plus 6844702275?,8658062252
What is 29548 plus 87982?,117530
What is 5709760875 plus 9736448474?,15446209349
What is 36 plus 78?,114
What is 9845335 plus 8506035?,18351370
What is 3343700199 plus 6850099869?,10193800068
What is 950 plus 574?,1524
What is 720262 plus 693489?,1413751
What is 97105670 plus 52807983?,149913653
What is 8215768689 plus 6714197988?,14929966677
What is 69 plus 87?,156
What is 496694 plus 251766?,748460
What is 59718744 plus 12312615?,72031359
What is 80957768 plus 35381713?,116339481
What is 8305108753 plus 7159331804?,15464440557
What is 31944 plus 32484?,64428
What is 1129314 plus 3639222?,4768536
What is 828 plus 689?,1517
What is 6107677598 plus 8706298768?,14813976366
What is 66 plus 52?,118
What is 134 plus 699?,833
What is 756471260 plus 318612309?,1075083569
What is 71252828 plus 62190974?,133443802
What is 40854422 plus 87661610?,128516032
What is 170 plus 186?,356
What is 888 plus 847?,1735
What is 254968 plus 920206?,1175174
What is 1220 plus 2233?,3453
What is 3765460653 plus 1475094347?,5240555000
What is 1226073317 plus 7792537371?,9018610688
What is 881707865 plus 824449079?,1706156944
What is 6452 plus 6963?,13415
What is 40 plus 57?,97
What is 65127341 plus 43010985?,108138326
What is 13083 plus 12172?,25255
What is 788620416 plus 570642286?,1359262702
What is 879026 plus 489962?,1368988
What is 5446034 plus 3523329?,8969363
What is 97845918 plus 67321412?,165167330
What is 4999 plus 3354?,8353
What is 2008 plus 9701?,11709
What is 651804880 plus 348619343?,1000424223
What is 54 plus 59?,113
What is 867214205 plus 674245847?,1541460052
What is 3475664 plus 9715156?,13190820
What is 963 plus 960?,1923
What is 9408003051 plus 7633072052?,17041075103
What is 77208335 plus 74092266?,151300601
What is 91 plus 65?,156
What is 21 plus 42?,63
What is 9832358378 plus 9238810856?,19071169234
What is 973 plus 370?,1343
What is 95 plus 65?,160
What is 802 plus 903?,1705
What is 984311 plus 297713?,1282024
What is 39607789 plus 46455899?,86063688
What is 6745 plus 3532?,10277
What is 8360677 plus 1182952?,9543629
What is 6598653 plus 4664892?,11263545
What is 6614 plus 3277?,9891
What is 38723867 plus 63029401?,101753268
What is 78 plus 93?,171
What is 975062776 plus 385377068?,1360439844
What is 18 plus 56?,74
What is 8239027723 plus 8996777018?,17235804741
What is 166642703 plus 598557205?,765199908
What is 2585663 plus 3976699?,6562362
What is 97559704 plus 21574847?,119134551
What is 934 plus 893?,1827
What is 25827 plus 24298?,50125
What is 68 plus 75?,143
What is 61 plus 80?,141
What is 154054499 plus 166930525?,320985024
What is 663088 plus 737352?,1400440
What is 1637695 plus 8851914?,10489609
What is 92 plus 82?,174
What is 181693753 plus 825141135?,1006834888
What is 7715788 plus 2146034?,9861822
What is 41214434 plus 40261747?,81476181
What is 1012755074 plus 9230851810?,10243606884
What is 183923687 plus 987832636?,1171756323
What is 1635 plus 6588?,8223
What is 663791 plus 882408?,1546199
What is 6467076574 plus 9975984661?,16443061235
What is 2722300 plus 9154336?,11876636
What is 439 plus 271?,710
What is 38201 plus 36277?,74478
What is 7490143 plus 7446626?,14936769
What is 21916 plus 23951?,45867
What is 4179474 plus 3587389?,7766863
What is 13331651 plus 20713913?,34045564
What is 70766 plus 83891?,154657
What is 232821 plus 603548?,836369
What is 696392374 plus 967668403?,1664060777
What is 71761 plus 40658?,112419
What is 89366 plus 96917?,186283
What is 73296 plus 72292?,145588
What is 2858783 plus 9206266?,12065049
What is 16630 plus 88976?,105606
What is 45 plus 17?,62
What is 57114295 plus 96837433?,153951728
What is 3841346520 plus 3978540442?,7819886962
What is 273540070 plus 481657502?,755197572
What is 66467 plus 37748?,104215
What is 6128 plus 3557?,9685
What is 11 plus 24?,35
What is 971870 plus 343399?,1315269
What is 4835 plus 2672?,7507
What is 206 plus 972?,1178
What is 637733811 plus 643498213?,1281232024
What is 6089545 plus 3703339?,9792884
What is 2822 plus 8572?,11394
What is 7430 plus 8475?,15905
What is 518709 plus 788667?,1307376
What is 653 plus 104?,757
What is 9076371449 plus 5255638769?,14332010218
What is 639421059 plus 257772184?,897193243
What is 68160512 plus 37861153?,106021665
What is 28970591 plus 87667663?,116638254
What is 22109 plus 77221?,99330
What is 6823 plus 2559?,9382
What is 791914387 plus 267567822?,1059482209
What is 5439105 plus 4715791?,10154896
What is 244 plus 967?,1211
What is 135383 plus 461957?,597340
What is 2150346 plus 9883455?,12033801
What is 7379 plus 5696?,13075
What is 3306272725 plus 7579793617?,10886066342
What is 8600941353 plus 4979301266?,13580242619
What is 44210 plus 87472?,131682
What is 4157 plus 9498?,13655
What is 81 plus 56?,137
What is 48772 plus 44462?,93234
What is 79 plus 64?,143
What is 31 plus 53?,84
What is 643 plus 965?,1608
What is 9499 plus 7392?,16891
What is 5853 plus 9293?,15146
What is 6406 plus 6760?,13166
What is 86 plus 11?,97
What is 531689577 plus 417105358?,948794935
What is 73596 plus 38214?,111810
What is 2594776 plus 9028155?,11622931
What is 77310770 plus 19126129?,96436899
What is 16388404 plus 49055552?,65443956
What is 977263436 plus 254330152?,1231593588
What is 48195729 plus 68379665?,116575394
What is 26793406 plus 64307869?,91101275
What is 51 plus 51?,102
What is 13381 plus 70725?,84106
What is 8863738 plus 2033017?,10896755
What is 765185 plus 776372?,1541557
What is 1199437954 plus 5819163720?,7018601674
What is 3625051 plus 3049093?,6674144
What is 32916 plus 15506?,48422
What is 1421946335 plus 5498129017?,6920075352
What is 81 plus 97?,178
What is 7507344794 plus 6753863597?,14261208391
What is 664677756 plus 346680361?,1011358117
What is 85931584 plus 16284325?,102215909
What is 6964519 plus 3732454?,10696973
What is 587064 plus 551418?,1138482
What is 610023 plus 965852?,1575875
What is 9360 plus 3107?,12467
What is 91 plus 56?,147
What is 91922426 plus 88846469?,180768895
What is 304439515 plus 941203983?,1245643498
What is 911818 plus 678618?,1590436
What is 4902814854 plus 3738437492?,8641252346
What is 946 plus 979?,1925
What is 972105215 plus 576103984?,1548209199
What is 7083 plus 5423?,12506
What is 31 plus 19?,50
What is 88 plus 51?,139
What is 77 plus 83?,160
What is 378878006 plus 170113355?,548991361
What is 6731 plus 1236?,7967
What is 4115373 plus 1752504?,5867877
What is 10408924 plus 54252238?,64661162
What is 1009 plus 7163?,8172
What is 5635318 plus 2144643?,7779961
What is 71057306 plus 53226372?,124283678
What is 25943 plus 39627?,65570
What is 7056 plus 1286?,8342
What is 430 plus 228?,658
What is 456055907 plus 196748979?,652804886
What is 48 plus 99?,147
What is 53 plus 66?,119
What is 2658207 plus 5606325?,8264532
What is 29 plus 64?,93
What is 6029833 plus 1004714?,7034547
What is 626422 plus 748314?,1374736
What is 77 plus 28?,105
What is 582 plus 527?,1109
What is 8231 plus 1722?,9953
What is 8300285979 plus 7498066508?,15798352487
What is 632 plus 873?,1505
What is 291169580 plus 951853355?,1243022935
What is 9249971 plus 9340153?,18590124
What is 66 plus 94?,160
What is 9066 plus 2503?,11569
What is 750938868 plus 568437573?,1319376441
What is 3277259727 plus 7403510729?,10680770456
What is 304122434 plus 246992012?,551114446
What is 1877507887 plus 2904243644?,4781751531
What is 66103 plus 55358?,121461
What is 328275189 plus 832493218?,1160768407
What is 87 plus 31?,118
What is 4386240063 plus 6822283801?,11208523864
What is 3691797705 plus 6667043133?,10358840838
What is 95 plus 61?,156
What is 3533233 plus 2695421?,6228654
What is 460453 plus 192186?,652639
What is 64 plus 19?,83
What is 90942407 plus 93361071?,184303478
What is 386290 plus 161056?,547346
What is 190 plus 972?,1162
What is 726723 plus 909461?,1636184
What is 2332264557 plus 1084835798?,3417100355
What is 21204 plus 76284?,97488
What is 99 plus 91?,190
What is 925909 plus 576255?,1502164
What is 2776 plus 1565?,4341
What is 27 plus 41?,68
What is 1687205 plus 8822654?,10509859
What is 6621884 plus 3501396?,10123280
What is 300327 plus 239227?,539554
What is 176246 plus 468911?,645157
What is 89643 plus 29489?,119132
What is 3652 plus 4865?,8517
What is 4186258 plus 7308617?,11494875
What is 1854196 plus 5469791?,7323987
What is 49644 plus 44706?,94350
What is 37 plus 67?,104
What is 4338047 plus 9162249?,13500296
What is 670 plus 256?,926
What is 7945684036 plus 6900982168?,14846666204
What is 67658087 plus 90102297?,157760384
What is 2928204437 plus 3311611520?,6239815957
What is 7422 plus 6708?,14130
What is 143 plus 203?,346
What is 7981 plus 3814?,11795
What is 5358823853 plus 2263443353?,7622267206
What is 35 plus 56?,91
What is 229365 plus 750095?,979460
What is 3195 plus 4615?,7810
What is 96 plus 32?,128
What is 337 plus 477?,814
What is 772 plus 546?,1318
What is 36 plus 38?,74
What is 72 plus 24?,96
What is 23314 plus 37142?,60456
What is 78696 plus 74489?,153185
What is 9642 plus 4556?,14198
What is 6308798753 plus 9017240335?,15326039088
What is 832 plus 455?,1287
What is 605320 plus 784642?,1389962
What is 6591 plus 8741?,15332
What is 7166939 plus 6798728?,13965667
What is 37606494 plus 76420301?,114026795
What is 509925 plus 866726?,1376651
What is 26532578 plus 39071146?,65603724
What is 20 plus 50?,70
What is 707 plus 560?,1267
What is 36 plus 86?,122
What is 89372 plus 42035?,131407
What is 40967 plus 74487?,115454
What is 77 plus 36?,113
What is 42826 plus 39695?,82521
What is 2858 plus 7834?,10692
What is 41209 plus 47996?,89205
What is 382 plus 342?,724
What is 36399163 plus 52872058?,89271221
What is 3287902 plus 2684809?,5972711
What is 903382696 plus 155821345?,1059204041
What is 704769 plus 241262?,946031
What is 354166586 plus 999384962?,1353551548
What is 6050857 plus 8849772?,14900629
What is 92 plus 77?,169
What is 4613622701 plus 3864204714?,8477827415
What is 2533338041 plus 1127776012?,3661114053
What is 69017 plus 23698?,92715
What is 535324 plus 715161?,1250485
What is 796148 plus 888796?,1684944
What is 2820 plus 8162?,10982
What is 23418831 plus 35398590?,58817421
What is 431487619 plus 618571102?,1050058721
What is 534096181 plus 790728161?,1324824342
What is 3353536 plus 7564345?,10917881
What is 505729712 plus 415470840?,921200552
What is 88158 plus 54153?,142311
What is 30278187 plus 22831983?,53110170
What is 9740 plus 7301?,17041
What is 722382 plus 678245?,1400627
What is 1428 plus 9071?,10499
What is 55438 plus 97532?,152970
What is 617 plus 390?,1007
What is 58139 plus 15518?,73657
What is 682361940 plus 551349203?,1233711143
What is 563328738 plus 526899965?,1090228703
What is 42987 plus 81934?,124921
What is 3449538 plus 3700589?,7150127
What is 6058606816 plus 2601781766?,8660388582
What is 523816129 plus 402020348?,925836477
What is 4535522 plus 3618839?,8154361
What is 561690 plus 722168?,1283858
What is 209 plus 161?,370
What is 542 plus 120?,662
What is 235642 plus 339876?,575518
What is 522273487 plus 973982274?,1496255761
What is 926972 plus 962514?,1889486
What is 379868 plus 951700?,1331568
What is 1376 plus 4315?,5691
What is 78680742 plus 87338722?,166019464
What is 112798714 plus 960072503?,1072871217
What is 27 plus 52?,79
What is 1267 plus 4318?,5585
What is 60655 plus 79817?,140472
What is 734392 plus 574658?,1309050
What is 8478 plus 1568?,10046
What is 107 plus 376?,483
What is 345 plus 471?,816
What is 1115841644 plus 8833062226?,9948903870
What is 36096235 plus 81786529?,117882764
What is 8082344 plus 4710442?,12792786
What is 220 plus 810?,1030
What is 3914 plus 7183?,11097
What is 273182 plus 993224?,1266406
What is 780865 plus 756735?,1537600
What is 176 plus 428?,604
What is 1118543 plus 3145681?,4264224
What is 714524181 plus 768779804?,1483303985
What is 501801 plus 686319?,1188120
What is 6731752 plus 4955336?,11687088
What is 69198312 plus 23311919?,92510231
What is 950 plus 533?,1483
What is 7154034 plus 7641605?,14795639
What is 6308675 plus 4662041?,10970716
What is 35 plus 71?,106
What is 54 plus 42?,96
What is 90110 plus 36188?,126298
What is 8010314 plus 6704097?,14714411
What is 50468004 plus 59175130?,109643134
What is 2507 plus 5046?,7553
What is 1232 plus 2246?,3478
What is 49675476 plus 20033268?,69708744
What is 99801765 plus 17440583?,117242348
What is 2888421 plus 9664136?,12552557
What is 3674294809 plus 9883991580?,13558286389
What is 628144174 plus 476315603?,1104459777
What is 2735 plus 1806?,4541
What is 9119265 plus 5178238?,14297503
What is 6089 plus 7269?,13358
What is 1603 plus 1817?,3420
What is 58986449 plus 78920226?,137906675
What is 48203527 plus 48655661?,96859188
What is 65 plus 86?,151
What is 2893397302 plus 6055628982?,8949026284
What is 590784 plus 662808?,1253592
What is 88 plus 27?,115
What is 19 plus 30?,49
What is 2661 plus 7315?,9976
What is 926091230 plus 489687498?,1415778728
What is 87388 plus 51469?,138857
What is 65 plus 95?,160
What is 763165 plus 338969?,1102134
What is 1024758760 plus 4124545457?,5149304217
What is 2640729760 plus 7864675253?,10505405013
What is 250852917 plus 137389820?,388242737
What is 407648825 plus 207784758?,615433583
What is 194 plus 748?,942
What is 89186905 plus 64800594?,153987499
What is 576 plus 652?,1228
What is 10 plus 68?,78
What is 77 plus 84?,161
What is 889897 plus 642670?,1532567
What is 9087978 plus 3286334?,12374312
What is 92235822 plus 34061729?,126297551
What is 4760 plus 4341?,9101
What is 3392548176 plus 1663490467?,5056038643
What is 84608 plus 47652?,132260
What is 67 plus 23?,90
What is 381357 plus 710934?,1092291
What is 229561 plus 115308?,344869
What is 347304 plus 288424?,635728
What is 231834 plus 164998?,396832
What is 48 plus 87?,135
What is 790 plus 306?,1096
What is 2564421 plus 5240411?,7804832
What is 768766946 plus 624443950?,1393210896
What is 9721425 plus 3066846?,12788271
What is 35599909 plus 33468910?,69068819
What is 17362 plus 56140?,73502
What is 3909098 plus 3292008?,7201106
What is 819 plus 995?,1814
What is 83 plus 92?,175
What is 25664698 plus 41131862?,66796560
What is 1612578 plus 2907387?,4519965
What is 502041 plus 474776?,976817
What is 4626649238 plus 2045916632?,6672565870
What is 651941 plus 788891?,1440832
What is 4370241386 plus 7590592425?,11960833811
What is 45 plus 37?,82
What is 8829241210 plus 3519502221?,12348743431
What is 908 plus 155?,1063
What is 38195 plus 85493?,123688
What is 66 plus 37?,103
What is 4243482383 plus 4600350145?,8843832528
What is 264 plus 124?,388
What is 1302 plus 4561?,5863
What is 624847 plus 505074?,1129921
What is 801 plus 673?,1474
What is 99647622 plus 61866523?,161514145
What is 19 plus 74?,93
What is 9266625 plus 8014790?,17281415
What is 909 plus 787?,1696
What is 1318849073 plus 7375480331?,8694329404
What is 67555 plus 31602?,99157
What is 414 plus 481?,895
What is 918 plus 180?,1098
What is 326782159 plus 786859114?,1113641273
What is 1059942175 plus 3068359233?,4128301408
What is 9375 plus 9357?,18732
What is 754 plus 507?,1261
What is 10410206 plus 27694808?,38105014
What is 28623 plus 14365?,42988
What is 3268299 plus 2120873?,5389172
What is 63 plus 97?,160
What is 5816820770 plus 1397516244?,7214337014
What is 7012 plus 3561?,10573
What is 484820 plus 939309?,1424129
What is 4657893 plus 6695997?,11353890
What is 23406083 plus 63438541?,86844624
What is 994 plus 330?,1324
What is 32477312 plus 78289729?,110767041
What is 2873 plus 9154?,12027
What is 262 plus 637?,899
What is 848 plus 981?,1829
What is 805436 plus 198015?,1003451
What is 953924 plus 417422?,1371346
What is 9803 plus 2507?,12310
What is 933806046 plus 894835698?,1828641744
What is 766865 plus 864897?,1631762
What is 1113351 plus 4861413?,5974764
What is 756 plus 798?,1554
What is 546293 plus 835111?,1381404
What is 8417 plus 7740?,16157
What is 8333493778 plus 8647532120?,16981025898
What is 1247 plus 7955?,9202
What is 80 plus 72?,152
What is 7845 plus 6819?,14664
What is 463830894 plus 556782007?,1020612901
What is 388839 plus 464408?,853247
What is 7658 plus 2015?,9673
What is 382 plus 358?,740
What is 761129 plus 483160?,1244289
What is 341 plus 180?,521
What is 280 plus 357?,637
What is 730707345 plus 221556110?,952263455
What is 7667 plus 6378?,14045
What is 2141138793 plus 9879226258?,12020365051
What is 781456 plus 610701?,1392157
What is 57395880 plus 61880825?,119276705
What is 47811 plus 49728?,97539
What is 5048126327 plus 7502883998?,12551010325
What is 4466757779 plus 8963151791?,13429909570
What is 7728860106 plus 9034357819?,16763217925
What is 97912133 plus 17418332?,115330465
What is 268748 plus 166586?,435334
What is 1159123995 plus 5552161012?,6711285007
What is 978725792 plus 852887964?,1831613756
What is 794 plus 306?,1100
What is 57 plus 14?,71
What is 85982543 plus 10246195?,96228738
What is 394590 plus 224506?,619096
What is 2078 plus 6306?,8384
What is 2463 plus 9331?,11794
What is 512545 plus 143465?,656010
What is 2161673 plus 9170343?,11332016
What is 86925 plus 24940?,111865
What is 9776 plus 6963?,16739
What is 182 plus 601?,783
What is 4276641 plus 1402118?,5678759
What is 7966 plus 4326?,12292
What is 868968853 plus 218662381?,1087631234
What is 520578 plus 869622?,1390200
What is 41 plus 53?,94
What is 8287650938 plus 9259132000?,17546782938
What is 645215 plus 503966?,1149181
What is 5189143 plus 9449963?,14639106
What is 155079548 plus 662651926?,817731474
What is 5779 plus 4380?,10159
What is 140696 plus 759402?,900098
What is 681246256 plus 369259283?,1050505539
What is 2555180 plus 9596858?,12152038
What is 27003 plus 57306?,84309
What is 6014 plus 8239?,14253
What is 349395076 plus 861009341?,1210404417
What is 8864735811 plus 8564449689?,17429185500
What is 1253473 plus 2912175?,4165648
What is 82 plus 63?,145
What is 1581246 plus 3975351?,5556597
What is 715729391 plus 968125801?,1683855192
What is 826665 plus 852388?,1679053
What is 357 plus 754?,1111
What is 460 plus 105?,565
What is 976954895 plus 509363916?,1486318811
What is 707 plus 603?,1310
What is 2363112401 plus 9530773007?,11893885408
What is 3604441 plus 4959774?,8564215
What is 298 plus 849?,1147
What is 608735445 plus 791218698?,1399954143
What is 74 plus 45?,119
What is 27556 plus 88306?,115862
What is 190346 plus 414024?,604370
What is 81237064 plus 97838302?,179075366
What is 89407 plus 64690?,154097
What is 1434128018 plus 8057196171?,9491324189
What is 4837281 plus 4716952?,9554233
What is 1852668 plus 9932600?,11785268
What is 703124352 plus 222263436?,925387788
What is 712550 plus 699771?,1412321
What is 725117966 plus 538277221?,1263395187
What is 7192856037 plus 6489459050?,13682315087
What is 3372683 plus 4744648?,8117331
What is 8315 plus 3014?,11329
What is 95430356 plus 77754921?,173185277
What is 597540494 plus 413548710?,1011089204
What is 607819 plus 530429?,1138248
What is 9483646 plus 4105913?,13589559
What is 14 plus 98?,112
What is 4583016482 plus 2741631553?,7324648035
What is 58652228 plus 64042933?,122695161
What is 9965 plus 3002?,12967
What is 4387559474 plus 6453442430?,10841001904
What is 18887 plus 57524?,76411
What is 2180558486 plus 1047564108?,3228122594
What is 9137 plus 4436?,13573
What is 75595638 plus 65907822?,141503460
What is 985665 plus 566263?,1551928
What is 32974193 plus 82702549?,115676742
What is 6636 plus 3431?,10067
What is 102332194 plus 412592428?,514924622
What is 77 plus 19?,96
What is 5548261765 plus 2085002525?,7633264290
What is 43 plus 48?,91
What is 8072393 plus 3322561?,11394954
What is 669793595 plus 831929150?,1501722745
What is 14 plus 64?,78
What is 292204 plus 713136?,1005340
What is 7189 plus 7669?,14858
What is 30117596 plus 88669276?,118786872
What is 780526369 plus 355244982?,1135771351
What is 284 plus 622?,906
What is 3035084 plus 4503334?,7538418
What is 102091154 plus 866799737?,968890891
What is 2767783 plus 1593387?,4361170
What is 39542410 plus 18912447?,58454857
What is 770922 plus 808965?,1579887
What is 855451 plus 306870?,1162321
What is 314785 plus 349305?,664090
What is 4918733 plus 3872285?,8791018
What is 8402 plus 8992?,17394
What is 98339549 plus 20020889?,118360438
What is 666737979 plus 842937569?,1509675548
What is 42472 plus 68306?,110778
What is 17068151 plus 84831115?,101899266
What is 6326972010 plus 2762952202?,9089924212
What is 948411745 plus 965056586?,1913468331
What is 7499278885 plus 3706616226?,11205895111
What is 357794 plus 323272?,681066
What is 860 plus 715?,1575
What is 96620794 plus 87436588?,184057382
What is 37 plus 65?,102
What is 2402645 plus 9683808?,12086453
What is 587331 plus 177413?,764744
What is 7353024034 plus 4700844207?,12053868241
What is 2798 plus 3080?,5878
What is 189423526 plus 947438415?,1136861941
What is 29515 plus 55787?,85302
What is 916911154 plus 770199298?,1687110452
What is 42784 plus 29606?,72390
What is 850133 plus 462999?,1313132
What is 3671 plus 3697?,7368
What is 778739718 plus 487754309?,1266494027
What is 986354906 plus 548168966?,1534523872
What is 4763585 plus 8998687?,13762272
What is 48293 plus 82283?,130576
What is 3627371 plus 7063525?,10690896
What is 35 plus 51?,86
What is 505065 plus 956057?,1461122
What is 846 plus 429?,1275
What is 731990 plus 972475?,1704465
What is 47517 plus 19396?,66913
What is 591087141 plus 179033409?,770120550
What is 60246 plus 98829?,159075
What is 1480619 plus 3206598?,4687217
What is 59200184 plus 13431010?,72631194
What is 1386912208 plus 6163934628?,7550846836
What is 2050509704 plus 7515066107?,9565575811
What is 82896 plus 87145?,170041
What is 38101 plus 27173?,65274
What is 33 plus 82?,115
What is 95 plus 13?,108
What is 21069006 plus 44142383?,65211389
What is 8016160372 plus 7400069347?,15416229719
What is 2482685036 plus 4870230948?,7352915984
What is 27307 plus 45858?,73165
What is 17234504 plus 39036421?,56270925
What is 461412 plus 452947?,914359
What is 42834964 plus 25175295?,68010259
What is 867 plus 961?,1828
What is 8630595 plus 4436498?,13067093
What is 118691396 plus 276801843?,395493239
What is 812762 plus 577086?,1389848
What is 3898320 plus 2441851?,6340171
What is 7080 plus 5123?,12203
What is 19 plus 43?,62
What is 779166 plus 672077?,1451243
What is 36449570 plus 38186181?,74635751
What is 427 plus 427?,854
What is 456218733 plus 550192434?,1006411167
What is 8922680535 plus 3563966482?,12486647017
What is 366 plus 695?,1061
What is 8113737505 plus 1707528595?,9821266100
What is 9104907 plus 6949307?,16054214
What is 2862712242 plus 1953244941?,4815957183
What is 105639 plus 847989?,953628
What is 531038534 plus 450726355?,981764889
What is 568832200 plus 423669513?,992501713
What is 75074799 plus 21350151?,96424950
What is 7643 plus 5894?,13537
What is 21748 plus 25343?,47091
What is 32017448 plus 97150658?,129168106
What is 5460 plus 8746?,14206
What is 7764 plus 6196?,13960
What is 66134 plus 93413?,159547
What is 39717 plus 76926?,116643
What is 7982541 plus 6997601?,14980142
What is 61305903 plus 89836115?,151142018
What is 8216946715 plus 1529627653?,9746574368
What is 266687559 plus 974509337?,1241196896
What is 2911121258 plus 2870874324?,5781995582
What is 533430 plus 167140?,700570
What is 277 plus 350?,627
What is 3546522278 plus 8280700860?,11827223138
What is 4851254492 plus 5383873712?,10235128204
What is 7088510 plus 7028912?,14117422
What is 235296 plus 946454?,1181750
What is 9347052946 plus 8508821184?,17855874130
What is 7242960762 plus 5778105499?,13021066261
What is 408881 plus 341633?,750514
What is 51928 plus 77422?,129350
What is 177769 plus 895794?,1073563
What is 8725864322 plus 1601573095?,10327437417
What is 2538 plus 7782?,10320
What is 939332532 plus 435434500?,1374767032
What is 76 plus 45?,121
What is 8705114021 plus 3342639573?,12047753594
What is 75411120 plus 70660871?,146071991
What is 9999783 plus 6284660?,16284443
What is 8164386 plus 1269693?,9434079
What is 327424 plus 323235?,650659
What is 89254 plus 47783?,137037
What is 9379110852 plus 7424269188?,16803380040
What is 326016 plus 806515?,1132531
What is 208 plus 133?,341
What is 19545 plus 91858?,111403
What is 3914292 plus 2356122?,6270414
What is 68866 plus 32505?,101371
What is 557550 plus 940795?,1498345
What is 77084613 plus 91691269?,168775882
What is 7666789811 plus 8083997459?,15750787270
What is 507055310 plus 248720038?,755775348
What is 96454594 plus 37804785?,134259379
What is 2654792335 plus 2941949499?,5596741834
What is 374 plus 886?,1260
What is 550517754 plus 945145497?,1495663251
What is 57388 plus 72576?,129964
What is 84 plus 22?,106
What is 32116543 plus 95040937?,127157480
What is 3881736 plus 4890224?,8771960
What is 495717609 plus 317082538?,812800147
What is 82 plus 77?,159
What is 2482679164 plus 1936993367?,4419672531
What is 763369 plus 124480?,887849
What is 831 plus 401?,1232
What is 7983182 plus 2551403?,10534585
What is 881534 plus 913702?,1795236
What is 3902 plus 6654?,10556
What is 465 plus 903?,1368
What is 61 plus 78?,139
What is 18368247 plus 23173097?,41541344
What is 4539 plus 4012?,8551
What is 96279612 plus 37413385?,133692997
What is 111504757 plus 885612880?,997117637
What is 9330 plus 5104?,14434
What is 423937 plus 518450?,942387
What is 989540 plus 140582?,1130122
What is 767 plus 317?,1084
What is 44589 plus 46766?,91355
What is 704023759 plus 479276111?,1183299870
What is 9448 plus 1230?,10678
What is 1999 plus 9944?,11943
What is 3045695094 plus 4818038072?,7863733166
What is 1192453 plus 2235068?,3427521
What is 44249191 plus 94909193?,139158384
What is 65559 plus 84000?,149559
What is 7074 plus 2907?,9981
What is 95 plus 55?,150
What is 64 plus 64?,128
What is 62231 plus 32566?,94797
What is 16613 plus 88855?,105468
What is 268774397 plus 134676596?,403450993
What is 6039549 plus 6660288?,12699837
What is 43949 plus 54908?,98857
What is 27143 plus 47277?,74420
What is 9573 plus 5543?,15116
What is 5648717 plus 1849517?,7498234
What is 7615 plus 6490?,14105
What is 2460968807 plus 6676645937?,9137614744
What is 343 plus 830?,1173
What is 6535700846 plus 2657558068?,9193258914
What is 5138634461 plus 6413323437?,11551957898
What is 9515970 plus 2976275?,12492245
What is 21759 plus 72663?,94422
What is 290 plus 472?,762
What is 5818 plus 6534?,12352
What is 931232861 plus 704230740?,1635463601
What is 2054841 plus 9815171?,11870012
What is 918442 plus 479921?,1398363
What is 600984036 plus 170711916?,771695952
What is 42599215 plus 56203522?,98802737
What is 9843 plus 4357?,14200
What is 7276512 plus 9654082?,16930594
What is 70189405 plus 92671667?,162861072
What is 579800 plus 660817?,1240617
What is 7063531 plus 9879908?,16943439
What is 39731 plus 27566?,67297
What is 933414497 plus 206195686?,1139610183
What is 11726493 plus 46483155?,58209648
What is 2175 plus 2267?,4442
What is 788311101 plus 582881656?,1371192757
What is 2592459 plus 3408200?,6000659
What is 11553 plus 27665?,39218
What is 50009 plus 29318?,79327
What is 2073143460 plus 3215983848?,5289127308
What is 1191 plus 6932?,8123
What is 109302 plus 109091?,218393
What is 601460818 plus 364647262?,966108080
What is 26 plus 21?,47
What is 86 plus 69?,155
What is 49 plus 20?,69
What is 429 plus 617?,1046
What is 289 plus 860?,1149
What is 3940332 plus 5573123?,9513455
What is 33834111 plus 25126944?,58961055
What is 30 plus 24?,54
What is 351309 plus 316825?,668134
What is 4624479 plus 8789182?,13413661
What is 893 plus 941?,1834
What is 18604312 plus 72267808?,90872120
What is 484610 plus 192660?,677270
What is 3579030847 plus 9121258705?,12700289552
What is 453954952 plus 581843120?,1035798072
What is 492442 plus 114647?,607089
What is 27 plus 93?,120
What is 92526187 plus 12853724?,105379911
What is 6649 plus 9393?,16042
What is 890407422 plus 860361907?,1750769329
What is 946566 plus 503024?,1449590
What is 521139 plus 205906?,727045
What is 427304650 plus 558478399?,985783049
What is 6613044827 plus 6045733009?,12658777836
What is 23 plus 64?,87
What is 150 plus 595?,745
What is 480 plus 844?,1324
What is 9095477 plus 2481574?,11577051
What is 965036 plus 173916?,1138952
What is 1451 plus 9284?,10735
What is 79 plus 39?,118
What is 294 plus 644?,938
What is 61098 plus 33018?,94116
What is 80783 plus 78349?,159132
What is 1481416886 plus 1846595650?,3328012536
What is 58 plus 24?,82
What is 65712 plus 48312?,114024
What is 631837 plus 900576?,1532413
What is 95 plus 52?,147
What is 1421941 plus 8501402?,9923343
What is 62 plus 22?,84
What is 23158 plus 97639?,120797
What is 31 plus 99?,130
What is 3049957949 plus 4674281990?,7724239939
What is 6447 plus 2027?,8474
What is 170944 plus 666970?,837914
What is 9150006945 plus 9923869344?,19073876289
What is 3429090 plus 2313427?,5742517
What is 558 plus 272?,830
What is 69 plus 84?,153
What is 705328 plus 220422?,925750
What is 2599983 plus 9157908?,11757891
What is 66003 plus 10271?,76274
What is 5415 plus 1837?,7252
What is 50228356 plus 89895252?,140123608
What is 39355 plus 29944?,69299
What is 799131069 plus 437677452?,1236808521
What is 80 plus 66?,146
What is 52902 plus 53771?,106673
What is 44368471 plus 29726607?,74095078
What is 6561553305 plus 1865354636?,8426907941
What is 250321640 plus 210798617?,461120257
What is 4827379 plus 5416529?,10243908
What is 407445 plus 723621?,1131066
What is 871520 plus 570585?,1442105
What is 143995203 plus 858497730?,1002492933
What is 1884745173 plus 2769018865?,4653764038
What is 81439697 plus 73281031?,154720728
What is 617902 plus 793756?,1411658
What is 8554129 plus 1696128?,10250257
What is 887 plus 745?,1632
What is 716283255 plus 585103106?,1301386361
What is 1807 plus 6817?,8624
What is 235 plus 777?,1012
What is 601 plus 192?,793
What is 498512 plus 323502?,822014
What is 6444063321 plus 7946673093?,14390736414
What is 764657 plus 111287?,875944
What is 3722974 plus 9027451?,12750425
What is 74831080 plus 82297872?,157128952
What is 6458167 plus 9406212?,15864379
What is 5849348224 plus 2245687573?,8095035797
What is 777507731 plus 532109551?,1309617282
What is 20 plus 59?,79
What is 682080 plus 860286?,1542366
What is 172890936 plus 315941833?,488832769
What is 533951124 plus 766991787?,1300942911
What is 2652931 plus 4942495?,7595426
What is 78316940 plus 33408512?,111725452
What is 64 plus 44?,108
What is 3306033015 plus 1325265211?,4631298226
What is 39072972 plus 71697452?,110770424
What is 4084313 plus 1857516?,5941829
What is 343 plus 210?,553
What is 53 plus 28?,81
What is 2458003 plus 8928824?,11386827
What is 6074 plus 6098?,12172
What is 56463 plus 41693?,98156
What is 182 plus 928?,1110
What is 228 plus 853?,1081
What is 7723 plus 2245?,9968
What is 84885468 plus 11749523?,96634991
What is 7933 plus 3974?,11907
What is 5336782035 plus 3705565668?,9042347703
What is 34 plus 54?,88
What is 5190606 plus 7285746?,12476352
What is 23697725 plus 23087693?,46785418
What is 40 plus 47?,87
What is 1432 plus 2184?,3616
What is 8372431820 plus 3830876243?,12203308063
What is 85382244 plus 34834947?,120217191
What is 4983115292 plus 3299282187?,8282397479
What is 58 plus 23?,81
What is 752 plus 605?,1357
What is 928806 plus 361167?,1289973
What is 7204131 plus 3103857?,10307988
What is 323620956 plus 384637547?,708258503
What is 47357816 plus 37840221?,85198037
What is 44 plus 40?,84
What is 1424 plus 5390?,6814
What is 2974805516 plus 1944454573?,4919260089
What is 14955677 plus 19336887?,34292564
What is 5179058091 plus 8930846615?,14109904706
What is 1644 plus 5077?,6721
What is 317620275 plus 177194665?,494814940
What is 2652453171 plus 2536661684?,5189114855
What is 38043127 plus 37275059?,75318186
What is 5948 plus 4931?,10879
What is 27887 plus 90763?,118650
What is 385848 plus 130322?,516170
What is 4500894143 plus 8360927880?,12861822023
What is 982 plus 278?,1260
What is 16315182 plus 10607623?,26922805
What is 927013 plus 686403?,1613416
What is 537 plus 171?,708
What is 8042 plus 9054?,17096
What is 146 plus 422?,568
What is 71754 plus 36747?,108501
What is 3412221555 plus 2582661248?,5994882803
What is 988820 plus 488300?,1477120
What is 259682 plus 827514?,1087196
What is 267967 plus 857324?,1125291
What is 738 plus 903?,1641
What is 1486857 plus 9365234?,10852091
What is 95 plus 68?,163
What is 4058802 plus 9251584?,13310386
What is 41 plus 44?,85
What is 318 plus 254?,572
What is 41742 plus 69106?,110848
What is 82 plus 13?,95
What is 64291720 plus 39008958?,103300678
What is 9931039 plus 3499650?,13430689
What is 87 plus 72?,159
What is 934 plus 177?,1111
What is 27744 plus 73120?,100864
What is 359611544 plus 132523520?,492135064
What is 4499915 plus 6443526?,10943441
What is 46 plus 48?,94
What is 242153 plus 527900?,770053
What is 80 plus 91?,171
What is 49033 plus 58426?,107459
What is 28555 plus 57317?,85872
What is 254937 plus 770418?,1025355
What is 799 plus 684?,1483
What is 3678 plus 8428?,12106
What is 19291 plus 59868?,79159
What is 5646 plus 4352?,9998
What is 47923 plus 15980?,63903
What is 526 plus 128?,654
What is 119438 plus 547664?,667102
What is 93 plus 86?,179
What is 572682473 plus 856524088?,1429206561
What is 29439532 plus 18562679?,48002211
What is 6791 plus 7660?,14451
What is 928190807 plus 481028566?,1409219373
What is 1039760 plus 7398510?,8438270
What is 9794968333 plus 7731121058?,17526089391
What is 398499700 plus 753416235?,1151915935
What is 19594 plus 74316?,93910
What is 6188 plus 6970?,13158
What is 22 plus 49?,71
What is 285406 plus 681641?,967047
What is 7252124275 plus 9075514444?,16327638719
What is 119819 plus 354512?,474331
What is 400 plus 579?,979
What is 84037241 plus 39732197?,123769438
What is 4480 plus 6161?,10641
What is 727027 plus 155422?,882449
What is 882147 plus 957214?,1839361
What is 53 plus 12?,65
What is 1552345555 plus 9016732091?,10569077646
What is 74118596 plus 60765868?,134884464
What is 250 plus 189?,439
What is 1684 plus 3474?,5158
What is 894249753 plus 602768895?,1497018648
What is 9618459642 plus 3899819395?,13518279037
What is 468 plus 732?,1200
What is 3756409289 plus 6337850683?,10094259972
What is 726 plus 641?,1367
What is 37 plus 65?,102
What is 935 plus 471?,1406
What is 3766477 plus 8601953?,12368430
What is 92095 plus 80505?,172600
What is 972694034 plus 156213455?,1128907489
What is 31139 plus 15187?,46326
What is 12 plus 60?,72
What is 35538740 plus 53823685?,89362425
What is 6123123 plus 5085346?,11208469
What is 9701 plus 6343?,16044
What is 48342652 plus 16568015?,64910667
What is 2161 plus 8878?,11039
What is 73695 plus 13401?,87096
What is 39838678 plus 39994234?,79832912
What is 3751358 plus 2374840?,6126198
What is 93 plus 48?,141
What is 134 plus 840?,974
What is 659 plus 490?,1149
What is 4282457 plus 9233369?,13515826
What is 73 plus 28?,101
What is 4681 plus 3412?,8093
What is 48739881 plus 30917873?,79657754
What is 966 plus 613?,1579
What is 5493281 plus 3174461?,8667742
What is 65051584 plus 19065536?,84117120
What is 5080 plus 3250?,8330
What is 2254771 plus 5400992?,7655763
What is 6173 plus 3400?,9573
What is 9070991129 plus 1689553688?,10760544817
What is 58 plus 66?,124
What is 21067010 plus 64766893?,85833903
What is 9648075107 plus 1343002778?,10991077885
What is 1641024 plus 3935921?,5576945
What is 8241329017 plus 4485796987?,12727126004
What is 6278 plus 4176?,10454
What is 55012894 plus 34998824?,90011718
What is 916345137 plus 190389634?,1106734771
What is 304105 plus 898982?,1203087
What is 454097 plus 504308?,958405
What is 69542 plus 58939?,128481
What is 9320 plus 3417?,12737
What is 66256481 plus 59063425?,125319906
What is 93 plus 55?,148
What is 79 plus 14?,93
What is 45336665 plus 67918947?,113255612
What is 3375705777 plus 2985222633?,6360928410
What is 2419407907 plus 2427545043?,4846952950
What is 433278522 plus 996009078?,1429287600
What is 7660300 plus 3646427?,11306727
What is 80 plus 70?,150
What is 39618127 plus 62773547?,102391674
What is 90 plus 97?,187
What is 113086 plus 520171?,633257
What is 49 plus 51?,100
What is 556264641 plus 168839676?,725104317
What is 943 plus 569?,1512
What is 5298287 plus 1987148?,7285435
What is 243468685 plus 894438024?,1137906709
What is 638722138 plus 391262806?,1029984944
What is 878657 plus 638383?,1517040
What is 3288 plus 9755?,13043
What is 71066 plus 86867?,157933
What is 774724 plus 177839?,952563
What is 5601900 plus 7298096?,12899996
What is 97 plus 32?,129
What is 86 plus 99?,185
What is 3326400 plus 2470644?,5797044
What is 144004546 plus 233925836?,377930382
What is 3100 plus 4636?,7736
What is 55 plus 46?,101
What is 795 plus 298?,1093
What is 645940 plus 116172?,762112
What is 91 plus 83?,174
What is 455339298 plus 243986419?,699325717
What is 66434094 plus 53354682?,119788776
What is 6664255 plus 2288669?,8952924
What is 53 plus 71?,124
What is 735090 plus 325624?,1060714
What is 3785 plus 2467?,6252
What is 2810198 plus 2149169?,4959367
What is 4413911583 plus 5008210138?,9422121721
What is 6911792 plus 2198916?,9110708
What is 395 plus 514?,909
What is 497 plus 256?,753
What is 621225040 plus 936790916?,1558015956
What is 9271 plus 9344?,18615
What is 7413352 plus 8338881?,15752233
What is 333 plus 938?,1271
What is 258 plus 839?,1097
What is 22127 plus 73386?,95513
What is 97689938 plus 99606687?,197296625
What is 2102559 plus 7011809?,9114368
What is 345 plus 927?,1272
What is 3376820 plus 1797001?,5173821
What is 7055 plus 6603?,13658
What is 714476 plus 618467?,1332943
What is 74 plus 70?,144
What is 5013209066 plus 9559642887?,14572851953
What is 8631617 plus 4793031?,13424648
What is 975122830 plus 616948017?,1592070847
What is 566321 plus 145190?,711511
What is 87697221 plus 56681284?,144378505
What is 706700 plus 917846?,1624546
What is 3039 plus 2310?,5349
What is 9070 plus 1311?,10381
What is 9028000 plus 1769390?,10797390
What is 302961 plus 370626?,673587
What is 42128 plus 98953?,141081
What is 6869589 plus 9199838?,16069427
What is 90 plus 96?,186
What is 1149 plus 1758?,2907
What is 30 plus 27?,57
What is 9034046 plus 5947894?,14981940
What is 1473368562 plus 1154948356?,2628316918
What is 4982130688 plus 9398203412?,14380334100
What is 7241504 plus 9080045?,16321549
What is 181621 plus 402201?,583822
What is 1924 plus 9930?,11854
What is 2094293389 plus 3594728416?,5689021805
What is 5477469 plus 2349731?,7827200
What is 201 plus 152?,353
What is 9648821893 plus 3309963072?,12958784965
What is 82 plus 35?,117
What is 6959 plus 1940?,8899
What is 802026326 plus 158813451?,960839777
What is 41 plus 63?,104
What is 8000487025 plus 2970516903?,10971003928
What is 232339945 plus 325291249?,557631194
What is 63 plus 17?,80
What is 411872643 plus 899325204?,1311197847
What is 582 plus 674?,1256
What is 25609163 plus 69453099?,95062262
What is 596401 plus 781402?,1377803
What is 4532906241 plus 4566704209?,9099610450
What is 66225071 plus 40662720?,106887791
What is 74794787 plus 58779185?,133573972
What is 62 plus 57?,119
What is 432453 plus 683306?,1115759
What is 391259110 plus 923274306?,1314533416
What is 4684585 plus 2650528?,7335113
What is 48938 plus 83861?,132799
What is 512568 plus 319599?,832167
What is 8500713 plus 9401422?,17902135
What is 6444223434 plus 8066189756?,14510413190
What is 693874706 plus 606499457?,1300374163
What is 7447 plus 9870?,17317
What is 1973 plus 7809?,9782
What is 525622 plus 482081?,1007703
What is 69019897 plus 99764048?,168783945
What is 9312 plus 5251?,14563
What is 8845 plus 5226?,14071
What is 29610 plus 99553?,129163
What is 36973 plus 51640?,88613
What is 426508344 plus 473859008?,900367352
What is 47 plus 95?,142
What is 996158092 plus 718399761?,1714557853
What is 5669489 plus 5916404?,11585893
What is 9888011 plus 7164300?,17052311
What is 361888 plus 616490?,978378
What is 5988685 plus 5304216?,11292901
What is 12511251 plus 39373813?,51885064
What is 657 plus 580?,1237
What is 2401 plus 2956?,5357
What is 2845988 plus 1144414?,3990402
What is 7097872569 plus 6612321877?,13710194446
What is 20800 plus 27035?,47835
What is 3580 plus 5428?,9008
What is 2050651 plus 9221897?,11272548
What is 97 plus 15?,112
What is 9944828224 plus 2703598998?,12648427222
What is 2876 plus 3260?,6136
What is 227 plus 860?,1087
What is 862924 plus 499955?,1362879
What is 846 plus 826?,1672
What is 767648 plus 389661?,1157309
What is 431194 plus 333699?,764893
What is 229847 plus 713725?,943572
What is 470995656 plus 798126965?,1269122621
What is 122203163 plus 824224641?,946427804
What is 76 plus 14?,90
What is 134297 plus 627926?,762223
What is 2861 plus 5162?,8023
What is 244658 plus 834850?,1079508
What is 344485 plus 744317?,1088802
What is 1993 plus 3299?,5292
What is 12929121 plus 22935259?,35864380
What is 9541787 plus 1304648?,10846435
What is 976787596 plus 624592755?,1601380351
What is 833125640 plus 207540802?,1040666442
What is 5650882 plus 5757184?,11408066
What is 2759996882 plus 1918710357?,4678707239
What is 1683 plus 3230?,4913
What is 4832424799 plus 8806825454?,13639250253
What is 7383 plus 1330?,8713
What is 71809244 plus 43192462?,115001706
What is 280 plus 923?,1203
What is 300082 plus 833389?,1133471
What is 3393122 plus 2482555?,5875677
What is 1556554 plus 9356493?,10913047
What is 323093663 plus 845045728?,1168139391
What is 62229624 plus 29887259?,92116883
What is 53 plus 18?,71
What is 4769303 plus 7228883?,11998186
What is 5474344 plus 6808895?,12283239
What is 13 plus 20?,33
What is 157384 plus 114281?,271665
What is 783089530 plus 139154484?,922244014
What is 5527 plus 2219?,7746
What is 215532566 plus 857689930?,1073222496
What is 9985533 plus 1749667?,11735200
What is 164627 plus 498739?,663366
What is 694884932 plus 925648874?,1620533806
What is 67332603 plus 55319827?,122652430
What is 3437038626 plus 4526798872?,7963837498
What is 813868269 plus 313979449?,1127847718
What is 49998 plus 31350?,81348
What is 184793911 plus 235790523?,420584434
What is 71 plus 13?,84
What is 824172005 plus 750355677?,1574527682
What is 3854 plus 5236?,9090
What is 99 plus 26?,125
What is 4094 plus 5294?,9388
What is 68 plus 35?,103
What is 588 plus 480?,1068
What is 137 plus 443?,580
What is 197066 plus 304811?,501877
What is 36355 plus 39539?,75894
What is 28421030 plus 65859059?,94280089
What is 7553 plus 4291?,11844
What is 9392632242 plus 3504834300?,12897466542
What is 86227994 plus 53974820?,140202814
What is 2956610287 plus 9339037735?,12295648022
What is 6824 plus 4862?,11686
What is 34 plus 23?,57
What is 124 plus 339?,463
What is 50385 plus 79815?,130200
What is 691 plus 471?,1162
What is 655 plus 351?,1006
What is 905285357 plus 247045516?,1152330873
What is 93 plus 18?,111
What is 17927 plus 35313?,53240
What is 73681 plus 11689?,85370
What is 42862 plus 84297?,127159
What is 69 plus 90?,159
What is 56 plus 18?,74
What is 72884 plus 95388?,168272
What is 761073747 plus 200616497?,961690244
What is 44 plus 59?,103
What is 4899264753 plus 8583945935?,13483210688
What is 92982 plus 40207?,133189
What is 71039677 plus 88939073?,159978750
What is 1531263 plus 5964374?,7495637
What is 927 plus 274?,1201
What is 9479130374 plus 9728784191?,19207914565
What is 384951757 plus 846138591?,1231090348
What is 5542 plus 5616?,11158
What is 8126935090 plus 9956099974?,18083035064
What is 73214380 plus 94640760?,167855140
What is 69556518 plus 13382791?,82939309
What is 2530 plus 8545?,11075
What is 238 plus 492?,730
What is 76215 plus 50427?,126642
What is 101634542 plus 782072998?,883707540
What is 39 plus 63?,102
What is 16311845 plus 97640864?,113952709
What is 999198870 plus 510651313?,1509850183
What is 87573 plus 74305?,161878
What is 54155787 plus 87811744?,141967531
What is 501 plus 159?,660
What is 248 plus 662?,910
What is 237 plus 721?,958
What is 475731 plus 655419?,1131150
What is 8263786817 plus 6717002851?,14980789668
What is 82314 plus 57888?,140202
What is 8435 plus 5487?,13922
What is 185023629 plus 258392762?,443416391
What is 20615418 plus 98440637?,119056055
What is 64086 plus 12348?,76434
What is 67258153 plus 30544701?,97802854
What is 8146977 plus 2939668?,11086645
What is 81013 plus 26732?,107745
What is 933 plus 438?,1371
What is 350 plus 384?,734
What is 991983 plus 120384?,1112367
What is 766 plus 118?,884
What is 615187 plus 435203?,1050390
What is 775974546 plus 419813239?,1195787785
What is 6498292 plus 9969142?,16467434
What is 24874141 plus 58596146?,83470287
What is 22554 plus 12544?,35098
What is 6957651580 plus 3629303733?,10586955313
What is 6551363 plus 9890962?,16442325
What is 8590583232 plus 8031009591?,16621592823
What is 720409711 plus 923542296?,1643952007
What is 84807022 plus 30270289?,115077311
What is 45359 plus 74076?,119435
What is 10 plus 38?,48
What is 6714 plus 8026?,14740
What is 6764458 plus 9996069?,16760527
What is 86303 plus 53256?,139559
What is 5700 plus 9313?,15013
What is 1373090 plus 1557349?,2930439
What is 135116652 plus 782000438?,917117090
What is 76091 plus 63867?,139958
What is 6287 plus 4351?,10638
What is 892 plus 204?,1096
What is 868 plus 248?,1116
What is 87232866 plus 72626098?,159858964
What is 227669112 plus 998493796?,1226162908
What is 10877 plus 47494?,58371
What is 36 plus 10?,46
What is 377444 plus 487332?,864776
What is 77 plus 46?,123
What is 6575613 plus 5192165?,11767778
What is 35908270 plus 99405959?,135314229
What is 783 plus 481?,1264
What is 570864 plus 331607?,902471
What is 617633721 plus 452684464?,1070318185
What is 638 plus 596?,1234
What is 901137464 plus 461583738?,1362721202
What is 178829378 plus 165082223?,343911601
What is 1241528 plus 1744067?,2985595
What is 9276851005 plus 7021031198?,16297882203
What is 660294309 plus 295638230?,955932539
What is 37526658 plus 52891481?,90418139
What is 805266 plus 694816?,1500082
What is 43 plus 16?,59
What is 90 plus 75?,165
What is 3490711 plus 3140739?,6631450
What is 597046683 plus 311784965?,908831648
What is 826740052 plus 977136683?,1803876735
What is 25012936 plus 25424877?,50437813
What is 62250238 plus 48893486?,111143724
What is 3637355 plus 7204093?,10841448
What is 2053892490 plus 7034605324?,9088497814
What is 9341012137 plus 4130671321?,13471683458
What is 360 plus 697?,1057
What is 73422 plus 77464?,150886
What is 14683908 plus 41797098?,56481006
What is 861 plus 296?,1157
What is 70251 plus 42379?,112630
What is 95292 plus 40972?,136264
What is 5319 plus 4140?,9459
What is 9145185 plus 9276013?,18421198
What is 13946 plus 69328?,83274
What is 4897079175 plus 5823129353?,10720208528
What is 702 plus 518?,1220
What is 934096 plus 745518?,1679614
What is 522007 plus 892798?,1414805
What is 89603 plus 40591?,130194
What is 4585 plus 8991?,13576
What is 45 plus 69?,114
What is 475 plus 575?,1050
What is 749483 plus 756041?,1505524
What is 677775 plus 193388?,871163
What is 326596186 plus 510211721?,836807907
What is 75 plus 65?,140
What is 474 plus 505?,979
What is 3287380864 plus 4410950491?,7698331355
What is 7659278825 plus 1571750376?,9231029201
What is 225584514 plus 783407694?,1008992208
What is 7777 plus 1113?,8890
What is 3757744 plus 3230024?,6987768
What is 61 plus 25?,86
What is 31464921 plus 49968340?,81433261
What is 4551484411 plus 5530056237?,10081540648
What is 39633312 plus 86275335?,125908647
What is 23102862 plus 40985016?,64087878
What is 2295734 plus 6156922?,8452656
What is 39 plus 22?,61
What is 25272 plus 66325?,91597
What is 2177 plus 1002?,3179
What is 9149582 plus 5609420?,14759002
What is 42976288 plus 63516317?,106492605
What is 52227037 plus 97592379?,149819416
What is 331319510 plus 625888376?,957207886
What is 28626 plus 78498?,107124
What is 63829 plus 33125?,96954
What is 15734 plus 28774?,44508
What is 235903 plus 561957?,797860
What is 62150202 plus 91793200?,153943402
What is 6694535465 plus 6580563968?,13275099433
What is 9823 plus 7771?,17594
What is 776 plus 604?,1380
What is 4844277 plus 9075484?,13919761
What is 3763359 plus 3722987?,7486346
What is 77 plus 44?,121
What is 805553405 plus 484435180?,1289988585
What is 114686 plus 607289?,721975
What is 75077307 plus 88465114?,163542421
What is 6051 plus 7267?,13318
What is 80982 plus 95210?,176192
What is 269 plus 344?,613
What is 5420187 plus 1388546?,6808733
What is 8640 plus 3880?,12520
What is 4798 plus 6662?,11460
What is 7322 plus 2956?,10278
What is 8854 plus 4713?,13567
What is 757492151 plus 275240218?,1032732369
What is 700837206 plus 566632590?,1267469796
What is 225 plus 209?,434
What is 5158023 plus 9746626?,14904649
What is 7353691685 plus 2684755901?,10038447586
What is 5408 plus 9129?,14537
What is 66281528 plus 19527573?,85809101
What is 1900491606 plus 7581875273?,9482366879
What is 8812093 plus 5524315?,14336408
What is 25042392 plus 16994457?,42036849
What is 8891 plus 3153?,12044
What is 760474629 plus 719713436?,1480188065
What is 49929590 plus 45936448?,95866038
What is 57133 plus 60103?,117236
What is 40245 plus 11799?,52044
What is 1299 plus 4638?,5937
What is 62 plus 28?,90
What is 316599953 plus 532079416?,848679369
What is 783 plus 588?,1371
What is 239085056 plus 571970454?,811055510
What is 6426879 plus 5336645?,11763524
What is 5378285 plus 6358548?,11736833
What is 54803 plus 66601?,121404
What is 3390 plus 3970?,7360
What is 8827079406 plus 2440947829?,11268027235
What is 7914990 plus 3357905?,11272895
What is 9415327 plus 2631191?,12046518
What is 2510494 plus 6813535?,9324029
What is 3712 plus 9125?,12837
What is 209951408 plus 510807663?,720759071
What is 11258 plus 94390?,105648
What is 202178933 plus 205330184?,407509117
What is 776857610 plus 509525723?,1286383333
What is 286 plus 957?,1243
What is 7401645818 plus 6624689139?,14026334957
What is 894413414 plus 522596119?,1417009533
What is 431724388 plus 477177069?,908901457
What is 6555385 plus 1860984?,8416369
What is 13 plus 15?,28
What is 7478449 plus 6861003?,14339452
What is 526738310 plus 515138630?,1041876940
What is 4349 plus 9900?,14249
What is 465 plus 582?,1047
What is 43 plus 38?,81
What is 878481 plus 866803?,1745284
What is 121466138 plus 759839949?,881306087
What is 5713481761 plus 1467304195?,7180785956
What is 7294182156 plus 9745744606?,17039926762
What is 27 plus 41?,68
What is 688001 plus 785883?,1473884
What is 2235 plus 1830?,4065
What is 5597862213 plus 6715405382?,12313267595
What is 8950320223 plus 3960964201?,12911284424
What is 19373211 plus 95066363?,114439574
What is 8576778 plus 7386210?,15962988
What is 63175355 plus 92292349?,155467704
What is 344601975 plus 577873788?,922475763
What is 677866 plus 753925?,1431791
What is 805774244 plus 937036619?,1742810863
What is 5693319 plus 9929403?,15622722
What is 595 plus 458?,1053
What is 8681803 plus 4220316?,12902119
What is 841273 plus 261934?,1103207
What is 991011927 plus 737738128?,1728750055
What is 1868707 plus 6184533?,8053240
What is 419530901 plus 356618441?,776149342
What is 434207066 plus 363826487?,798033553
What is 6934020415 plus 3327763159?,10261783574
What is 43407717 plus 85206085?,128613802
What is 160 plus 355?,515
What is 4823 plus 9345?,14168
What is 828882542 plus 305026206?,1133908748
What is 77132 plus 95407?,172539
What is 6652626 plus 1010643?,7663269
What is 101505 plus 189490?,290995
What is 39375413 plus 26889109?,66264522
What is 360156728 plus 330129724?,690286452
What is 70670567 plus 73193537?,143864104
What is 41277 plus 59469?,100746
What is 9191 plus 7331?,16522
What is 7523762 plus 5893813?,13417575
What is 22104370 plus 51361093?,73465463
What is 519 plus 928?,1447
What is 38182 plus 60712?,98894
What is 38787 plus 57264?,96051
What is 449265609 plus 641662264?,1090927873
What is 1165 plus 1593?,2758
What is 912 plus 693?,1605
What is 49848402 plus 22076788?,71925190
What is 2547 plus 3950?,6497
What is 24146165 plus 67543464?,91689629
What is 51 plus 63?,114
What is 36750389 plus 11971842?,48722231
What is 1987247428 plus 7834363834?,9821611262
What is 1676 plus 1727?,3403
What is 378 plus 495?,873
What is 90830 plus 34401?,125231
What is 73 plus 20?,93
What is 6920871140 plus 9509664547?,16430535687
What is 233907 plus 163600?,397507
What is 33187687 plus 81506357?,114694044
What is 1955978590 plus 1548748817?,3504727407
What is 49170 plus 95211?,144381
What is 60432998 plus 51391642?,111824640
What is 273 plus 990?,1263
What is 166793495 plus 281688063?,448481558
What is 41 plus 81?,122
What is 817190907 plus 166672604?,983863511
What is 45 plus 90?,135
What is 230478 plus 605741?,836219
What is 22173951 plus 44690323?,66864274
What is 230335 plus 600831?,831166
What is 4108 plus 7341?,11449
What is 61948 plus 15653?,77601
What is 9567190153 plus 1421999174?,10989189327
What is 12325315 plus 90840621?,103165936
What is 95688964 plus 68783725?,164472689
What is 582 plus 563?,1145
What is 89 plus 23?,112
What is 557793 plus 590218?,1148011
What is 58 plus 35?,93
What is 98848508 plus 91940015?,190788523
What is 94207812 plus 87996160?,182203972
What is 472557 plus 993130?,1465687
What is 16885 plus 22730?,39615
What is 930042409 plus 727569125?,1657611534
What is 35 plus 52?,87
What is 7455517053 plus 2575389587?,10030906640
What is 83036822 plus 57989054?,141025876
What is 866667 plus 116119?,982786
What is 97264 plus 30533?,127797
What is 635 plus 621?,1256
What is 3893047142 plus 7614798144?,11507845286
What is 10896 plus 37415?,48311
What is 3830484326 plus 7606428997?,11436913323
What is 229062 plus 985855?,1214917
What is 15881649 plus 28129963?,44011612
What is 227435 plus 344908?,572343
What is 2737582 plus 3552696?,6290278
What is 890 plus 273?,1163
What is 62462807 plus 97755749?,160218556
What is 32045996 plus 39512662?,71558658
What is 86 plus 39?,125
What is 1569081548 plus 5804475237?,7373556785
What is 1289 plus 6523?,7812
What is 8729278859 plus 6345685922?,15074964781
What is 8984 plus 2216?,11200
What is 19 plus 74?,93
What is 28850512 plus 22835757?,51686269
What is 68259483 plus 43678729?,111938212
What is 30136474 plus 95753532?,125890006
What is 81145 plus 38391?,119536
What is 452795 plus 595246?,1048041
What is 76795 plus 66764?,143559
What is 3657 plus 8700?,12357
What is 302916 plus 411899?,714815
What is 8254 plus 6768?,15022
What is 232 plus 522?,754
What is 70 plus 13?,83
What is 386813694 plus 674717337?,1061531031
What is 46260718 plus 28699683?,74960401
What is 1756351993 plus 2417718333?,4174070326
What is 798369441 plus 326000775?,1124370216
What is 2781 plus 2815?,5596
What is 288585 plus 639180?,927765
What is 666053150 plus 643248153?,1309301303
What is 21668978 plus 41545160?,63214138
What is 96 plus 13?,109
What is 9577983204 plus 6387281307?,15965264511
What is 1244810 plus 7043666?,8288476
What is 60999 plus 16410?,77409
What is 27024 plus 52106?,79130
What is 618086697 plus 386990554?,1005077251
What is 562814976 plus 771560244?,1334375220
What is 420 plus 978?,1398
What is 645584371 plus 879431935?,1525016306
What is 390687 plus 993387?,1384074
What is 545988178 plus 878316996?,1424305174
What is 55 plus 17?,72
What is 4957759 plus 1715116?,6672875
What is 3717 plus 1466?,5183
What is 260065 plus 903832?,1163897
What is 77741 plus 46436?,124177
What is 50483 plus 15732?,66215
What is 9726002169 plus 9114092747?,18840094916
What is 5901030681 plus 5707639505?,11608670186
What is 283672 plus 388506?,672178
What is 45733 plus 75344?,121077
What is 38 plus 95?,133
What is 806 plus 454?,1260
What is 6635 plus 6674?,13309
What is 43863778 plus 12507215?,56370993
What is 9417 plus 9177?,18594
What is 8843 plus 2762?,11605
What is 666162890 plus 675330116?,1341493006
What is 861811459 plus 959124204?,1820935663
What is 637 plus 856?,1493
What is 808 plus 410?,1218
What is 28 plus 30?,58
What is 81552965 plus 81886693?,163439658
What is 87 plus 85?,172
What is 884 plus 118?,1002
What is 6990625802 plus 7348573270?,14339199072
What is 62 plus 55?,117
What is 5398665 plus 1217180?,6615845
What is 327080 plus 891119?,1218199
What is 972230291 plus 513264887?,1485495178
What is 1427057233 plus 6601913482?,8028970715
What is 191 plus 857?,1048
What is 8827750643 plus 5782447158?,14610197801
What is 703746 plus 767164?,1470910
What is 5649 plus 5820?,11469
What is 45 plus 30?,75
What is 273253846 plus 223856950?,497110796
What is 5532578210 plus 7111698014?,12644276224
What is 50322424 plus 46964207?,97286631
What is 82721 plus 94930?,177651
What is 32 plus 36?,68
What is 57097879 plus 37234910?,94332789
What is 8013145404 plus 3275999378?,11289144782
What is 566840 plus 847844?,1414684
What is 49 plus 79?,128
What is 750 plus 481?,1231
What is 631343568 plus 758441673?,1389785241
What is 3326 plus 3289?,6615
What is 696 plus 276?,972
What is 673675250 plus 558537376?,1232212626
What is 83724 plus 88898?,172622
What is 538966 plus 425678?,964644
What is 317585 plus 813483?,1131068
What is 50934 plus 71304?,122238
What is 34 plus 46?,80
What is 513897 plus 291072?,804969
What is 5181 plus 4233?,9414
What is 108863 plus 930408?,1039271
What is 617 plus 411?,1028
What is 28473890 plus 12873315?,41347205
What is 1864345 plus 4252961?,6117306
What is 433088195 plus 587459711?,1020547906
What is 654 plus 993?,1647
What is 1988135 plus 5609854?,7597989
What is 520010538 plus 181783555?,701794093
What is 98 plus 86?,184
What is 19483369 plus 47324025?,66807394
What is 3391636 plus 6660774?,10052410
What is 9057191029 plus 9399294202?,18456485231
What is 349377869 plus 994339949?,1343717818
What is 5086 plus 7243?,12329
What is 610807247 plus 923043850?,1533851097
What is 26 plus 11?,37
What is 49 plus 62?,111
What is 1729445166 plus 3503524159?,5232969325
What is 3467620 plus 2086751?,5554371
What is 72559709 plus 39188827?,111748536
What is 819403 plus 169564?,988967
What is 8510 plus 4226?,12736
What is 91173 plus 72237?,163410
What is 1147020965 plus 1049014426?,2196035391
What is 1849 plus 9698?,11547
What is 4995 plus 2805?,7800
What is 1870490207 plus 4854500923?,6724991130
What is 36542691 plus 67573657?,104116348
What is 2714 plus 1405?,4119
What is 3901564993 plus 8275810747?,12177375740
What is 3444698785 plus 5906263104?,9350961889
What is 85 plus 78?,163
What is 15337004 plus 46913681?,62250685
What is 69 plus 74?,143
What is 934313331 plus 858492710?,1792806041
What is 4937176 plus 6380627?,11317803
What is 8504943 plus 7602391?,16107334
What is 29746 plus 28120?,57866
What is 9687324 plus 7806072?,17493396
What is 15 plus 70?,85
What is 13312648 plus 80082962?,93395610
What is 64920 plus 61306?,126226
What is 5743467523 plus 4089980676?,9833448199
What is 991061 plus 969081?,1960142
What is 225973058 plus 373311484?,599284542
What is 45 plus 74?,119
What is 6016 plus 9632?,15648
What is 577219 plus 752450?,1329669
What is 1188 plus 5307?,6495
What is 478689 plus 230626?,709315
What is 3079 plus 4032?,7111
What is 8506870 plus 7433012?,15939882
What is 23 plus 38?,61
What is 662413 plus 748704?,1411117
What is 71083 plus 84278?,155361
What is 29566 plus 96906?,126472
What is 47 plus 36?,83
What is 12 plus 12?,24
What is 39016 plus 71518?,110534
What is 5016346594 plus 4875051622?,9891398216
What is 2030 plus 1506?,3536
What is 53 plus 16?,69
What is 841686563 plus 530404427?,1372090990
What is 953 plus 915?,1868
What is 19853 plus 92145?,111998
What is 23 plus 68?,91
What is 83 plus 49?,132
What is 152742 plus 314905?,467647
What is 91092231 plus 70204336?,161296567
What is 712100 plus 885865?,1597965
What is 73119874 plus 33340240?,106460114
What is 2726755172 plus 5133664317?,7860419489
What is 37 plus 79?,116
What is 514315 plus 910222?,1424537
What is 5339721543 plus 2846006054?,8185727597
What is 237 plus 456?,693
What is 5402929774 plus 4620674789?,10023604563
What is 3138 plus 2522?,5660
What is 793 plus 669?,1462
What is 58977745 plus 94179477?,153157222
What is 94071 plus 99076?,193147
What is 991580196 plus 335299655?,1326879851
What is 4653 plus 9101?,13754
What is 84 plus 17?,101
What is 6271 plus 1229?,7500
What is 2243 plus 3540?,5783
What is 3435984 plus 4403712?,7839696
What is 83361666 plus 62870786?,146232452
What is 724 plus 720?,1444
What is 3195125420 plus 7302847501?,10497972921
What is 8578434 plus 3925123?,12503557
What is 7681 plus 2653?,10334
What is 19883 plus 48636?,68519
What is 91230681 plus 38175743?,129406424
What is 6833 plus 5740?,12573
What is 18 plus 64?,82
What is 9122157 plus 5769135?,14891292
What is 5490 plus 2058?,7548
What is 46 plus 44?,90
What is 11904 plus 82501?,94405
What is 5785 plus 4785?,10570
What is 8741 plus 2412?,11153
What is 6855885436 plus 3607591223?,10463476659
What is 442 plus 744?,1186
What is 170561 plus 766937?,937498
What is 3953905638 plus 8836231827?,12790137465
What is 24 plus 64?,88
What is 1737870241 plus 9101658221?,10839528462
What is 8579781644 plus 4072719157?,12652500801
What is 2533 plus 8091?,10624
What is 205236915 plus 268204901?,473441816
What is 711 plus 738?,1449
What is 8755203 plus 7026514?,15781717
What is 79929235 plus 14842246?,94771481
What is 80649269 plus 55903549?,136552818
What is 768 plus 203?,971
What is 3121239923 plus 9437629209?,12558869132
What is 152079929 plus 510330789?,662410718
What is 824840 plus 853293?,1678133
What is 29 plus 86?,115
What is 47 plus 51?,98
What is 181549049 plus 788184114?,969733163
What is 5524 plus 5723?,11247
What is 8761 plus 3191?,11952
What is 7777238063 plus 9054542154?,16831780217
What is 979416 plus 506518?,1485934
What is 9282 plus 4054?,13336
What is 565634 plus 230370?,796004
What is 25102 plus 51934?,77036
What is 885 plus 412?,1297
What is 13 plus 19?,32
What is 5456 plus 9109?,14565
What is 9705 plus 5842?,15547
What is 901464934 plus 913403183?,1814868117
What is 719707583 plus 317241253?,1036948836
What is 4145 plus 6765?,10910
What is 29 plus 95?,124
What is 4493716 plus 7394928?,11888644
What is 6740644 plus 5297205?,12037849
What is 489013673 plus 192794762?,681808435
What is 262842 plus 829631?,1092473
What is 5275 plus 6286?,11561
What is 473 plus 100?,573
What is 4831195 plus 7786313?,12617508
What is 63120943 plus 59525753?,122646696
What is 5072 plus 3177?,8249
What is 298978112 plus 339169506?,638147618
What is 6592389986 plus 7836009606?,14428399592
What is 1836578322 plus 3845668512?,5682246834
What is 309109144 plus 251296767?,560405911
What is 10 plus 25?,35
What is 812242 plus 221442?,1033684
What is 579 plus 603?,1182
What is 57202391 plus 77613288?,134815679
What is 4439 plus 6626?,11065
What is 89328464 plus 51164506?,140492970
What is 797 plus 656?,1453
What is 22 plus 15?,37
What is 559645508 plus 701963188?,1261608696
What is 394261213 plus 262606926?,656868139
What is 3387 plus 1424?,4811
What is 7327 plus 1270?,8597
What is 4066740790 plus 5481526110?,9548266900
What is 96991918 plus 53400067?,150391985
What is 34 plus 13?,47
What is 9495 plus 5793?,15288
What is 4459 plus 7347?,11806
What is 915752 plus 283797?,1199549
What is 83388 plus 67932?,151320
What is 77308215 plus 13177759?,90485974
What is 27042895 plus 55660246?,82703141
What is 33895341 plus 31419482?,65314823
What is 85006380 plus 30860099?,115866479
What is 369906218 plus 674402655?,1044308873
What is 96985125 plus 30201905?,127187030
What is 16 plus 55?,71
What is 735449414 plus 402788979?,1138238393
What is 68263167 plus 67355381?,135618548
What is 52 plus 75?,127
What is 81308 plus 78971?,160279
What is 1855 plus 7534?,9389
What is 992666661 plus 717224547?,1709891208
What is 5581555373 plus 7190935083?,12772490456
What is 8711 plus 5602?,14313
What is 548807029 plus 165829729?,714636758
What is 268 plus 809?,1077
What is 613527 plus 129077?,742604
What is 21772629 plus 59081730?,80854359
What is 461 plus 863?,1324
What is 102 plus 604?,706
What is 585363 plus 458303?,1043666
What is 5142 plus 8206?,13348
What is 53 plus 28?,81
What is 61 plus 37?,98
What is 58 plus 86?,144
What is 115689084 plus 797256983?,912946067
What is 41 plus 89?,130
What is 869030899 plus 467680823?,1336711722
What is 84734 plus 83231?,167965
What is 852693159 plus 587760710?,1440453869
What is 950676984 plus 197068787?,1147745771
What is 7362 plus 9731?,17093
What is 823122864 plus 234222102?,1057344966
What is 57838662 plus 14072458?,71911120
What is 9413853 plus 8005561?,17419414
What is 56942 plus 24735?,81677
What is 554287 plus 130008?,684295
What is 372 plus 297?,669
What is 7657482138 plus 6242273247?,13899755385
What is 43023 plus 37104?,80127
What is 104 plus 113?,217
What is 737690051 plus 429846555?,1167536606
What is 32 plus 94?,126
What is 45 plus 24?,69
What is 97843 plus 36283?,134126
What is 314679 plus 755736?,1070415
What is 3865941679 plus 6681536543?,10547478222
What is 9947796 plus 1084628?,11032424
What is 8448357 plus 8719875?,17168232
What is 84 plus 38?,122
What is 855 plus 868?,1723
What is 52676583 plus 85431703?,138108286
What is 494772 plus 311736?,806508
What is 497 plus 698?,1195
What is 27001835 plus 24461603?,51463438
What is 6963 plus 8308?,15271
What is 81108876 plus 47606038?,128714914
What is 137 plus 283?,420
What is 45 plus 76?,121
What is 239 plus 274?,513
What is 2879 plus 2175?,5054
What is 81726 plus 86278?,168004
What is 20616811 plus 16126050?,36742861
What is 350 plus 601?,951
What is 394505 plus 172058?,566563
What is 2346 plus 4770?,7116
What is 15 plus 21?,36
What is 7783 plus 8944?,16727
What is 3031607395 plus 7527859407?,10559466802
What is 502449079 plus 387223133?,889672212
What is 86197 plus 49609?,135806
What is 613 plus 324?,937
What is 1221268 plus 7423323?,8644591
What is 4630584 plus 4385900?,9016484
What is 8235550360 plus 1972030197?,10207580557
What is 1744 plus 1222?,2966
What is 796599362 plus 416492649?,1213092011
What is 82 plus 67?,149
What is 13 plus 60?,73
What is 3891079694 plus 6293762208?,10184841902
What is 64 plus 82?,146
What is 613315775 plus 229662056?,842977831
What is 86912126 plus 54000636?,140912762
What is 953929 plus 518546?,1472475
What is 6444 plus 2851?,9295
What is 6528498175 plus 7199485034?,13727983209
What is 2718039 plus 7267065?,9985104
What is 154 plus 847?,1001
What is 94 plus 53?,147
What is 4428600561 plus 5125872205?,9554472766
What is 3754346 plus 4474951?,8229297
What is 647 plus 774?,1421
What is 82768386 plus 74080259?,156848645
What is 9568630150 plus 7569064293?,17137694443
What is 8865898619 plus 7828630492?,16694529111
What is 788493 plus 321249?,1109742
What is 62610861 plus 31310344?,93921205
What is 6990828088 plus 6931901355?,13922729443
What is 68772658 plus 70892263?,139664921
What is 38692 plus 36216?,74908
What is 9684 plus 4686?,14370
What is 50 plus 78?,128
What is 12133330 plus 42768199?,54901529
What is 7232477972 plus 7267293241?,14499771213
What is 7182174 plus 7792163?,14974337
What is 304 plus 238?,542
What is 763298 plus 161781?,925079
What is 1025340 plus 1718122?,2743462
What is 55 plus 12?,67
What is 9572678111 plus 9671447018?,19244125129
What is 34477 plus 94421?,128898
What is 313275 plus 619837?,933112
What is 689 plus 244?,933
What is 554593400 plus 433246380?,987839780
What is 357 plus 557?,914
What is 38126 plus 72621?,110747
What is 216681407 plus 130219422?,346900829
What is 104389342 plus 122571840?,226961182
What is 74842530 plus 10714853?,85557383
What is 183 plus 194?,377
What is 800 plus 508?,1308
What is 60242472 plus 44170990?,104413462
What is 2524802415 plus 5007796327?,7532598742
What is 34 plus 53?,87
What is 1076914594 plus 6487302157?,7564216751
What is 774304540 plus 742368617?,1516673157
What is 279997916 plus 404915594?,684913510
What is 588 plus 451?,1039
What is 3198488 plus 2552885?,5751373
What is 80293 plus 60480?,140773
What is 52077711 plus 33990000?,86067711
What is 4782 plus 4814?,9596
What is 286 plus 526?,812
What is 24 plus 21?,45
What is 779448 plus 226754?,1006202
What is 97 plus 19?,116
What is 488829 plus 558953?,1047782
What is 776 plus 894?,1670
What is 14838248 plus 15998559?,30836807
What is 945958662 plus 915312882?,1861271544
What is 658391200 plus 837312268?,1495703468
What is 9853 plus 2358?,12211
What is 87569791 plus 48549534?,136119325
What is 8922145239 plus 6263784530?,15185929769
What is 8078 plus 4423?,12501
What is 47 plus 34?,81
What is 930 plus 358?,1288
What is 91732838 plus 71264418?,162997256
What is 38381 plus 97064?,135445
What is 29327884 plus 35052909?,64380793
What is 914 plus 775?,1689
What is 82 plus 66?,148
What is 18589756 plus 29325333?,47915089
What is 539301526 plus 931732967?,1471034493
What is 132 plus 782?,914
What is 32941918 plus 84066353?,117008271
What is 495093294 plus 153575255?,648668549
What is 1202 plus 1685?,2887
What is 473166 plus 620670?,1093836
What is 2951143392 plus 8028906642?,10980050034
What is 76 plus 53?,129
What is 27 plus 42?,69
What is 6386 plus 1973?,8359
What is 65 plus 37?,102
What is 61346 plus 98882?,160228
What is 748136 plus 374430?,1122566
What is 339 plus 875?,1214
What is 43202082 plus 89401792?,132603874
What is 58816 plus 16679?,75495
What is 3827104 plus 8232394?,12059498
What is 96047326 plus 90802769?,186850095
What is 740 plus 509?,1249
What is 8117 plus 7823?,15940
What is 388 plus 465?,853
What is 935558 plus 331634?,1267192
What is 95956 plus 67121?,163077
What is 75 plus 91?,166
What is 74 plus 89?,163
What is 718284537 plus 943487521?,1661772058
What is 570904229 plus 859817193?,1430721422
What is 99508 plus 72406?,171914
What is 764799 plus 342246?,1107045
What is 9163 plus 5779?,14942
What is 93 plus 47?,140
What is 8345968625 plus 4582356319?,12928324944
What is 731122382 plus 683689594?,1414811976
What is 796666393 plus 793710896?,1590377289
What is 8931 plus 1895?,10826
What is 6352600268 plus 9143346767?,15495947035
What is 897133047 plus 947208751?,1844341798
What is 68 plus 11?,79
What is 69404 plus 28125?,97529
What is 8538707 plus 9584843?,18123550
What is 500855 plus 854666?,1355521
What is 631136264 plus 346407342?,977543606
What is 5401032251 plus 1327081158?,6728113409
What is 240 plus 338?,578
What is 79 plus 89?,168
What is 733454 plus 805404?,1538858
What is 25893998 plus 46162371?,72056369
What is 370203 plus 486111?,856314
What is 23 plus 63?,86
What is 733990752 plus 781271086?,1515261838
What is 18888292 plus 45106151?,63994443
What is 680636 plus 933981?,1614617
What is 9934731 plus 2103263?,12037994
What is 33683 plus 68905?,102588
What is 4727683 plus 9799972?,14527655
What is 367623 plus 250445?,618068
What is 98 plus 34?,132
What is 121244 plus 348180?,469424
What is 238 plus 883?,1121
What is 325 plus 947?,1272
What is 13738 plus 90822?,104560
What is 884376172 plus 173737045?,1058113217
What is 814370417 plus 989439333?,1803809750
What is 288545 plus 787268?,1075813
What is 443610 plus 656937?,1100547
What is 95 plus 38?,133
What is 6359 plus 2071?,8430
What is 83463 plus 45184?,128647
What is 52 plus 38?,90
What is 5124271 plus 4685960?,9810231
What is 569624003 plus 778106122?,1347730125
What is 7359 plus 3584?,10943
What is 16 plus 50?,66
What is 56050746 plus 85599569?,141650315
What is 2922164 plus 9185248?,12107412
What is 353000631 plus 382776427?,735777058
What is 453445 plus 878752?,1332197
What is 1419749925 plus 7957080826?,9376830751
What is 719667 plus 443853?,1163520
What is 816 plus 622?,1438
What is 43740814 plus 52545517?,96286331
What is 98712620 plus 38185784?,136898404
What is 46434 plus 10987?,57421
What is 9678763 plus 4809476?,14488239
What is 122 plus 774?,896
What is 615061 plus 130427?,745488
What is 47503621 plus 44578321?,92081942
What is 989455 plus 989819?,1979274
What is 4368346 plus 7034246?,11402592
What is 29151 plus 66787?,95938
What is 8249898260 plus 1445962941?,9695861201
What is 871125696 plus 161088701?,1032214397
What is 965380 plus 435357?,1400737
What is 26 plus 44?,70
What is 535 plus 537?,1072
What is 4401950189 plus 1109106938?,5511057127
What is 7854030006 plus 8860994779?,16715024785
What is 47645834 plus 24074923?,71720757
What is 87546 plus 75051?,162597
What is 3141265 plus 8581124?,11722389
What is 476 plus 308?,784
What is 485 plus 571?,1056
What is 565907 plus 604027?,1169934
What is 471 plus 557?,1028
What is 276816 plus 465936?,742752
What is 2811661 plus 6777098?,9588759
What is 718 plus 743?,1461
What is 20329 plus 52718?,73047
What is 40871250 plus 22948221?,63819471
What is 473272317 plus 786247906?,1259520223
What is 5688889 plus 6693632?,12382521
What is 887763879 plus 243481383?,1131245262
What is 484056117 plus 481466396?,965522513
What is 678 plus 341?,1019
What is 3757888 plus 6057023?,9814911
What is 3632116824 plus 3063545436?,6695662260
What is 317879021 plus 909529597?,1227408618
What is 36083074 plus 54955930?,91039004
What is 6638923 plus 2615738?,9254661
What is 263 plus 263?,526
What is 786055 plus 167710?,953765
What is 72 plus 14?,86
What is 4796060556 plus 7400949124?,12197009680
What is 4986222820 plus 5357324013?,10343546833
What is 4922343 plus 2794991?,7717334
What is 5379497 plus 2173940?,7553437
What is 5654038563 plus 7176532103?,12830570666
What is 9089 plus 2832?,11921
What is 92504359 plus 98219110?,190723469
What is 33488373 plus 19758463?,53246836
What is 61 plus 56?,117
What is 710 plus 960?,1670
What is 71598509 plus 57226525?,128825034
What is 547712 plus 552015?,1099727
What is 196149 plus 512178?,708327
What is 7043 plus 9125?,16168
What is 79320 plus 41780?,121100
What is 11528 plus 28642?,40170
What is 192308 plus 314118?,506426
What is 968320214 plus 522730687?,1491050901
What is 2586738 plus 4150647?,6737385
What is 405 plus 621?,1026
What is 246877505 plus 714559068?,961436573
What is 548 plus 831?,1379
What is 914589 plus 625323?,1539912
What is 82796 plus 95985?,178781
What is 568373 plus 690268?,1258641
What is 30 plus 67?,97
What is 6962287 plus 9909908?,16872195
What is 8889921051 plus 8901288959?,17791210010
What is 108 plus 592?,700
What is 9359 plus 2502?,11861
What is 4702471542 plus 5745600692?,10448072234
What is 44109 plus 79344?,123453
What is 660 plus 475?,1135
What is 78049280 plus 37200045?,115249325
What is 658064 plus 715949?,1374013
What is 2812 plus 2239?,5051
What is 658044 plus 314149?,972193
What is 30013 plus 97992?,128005
What is 4550104 plus 2573455?,7123559
What is 55489 plus 66227?,121716
What is 51786330 plus 71025841?,122812171
What is 157347588 plus 891459305?,1048806893
What is 7389019 plus 7799384?,15188403
What is 9785 plus 9212?,18997
What is 9435011 plus 7086186?,16521197
What is 599 plus 444?,1043
What is 945269 plus 884202?,1829471
What is 14734886 plus 98157085?,112891971
What is 21856 plus 55326?,77182
What is 66245516 plus 98659002?,164904518
What is 9297157 plus 4379047?,13676204
What is 676371121 plus 916860884?,1593232005
What is 2783 plus 5136?,7919
What is 3464138 plus 3006192?,6470330
What is 829 plus 127?,956
What is 1100 plus 5678?,6778
What is 5198 plus 7673?,12871
What is 8273 plus 5466?,13739
What is 552914 plus 558632?,1111546
What is 64431304 plus 29518299?,93949603
What is 27 plus 35?,62
What is 4354525110 plus 6833052960?,11187578070
What is 270 plus 411?,681
What is 700 plus 783?,1483
What is 28630066 plus 45628482?,74258548
What is 4580888 plus 9158960?,13739848
What is 20041 plus 74773?,94814
What is 307154070 plus 690880859?,998034929
What is 73098 plus 19494?,92592
What is 49317 plus 73171?,122488
What is 23 plus 49?,72
What is 1008 plus 1871?,2879
What is 8820 plus 1383?,10203
What is 736398049 plus 694846434?,1431244483
What is 8532594357 plus 9719363911?,18251958268
What is 5644248 plus 5227788?,10872036
What is 5906 plus 7312?,13218
What is 83266949 plus 77138393?,160405342
What is 18491 plus 39665?,58156
What is 102 plus 937?,1039
What is 8712945468 plus 3417843955?,12130789423
What is 92 plus 93?,185
What is 85 plus 94?,179
What is 44126946 plus 69739936?,113866882
What is 49 plus 96?,145
What is 41952 plus 32329?,74281
What is 96 plus 91?,187
What is 521435 plus 205906?,727341
What is 7734 plus 5307?,13041
What is 38521122 plus 54734830?,93255952
What is 47790693 plus 58869058?,106659751
What is 87 plus 80?,167
What is 8670 plus 3349?,12019
What is 53267197 plus 30079273?,83346470
What is 82988599 plus 58442410?,141431009
What is 7323327 plus 9103060?,16426387
What is 9486918 plus 9969765?,19456683
What is 325 plus 880?,1205
What is 4689304809 plus 5802281145?,10491585954
What is 53250 plus 98352?,151602
What is 501 plus 105?,606
What is 7191179 plus 7119114?,14310293
What is 3501 plus 2527?,6028
What is 24552 plus 41987?,66539
What is 2939 plus 2965?,5904
What is 56879784 plus 61866786?,118746570
What is 658 plus 125?,783
What is 4138980139 plus 2583643514?,6722623653
What is 23 plus 83?,106
What is 9038703 plus 4065493?,13104196
What is 53773614 plus 75569149?,129342763
What is 258266527 plus 246566762?,504833289
What is 807423 plus 934339?,1741762
What is 9809 plus 4980?,14789
What is 1655011234 plus 2234140952?,3889152186
What is 847 plus 418?,1265
What is 112960079 plus 744854575?,857814654
What is 573067 plus 845203?,1418270
What is 6254 plus 5281?,11535
What is 6396575263 plus 4069805996?,10466381259
What is 43894 plus 91253?,135147
What is 38 plus 93?,131
What is 7783497179 plus 3660795129?,11444292308
What is 83661029 plus 37619814?,121280843
What is 5265407 plus 6781060?,12046467
What is 46489 plus 91851?,138340
What is 147 plus 440?,587
What is 97 plus 17?,114
What is 92460 plus 89994?,182454
What is 29086242 plus 87700321?,116786563
What is 539 plus 765?,1304
What is 73820815 plus 70582723?,144403538
What is 881 plus 739?,1620
What is 7176276 plus 9136675?,16312951
What is 499607 plus 675250?,1174857
What is 4396245714 plus 5189291921?,9585537635
What is 77 plus 29?,106
What is 5170 plus 5239?,10409
What is 7631 plus 2555?,10186
What is 52 plus 32?,84
What is 95926 plus 17293?,113219
What is 5679 plus 9701?,15380
What is 42 plus 45?,87
What is 94397264 plus 42418115?,136815379
What is 669209977 plus 152895330?,822105307
What is 263480198 plus 127764642?,391244840
What is 34341296 plus 90776681?,125117977
What is 362216 plus 283761?,645977
What is 5595 plus 6463?,12058
What is 3886 plus 7593?,11479
What is 3211 plus 5636?,8847
What is 472 plus 876?,1348
What is 93 plus 94?,187
What is 6260555980 plus 7255328448?,13515884428
What is 9320161782 plus 9899228266?,19219390048
What is 364 plus 312?,676
What is 94 plus 18?,112
What is 851 plus 185?,1036
What is 72469 plus 68633?,141102
What is 382 plus 221?,603
What is 2359503 plus 5865553?,8225056
What is 7182600632 plus 7626862731?,14809463363
What is 1134 plus 6638?,7772
What is 1847331 plus 8951905?,10799236
What is 59030059 plus 14032263?,73062322
What is 8797901 plus 7179953?,15977854
What is 4685162 plus 8259281?,12944443
What is 77 plus 45?,122
What is 16539 plus 42322?,58861
What is 378 plus 578?,956
What is 584889707 plus 344909711?,929799418
What is 32200 plus 10554?,42754
What is 51507308 plus 53715490?,105222798
What is 3353 plus 9010?,12363
What is 21379076 plus 46400159?,67779235
What is 3999840977 plus 6539835659?,10539676636
What is 55 plus 18?,73
What is 2820 plus 6808?,9628
What is 1077 plus 4562?,5639
What is 5537175614 plus 1485338829?,7022514443
What is 946 plus 377?,1323
What is 6616582 plus 1945999?,8562581
What is 250043 plus 249613?,499656
What is 8636 plus 6459?,15095
What is 2572753404 plus 3518359809?,6091113213
What is 62801 plus 89933?,152734
What is 8334538 plus 7399407?,15733945
What is 43074 plus 27104?,70178
What is 71929317 plus 93634321?,165563638
What is 45441978 plus 88839733?,134281711
What is 50 plus 36?,86
What is 205 plus 480?,685
What is 76042944 plus 20518481?,96561425
What is 39 plus 13?,52
What is 94 plus 40?,134
What is 631 plus 950?,1581
What is 9057924232 plus 7991279748?,17049203980
What is 84285607 plus 25690250?,109975857
What is 193320544 plus 317048463?,510369007
What is 457 plus 947?,1404
What is 579 plus 145?,724
What is 46 plus 86?,132
What is 27699885 plus 34665873?,62365758
What is 29 plus 52?,81
What is 577 plus 636?,1213
What is 15445 plus 56169?,71614
What is 40739 plus 47616?,88355
What is 14073 plus 81572?,95645
What is 90727 plus 18927?,109654
What is 2833 plus 3213?,6046
What is 567986 plus 785297?,1353283
What is 605 plus 735?,1340
What is 77 plus 44?,121
What is 3127815 plus 8365286?,11493101
What is 9495282558 plus 7395199061?,16890481619
What is 581599 plus 105377?,686976
What is 803028691 plus 332039771?,1135068462
What is 55891407 plus 28336125?,84227532
What is 668 plus 914?,1582
What is 164946 plus 901426?,1066372
What is 1376 plus 1621?,2997
What is 513 plus 259?,772
What is 5793 plus 2525?,8318
What is 903205 plus 526428?,1429633
What is 1094639264 plus 9774574105?,10869213369
What is 931760682 plus 620570540?,1552331222
What is 78794 plus 21028?,99822
What is 9663 plus 2062?,11725
What is 5121 plus 9562?,14683
What is 6681270580 plus 7008758652?,13690029232
What is 88385 plus 41274?,129659
What is 482 plus 690?,1172
What is 30885 plus 92341?,123226
What is 143162927 plus 727556725?,870719652
What is 1699619478 plus 2800124505?,4499743983
What is 333459 plus 445963?,779422
What is 996333650 plus 216005532?,1212339182
What is 769 plus 807?,1576
What is 6706629341 plus 8760854282?,15467483623
What is 5045735675 plus 3401574589?,8447310264
What is 280909 plus 208573?,489482
What is 1072238793 plus 3666157154?,4738395947
What is 38255 plus 43879?,82134
What is 3798 plus 8742?,12540
What is 17929707 plus 34380319?,52310026
What is 386 plus 595?,981
What is 1351915 plus 2435651?,3787566
What is 323397163 plus 549242289?,872639452
What is 822 plus 591?,1413
What is 4519907 plus 4234460?,8754367
What is 603824699 plus 452637903?,1056462602
What is 6330715640 plus 5110389865?,11441105505
What is 465 plus 811?,1276
What is 13987302 plus 46895800?,60883102
What is 858291 plus 311613?,1169904
What is 4987815816 plus 3907060431?,8894876247
What is 86737 plus 37151?,123888
What is 8414623107 plus 9890401665?,18305024772
What is 307768 plus 357216?,664984
What is 971303 plus 429312?,1400615
What is 8952616 plus 4435336?,13387952
What is 1643583 plus 7361789?,9005372
What is 2938922584 plus 9508735491?,12447658075
What is 740 plus 202?,942
What is 90575 plus 18587?,109162
What is 31594829 plus 10731887?,42326716
What is 630 plus 903?,1533
What is 356 plus 142?,498
What is 7540967 plus 2716015?,10256982
What is 3569 plus 5170?,8739
What is 2436343 plus 4438642?,6874985
What is 5334 plus 6547?,11881
What is 66 plus 87?,153
What is 761 plus 829?,1590
What is 9795963 plus 9307983?,19103946
What is 706347837 plus 506226431?,1212574268
What is 465054688 plus 366283056?,831337744
What is 68 plus 82?,150
What is 69092 plus 49657?,118749
What is 921251 plus 744362?,1665613
What is 2454520729 plus 9698775577?,12153296306
What is 365103 plus 320793?,685896
What is 91174559 plus 49700872?,140875431
What is 1743 plus 4090?,5833
What is 213996 plus 673154?,887150
What is 3900 plus 4325?,8225
What is 68527 plus 93763?,162290
What is 51566592 plus 92736017?,144302609
What is 366826 plus 540676?,907502
What is 224573540 plus 686768817?,911342357
What is 7314 plus 6941?,14255
What is 803307 plus 378503?,1181810
What is 8500239308 plus 8716602958?,17216842266
What is 11257358 plus 57304169?,68561527
What is 401508 plus 869249?,1270757
What is 220337 plus 991912?,1212249
What is 6837114842 plus 2426420755?,9263535597
What is 4520629181 plus 3876959480?,8397588661
What is 1932937598 plus 6113243244?,8046180842
What is 43 plus 75?,118
What is 20045 plus 90904?,110949
What is 992191 plus 514487?,1506678
What is 696564 plus 485908?,1182472
What is 838271 plus 893633?,1731904
What is 1953691 plus 9594132?,11547823
What is 45 plus 46?,91
What is 801023775 plus 161907548?,962931323
What is 56 plus 53?,109
What is 9854547307 plus 3028495797?,12883043104
What is 348173243 plus 552333979?,900507222
What is 8992670 plus 4520632?,13513302
What is 35 plus 60?,95
What is 41534924 plus 91976328?,133511252
What is 7583555 plus 7380918?,14964473
What is 5506 plus 8155?,13661
What is 2534 plus 1716?,4250
What is 9239 plus 4229?,13468
What is 49081010 plus 78963582?,128044592
What is 2039 plus 4353?,6392
What is 4014034019 plus 3606549786?,7620583805
What is 59067978 plus 50069596?,109137574
What is 7582 plus 2316?,9898
What is 49036363 plus 10671845?,59708208
What is 426 plus 239?,665
What is 6687894191 plus 3713300722?,10401194913
What is 1304557479 plus 1829299063?,3133856542
What is 52308422 plus 86186039?,138494461
What is 6869286 plus 7836963?,14706249
What is 984565 plus 257021?,1241586
What is 7801427780 plus 5267430141?,13068857921
What is 64806 plus 72555?,137361
What is 6115443487 plus 9789173734?,15904617221
What is 656159465 plus 593110361?,1249269826
What is 15929978 plus 81865007?,97794985
What is 984721 plus 554949?,1539670
What is 54 plus 69?,123
What is 6675657 plus 6851594?,13527251
What is 3076448967 plus 3121408526?,6197857493
What is 348 plus 384?,732
What is 628426207 plus 732537793?,1360964000
What is 19 plus 12?,31
What is 7299 plus 2254?,9553
What is 71 plus 82?,153
What is 64849709 plus 74563324?,139413033
What is 30258256 plus 23595505?,53853761
What is 3061 plus 7308?,10369
What is 3463332475 plus 7121350774?,10584683249
What is 1329402 plus 4634422?,5963824
What is 7076825349 plus 3306770874?,10383596223
What is 19 plus 47?,66
What is 8649535868 plus 6887171632?,15536707500
What is 1299172933 plus 1617776967?,2916949900
What is 1932 plus 9840?,11772
What is 44400578 plus 66277258?,110677836
What is 85557980 plus 17831277?,103389257
What is 38 plus 68?,106
What is 893977181 plus 501879670?,1395856851
What is 175017 plus 317055?,492072
What is 7374142 plus 7339505?,14713647
What is 332257552 plus 279879138?,612136690
What is 2558 plus 9996?,12554
What is 3820855 plus 9438805?,13259660
What is 43730745 plus 32973415?,76704160
What is 91 plus 80?,171
What is 935319325 plus 433199550?,1368518875
What is 27 plus 94?,121
What is 23 plus 96?,119
What is 4335 plus 7087?,11422
What is 2540100489 plus 6908833246?,9448933735
What is 6576483803 plus 1589611313?,8166095116
What is 37 plus 16?,53
What is 313887 plus 143147?,457034
What is 438358844 plus 340631705?,778990549
What is 828335921 plus 937969734?,1766305655
What is 871537 plus 631877?,1503414
What is 9908848 plus 9947296?,19856144
What is 884641 plus 653041?,1537682
What is 78234 plus 48407?,126641
What is 5405777 plus 6461160?,11866937
What is 7162081 plus 4314529?,11476610
What is 354 plus 374?,728
What is 17460792 plus 49339585?,66800377
What is 69342436 plus 74364758?,143707194
What is 6885108 plus 6165149?,13050257
What is 8959938 plus 2650372?,11610310
What is 2744 plus 5529?,8273
What is 18 plus 60?,78
What is 55843292 plus 97160476?,153003768
What is 9235 plus 6069?,15304
What is 4377 plus 6547?,10924
What is 155149 plus 453905?,609054
What is 4159461 plus 6355876?,10515337
What is 65193 plus 38098?,103291
What is 3061 plus 8273?,11334
What is 74 plus 95?,169
What is 901 plus 471?,1372
What is 31790 plus 65107?,96897
What is 56865 plus 73720?,130585
What is 4717838673 plus 2588108005?,7305946678
What is 3295323341 plus 9492902610?,12788225951
What is 9060191821 plus 7277703028?,16337894849
What is 8923057956 plus 2325400386?,11248458342
What is 5406753 plus 6920906?,12327659
What is 55 plus 74?,129
What is 43 plus 82?,125
What is 6630 plus 9786?,16416
What is 65 plus 34?,99
What is 53331597 plus 69297643?,122629240
What is 87992790 plus 31061721?,119054511
What is 9247 plus 1004?,10251
What is 8531702 plus 2881879?,11413581
What is 25 plus 20?,45
What is 573521 plus 207219?,780740
What is 4834579026 plus 1450449752?,6285028778
What is 28732008 plus 16407252?,45139260
What is 9365565 plus 4916910?,14282475
What is 977 plus 587?,1564
What is 667 plus 985?,1652
What is 979 plus 905?,1884
What is 20951114 plus 49373601?,70324715
What is 80313 plus 30595?,110908
What is 181550 plus 262720?,444270
What is 4068 plus 4688?,8756
What is 49374151 plus 64320896?,113695047
What is 2271834 plus 6118140?,8389974
What is 53363086 plus 93603342?,146966428
What is 153311 plus 269083?,422394
What is 1157 plus 5911?,7068
What is 3896218540 plus 8586461916?,12482680456
What is 37906 plus 46048?,83954
What is 7735 plus 7380?,15115
What is 869 plus 248?,1117
What is 154206686 plus 328389245?,482595931
What is 8827489460 plus 2975973544?,11803463004
What is 559 plus 499?,1058
What is 8764 plus 4418?,13182
What is 6282774462 plus 9723982213?,16006756675
What is 553 plus 379?,932
What is 894091 plus 166756?,1060847
What is 43 plus 37?,80
What is 299602 plus 346531?,646133
What is 6855687 plus 5669962?,12525649
What is 2368916 plus 3338884?,5707800
What is 198408903 plus 258162329?,456571232
What is 2208 plus 6358?,8566
What is 5469 plus 5153?,10622
What is 847 plus 592?,1439
What is 16867364 plus 18124534?,34991898
What is 378768197 plus 183254975?,562023172
What is 990 plus 330?,1320
What is 128 plus 107?,235
What is 19 plus 39?,58
What is 595095 plus 386278?,981373
What is 41 plus 80?,121
What is 5686485 plus 5532003?,11218488
What is 5584 plus 4543?,10127
What is 254 plus 683?,937
What is 980 plus 214?,1194
What is 504 plus 319?,823
What is 1935 plus 3710?,5645
What is 3888 plus 9746?,13634
What is 554638282 plus 270897223?,825535505
What is 556930403 plus 354189603?,911120006
What is 22 plus 41?,63
What is 19 plus 92?,111
What is 7482 plus 2000?,9482
What is 76228 plus 25961?,102189
What is 79736 plus 62755?,142491
What is 528744 plus 826434?,1355178
What is 76566 plus 40009?,116575
What is 156698 plus 623718?,780416
What is 6597552482 plus 6878022116?,13475574598
What is 96658611 plus 35152622?,131811233
What is 40153409 plus 86560425?,126713834
What is 18726793 plus 85030690?,103757483
What is 447182 plus 967753?,1414935
What is 9655665 plus 2204719?,11860384
What is 28 plus 66?,94
What is 8539283 plus 4874341?,13413624
What is 3140098 plus 1765389?,4905487
What is 137891 plus 775268?,913159
What is 7865343702 plus 5787933147?,13653276849
What is 394484038 plus 842486559?,1236970597
What is 2221764670 plus 3285420243?,5507184913
What is 71738 plus 80939?,152677
What is 55220 plus 65946?,121166
What is 5225880 plus 1925465?,7151345
What is 32 plus 16?,48
What is 31999 plus 32126?,64125
What is 8372 plus 7504?,15876
What is 755817908 plus 748650191?,1504468099
What is 4775061 plus 4371639?,9146700
What is 1113 plus 4061?,5174
What is 92 plus 47?,139
What is 615689806 plus 180350722?,796040528
What is 9447124679 plus 9978368163?,19425492842
What is 4859617216 plus 1002073068?,5861690284
What is 68351 plus 79088?,147439
What is 95 plus 50?,145
What is 847355 plus 697524?,1544879
What is 49662849 plus 88232929?,137895778
What is 46595776 plus 31455063?,78050839
What is 8868 plus 7101?,15969
What is 51238150 plus 56246686?,107484836
What is 606 plus 884?,1490
What is 513 plus 577?,1090
What is 471 plus 623?,1094
What is 4356922975 plus 7227190838?,11584113813
What is 432631019 plus 794022996?,1226654015
What is 5288585 plus 8739958?,14028543
What is 89252 plus 53820?,143072
What is 3701772 plus 7422661?,11124433
What is 4271793 plus 8586229?,12858022
What is 214548676 plus 493697872?,708246548
What is 99 plus 98?,197
What is 139 plus 664?,803
What is 1990159 plus 7265414?,9255573
What is 82 plus 77?,159
What is 951 plus 566?,1517
What is 71536 plus 29754?,101290
What is 923955229 plus 195279201?,1119234430
What is 9842617237 plus 7986017383?,17828634620
What is 924545589 plus 860699498?,1785245087
What is 903299692 plus 957146551?,1860446243
What is 22 plus 77?,99
What is 947422 plus 528522?,1475944
What is 40723 plus 10704?,51427
What is 54811687 plus 34360048?,89171735
What is 8198281355 plus 7479135580?,15677416935
What is 8168810934 plus 2292871414?,10461682348
What is 1676 plus 7823?,9499
What is 620 plus 339?,959
What is 664534 plus 174624?,839158
What is 37705528 plus 31033812?,68739340
What is 58 plus 73?,131
What is 9699 plus 8104?,17803
What is 1982474188 plus 6221874662?,8204348850
What is 5834385 plus 8744596?,14578981
What is 8261092359 plus 5229514403?,13490606762
What is 3428 plus 5802?,9230
What is 884936 plus 780048?,1664984
What is 3254 plus 8030?,11284
What is 572016330 plus 295192263?,867208593
What is 31504 plus 17183?,48687
What is 2215 plus 4083?,6298
What is 397126 plus 230722?,627848
What is 863250753 plus 817026279?,1680277032
What is 4525229 plus 2143892?,6669121
What is 304001055 plus 420217424?,724218479
What is 584437641 plus 134555076?,718992717
What is 7882997 plus 4485047?,12368044
What is 621999 plus 278546?,900545
What is 8175444 plus 4548745?,12724189
What is 2350050179 plus 1732144849?,4082195028
What is 15 plus 17?,32
What is 9005794 plus 7529355?,16535149
What is 4452893 plus 3632430?,8085323
What is 1439190694 plus 9636166497?,11075357191
What is 431 plus 223?,654
What is 93552713 plus 24302979?,117855692
What is 3144 plus 7934?,11078
What is 687125 plus 449345?,1136470
What is 44324 plus 79821?,124145
What is 388 plus 692?,1080
What is 36199717 plus 29693263?,65892980
What is 412126392 plus 783899266?,1196025658
What is 5433399 plus 9933241?,15366640
What is 7735 plus 4591?,12326
What is 982159 plus 557887?,1540046
What is 858 plus 175?,1033
What is 48573 plus 17675?,66248
What is 2227350 plus 7719753?,9947103
What is 75 plus 20?,95
What is 21048668 plus 81945295?,102993963
What is 752 plus 774?,1526
What is 1752620329 plus 7035498908?,8788119237
What is 72 plus 93?,165
What is 47924 plus 83539?,131463
What is 755 plus 654?,1409
What is 72146094 plus 35615094?,107761188
What is 220 plus 652?,872
What is 545822185 plus 407795081?,953617266
What is 95 plus 21?,116
What is 53 plus 38?,91
What is 9520003 plus 2343582?,11863585
What is 9875112603 plus 2250130519?,12125243122
What is 608 plus 336?,944
What is 72 plus 61?,133
What is 36 plus 93?,129
What is 610855295 plus 244131630?,854986925
What is 51628918 plus 56705689?,108334607
What is 398435 plus 519568?,918003
What is 4708457856 plus 4619767754?,9328225610
What is 48218 plus 94661?,142879
What is 2603572 plus 2800441?,5404013
What is 1527413 plus 3181450?,4708863
What is 2010 plus 9123?,11133
What is 10 plus 33?,43
What is 1990 plus 5496?,7486
What is 98216 plus 25626?,123842
What is 821014 plus 928570?,1749584
What is 8073 plus 8634?,16707
What is 5531366266 plus 2788706939?,8320073205
What is 23 plus 72?,95
What is 2894 plus 6249?,9143
What is 375 plus 869?,1244
What is 554110 plus 540281?,1094391
What is 95 plus 18?,113
What is 30 plus 43?,73
What is 42 plus 43?,85
What is 69 plus 99?,168
What is 390996 plus 715654?,1106650
What is 78 plus 44?,122
What is 28 plus 62?,90
What is 99516035 plus 55247264?,154763299
What is 862544 plus 950277?,1812821
What is 54980498 plus 47213185?,102193683
What is 485 plus 621?,1106
What is 45957517 plus 81698822?,127656339
What is 1134870 plus 9211760?,10346630
What is 3830 plus 9606?,13436
What is 9592164 plus 7052435?,16644599
What is 5496108852 plus 7160719488?,12656828340
What is 36 plus 35?,71
What is 494596848 plus 402126847?,896723695
What is 39 plus 34?,73
What is 1733 plus 8506?,10239
What is 6746782 plus 3548009?,10294791
What is 37 plus 78?,115
What is 8481 plus 4391?,12872
What is 398037 plus 807277?,1205314
What is 9931293929 plus 6319375588?,16250669517
What is 6888007 plus 1075087?,7963094
What is 121326 plus 301099?,422425
What is 246 plus 310?,556
What is 903184 plus 931615?,1834799
What is 816120319 plus 170450467?,986570786
What is 1344933 plus 7320344?,8665277
What is 91695846 plus 64927715?,156623561
What is 39 plus 43?,82
What is 49117 plus 53856?,102973
What is 969974 plus 546059?,1516033
What is 9600051699 plus 9623973810?,19224025509
What is 85945 plus 61872?,147817
What is 979977 plus 730041?,1710018
What is 88491149 plus 90062759?,178553908
What is 917136943 plus 892959148?,1810096091
What is 141 plus 740?,881
What is 899584482 plus 874861387?,1774445869
What is 947 plus 752?,1699
What is 74 plus 29?,103
What is 653605320 plus 158644195?,812249515
What is 231 plus 698?,929
What is 254008397 plus 835966748?,1089975145
What is 6963 plus 8539?,15502
What is 8301814 plus 9908706?,18210520
What is 4166 plus 2345?,6511
What is 634136941 plus 434104804?,1068241745
What is 56116 plus 96752?,152868
What is 4527377 plus 9992374?,14519751
What is 8271 plus 8473?,16744
What is 30802 plus 29242?,60044
What is 88606 plus 98181?,186787
What is 9181067 plus 5883430?,15064497
What is 95 plus 49?,144
What is 6335678070 plus 5275412877?,11611090947
What is 1404 plus 7224?,8628
What is 43 plus 55?,98
What is 7672200667 plus 3905852457?,11578053124
What is 5271864 plus 2930936?,8202800
What is 5152514 plus 7239879?,12392393
What is 10132 plus 61750?,71882
What is 8692952 plus 3942022?,12634974
What is 747481055 plus 353255445?,1100736500
What is 801276232 plus 273486833?,1074763065
What is 2079 plus 1922?,4001
What is 44 plus 99?,143
What is 50035 plus 33757?,83792
What is 819285496 plus 269901549?,1089187045
What is 546864 plus 489632?,1036496
What is 84564 plus 36377?,120941
What is 69 plus 72?,141
What is 60 plus 52?,112
What is 25565 plus 82013?,107578
What is 56 plus 25?,81
What is 88936 plus 48473?,137409
What is 9001148865 plus 4026515240?,13027664105
What is 740892 plus 572907?,1313799
What is 998836853 plus 330611788?,1329448641
What is 9019777 plus 6324519?,15344296
What is 6926773 plus 3264681?,10191454
What is 677 plus 468?,1145
What is 37893 plus 21650?,59543
What is 1492 plus 2516?,4008
What is 862907447 plus 451243377?,1314150824
What is 3519797369 plus 3405864258?,6925661627
What is 506892 plus 104935?,611827
What is 37062 plus 93198?,130260
What is 402832 plus 968959?,1371791
What is 52 plus 87?,139
What is 6399863 plus 5326301?,11726164
What is 129154859 plus 583792261?,712947120
What is 887 plus 686?,1573
What is 3807880 plus 5131033?,8938913
What is 184321 plus 414211?,598532
What is 784 plus 888?,1672
What is 551 plus 938?,1489
What is 154830 plus 950707?,1105537
What is 1685 plus 4170?,5855
What is 3869468 plus 5970486?,9839954
What is 24142 plus 60755?,84897
What is 416464337 plus 913302484?,1329766821
What is 163410 plus 676802?,840212
What is 67855 plus 77651?,145506
What is 324 plus 981?,1305
What is 327 plus 584?,911
What is 87786 plus 96125?,183911
What is 912 plus 265?,1177
What is 4434 plus 6388?,10822
What is 6045121955 plus 8457891611?,14503013566
What is 2027 plus 3745?,5772
What is 6071 plus 2649?,8720
What is 6329802 plus 9806182?,16135984
What is 1346 plus 4562?,5908
What is 390425 plus 279525?,669950
What is 4088647820 plus 2511688668?,6600336488
What is 64541669 plus 85689947?,150231616
What is 41 plus 99?,140
What is 580 plus 969?,1549
What is 5149775921 plus 1405118676?,6554894597
What is 5724912 plus 7274446?,12999358
What is 76 plus 24?,100
What is 4440866 plus 2838152?,7279018
What is 236 plus 624?,860
What is 30888616 plus 70091585?,100980201
What is 784806 plus 525365?,1310171
What is 3879789092 plus 2272548214?,6152337306
What is 66 plus 33?,99
What is 2378566368 plus 4347665557?,6726231925
What is 9019366 plus 4722980?,13742346
What is 216512 plus 384440?,600952
What is 86 plus 18?,104
What is 120909396 plus 158458151?,279367547
What is 6816990 plus 7230020?,14047010
What is 23754 plus 76973?,100727
What is 42792256 plus 17101960?,59894216
What is 254 plus 232?,486
What is 749820 plus 947460?,1697280
What is 2507 plus 1226?,3733
What is 334 plus 510?,844
What is 2783 plus 3179?,5962
What is 44462 plus 42989?,87451
What is 46138393 plus 16329911?,62468304
What is 8162833 plus 5301764?,13464597
What is 736907 plus 514918?,1251825
What is 8461 plus 1039?,9500
What is 992630356 plus 220590626?,1213220982
What is 86593 plus 29030?,115623
What is 101395 plus 469763?,571158
What is 593852 plus 461235?,1055087
What is 202 plus 558?,760
What is 85517894 plus 19773252?,105291146
What is 88092 plus 28504?,116596
What is 711352002 plus 803780303?,1515132305
What is 484017848 plus 686317058?,1170334906
What is 49 plus 19?,68
What is 277033013 plus 617736024?,894769037
What is 95567 plus 85697?,181264
What is 40478158 plus 81152242?,121630400
What is 2145 plus 9512?,11657
What is 557275707 plus 679293463?,1236569170
What is 917 plus 932?,1849
What is 652945 plus 704794?,1357739
What is 203157 plus 109454?,312611
What is 89693820 plus 95042740?,184736560
What is 843785370 plus 657219129?,1501004499
What is 84 plus 31?,115
What is 758885126 plus 166533656?,925418782
What is 17749841 plus 96599419?,114349260
What is 834483382 plus 237685487?,1072168869
What is 206 plus 373?,579
What is 5781 plus 2976?,8757
What is 8556811 plus 3878354?,12435165
What is 282 plus 181?,463
What is 616954 plus 550195?,1167149
What is 1662 plus 5026?,6688
What is 7817963058 plus 2137087795?,9955050853
What is 986915 plus 385361?,1372276
What is 409001 plus 379219?,788220
What is 4687658 plus 1787153?,6474811
What is 1545332 plus 1279557?,2824889
What is 93597125 plus 35296314?,128893439
What is 7993968 plus 9241299?,17235267
What is 12 plus 75?,87
What is 746535 plus 209921?,956456
What is 713576 plus 927347?,1640923
What is 371 plus 948?,1319
What is 945470 plus 246270?,1191740
What is 884509 plus 867888?,1752397
What is 86 plus 27?,113
What is 7833436615 plus 8663897004?,16497333619
What is 208284789 plus 357920702?,566205491
What is 8371 plus 7957?,16328
What is 3965 plus 9828?,13793
What is 302039 plus 257263?,559302
What is 47 plus 70?,117
What is 8320 plus 4015?,12335
What is 9958338729 plus 1235392898?,11193731627
What is 4503927756 plus 8894363567?,13398291323
What is 64746 plus 15748?,80494
What is 8210 plus 7329?,15539
What is 4088845821 plus 3816079660?,7904925481
What is 91966290 plus 90250719?,182217009
What is 915064 plus 863471?,1778535
What is 643318101 plus 701823360?,1345141461
What is 1278128068 plus 4848639425?,6126767493
What is 865126578 plus 262913331?,1128039909
What is 683087 plus 583882?,1266969
What is 3132693 plus 7199325?,10332018
What is 7724842 plus 5252861?,12977703
What is 1162058 plus 8609752?,9771810
What is 411112 plus 157759?,568871
What is 9249 plus 3658?,12907
What is 389817 plus 165567?,555384
What is 853732615 plus 413450392?,1267183007
What is 6730093 plus 6309277?,13039370
What is 14514 plus 99504?,114018
What is 449 plus 779?,1228
What is 87 plus 79?,166
What is 627 plus 890?,1517
What is 764 plus 620?,1384
What is 157628123 plus 704095935?,861724058
What is 437 plus 756?,1193
What is 786961883 plus 856849826?,1643811709
What is 730 plus 332?,1062
What is 70 plus 34?,104
What is 7137 plus 6741?,13878
What is 99074 plus 51591?,150665
What is 249 plus 975?,1224
What is 8563164733 plus 3554807544?,12117972277
What is 203138344 plus 882633878?,1085772222
What is 72 plus 41?,113
What is 179380336 plus 816564646?,995944982
What is 823 plus 355?,1178
What is 908 plus 613?,1521
What is 21839561 plus 81085170?,102924731
What is 3084671 plus 1660985?,4745656
What is 1316202385 plus 2761541884?,4077744269
What is 9801 plus 6909?,16710
What is 397179868 plus 719989307?,1117169175
What is 72980970 plus 86711866?,159692836
What is 58 plus 64?,122
What is 14 plus 80?,94
What is 230485 plus 238436?,468921
What is 8550 plus 6366?,14916
What is 8207 plus 4594?,12801
What is 69981641 plus 16208647?,86190288
What is 134428636 plus 733515663?,867944299
What is 661 plus 339?,1000
What is 516316 plus 240569?,756885
What is 2305 plus 1435?,3740
What is 4418 plus 6677?,11095
What is 856988 plus 789625?,1646613
What is 2632703658 plus 2897710514?,5530414172
What is 59 plus 61?,120
What is 3156673 plus 6685324?,9841997
What is 74 plus 56?,130
What is 79140544 plus 79270254?,158410798
What is 27583 plus 88380?,115963
What is 831 plus 336?,1167
What is 40045 plus 57208?,97253
What is 550 plus 874?,1424
What is 240791 plus 911013?,1151804
What is 4565205 plus 4638139?,9203344
What is 5807133 plus 2216820?,8023953
What is 86 plus 28?,114
What is 94600 plus 81772?,176372
What is 234 plus 356?,590
What is 351 plus 580?,931
What is 76 plus 65?,141
What is 659026 plus 135463?,794489
What is 219 plus 305?,524
What is 58 plus 71?,129
What is 507219 plus 420657?,927876
What is 66 plus 32?,98
What is 959 plus 228?,1187
What is 48096374 plus 38802707?,86899081
What is 3590066 plus 9130615?,12720681
What is 2276867 plus 6173490?,8450357
What is 1381 plus 3214?,4595
What is 97741857 plus 59780654?,157522511
What is 5323774 plus 6837240?,12161014
What is 222224951 plus 541350624?,763575575
What is 36726 plus 43321?,80047
What is 6238 plus 2241?,8479
What is 4686 plus 4954?,9640
What is 14 plus 63?,77
What is 853766564 plus 738611631?,1592378195
What is 383 plus 339?,722
What is 8036865602 plus 6952017845?,14988883447
What is 774103 plus 280299?,1054402
What is 65201 plus 87796?,152997
What is 5186294 plus 3054363?,8240657
What is 90036838 plus 84306555?,174343393
What is 38 plus 82?,120
What is 242 plus 960?,1202
What is 252440 plus 731511?,983951
What is 14934 plus 74759?,89693
What is 9550 plus 9823?,19373
What is 15663 plus 37599?,53262
What is 7274487477 plus 7770931740?,15045419217
What is 23 plus 62?,85
What is 85514 plus 97267?,182781
What is 9713718523 plus 7024325246?,16738043769
What is 8373 plus 1379?,9752
What is 9844 plus 3646?,13490
What is 9639 plus 7167?,16806
What is 10253 plus 49057?,59310
What is 9374770096 plus 7487354050?,16862124146
What is 50190102 plus 64305671?,114495773
What is 1822468436 plus 6562700491?,8385168927
What is 9651 plus 1838?,11489
What is 767 plus 125?,892
What is 39336595 plus 77296226?,116632821
What is 2468 plus 7949?,10417
What is 67420623 plus 53703598?,121124221
What is 139989426 plus 509459425?,649448851
What is 3137 plus 2567?,5704
What is 44 plus 15?,59
What is 34004 plus 13581?,47585
What is 26115 plus 65360?,91475
What is 545 plus 978?,1523
What is 124240 plus 748990?,873230
What is 37856702 plus 37911727?,75768429
What is 10936 plus 46095?,57031
What is 325 plus 714?,1039
What is 761269 plus 104795?,866064
What is 99 plus 71?,170
What is 856352 plus 739699?,1596051
What is 9708 plus 8350?,18058
What is 2663455 plus 4767668?,7431123
What is 874616 plus 976672?,1851288
What is 4707 plus 4998?,9705
What is 63 plus 31?,94
What is 32 plus 35?,67
