0,1
What is 8052 plus 8198?,16250
What is 79 plus 21?,100
What is 9371 plus 7752?,17123
What is 31 plus 20?,51
What is 8710 plus 8748?,17458
What is 23 plus 35?,58
What is 846 plus 419?,1265
What is 54207 plus 94731?,148938
What is 406 plus 459?,865
What is 459 plus 178?,637
What is 20906 plus 95108?,116014
What is 3738 plus 2120?,5858
What is 1051 plus 1301?,2352
What is 3224 plus 3292?,6516
What is 4269 plus 5839?,10108
What is 19 plus 64?,83
What is 98048 plus 28284?,126332
What is 8086 plus 8832?,16918
What is 52437 plus 32202?,84639
What is 8014 plus 1930?,9944
What is 206 plus 951?,1157
What is 379 plus 226?,605
What is 74148 plus 83315?,157463
What is 12 plus 24?,36
What is 71 plus 90?,161
What is 1278 plus 6499?,7777
What is 3637 plus 4589?,8226
What is 654 plus 990?,1644
What is 42 plus 85?,127
What is 76 plus 65?,141
What is 742 plus 560?,1302
What is 72435 plus 56160?,128595
What is 14528 plus 95052?,109580
What is 77 plus 40?,117
What is 39 plus 67?,106
What is 152 plus 877?,1029
What is 6779 plus 7151?,13930
What is 267 plus 974?,1241
What is 427 plus 617?,1044
What is 4250 plus 5743?,9993
What is 61481 plus 30806?,92287
What is 326 plus 660?,986
What is 566 plus 688?,1254
What is 7060 plus 5837?,12897
What is 8877 plus 7008?,15885
What is 66 plus 65?,131
What is 24769 plus 37829?,62598
What is 8206 plus 4334?,12540
What is 91 plus 24?,115
What is 590 plus 946?,1536
What is 757 plus 224?,981
What is 49 plus 91?,140
What is 36 plus 17?,53
What is 915 plus 968?,1883
What is 84 plus 68?,152
What is 119 plus 615?,734
What is 8797 plus 7212?,16009
What is 366 plus 785?,1151
What is 569 plus 681?,1250
What is 605 plus 879?,1484
What is 41 plus 17?,58
What is 7698 plus 8542?,16240
What is 5473 plus 8839?,14312
What is 8243 plus 3467?,11710
What is 939 plus 765?,1704
What is 53653 plus 99120?,152773
What is 558 plus 539?,1097
What is 354 plus 348?,702
What is 46971 plus 35267?,82238
What is 1453 plus 5004?,6457
What is 54584 plus 94030?,148614
What is 237 plus 100?,337
What is 3627 plus 2470?,6097
What is 56 plus 28?,84
What is 2137 plus 2952?,5089
What is 71 plus 32?,103
What is 71373 plus 73712?,145085
What is 70222 plus 25896?,96118
What is 31184 plus 50950?,82134
What is 39 plus 43?,82
What is 11303 plus 79030?,90333
What is 3820 plus 6072?,9892
What is 91901 plus 48632?,140533
What is 598 plus 278?,876
What is 78854 plus 95449?,174303
What is 5032 plus 4979?,10011
What is 10538 plus 79867?,90405
What is 36590 plus 18974?,55564
What is 90941 plus 14911?,105852
What is 7369 plus 4155?,11524
What is 34 plus 49?,83
What is 43501 plus 64699?,108200
What is 249 plus 791?,1040
What is 9516 plus 1537?,11053
What is 53096 plus 59258?,112354
What is 48 plus 52?,100
What is 8408 plus 2012?,10420
What is 88 plus 88?,176
What is 521 plus 270?,791
What is 8881 plus 1774?,10655
What is 9384 plus 1353?,10737
What is 3137 plus 5569?,8706
What is 753 plus 876?,1629
What is 30 plus 77?,107
What is 9547 plus 6015?,15562
What is 87475 plus 56839?,144314
What is 7475 plus 9283?,16758
What is 28321 plus 95758?,124079
What is 18 plus 65?,83
What is 88 plus 65?,153
What is 5379 plus 9918?,15297
What is 11638 plus 78172?,89810
What is 63 plus 33?,96
What is 9220 plus 4774?,13994
What is 2936 plus 6538?,9474
What is 955 plus 321?,1276
What is 2949 plus 7541?,10490
What is 1994 plus 1035?,3029
What is 122 plus 945?,1067
What is 220 plus 495?,715
What is 84 plus 63?,147
What is 517 plus 352?,869
What is 267 plus 298?,565
What is 73143 plus 61403?,134546
What is 63277 plus 90717?,153994
What is 96398 plus 25036?,121434
What is 3992 plus 5254?,9246
What is 915 plus 693?,1608
What is 23 plus 95?,118
What is 5450 plus 7462?,12912
What is 19904 plus 51703?,71607
What is 291 plus 558?,849
What is 88 plus 19?,107
What is 189 plus 384?,573
What is 8572 plus 7065?,15637
What is 94168 plus 93612?,187780
What is 6078 plus 5820?,11898
What is 656 plus 457?,1113
What is 46 plus 27?,73
What is 16 plus 27?,43
What is 2190 plus 6028?,8218
What is 608 plus 467?,1075
What is 526 plus 346?,872
What is 5496 plus 7161?,12657
What is 804 plus 376?,1180
What is 40 plus 91?,131
What is 9614 plus 7110?,16724
What is 85 plus 99?,184
What is 8602 plus 8397?,16999
What is 2175 plus 2584?,4759
What is 6087 plus 3683?,9770
What is 6534 plus 3148?,9682
What is 25 plus 66?,91
What is 7678 plus 1334?,9012
What is 5363 plus 2897?,8260
What is 30227 plus 64210?,94437
What is 7240 plus 5528?,12768
What is 3547 plus 1935?,5482
What is 2591 plus 6223?,8814
What is 334 plus 439?,773
What is 7345 plus 8423?,15768
What is 13927 plus 23074?,37001
What is 32 plus 42?,74
What is 71197 plus 82336?,153533
What is 595 plus 822?,1417
What is 816 plus 649?,1465
What is 712 plus 483?,1195
What is 514 plus 333?,847
What is 35852 plus 93265?,129117
What is 29822 plus 81921?,111743
What is 91653 plus 93910?,185563
What is 82875 plus 17367?,100242
What is 690 plus 280?,970
What is 6456 plus 4473?,10929
What is 347 plus 929?,1276
What is 76035 plus 12753?,88788
What is 7849 plus 9738?,17587
What is 372 plus 132?,504
What is 4692 plus 5932?,10624
What is 84318 plus 38733?,123051
What is 338 plus 128?,466
What is 74 plus 24?,98
What is 799 plus 498?,1297
What is 334 plus 878?,1212
What is 46 plus 27?,73
What is 4515 plus 9944?,14459
What is 52 plus 34?,86
What is 17603 plus 60435?,78038
What is 32 plus 12?,44
What is 60 plus 19?,79
What is 67508 plus 84482?,151990
What is 991 plus 950?,1941
What is 63178 plus 42704?,105882
What is 50 plus 29?,79
What is 15687 plus 52981?,68668
What is 18 plus 10?,28
What is 925 plus 923?,1848
What is 4712 plus 1734?,6446
What is 35803 plus 63351?,99154
What is 94785 plus 53804?,148589
What is 9132 plus 8692?,17824
What is 58460 plus 26332?,84792
What is 222 plus 162?,384
What is 17 plus 14?,31
What is 92 plus 95?,187
What is 85196 plus 36111?,121307
What is 248 plus 179?,427
What is 68 plus 72?,140
What is 32 plus 18?,50
What is 99 plus 41?,140
What is 4881 plus 7790?,12671
What is 5590 plus 5920?,11510
What is 23 plus 20?,43
What is 73800 plus 95584?,169384
What is 10318 plus 50240?,60558
What is 13 plus 80?,93
What is 42271 plus 59048?,101319
What is 943 plus 241?,1184
What is 9928 plus 5018?,14946
What is 1978 plus 3651?,5629
What is 54654 plus 95382?,150036
What is 1798 plus 1442?,3240
What is 2652 plus 5009?,7661
What is 83220 plus 66801?,150021
What is 10854 plus 44548?,55402
What is 514 plus 986?,1500
What is 21765 plus 25760?,47525
What is 84834 plus 26533?,111367
What is 21 plus 10?,31
What is 97 plus 72?,169
What is 94608 plus 90140?,184748
What is 94 plus 20?,114
What is 26 plus 69?,95
What is 29833 plus 72786?,102619
What is 721 plus 711?,1432
What is 30 plus 34?,64
What is 28 plus 81?,109
What is 123 plus 528?,651
What is 901 plus 797?,1698
What is 3240 plus 2415?,5655
What is 928 plus 140?,1068
What is 89 plus 98?,187
What is 77 plus 60?,137
What is 6142 plus 8560?,14702
What is 13 plus 30?,43
What is 28651 plus 69510?,98161
What is 990 plus 939?,1929
What is 275 plus 553?,828
What is 3042 plus 6085?,9127
What is 9069 plus 4299?,13368
What is 87 plus 55?,142
What is 32 plus 52?,84
What is 14127 plus 90805?,104932
What is 64 plus 96?,160
What is 8763 plus 2856?,11619
What is 5254 plus 7868?,13122
What is 57325 plus 71478?,128803
What is 3205 plus 9307?,12512
What is 1144 plus 7636?,8780
What is 25 plus 44?,69
What is 284 plus 823?,1107
What is 12945 plus 52934?,65879
What is 923 plus 458?,1381
What is 261 plus 512?,773
What is 938 plus 244?,1182
What is 288 plus 390?,678
What is 6804 plus 5876?,12680
What is 32418 plus 58423?,90841
What is 25965 plus 26685?,52650
What is 76 plus 30?,106
What is 300 plus 396?,696
What is 9782 plus 4322?,14104
What is 38 plus 83?,121
What is 85504 plus 46155?,131659
What is 42167 plus 22906?,65073
What is 74232 plus 93039?,167271
What is 9597 plus 3195?,12792
What is 12686 plus 88563?,101249
What is 19 plus 51?,70
What is 72320 plus 53233?,125553
What is 18 plus 89?,107
What is 88549 plus 78838?,167387
What is 61484 plus 22061?,83545
What is 463 plus 623?,1086
What is 80086 plus 54249?,134335
What is 521 plus 909?,1430
What is 50 plus 64?,114
What is 17 plus 27?,44
What is 53015 plus 30480?,83495
What is 1755 plus 7079?,8834
What is 188 plus 332?,520
What is 300 plus 383?,683
What is 75 plus 80?,155
What is 14 plus 66?,80
What is 4803 plus 6694?,11497
What is 816 plus 726?,1542
What is 45 plus 12?,57
What is 3039 plus 9212?,12251
What is 31638 plus 76284?,107922
What is 74140 plus 95054?,169194
What is 67579 plus 92646?,160225
What is 9416 plus 7931?,17347
What is 25328 plus 48159?,73487
What is 8238 plus 4587?,12825
What is 249 plus 465?,714
What is 349 plus 224?,573
What is 316 plus 933?,1249
What is 6441 plus 4499?,10940
What is 40 plus 77?,117
What is 7317 plus 2769?,10086
What is 36189 plus 87375?,123564
What is 83 plus 71?,154
What is 78 plus 30?,108
What is 253 plus 932?,1185
What is 8858 plus 5297?,14155
What is 3176 plus 9654?,12830
What is 66965 plus 88929?,155894
What is 12 plus 55?,67
What is 14535 plus 31045?,45580
What is 4112 plus 4023?,8135
What is 970 plus 405?,1375
What is 865 plus 595?,1460
What is 59 plus 56?,115
What is 72936 plus 31933?,104869
What is 1711 plus 3685?,5396
What is 842 plus 331?,1173
What is 5239 plus 3098?,8337
What is 9865 plus 5911?,15776
What is 2591 plus 1010?,3601
What is 7448 plus 3800?,11248
What is 3509 plus 6641?,10150
What is 5231 plus 9820?,15051
What is 2222 plus 3940?,6162
What is 386 plus 554?,940
What is 27127 plus 24274?,51401
What is 85551 plus 59901?,145452
What is 7010 plus 3440?,10450
What is 35034 plus 68080?,103114
What is 65 plus 92?,157
What is 62 plus 30?,92
What is 61 plus 50?,111
What is 89 plus 94?,183
What is 332 plus 205?,537
What is 23557 plus 32494?,56051
What is 7722 plus 7346?,15068
What is 98 plus 94?,192
What is 13 plus 78?,91
What is 10420 plus 41175?,51595
What is 5969 plus 9368?,15337
What is 66 plus 64?,130
What is 56 plus 76?,132
What is 79402 plus 64132?,143534
What is 54254 plus 76897?,131151
What is 2374 plus 1251?,3625
What is 396 plus 687?,1083
What is 52928 plus 29522?,82450
What is 46 plus 15?,61
What is 5641 plus 9507?,15148
What is 926 plus 526?,1452
What is 50 plus 56?,106
What is 79408 plus 32097?,111505
What is 76 plus 74?,150
What is 63 plus 72?,135
What is 263 plus 209?,472
What is 7907 plus 8193?,16100
What is 82905 plus 98306?,181211
What is 63 plus 70?,133
What is 7947 plus 5215?,13162
What is 59 plus 58?,117
What is 30 plus 32?,62
What is 97 plus 25?,122
What is 882 plus 707?,1589
What is 6380 plus 7050?,13430
What is 484 plus 559?,1043
What is 11494 plus 47657?,59151
What is 822 plus 521?,1343
What is 52 plus 26?,78
What is 6773 plus 1324?,8097
What is 60 plus 22?,82
What is 4461 plus 2125?,6586
What is 38275 plus 47682?,85957
What is 74283 plus 99316?,173599
What is 149 plus 783?,932
What is 31 plus 59?,90
What is 93 plus 24?,117
What is 323 plus 825?,1148
What is 9026 plus 1220?,10246
What is 204 plus 633?,837
What is 560 plus 305?,865
What is 3413 plus 8841?,12254
What is 251 plus 942?,1193
What is 6130 plus 7499?,13629
What is 79275 plus 27208?,106483
What is 24852 plus 20873?,45725
What is 1768 plus 7292?,9060
What is 78896 plus 13380?,92276
What is 12 plus 59?,71
What is 2852 plus 2986?,5838
What is 2733 plus 4393?,7126
What is 200 plus 603?,803
What is 924 plus 868?,1792
What is 911 plus 209?,1120
What is 928 plus 998?,1926
What is 9291 plus 6718?,16009
What is 285 plus 798?,1083
What is 91 plus 27?,118
What is 38 plus 92?,130
What is 38 plus 92?,130
What is 5123 plus 3051?,8174
What is 3483 plus 8627?,12110
What is 585 plus 124?,709
What is 40 plus 86?,126
What is 846 plus 215?,1061
What is 358 plus 782?,1140
What is 5625 plus 7156?,12781
What is 64 plus 10?,74
What is 289 plus 988?,1277
What is 14 plus 79?,93
What is 53658 plus 67822?,121480
What is 942 plus 366?,1308
What is 27 plus 96?,123
What is 47017 plus 25500?,72517
What is 37703 plus 47538?,85241
What is 959 plus 388?,1347
What is 78419 plus 46993?,125412
What is 23976 plus 57077?,81053
What is 451 plus 666?,1117
What is 73986 plus 51485?,125471
What is 43 plus 46?,89
What is 7852 plus 6327?,14179
What is 599 plus 378?,977
What is 29 plus 47?,76
What is 6609 plus 4129?,10738
What is 2688 plus 9801?,12489
What is 82506 plus 30079?,112585
What is 36 plus 15?,51
What is 91 plus 59?,150
What is 6426 plus 7313?,13739
What is 4750 plus 3628?,8378
What is 736 plus 302?,1038
What is 9031 plus 4079?,13110
What is 281 plus 790?,1071
What is 2601 plus 9848?,12449
What is 52 plus 30?,82
What is 6741 plus 3003?,9744
What is 319 plus 522?,841
What is 59 plus 50?,109
What is 976 plus 947?,1923
What is 84 plus 60?,144
What is 28101 plus 19261?,47362
What is 5935 plus 6544?,12479
What is 65805 plus 73890?,139695
What is 133 plus 343?,476
What is 7839 plus 7136?,14975
What is 47430 plus 26960?,74390
What is 98893 plus 35389?,134282
What is 45174 plus 37163?,82337
What is 1640 plus 4451?,6091
What is 397 plus 532?,929
What is 78 plus 33?,111
What is 3499 plus 5506?,9005
What is 502 plus 656?,1158
What is 238 plus 259?,497
What is 33 plus 93?,126
What is 72698 plus 51265?,123963
What is 539 plus 437?,976
What is 1173 plus 9418?,10591
What is 794 plus 914?,1708
What is 682 plus 866?,1548
What is 653 plus 479?,1132
What is 378 plus 546?,924
What is 386 plus 535?,921
What is 7323 plus 4259?,11582
What is 97 plus 74?,171
What is 63153 plus 14613?,77766
What is 204 plus 699?,903
What is 9857 plus 5921?,15778
What is 66484 plus 79175?,145659
What is 2146 plus 6892?,9038
What is 72 plus 94?,166
What is 967 plus 881?,1848
What is 15306 plus 79021?,94327
What is 51949 plus 38755?,90704
What is 790 plus 223?,1013
What is 52008 plus 47716?,99724
What is 703 plus 136?,839
What is 943 plus 946?,1889
What is 97033 plus 93437?,190470
What is 1239 plus 9649?,10888
What is 98 plus 57?,155
What is 16004 plus 95810?,111814
What is 69865 plus 34753?,104618
What is 65638 plus 52314?,117952
What is 51964 plus 13302?,65266
What is 408 plus 548?,956
What is 14 plus 95?,109
What is 5499 plus 4992?,10491
What is 7152 plus 6572?,13724
What is 1979 plus 7197?,9176
What is 136 plus 291?,427
What is 30 plus 10?,40
What is 88183 plus 56399?,144582
What is 77220 plus 61039?,138259
What is 41 plus 75?,116
What is 32 plus 79?,111
What is 49 plus 25?,74
What is 7859 plus 7912?,15771
What is 793 plus 981?,1774
What is 15039 plus 34013?,49052
What is 21964 plus 19060?,41024
What is 4218 plus 1863?,6081
What is 8251 plus 6616?,14867
What is 974 plus 623?,1597
What is 83 plus 94?,177
What is 72 plus 89?,161
What is 23 plus 53?,76
What is 87 plus 51?,138
What is 129 plus 350?,479
What is 719 plus 616?,1335
What is 118 plus 850?,968
What is 20041 plus 74731?,94772
What is 56 plus 63?,119
What is 43757 plus 24231?,67988
What is 199 plus 846?,1045
What is 891 plus 151?,1042
What is 5561 plus 5726?,11287
What is 63 plus 12?,75
What is 84 plus 76?,160
What is 14 plus 71?,85
What is 261 plus 242?,503
What is 7509 plus 8837?,16346
What is 64 plus 20?,84
What is 58 plus 33?,91
What is 8044 plus 5795?,13839
What is 928 plus 204?,1132
What is 56 plus 55?,111
What is 4459 plus 2095?,6554
What is 28 plus 15?,43
What is 911 plus 285?,1196
What is 53517 plus 24820?,78337
What is 343 plus 224?,567
What is 210 plus 672?,882
What is 58038 plus 90838?,148876
What is 356 plus 855?,1211
What is 407 plus 567?,974
What is 58 plus 94?,152
What is 850 plus 600?,1450
What is 61733 plus 37185?,98918
What is 9540 plus 6239?,15779
What is 917 plus 616?,1533
What is 42133 plus 57976?,100109
What is 1936 plus 7794?,9730
What is 68 plus 34?,102
What is 164 plus 613?,777
What is 7540 plus 4156?,11696
What is 7798 plus 3969?,11767
What is 531 plus 737?,1268
What is 32 plus 91?,123
What is 60988 plus 40458?,101446
What is 816 plus 556?,1372
What is 825 plus 179?,1004
What is 726 plus 963?,1689
What is 5709 plus 6705?,12414
What is 83 plus 50?,133
What is 16 plus 47?,63
What is 80236 plus 65844?,146080
What is 55568 plus 67152?,122720
What is 540 plus 749?,1289
What is 1508 plus 1922?,3430
What is 4761 plus 9153?,13914
What is 64 plus 32?,96
What is 953 plus 897?,1850
What is 2780 plus 9326?,12106
What is 324 plus 159?,483
What is 807 plus 640?,1447
What is 73 plus 78?,151
What is 2900 plus 8289?,11189
What is 19194 plus 23872?,43066
What is 9851 plus 5507?,15358
What is 98274 plus 32565?,130839
What is 62 plus 36?,98
What is 9711 plus 4713?,14424
What is 452 plus 474?,926
What is 425 plus 695?,1120
What is 7028 plus 7390?,14418
What is 69306 plus 32920?,102226
What is 75144 plus 97590?,172734
What is 717 plus 395?,1112
What is 57957 plus 46929?,104886
What is 202 plus 698?,900
What is 53830 plus 96896?,150726
What is 231 plus 747?,978
What is 6947 plus 5701?,12648
What is 384 plus 863?,1247
What is 979 plus 514?,1493
What is 9681 plus 2175?,11856
What is 792 plus 999?,1791
What is 44717 plus 50066?,94783
What is 22697 plus 24882?,47579
What is 730 plus 582?,1312
What is 83377 plus 71288?,154665
What is 508 plus 965?,1473
What is 34 plus 25?,59
What is 46 plus 98?,144
What is 1879 plus 4334?,6213
What is 43561 plus 74274?,117835
What is 3337 plus 2227?,5564
What is 3957 plus 3075?,7032
What is 363 plus 987?,1350
What is 858 plus 284?,1142
What is 76 plus 95?,171
What is 63576 plus 59036?,122612
What is 14 plus 25?,39
What is 34958 plus 10688?,45646
What is 2481 plus 8192?,10673
What is 7602 plus 9614?,17216
What is 19 plus 12?,31
What is 18148 plus 84654?,102802
What is 80 plus 70?,150
What is 5158 plus 4316?,9474
What is 135 plus 843?,978
What is 64 plus 13?,77
What is 6210 plus 3174?,9384
What is 44698 plus 67905?,112603
What is 969 plus 179?,1148
What is 55 plus 75?,130
What is 667 plus 227?,894
What is 76 plus 55?,131
What is 8284 plus 4210?,12494
What is 45 plus 88?,133
What is 28787 plus 61517?,90304
What is 329 plus 722?,1051
What is 478 plus 103?,581
What is 976 plus 722?,1698
What is 897 plus 706?,1603
What is 215 plus 334?,549
What is 16 plus 65?,81
What is 9933 plus 9945?,19878
What is 1905 plus 7586?,9491
What is 919 plus 670?,1589
What is 5090 plus 8756?,13846
What is 614 plus 584?,1198
What is 255 plus 820?,1075
What is 6959 plus 6608?,13567
What is 59369 plus 51202?,110571
What is 95856 plus 72251?,168107
What is 97113 plus 75708?,172821
What is 74 plus 96?,170
What is 84 plus 49?,133
What is 1926 plus 3526?,5452
What is 62 plus 72?,134
What is 8652 plus 9851?,18503
What is 85 plus 87?,172
What is 53 plus 18?,71
What is 9629 plus 9284?,18913
What is 132 plus 975?,1107
What is 4510 plus 4332?,8842
What is 845 plus 692?,1537
What is 52 plus 48?,100
What is 82779 plus 31239?,114018
What is 83158 plus 37627?,120785
What is 946 plus 648?,1594
What is 8310 plus 6682?,14992
What is 7631 plus 9905?,17536
What is 30254 plus 52385?,82639
What is 314 plus 565?,879
What is 187 plus 749?,936
What is 8736 plus 3298?,12034
What is 3619 plus 4939?,8558
What is 18 plus 93?,111
What is 8779 plus 6657?,15436
What is 250 plus 804?,1054
What is 17 plus 57?,74
What is 999 plus 350?,1349
What is 89 plus 34?,123
What is 801 plus 854?,1655
What is 87 plus 67?,154
What is 18 plus 35?,53
What is 45666 plus 93894?,139560
What is 63 plus 79?,142
What is 394 plus 274?,668
What is 1252 plus 3906?,5158
What is 55601 plus 29571?,85172
What is 2843 plus 4413?,7256
What is 874 plus 545?,1419
What is 248 plus 371?,619
What is 220 plus 358?,578
What is 3883 plus 8302?,12185
What is 7845 plus 3114?,10959
What is 886 plus 942?,1828
What is 5849 plus 2518?,8367
What is 71 plus 50?,121
What is 7380 plus 9850?,17230
What is 97 plus 83?,180
What is 90710 plus 56771?,147481
What is 5121 plus 2767?,7888
What is 4485 plus 7638?,12123
What is 40 plus 66?,106
What is 6225 plus 7782?,14007
What is 3451 plus 9200?,12651
What is 66972 plus 16987?,83959
What is 9726 plus 2164?,11890
What is 93951 plus 64099?,158050
What is 733 plus 117?,850
What is 245 plus 997?,1242
What is 61136 plus 33742?,94878
What is 27 plus 85?,112
What is 20 plus 35?,55
What is 562 plus 443?,1005
What is 98 plus 19?,117
What is 91 plus 41?,132
What is 49282 plus 96649?,145931
What is 71364 plus 65612?,136976
What is 527 plus 409?,936
What is 43 plus 41?,84
What is 81588 plus 46662?,128250
What is 6264 plus 6480?,12744
What is 9088 plus 8575?,17663
What is 417 plus 431?,848
What is 4246 plus 5786?,10032
What is 85 plus 68?,153
What is 1202 plus 8151?,9353
What is 58 plus 76?,134
What is 2252 plus 3160?,5412
What is 60 plus 88?,148
What is 61 plus 35?,96
What is 19 plus 43?,62
What is 604 plus 264?,868
What is 4913 plus 3729?,8642
What is 3098 plus 8741?,11839
What is 34787 plus 36056?,70843
What is 702 plus 356?,1058
What is 19417 plus 71003?,90420
What is 39346 plus 33680?,73026
What is 222 plus 176?,398
What is 4843 plus 5308?,10151
What is 88 plus 17?,105
What is 64 plus 13?,77
What is 82 plus 42?,124
What is 44 plus 96?,140
What is 14 plus 24?,38
What is 824 plus 660?,1484
What is 24092 plus 72964?,97056
What is 226 plus 740?,966
What is 2884 plus 6409?,9293
What is 325 plus 917?,1242
What is 1584 plus 7722?,9306
What is 51 plus 78?,129
What is 99446 plus 46189?,145635
What is 48509 plus 22548?,71057
What is 241 plus 919?,1160
What is 20 plus 68?,88
What is 84 plus 63?,147
What is 1891 plus 9141?,11032
What is 5662 plus 9227?,14889
What is 586 plus 625?,1211
What is 621 plus 243?,864
What is 4001 plus 3439?,7440
What is 6556 plus 8203?,14759
What is 530 plus 421?,951
What is 68 plus 81?,149
What is 3852 plus 6254?,10106
What is 26099 plus 12976?,39075
What is 471 plus 559?,1030
What is 263 plus 256?,519
What is 4087 plus 5391?,9478
What is 90821 plus 88506?,179327
What is 78 plus 52?,130
What is 43649 plus 38039?,81688
What is 7937 plus 4671?,12608
What is 51946 plus 76531?,128477
What is 77313 plus 24247?,101560
What is 28479 plus 67793?,96272
What is 21 plus 43?,64
What is 14663 plus 58085?,72748
What is 75 plus 87?,162
What is 2774 plus 2442?,5216
What is 888 plus 311?,1199
What is 526 plus 731?,1257
What is 11545 plus 35578?,47123
What is 9550 plus 6948?,16498
What is 383 plus 531?,914
What is 29 plus 56?,85
What is 405 plus 964?,1369
What is 3701 plus 7654?,11355
What is 4262 plus 2866?,7128
What is 8249 plus 3389?,11638
What is 7250 plus 4885?,12135
What is 994 plus 968?,1962
What is 408 plus 700?,1108
What is 73 plus 91?,164
What is 64 plus 42?,106
What is 522 plus 719?,1241
What is 557 plus 985?,1542
What is 5146 plus 7826?,12972
What is 34 plus 25?,59
What is 75018 plus 96888?,171906
What is 6912 plus 4961?,11873
What is 108 plus 902?,1010
What is 9523 plus 8131?,17654
What is 67378 plus 83461?,150839
What is 1630 plus 6998?,8628
What is 278 plus 648?,926
What is 459 plus 460?,919
What is 20 plus 80?,100
What is 492 plus 397?,889
What is 681 plus 245?,926
What is 9321 plus 1233?,10554
What is 34 plus 43?,77
What is 63 plus 37?,100
What is 5725 plus 4796?,10521
What is 26952 plus 31688?,58640
What is 695 plus 644?,1339
What is 385 plus 243?,628
What is 43686 plus 50805?,94491
What is 94466 plus 68573?,163039
What is 613 plus 512?,1125
What is 84 plus 66?,150
What is 7837 plus 3084?,10921
What is 45672 plus 53489?,99161
What is 97562 plus 80918?,178480
What is 16 plus 86?,102
What is 5290 plus 3973?,9263
What is 31306 plus 34029?,65335
What is 43616 plus 11817?,55433
What is 44347 plus 59897?,104244
What is 98 plus 15?,113
What is 94734 plus 13982?,108716
What is 337 plus 845?,1182
What is 15 plus 38?,53
What is 8653 plus 4431?,13084
What is 28716 plus 21105?,49821
What is 80081 plus 81120?,161201
What is 61168 plus 97642?,158810
What is 136 plus 231?,367
What is 9384 plus 2393?,11777
What is 15 plus 64?,79
What is 862 plus 745?,1607
What is 26414 plus 11033?,37447
What is 89 plus 87?,176
What is 13229 plus 87437?,100666
What is 83 plus 44?,127
What is 69600 plus 76900?,146500
What is 7168 plus 9906?,17074
What is 33213 plus 31264?,64477
What is 6652 plus 3221?,9873
What is 68 plus 71?,139
What is 58 plus 25?,83
What is 829 plus 510?,1339
What is 9651 plus 6863?,16514
What is 3073 plus 8353?,11426
What is 32263 plus 57642?,89905
What is 79 plus 79?,158
What is 82026 plus 54794?,136820
What is 9145 plus 5039?,14184
What is 8220 plus 6922?,15142
What is 25067 plus 28561?,53628
What is 77 plus 63?,140
What is 395 plus 470?,865
What is 7739 plus 7039?,14778
What is 94337 plus 29395?,123732
What is 60224 plus 89733?,149957
What is 35057 plus 37819?,72876
What is 775 plus 735?,1510
What is 4935 plus 6799?,11734
What is 70 plus 36?,106
What is 786 plus 519?,1305
What is 74899 plus 29030?,103929
What is 73 plus 82?,155
What is 48697 plus 56957?,105654
What is 76 plus 23?,99
What is 69352 plus 51196?,120548
What is 32 plus 51?,83
What is 18 plus 94?,112
What is 653 plus 668?,1321
What is 32645 plus 67137?,99782
What is 68 plus 52?,120
What is 21365 plus 30875?,52240
What is 986 plus 429?,1415
What is 54220 plus 82770?,136990
What is 3001 plus 8898?,11899
What is 31716 plus 12278?,43994
What is 96 plus 69?,165
What is 267 plus 501?,768
What is 457 plus 435?,892
What is 6785 plus 7600?,14385
What is 11 plus 83?,94
What is 77123 plus 46563?,123686
What is 928 plus 544?,1472
What is 778 plus 467?,1245
What is 9144 plus 6818?,15962
What is 38522 plus 83171?,121693
What is 76 plus 99?,175
What is 94206 plus 78867?,173073
What is 85695 plus 44238?,129933
What is 4097 plus 4117?,8214
What is 75 plus 16?,91
What is 791 plus 868?,1659
What is 3884 plus 8067?,11951
What is 60032 plus 51713?,111745
What is 42173 plus 93195?,135368
What is 22 plus 43?,65
What is 328 plus 317?,645
What is 10 plus 94?,104
What is 77945 plus 34303?,112248
What is 6065 plus 9551?,15616
What is 29 plus 18?,47
What is 910 plus 740?,1650
What is 322 plus 106?,428
What is 647 plus 794?,1441
What is 52692 plus 54178?,106870
What is 90865 plus 68730?,159595
What is 586 plus 415?,1001
What is 6976 plus 9471?,16447
What is 4724 plus 9659?,14383
What is 119 plus 485?,604
What is 29 plus 11?,40
What is 99 plus 72?,171
What is 283 plus 959?,1242
What is 7924 plus 8901?,16825
What is 1631 plus 8494?,10125
What is 28158 plus 90077?,118235
What is 744 plus 910?,1654
What is 87168 plus 75643?,162811
What is 54246 plus 26538?,80784
What is 5412 plus 4034?,9446
What is 68018 plus 40451?,108469
What is 25764 plus 24985?,50749
What is 474 plus 400?,874
What is 125 plus 761?,886
What is 66 plus 97?,163
What is 736 plus 206?,942
What is 22 plus 23?,45
What is 24 plus 83?,107
What is 4897 plus 8943?,13840
What is 34723 plus 99011?,133734
What is 29602 plus 62186?,91788
What is 601 plus 222?,823
What is 2044 plus 7152?,9196
What is 28477 plus 24038?,52515
What is 4731 plus 3845?,8576
What is 22315 plus 89300?,111615
What is 85622 plus 86122?,171744
What is 58 plus 34?,92
What is 26 plus 61?,87
What is 23108 plus 66819?,89927
What is 258 plus 819?,1077
What is 4275 plus 7737?,12012
What is 444 plus 946?,1390
What is 807 plus 162?,969
What is 5440 plus 1280?,6720
What is 57 plus 11?,68
What is 90227 plus 93497?,183724
What is 95889 plus 94112?,190001
What is 94950 plus 48500?,143450
What is 5446 plus 8948?,14394
What is 2244 plus 6681?,8925
What is 777 plus 276?,1053
What is 81665 plus 76603?,158268
What is 11 plus 28?,39
What is 606 plus 878?,1484
What is 96 plus 53?,149
What is 551 plus 965?,1516
What is 961 plus 778?,1739
What is 6023 plus 1755?,7778
What is 42 plus 66?,108
What is 41 plus 91?,132
What is 84 plus 39?,123
What is 42 plus 90?,132
What is 28672 plus 23785?,52457
What is 221 plus 529?,750
What is 69 plus 97?,166
What is 8302 plus 9130?,17432
What is 814 plus 924?,1738
What is 418 plus 412?,830
What is 67723 plus 34226?,101949
What is 717 plus 804?,1521
What is 2541 plus 7045?,9586
What is 7707 plus 3035?,10742
What is 49739 plus 39819?,89558
What is 156 plus 346?,502
What is 8828 plus 8858?,17686
What is 509 plus 613?,1122
What is 46 plus 43?,89
What is 8452 plus 9427?,17879
What is 2268 plus 6987?,9255
What is 2107 plus 5769?,7876
What is 54 plus 15?,69
What is 3627 plus 6448?,10075
What is 32253 plus 44147?,76400
What is 3695 plus 2547?,6242
What is 3332 plus 2117?,5449
What is 1641 plus 7040?,8681
What is 104 plus 793?,897
What is 9900 plus 3743?,13643
What is 5661 plus 5130?,10791
What is 808 plus 542?,1350
What is 1740 plus 3709?,5449
What is 95 plus 56?,151
What is 8272 plus 7734?,16006
What is 381 plus 113?,494
What is 198 plus 139?,337
What is 6742 plus 7799?,14541
What is 75 plus 38?,113
What is 81880 plus 84399?,166279
What is 3953 plus 1885?,5838
What is 98561 plus 99100?,197661
What is 42545 plus 58464?,101009
What is 989 plus 224?,1213
What is 39 plus 11?,50
What is 89081 plus 87330?,176411
What is 86 plus 91?,177
What is 87 plus 51?,138
What is 33 plus 51?,84
What is 84006 plus 99392?,183398
What is 66618 plus 86650?,153268
What is 1358 plus 5290?,6648
What is 42884 plus 29890?,72774
What is 65415 plus 17818?,83233
What is 58 plus 93?,151
What is 73 plus 13?,86
What is 759 plus 863?,1622
What is 72272 plus 80646?,152918
What is 718 plus 749?,1467
What is 867 plus 906?,1773
What is 494 plus 630?,1124
What is 45093 plus 63960?,109053
What is 86278 plus 37924?,124202
What is 75430 plus 32262?,107692
What is 37363 plus 23447?,60810
What is 827 plus 238?,1065
What is 81051 plus 73666?,154717
What is 492 plus 621?,1113
What is 957 plus 707?,1664
What is 20901 plus 53433?,74334
What is 590 plus 297?,887
What is 15422 plus 20844?,36266
What is 5494 plus 9338?,14832
What is 4176 plus 5499?,9675
What is 40458 plus 84950?,125408
What is 69 plus 92?,161
What is 56 plus 64?,120
What is 1023 plus 9353?,10376
What is 63 plus 64?,127
What is 992 plus 649?,1641
What is 43375 plus 36713?,80088
What is 793 plus 718?,1511
What is 435 plus 733?,1168
What is 368 plus 911?,1279
What is 95 plus 24?,119
What is 1881 plus 8563?,10444
What is 37 plus 42?,79
What is 585 plus 635?,1220
What is 18 plus 88?,106
What is 43 plus 70?,113
What is 7777 plus 8792?,16569
What is 23 plus 58?,81
What is 36816 plus 42418?,79234
What is 36283 plus 17100?,53383
What is 55 plus 33?,88
What is 16 plus 73?,89
What is 7751 plus 4629?,12380
What is 8644 plus 5592?,14236
What is 90 plus 34?,124
What is 22 plus 52?,74
What is 849 plus 517?,1366
What is 55 plus 86?,141
What is 30 plus 27?,57
What is 44 plus 14?,58
What is 43 plus 57?,100
What is 8043 plus 4024?,12067
What is 582 plus 320?,902
What is 239 plus 854?,1093
What is 99078 plus 14743?,113821
What is 156 plus 738?,894
What is 76 plus 54?,130
What is 71781 plus 80158?,151939
What is 494 plus 882?,1376
What is 56 plus 61?,117
What is 345 plus 817?,1162
What is 2045 plus 7813?,9858
What is 99430 plus 71801?,171231
What is 711 plus 658?,1369
What is 479 plus 127?,606
What is 6845 plus 6402?,13247
What is 50642 plus 94046?,144688
What is 31486 plus 76681?,108167
What is 474 plus 377?,851
What is 78857 plus 91348?,170205
What is 14 plus 61?,75
What is 97 plus 24?,121
What is 9199 plus 8483?,17682
What is 89 plus 66?,155
What is 682 plus 736?,1418
What is 86 plus 52?,138
What is 668 plus 327?,995
What is 508 plus 731?,1239
What is 55125 plus 50333?,105458
What is 436 plus 903?,1339
What is 75 plus 23?,98
What is 16168 plus 46540?,62708
What is 5687 plus 7985?,13672
What is 158 plus 351?,509
What is 3974 plus 8296?,12270
What is 839 plus 231?,1070
What is 23554 plus 29867?,53421
What is 643 plus 438?,1081
What is 34897 plus 44338?,79235
What is 2855 plus 1485?,4340
What is 3029 plus 2054?,5083
What is 753 plus 947?,1700
What is 36977 plus 23348?,60325
What is 735 plus 107?,842
What is 96 plus 44?,140
What is 763 plus 663?,1426
What is 772 plus 212?,984
What is 2189 plus 8692?,10881
What is 974 plus 237?,1211
What is 14790 plus 67845?,82635
What is 3354 plus 1388?,4742
What is 3640 plus 2246?,5886
What is 550 plus 237?,787
What is 288 plus 967?,1255
What is 246 plus 475?,721
What is 413 plus 911?,1324
What is 9927 plus 9505?,19432
What is 18237 plus 69866?,88103
What is 2724 plus 8929?,11653
What is 16290 plus 51456?,67746
What is 94224 plus 43495?,137719
What is 5917 plus 7974?,13891
What is 781 plus 511?,1292
What is 2302 plus 3923?,6225
What is 6187 plus 5632?,11819
What is 83 plus 79?,162
What is 4916 plus 4795?,9711
What is 10394 plus 49724?,60118
What is 56717 plus 84303?,141020
What is 5222 plus 4088?,9310
What is 48489 plus 57105?,105594
What is 71 plus 95?,166
What is 673 plus 746?,1419
What is 1441 plus 9125?,10566
What is 96776 plus 87354?,184130
What is 60 plus 25?,85
What is 463 plus 324?,787
What is 230 plus 321?,551
What is 126 plus 745?,871
What is 338 plus 989?,1327
What is 329 plus 564?,893
What is 65 plus 80?,145
What is 513 plus 203?,716
What is 5568 plus 6174?,11742
What is 58 plus 59?,117
What is 78706 plus 77582?,156288
What is 104 plus 422?,526
What is 710 plus 730?,1440
What is 318 plus 660?,978
What is 618 plus 169?,787
What is 69987 plus 81206?,151193
What is 479 plus 660?,1139
What is 643 plus 553?,1196
What is 655 plus 584?,1239
What is 97 plus 95?,192
What is 35 plus 48?,83
What is 58 plus 54?,112
What is 720 plus 922?,1642
What is 2184 plus 4860?,7044
What is 465 plus 943?,1408
What is 90 plus 98?,188
What is 5431 plus 9604?,15035
What is 9027 plus 3536?,12563
What is 99 plus 25?,124
What is 9926 plus 4101?,14027
What is 3341 plus 4503?,7844
What is 66196 plus 66926?,133122
What is 52 plus 34?,86
What is 146 plus 652?,798
What is 153 plus 874?,1027
What is 915 plus 202?,1117
What is 8696 plus 8915?,17611
What is 163 plus 126?,289
What is 2967 plus 5294?,8261
What is 35 plus 68?,103
What is 284 plus 169?,453
What is 34458 plus 45378?,79836
What is 8320 plus 1166?,9486
What is 56 plus 88?,144
What is 62 plus 59?,121
What is 472 plus 589?,1061
What is 9252 plus 9520?,18772
What is 96910 plus 11133?,108043
What is 76 plus 87?,163
What is 53114 plus 29896?,83010
What is 89536 plus 88687?,178223
What is 2577 plus 2840?,5417
What is 948 plus 214?,1162
What is 29252 plus 22973?,52225
What is 16 plus 62?,78
What is 175 plus 219?,394
What is 92 plus 79?,171
What is 377 plus 880?,1257
What is 35256 plus 90699?,125955
What is 673 plus 118?,791
What is 24 plus 29?,53
What is 88539 plus 87487?,176026
What is 5586 plus 4704?,10290
What is 42 plus 25?,67
What is 56994 plus 46798?,103792
What is 14846 plus 70836?,85682
What is 77 plus 76?,153
What is 954 plus 705?,1659
What is 401 plus 758?,1159
What is 82 plus 68?,150
What is 208 plus 475?,683
What is 7087 plus 8299?,15386
What is 763 plus 732?,1495
What is 8343 plus 9227?,17570
What is 5966 plus 5710?,11676
What is 898 plus 997?,1895
What is 37845 plus 57764?,95609
What is 6404 plus 5969?,12373
What is 19517 plus 10158?,29675
What is 71530 plus 27985?,99515
What is 422 plus 386?,808
What is 83 plus 19?,102
What is 4657 plus 1156?,5813
What is 33 plus 52?,85
What is 765 plus 863?,1628
What is 474 plus 876?,1350
What is 291 plus 331?,622
What is 5272 plus 5202?,10474
What is 471 plus 532?,1003
What is 606 plus 866?,1472
What is 901 plus 142?,1043
What is 305 plus 148?,453
What is 452 plus 854?,1306
What is 6395 plus 1210?,7605
What is 91 plus 93?,184
What is 752 plus 307?,1059
What is 127 plus 753?,880
What is 9056 plus 3526?,12582
What is 73 plus 37?,110
What is 5836 plus 4241?,10077
What is 4409 plus 1328?,5737
What is 6487 plus 3263?,9750
What is 95120 plus 17361?,112481
What is 1323 plus 1087?,2410
What is 30485 plus 78196?,108681
What is 8783 plus 3883?,12666
What is 88412 plus 25173?,113585
What is 4246 plus 4619?,8865
What is 24 plus 44?,68
What is 3773 plus 7240?,11013
What is 29096 plus 26373?,55469
What is 944 plus 744?,1688
What is 77 plus 22?,99
What is 96608 plus 80807?,177415
What is 347 plus 545?,892
What is 741 plus 294?,1035
What is 159 plus 307?,466
What is 38 plus 30?,68
What is 5076 plus 7425?,12501
What is 819 plus 625?,1444
What is 79 plus 51?,130
What is 68 plus 63?,131
What is 52893 plus 21754?,74647
What is 24 plus 66?,90
What is 92 plus 45?,137
What is 33 plus 84?,117
What is 20261 plus 46187?,66448
What is 37 plus 24?,61
What is 42 plus 17?,59
What is 78732 plus 71193?,149925
What is 709 plus 260?,969
What is 8396 plus 1352?,9748
What is 18348 plus 28466?,46814
What is 317 plus 822?,1139
What is 65 plus 73?,138
What is 6396 plus 2125?,8521
What is 38193 plus 98424?,136617
What is 961 plus 585?,1546
What is 70 plus 83?,153
What is 805 plus 877?,1682
What is 78778 plus 83118?,161896
What is 80 plus 66?,146
What is 553 plus 256?,809
What is 8019 plus 9769?,17788
What is 147 plus 700?,847
What is 6001 plus 7276?,13277
What is 25894 plus 71195?,97089
What is 715 plus 329?,1044
What is 3366 plus 2746?,6112
What is 75 plus 32?,107
What is 589 plus 887?,1476
What is 4576 plus 6231?,10807
What is 3464 plus 8307?,11771
What is 6232 plus 9352?,15584
What is 23397 plus 59979?,83376
What is 678 plus 169?,847
What is 30705 plus 23192?,53897
What is 13354 plus 95409?,108763
What is 65 plus 43?,108
What is 9368 plus 4193?,13561
What is 98193 plus 91020?,189213
What is 59303 plus 51134?,110437
What is 128 plus 414?,542
What is 488 plus 875?,1363
What is 3970 plus 4487?,8457
What is 901 plus 296?,1197
What is 44 plus 44?,88
What is 3170 plus 9045?,12215
What is 8876 plus 4575?,13451
What is 8071 plus 9526?,17597
What is 704 plus 123?,827
What is 25577 plus 79985?,105562
What is 383 plus 278?,661
What is 118 plus 495?,613
What is 43681 plus 78983?,122664
What is 36 plus 87?,123
What is 85 plus 32?,117
What is 23437 plus 92164?,115601
What is 1806 plus 5017?,6823
What is 7282 plus 7723?,15005
What is 611 plus 847?,1458
What is 364 plus 175?,539
What is 864 plus 973?,1837
What is 7589 plus 9632?,17221
What is 22729 plus 67880?,90609
What is 1986 plus 1644?,3630
What is 761 plus 800?,1561
What is 214 plus 412?,626
What is 65 plus 81?,146
What is 2835 plus 9950?,12785
What is 47003 plus 79273?,126276
What is 17783 plus 48684?,66467
What is 54147 plus 48248?,102395
What is 71 plus 17?,88
What is 4701 plus 9701?,14402
What is 54 plus 68?,122
What is 81 plus 44?,125
What is 59597 plus 86917?,146514
What is 444 plus 155?,599
What is 83 plus 52?,135
What is 720 plus 252?,972
What is 144 plus 513?,657
What is 5891 plus 7333?,13224
What is 9392 plus 4230?,13622
What is 17 plus 71?,88
What is 96 plus 46?,142
What is 7844 plus 4832?,12676
What is 37 plus 19?,56
What is 58 plus 91?,149
What is 17 plus 64?,81
What is 40 plus 20?,60
What is 1805 plus 5960?,7765
What is 2808 plus 3974?,6782
What is 938 plus 445?,1383
What is 6247 plus 2839?,9086
What is 41 plus 98?,139
What is 14386 plus 86343?,100729
What is 37899 plus 92457?,130356
What is 18 plus 48?,66
What is 9175 plus 7648?,16823
What is 47 plus 96?,143
What is 53 plus 28?,81
What is 56 plus 32?,88
What is 840 plus 811?,1651
What is 78415 plus 62946?,141361
What is 657 plus 827?,1484
What is 1472 plus 8794?,10266
What is 1090 plus 5194?,6284
What is 186 plus 749?,935
What is 236 plus 364?,600
What is 838 plus 483?,1321
What is 83 plus 19?,102
What is 14234 plus 89249?,103483
What is 4776 plus 9857?,14633
What is 32231 plus 16837?,49068
What is 950 plus 458?,1408
What is 17774 plus 34831?,52605
What is 5205 plus 6545?,11750
What is 65 plus 22?,87
What is 59320 plus 69648?,128968
What is 259 plus 762?,1021
What is 519 plus 711?,1230
What is 91559 plus 58606?,150165
What is 559 plus 215?,774
What is 85 plus 69?,154
What is 93 plus 98?,191
What is 152 plus 713?,865
What is 81935 plus 31599?,113534
What is 74761 plus 63985?,138746
What is 910 plus 416?,1326
What is 950 plus 766?,1716
What is 63 plus 92?,155
What is 3785 plus 7334?,11119
What is 45391 plus 46528?,91919
What is 4112 plus 8644?,12756
What is 405 plus 471?,876
What is 1965 plus 8970?,10935
What is 74 plus 32?,106
What is 4397 plus 7152?,11549
What is 82 plus 91?,173
What is 32 plus 61?,93
What is 72 plus 66?,138
What is 52634 plus 28641?,81275
What is 75 plus 81?,156
What is 6254 plus 8252?,14506
What is 48952 plus 51480?,100432
What is 24603 plus 86348?,110951
What is 83 plus 93?,176
What is 110 plus 257?,367
What is 415 plus 101?,516
What is 17299 plus 34033?,51332
What is 6731 plus 7869?,14600
What is 12 plus 64?,76
What is 92775 plus 19839?,112614
What is 59114 plus 18911?,78025
What is 941 plus 263?,1204
What is 5993 plus 6545?,12538
What is 19232 plus 73704?,92936
What is 27639 plus 57350?,84989
What is 98 plus 70?,168
What is 58507 plus 15285?,73792
What is 5466 plus 6312?,11778
What is 42 plus 26?,68
What is 33 plus 36?,69
What is 651 plus 781?,1432
What is 87 plus 33?,120
What is 338 plus 976?,1314
What is 8762 plus 9819?,18581
What is 5985 plus 9228?,15213
What is 15 plus 70?,85
What is 4562 plus 6717?,11279
What is 23007 plus 54847?,77854
What is 1427 plus 2749?,4176
What is 5582 plus 2563?,8145
What is 4689 plus 5284?,9973
What is 7214 plus 3406?,10620
What is 6294 plus 8958?,15252
What is 3923 plus 4745?,8668
What is 62 plus 65?,127
What is 712 plus 242?,954
What is 2016 plus 1919?,3935
What is 6417 plus 4911?,11328
What is 5719 plus 4371?,10090
What is 94109 plus 76872?,170981
What is 44006 plus 91408?,135414
What is 81173 plus 23102?,104275
What is 9446 plus 3695?,13141
What is 66992 plus 45935?,112927
What is 5838 plus 4629?,10467
What is 7851 plus 2240?,10091
What is 371 plus 143?,514
What is 31 plus 54?,85
What is 92497 plus 68698?,161195
What is 70 plus 39?,109
What is 33 plus 55?,88
What is 45709 plus 41526?,87235
What is 664 plus 985?,1649
What is 9862 plus 1743?,11605
What is 984 plus 627?,1611
What is 45 plus 28?,73
What is 8803 plus 4390?,13193
What is 93946 plus 13146?,107092
What is 19 plus 32?,51
What is 9669 plus 1305?,10974
What is 46 plus 32?,78
What is 17346 plus 79955?,97301
What is 823 plus 240?,1063
What is 97 plus 45?,142
What is 6328 plus 9612?,15940
What is 542 plus 957?,1499
What is 22 plus 12?,34
What is 83371 plus 47237?,130608
What is 273 plus 183?,456
What is 92364 plus 94137?,186501
What is 4286 plus 3252?,7538
What is 32100 plus 29662?,61762
What is 24071 plus 92192?,116263
What is 15958 plus 69956?,85914
What is 6298 plus 3027?,9325
What is 758 plus 589?,1347
What is 20 plus 61?,81
What is 777 plus 324?,1101
What is 755 plus 752?,1507
What is 56 plus 33?,89
What is 346 plus 490?,836
What is 3876 plus 4404?,8280
What is 466 plus 779?,1245
What is 9199 plus 1037?,10236
What is 90875 plus 54830?,145705
What is 131 plus 996?,1127
What is 7455 plus 2497?,9952
What is 77219 plus 29966?,107185
What is 507 plus 172?,679
What is 56113 plus 46314?,102427
What is 52 plus 49?,101
What is 8088 plus 1017?,9105
What is 32990 plus 10819?,43809
What is 901 plus 968?,1869
What is 647 plus 739?,1386
What is 97 plus 67?,164
What is 8616 plus 1305?,9921
What is 74287 plus 61725?,136012
What is 41 plus 34?,75
What is 75 plus 12?,87
What is 399 plus 864?,1263
What is 1390 plus 7268?,8658
What is 7739 plus 2061?,9800
What is 60 plus 33?,93
What is 26 plus 73?,99
What is 723 plus 859?,1582
What is 96 plus 60?,156
What is 244 plus 765?,1009
What is 620 plus 281?,901
What is 99 plus 63?,162
What is 90053 plus 75625?,165678
What is 548 plus 774?,1322
What is 97518 plus 24649?,122167
What is 80 plus 72?,152
What is 49723 plus 30561?,80284
What is 9479 plus 4202?,13681
What is 31936 plus 84826?,116762
What is 6879 plus 4284?,11163
What is 47015 plus 21998?,69013
What is 36 plus 87?,123
What is 33 plus 87?,120
What is 49 plus 98?,147
What is 237 plus 857?,1094
What is 48052 plus 80976?,129028
What is 83 plus 52?,135
What is 56 plus 52?,108
What is 66 plus 48?,114
What is 6681 plus 7300?,13981
What is 44 plus 90?,134
What is 37 plus 27?,64
What is 71 plus 12?,83
What is 2683 plus 1793?,4476
What is 29 plus 36?,65
What is 522 plus 457?,979
What is 71 plus 45?,116
What is 42 plus 46?,88
What is 439 plus 722?,1161
What is 93 plus 60?,153
What is 947 plus 655?,1602
What is 5618 plus 7217?,12835
What is 91709 plus 19096?,110805
What is 88481 plus 55123?,143604
What is 59 plus 69?,128
What is 1657 plus 5264?,6921
What is 75352 plus 65011?,140363
What is 85 plus 53?,138
What is 316 plus 141?,457
What is 212 plus 368?,580
What is 1308 plus 3651?,4959
What is 80 plus 92?,172
What is 7526 plus 7913?,15439
What is 646 plus 961?,1607
What is 53703 plus 35033?,88736
What is 111 plus 485?,596
What is 68 plus 59?,127
What is 2222 plus 8717?,10939
What is 898 plus 652?,1550
What is 68922 plus 11791?,80713
What is 899 plus 110?,1009
What is 90983 plus 49373?,140356
What is 67 plus 48?,115
What is 94 plus 35?,129
What is 3565 plus 7569?,11134
What is 204 plus 489?,693
What is 74818 plus 54769?,129587
What is 757 plus 437?,1194
What is 4008 plus 8250?,12258
What is 64873 plus 92189?,157062
What is 5623 plus 9388?,15011
What is 70151 plus 40510?,110661
What is 9747 plus 2332?,12079
What is 3910 plus 5351?,9261
What is 342 plus 207?,549
What is 4594 plus 3062?,7656
What is 27 plus 69?,96
What is 33 plus 37?,70
What is 32 plus 78?,110
What is 32294 plus 35612?,67906
What is 17916 plus 51771?,69687
What is 55 plus 60?,115
What is 67252 plus 23852?,91104
What is 81 plus 68?,149
What is 7322 plus 8888?,16210
What is 64275 plus 81659?,145934
What is 98 plus 21?,119
What is 7941 plus 5867?,13808
What is 3012 plus 3337?,6349
What is 3703 plus 2003?,5706
What is 82 plus 54?,136
What is 5007 plus 6259?,11266
What is 769 plus 495?,1264
What is 6299 plus 3675?,9974
What is 372 plus 561?,933
What is 89 plus 31?,120
What is 81 plus 38?,119
What is 9034 plus 1647?,10681
What is 93 plus 51?,144
What is 653 plus 139?,792
What is 9643 plus 1086?,10729
What is 736 plus 701?,1437
What is 98738 plus 97930?,196668
What is 652 plus 721?,1373
What is 48 plus 12?,60
What is 1695 plus 2861?,4556
What is 62 plus 73?,135
What is 6901 plus 5265?,12166
What is 35802 plus 22426?,58228
What is 65 plus 47?,112
What is 66 plus 11?,77
What is 29317 plus 14754?,44071
What is 958 plus 903?,1861
What is 7392 plus 9129?,16521
What is 1535 plus 4225?,5760
What is 47569 plus 62994?,110563
What is 838 plus 998?,1836
What is 9889 plus 4826?,14715
What is 544 plus 677?,1221
What is 58056 plus 36658?,94714
What is 58317 plus 88131?,146448
What is 68 plus 98?,166
What is 62 plus 60?,122
What is 34072 plus 22888?,56960
What is 6467 plus 6582?,13049
What is 9715 plus 7734?,17449
What is 232 plus 350?,582
What is 4832 plus 2042?,6874
What is 94 plus 55?,149
What is 601 plus 148?,749
What is 330 plus 742?,1072
What is 97 plus 62?,159
What is 84 plus 29?,113
What is 70700 plus 37807?,108507
What is 276 plus 916?,1192
What is 67 plus 82?,149
What is 3210 plus 2986?,6196
What is 5442 plus 4853?,10295
What is 174 plus 148?,322
What is 118 plus 509?,627
What is 89867 plus 75492?,165359
What is 13602 plus 76346?,89948
What is 821 plus 236?,1057
What is 13813 plus 91173?,104986
What is 4392 plus 1199?,5591
What is 77655 plus 40913?,118568
What is 78476 plus 63914?,142390
What is 4677 plus 4324?,9001
What is 949 plus 617?,1566
What is 9317 plus 4303?,13620
What is 67755 plus 44296?,112051
What is 12156 plus 54232?,66388
What is 49 plus 75?,124
What is 57 plus 26?,83
What is 35 plus 41?,76
What is 54 plus 50?,104
What is 65389 plus 43754?,109143
What is 50 plus 41?,91
What is 228 plus 213?,441
What is 37965 plus 96897?,134862
What is 23 plus 55?,78
What is 4866 plus 7821?,12687
What is 919 plus 776?,1695
What is 493 plus 581?,1074
What is 84943 plus 96120?,181063
What is 75 plus 67?,142
What is 858 plus 134?,992
What is 61196 plus 44969?,106165
What is 46 plus 87?,133
What is 92214 plus 40579?,132793
What is 4148 plus 2080?,6228
What is 30 plus 12?,42
What is 9117 plus 1398?,10515
What is 5469 plus 4426?,9895
What is 40840 plus 69259?,110099
What is 575 plus 299?,874
What is 24 plus 78?,102
What is 600 plus 124?,724
What is 60375 plus 34401?,94776
What is 21756 plus 80805?,102561
What is 108 plus 532?,640
What is 3525 plus 7390?,10915
What is 734 plus 535?,1269
What is 3552 plus 1455?,5007
What is 939 plus 857?,1796
What is 889 plus 213?,1102
What is 7171 plus 8965?,16136
What is 857 plus 763?,1620
What is 60 plus 61?,121
What is 8882 plus 1516?,10398
What is 1660 plus 1203?,2863
What is 668 plus 447?,1115
What is 613 plus 990?,1603
What is 772 plus 443?,1215
What is 564 plus 373?,937
What is 99 plus 73?,172
What is 8839 plus 5663?,14502
What is 88 plus 87?,175
What is 13 plus 92?,105
What is 896 plus 182?,1078
What is 13153 plus 82832?,95985
What is 530 plus 257?,787
What is 7674 plus 7192?,14866
What is 2194 plus 3447?,5641
What is 3859 plus 2470?,6329
What is 49 plus 54?,103
What is 89008 plus 69356?,158364
What is 704 plus 450?,1154
What is 74 plus 99?,173
What is 9473 plus 4541?,14014
What is 243 plus 730?,973
What is 956 plus 638?,1594
What is 4365 plus 7480?,11845
What is 17 plus 94?,111
What is 111 plus 662?,773
What is 38656 plus 45541?,84197
What is 449 plus 862?,1311
What is 7237 plus 9001?,16238
What is 8377 plus 5146?,13523
What is 50 plus 76?,126
What is 7204 plus 1046?,8250
What is 235 plus 517?,752
What is 740 plus 682?,1422
What is 99975 plus 23241?,123216
What is 3816 plus 8016?,11832
What is 9179 plus 4640?,13819
What is 9552 plus 7305?,16857
What is 3099 plus 2464?,5563
What is 36 plus 97?,133
What is 352 plus 554?,906
What is 984 plus 672?,1656
What is 765 plus 933?,1698
What is 435 plus 936?,1371
What is 224 plus 457?,681
What is 50 plus 87?,137
What is 31 plus 55?,86
What is 800 plus 942?,1742
What is 73100 plus 22069?,95169
What is 7358 plus 9036?,16394
What is 283 plus 272?,555
What is 1612 plus 7546?,9158
What is 93345 plus 81468?,174813
What is 78401 plus 85454?,163855
What is 112 plus 534?,646
What is 4558 plus 2597?,7155
What is 63260 plus 42415?,105675
What is 6616 plus 6832?,13448
What is 692 plus 505?,1197
What is 92 plus 52?,144
What is 924 plus 231?,1155
What is 35401 plus 25445?,60846
What is 86 plus 94?,180
What is 35 plus 14?,49
What is 629 plus 531?,1160
What is 5414 plus 1977?,7391
What is 87239 plus 53740?,140979
What is 978 plus 925?,1903
What is 54581 plus 46421?,101002
What is 22 plus 26?,48
What is 23 plus 84?,107
What is 85785 plus 31941?,117726
What is 9533 plus 7142?,16675
What is 5995 plus 8370?,14365
What is 15 plus 87?,102
What is 80497 plus 58161?,138658
What is 17957 plus 72439?,90396
What is 289 plus 117?,406
What is 24 plus 18?,42
What is 216 plus 295?,511
What is 246 plus 377?,623
What is 8662 plus 8543?,17205
What is 98274 plus 30322?,128596
What is 33 plus 17?,50
What is 69 plus 72?,141
What is 35358 plus 31339?,66697
What is 39461 plus 69353?,108814
What is 391 plus 902?,1293
What is 13 plus 98?,111
What is 30636 plus 89410?,120046
What is 8736 plus 2614?,11350
What is 4965 plus 6622?,11587
What is 9053 plus 9811?,18864
What is 406 plus 642?,1048
What is 42 plus 66?,108
What is 9694 plus 1848?,11542
What is 674 plus 538?,1212
What is 70114 plus 42116?,112230
What is 64802 plus 49971?,114773
What is 442 plus 983?,1425
What is 537 plus 763?,1300
What is 58 plus 17?,75
What is 23 plus 97?,120
What is 5971 plus 7134?,13105
What is 329 plus 728?,1057
What is 25674 plus 13000?,38674
What is 42525 plus 38404?,80929
What is 88232 plus 26600?,114832
What is 3292 plus 6907?,10199
What is 793 plus 184?,977
What is 28 plus 68?,96
What is 25323 plus 43953?,69276
What is 51 plus 77?,128
What is 91 plus 23?,114
What is 964 plus 177?,1141
What is 662 plus 877?,1539
What is 74 plus 90?,164
What is 70 plus 78?,148
What is 173 plus 198?,371
What is 129 plus 589?,718
What is 83 plus 75?,158
What is 58 plus 12?,70
What is 10890 plus 25105?,35995
What is 79349 plus 28781?,108130
What is 162 plus 847?,1009
What is 9593 plus 6967?,16560
What is 53 plus 54?,107
What is 3706 plus 3001?,6707
What is 989 plus 931?,1920
What is 21 plus 23?,44
What is 49 plus 65?,114
What is 5627 plus 7970?,13597
What is 8496 plus 3765?,12261
What is 69496 plus 59871?,129367
What is 47249 plus 92821?,140070
What is 93 plus 27?,120
What is 266 plus 124?,390
What is 60 plus 55?,115
What is 58650 plus 60663?,119313
What is 41325 plus 35985?,77310
What is 4896 plus 7685?,12581
What is 1324 plus 3875?,5199
What is 2259 plus 1327?,3586
What is 2894 plus 3417?,6311
What is 517 plus 822?,1339
What is 409 plus 922?,1331
What is 89465 plus 16191?,105656
What is 269 plus 812?,1081
What is 876 plus 838?,1714
What is 4907 plus 4049?,8956
What is 3016 plus 5273?,8289
What is 85 plus 45?,130
What is 93 plus 49?,142
What is 77 plus 22?,99
What is 78817 plus 19553?,98370
What is 912 plus 792?,1704
What is 706 plus 877?,1583
What is 86 plus 92?,178
What is 276 plus 121?,397
What is 97 plus 53?,150
What is 83443 plus 52108?,135551
What is 287 plus 456?,743
What is 4029 plus 2135?,6164
What is 40 plus 48?,88
What is 982 plus 194?,1176
What is 24 plus 97?,121
What is 9070 plus 1722?,10792
What is 4052 plus 4490?,8542
What is 6383 plus 5168?,11551
What is 41485 plus 24367?,65852
What is 495 plus 877?,1372
What is 1189 plus 7665?,8854
What is 77 plus 49?,126
What is 27677 plus 33298?,60975
What is 32 plus 15?,47
What is 20 plus 82?,102
What is 24200 plus 18637?,42837
What is 826 plus 980?,1806
What is 27 plus 49?,76
What is 49807 plus 30118?,79925
What is 49225 plus 28527?,77752
What is 86034 plus 54644?,140678
What is 545 plus 755?,1300
What is 1971 plus 5201?,7172
What is 6202 plus 7710?,13912
What is 904 plus 322?,1226
What is 4587 plus 4856?,9443
What is 176 plus 670?,846
What is 95 plus 76?,171
What is 4116 plus 6040?,10156
What is 7618 plus 3499?,11117
What is 10 plus 88?,98
What is 12 plus 86?,98
What is 63395 plus 57934?,121329
What is 94485 plus 52094?,146579
What is 569 plus 784?,1353
What is 5894 plus 1500?,7394
What is 3907 plus 8987?,12894
What is 25 plus 57?,82
What is 45908 plus 94372?,140280
What is 46 plus 20?,66
What is 46632 plus 98762?,145394
What is 44261 plus 75542?,119803
What is 450 plus 135?,585
What is 7574 plus 9115?,16689
What is 79864 plus 73389?,153253
What is 4464 plus 6485?,10949
What is 7807 plus 4170?,11977
What is 3341 plus 3952?,7293
What is 20 plus 20?,40
What is 649 plus 639?,1288
What is 92 plus 29?,121
What is 446 plus 913?,1359
What is 8359 plus 7633?,15992
What is 301 plus 753?,1054
What is 1457 plus 9789?,11246
What is 860 plus 980?,1840
What is 11 plus 72?,83
What is 89 plus 66?,155
What is 499 plus 453?,952
What is 8751 plus 1651?,10402
What is 691 plus 374?,1065
What is 4649 plus 2149?,6798
What is 21355 plus 72396?,93751
What is 18612 plus 14317?,32929
What is 94714 plus 53220?,147934
What is 9527 plus 4158?,13685
What is 39 plus 57?,96
What is 4410 plus 6864?,11274
What is 69 plus 96?,165
What is 470 plus 728?,1198
What is 97 plus 46?,143
What is 81 plus 91?,172
What is 670 plus 419?,1089
What is 2568 plus 3788?,6356
What is 7225 plus 8098?,15323
What is 87 plus 91?,178
What is 8497 plus 7422?,15919
What is 70 plus 46?,116
What is 191 plus 574?,765
What is 87138 plus 64775?,151913
What is 66900 plus 33887?,100787
What is 25 plus 78?,103
What is 39084 plus 44742?,83826
What is 176 plus 282?,458
What is 77210 plus 73159?,150369
What is 452 plus 953?,1405
What is 4632 plus 2582?,7214
What is 86406 plus 82292?,168698
What is 411 plus 208?,619
What is 65 plus 25?,90
What is 262 plus 337?,599
What is 7138 plus 4428?,11566
What is 612 plus 154?,766
What is 15 plus 44?,59
What is 63 plus 59?,122
What is 88417 plus 67673?,156090
What is 896 plus 842?,1738
What is 2229 plus 1166?,3395
What is 20633 plus 25471?,46104
What is 76191 plus 14915?,91106
What is 12494 plus 18966?,31460
What is 96 plus 46?,142
What is 8855 plus 8492?,17347
What is 6085 plus 5295?,11380
What is 3549 plus 3447?,6996
What is 88361 plus 16429?,104790
What is 9662 plus 1688?,11350
What is 8946 plus 8393?,17339
What is 12984 plus 24452?,37436
What is 837 plus 977?,1814
What is 3432 plus 5598?,9030
What is 2271 plus 5086?,7357
What is 15 plus 38?,53
What is 52 plus 12?,64
What is 9878 plus 2836?,12714
What is 2471 plus 2100?,4571
What is 7737 plus 4856?,12593
What is 38 plus 65?,103
What is 3125 plus 4597?,7722
What is 2254 plus 3374?,5628
What is 89267 plus 13240?,102507
What is 28 plus 50?,78
What is 12 plus 48?,60
What is 89510 plus 26844?,116354
What is 63805 plus 94139?,157944
What is 7462 plus 4635?,12097
What is 41021 plus 64379?,105400
What is 325 plus 789?,1114
What is 91631 plus 61897?,153528
What is 81 plus 27?,108
What is 817 plus 301?,1118
What is 4045 plus 2301?,6346
What is 37713 plus 42532?,80245
What is 9458 plus 4502?,13960
What is 197 plus 803?,1000
What is 58 plus 73?,131
What is 8286 plus 1417?,9703
What is 5240 plus 1149?,6389
What is 788 plus 864?,1652
What is 73649 plus 35973?,109622
What is 4023 plus 7145?,11168
What is 8352 plus 4946?,13298
What is 30 plus 25?,55
What is 82 plus 28?,110
What is 2736 plus 3116?,5852
What is 1940 plus 5930?,7870
What is 11847 plus 92450?,104297
What is 10 plus 95?,105
What is 99547 plus 10672?,110219
What is 67788 plus 35232?,103020
What is 6891 plus 7844?,14735
What is 63 plus 89?,152
What is 69673 plus 40582?,110255
What is 907 plus 974?,1881
What is 38 plus 93?,131
What is 59 plus 55?,114
What is 56 plus 94?,150
What is 27 plus 98?,125
What is 4109 plus 7893?,12002
What is 15247 plus 92035?,107282
What is 8875 plus 9592?,18467
What is 45 plus 62?,107
What is 795 plus 282?,1077
What is 26068 plus 95294?,121362
What is 8021 plus 9546?,17567
What is 5956 plus 6011?,11967
What is 660 plus 993?,1653
What is 562 plus 341?,903
What is 4620 plus 5791?,10411
What is 6015 plus 1769?,7784
What is 38707 plus 45325?,84032
What is 57269 plus 45532?,102801
What is 75 plus 76?,151
What is 466 plus 103?,569
What is 3726 plus 4342?,8068
What is 8777 plus 2924?,11701
What is 629 plus 223?,852
What is 32155 plus 94880?,127035
What is 223 plus 934?,1157
What is 167 plus 156?,323
What is 442 plus 674?,1116
What is 25 plus 27?,52
What is 40 plus 28?,68
What is 667 plus 215?,882
What is 1002 plus 9528?,10530
What is 11 plus 60?,71
What is 5509 plus 3856?,9365
What is 28 plus 75?,103
What is 9355 plus 1149?,10504
What is 73183 plus 13693?,86876
What is 80 plus 82?,162
What is 42 plus 24?,66
What is 2452 plus 4203?,6655
What is 60 plus 97?,157
What is 358 plus 988?,1346
What is 5414 plus 2946?,8360
What is 1433 plus 4610?,6043
What is 94916 plus 99394?,194310
What is 205 plus 983?,1188
What is 48695 plus 66461?,115156
What is 99266 plus 45488?,144754
What is 3536 plus 2892?,6428
What is 2160 plus 7723?,9883
What is 1119 plus 8640?,9759
What is 8021 plus 8771?,16792
What is 8536 plus 8891?,17427
What is 6020 plus 6879?,12899
What is 9126 plus 6356?,15482
What is 539 plus 710?,1249
What is 36 plus 52?,88
What is 3609 plus 6796?,10405
What is 916 plus 811?,1727
What is 424 plus 624?,1048
What is 16 plus 20?,36
What is 29 plus 19?,48
What is 909 plus 108?,1017
What is 902 plus 538?,1440
What is 5507 plus 3742?,9249
What is 51056 plus 65876?,116932
What is 64271 plus 22197?,86468
What is 12 plus 94?,106
What is 9578 plus 8766?,18344
What is 7322 plus 1681?,9003
What is 259 plus 754?,1013
What is 7338 plus 4402?,11740
What is 26331 plus 19678?,46009
What is 3674 plus 1743?,5417
What is 2920 plus 5060?,7980
What is 81429 plus 53066?,134495
What is 99 plus 92?,191
What is 6028 plus 6157?,12185
What is 57390 plus 79596?,136986
What is 82 plus 74?,156
What is 64500 plus 66341?,130841
What is 17237 plus 41592?,58829
What is 72506 plus 48067?,120573
What is 28 plus 53?,81
What is 62 plus 42?,104
What is 367 plus 820?,1187
What is 453 plus 389?,842
What is 1474 plus 3689?,5163
What is 5560 plus 8486?,14046
What is 4534 plus 3150?,7684
What is 28682 plus 63584?,92266
What is 7636 plus 2587?,10223
What is 89104 plus 46857?,135961
What is 23495 plus 19146?,42641
What is 6287 plus 2422?,8709
What is 63 plus 56?,119
What is 6271 plus 7150?,13421
What is 643 plus 866?,1509
What is 70 plus 14?,84
What is 214 plus 847?,1061
What is 7980 plus 2719?,10699
What is 7719 plus 1176?,8895
What is 8522 plus 5940?,14462
What is 54 plus 18?,72
What is 88636 plus 18631?,107267
What is 49 plus 14?,63
What is 7764 plus 4804?,12568
What is 83 plus 65?,148
What is 378 plus 127?,505
What is 39 plus 89?,128
What is 62678 plus 17647?,80325
What is 1200 plus 4763?,5963
What is 24 plus 97?,121
What is 375 plus 613?,988
What is 854 plus 239?,1093
What is 19042 plus 23543?,42585
What is 3535 plus 5022?,8557
What is 8391 plus 3300?,11691
What is 24 plus 85?,109
What is 951 plus 445?,1396
What is 70 plus 57?,127
What is 9465 plus 1903?,11368
What is 7346 plus 3875?,11221
What is 39 plus 52?,91
What is 982 plus 230?,1212
What is 143 plus 826?,969
What is 74 plus 52?,126
What is 10111 plus 79571?,89682
What is 232 plus 204?,436
What is 276 plus 781?,1057
What is 69 plus 47?,116
What is 44580 plus 80039?,124619
What is 3242 plus 9430?,12672
What is 9945 plus 9418?,19363
What is 62051 plus 54262?,116313
What is 930 plus 246?,1176
What is 328 plus 810?,1138
What is 899 plus 164?,1063
What is 30647 plus 41303?,71950
What is 92 plus 89?,181
What is 45 plus 80?,125
What is 97 plus 49?,146
What is 62036 plus 13743?,75779
What is 397 plus 342?,739
What is 50 plus 83?,133
What is 66420 plus 91714?,158134
What is 36 plus 34?,70
What is 79687 plus 29161?,108848
What is 91849 plus 72289?,164138
What is 840 plus 273?,1113
What is 10549 plus 52872?,63421
What is 60 plus 32?,92
What is 653 plus 522?,1175
What is 9958 plus 8556?,18514
What is 40 plus 64?,104
What is 96384 plus 58873?,155257
What is 254 plus 195?,449
What is 42710 plus 70061?,112771
What is 23339 plus 75208?,98547
What is 614 plus 405?,1019
What is 37 plus 91?,128
What is 3611 plus 1880?,5491
What is 366 plus 568?,934
What is 25 plus 92?,117
What is 9671 plus 5862?,15533
What is 459 plus 197?,656
What is 94196 plus 94263?,188459
What is 21 plus 64?,85
What is 913 plus 490?,1403
What is 9721 plus 1100?,10821
What is 30695 plus 31487?,62182
What is 259 plus 925?,1184
What is 9633 plus 8379?,18012
What is 17662 plus 14530?,32192
What is 3987 plus 7211?,11198
What is 146 plus 349?,495
What is 27 plus 28?,55
What is 5083 plus 8910?,13993
What is 4539 plus 6078?,10617
What is 83175 plus 10586?,93761
What is 48 plus 48?,96
What is 99 plus 62?,161
What is 40 plus 76?,116
What is 7020 plus 7304?,14324
What is 206 plus 847?,1053
What is 73 plus 50?,123
What is 99 plus 12?,111
What is 4339 plus 8065?,12404
What is 149 plus 409?,558
What is 675 plus 388?,1063
What is 33481 plus 45021?,78502
What is 35 plus 72?,107
What is 695 plus 435?,1130
What is 4217 plus 1214?,5431
What is 35741 plus 33364?,69105
What is 6813 plus 6619?,13432
What is 12 plus 71?,83
What is 17 plus 12?,29
What is 3357 plus 8274?,11631
What is 731 plus 733?,1464
What is 68 plus 79?,147
What is 84172 plus 91633?,175805
What is 24 plus 94?,118
What is 5439 plus 6349?,11788
What is 13 plus 74?,87
What is 50 plus 86?,136
What is 104 plus 117?,221
What is 9941 plus 8260?,18201
What is 11421 plus 18229?,29650
What is 4676 plus 2306?,6982
What is 16 plus 88?,104
What is 29440 plus 66275?,95715
What is 64679 plus 11289?,75968
What is 67 plus 37?,104
What is 93550 plus 64788?,158338
What is 69571 plus 41741?,111312
What is 7226 plus 7115?,14341
What is 34720 plus 86100?,120820
What is 9336 plus 8034?,17370
What is 929 plus 751?,1680
What is 14997 plus 56178?,71175
What is 532 plus 221?,753
What is 649 plus 736?,1385
What is 37648 plus 61563?,99211
What is 92929 plus 52205?,145134
What is 86 plus 39?,125
What is 78 plus 77?,155
What is 59 plus 24?,83
What is 5963 plus 9315?,15278
What is 87217 plus 56976?,144193
What is 60801 plus 83196?,143997
What is 8494 plus 9696?,18190
What is 9139 plus 8715?,17854
What is 957 plus 155?,1112
What is 84 plus 87?,171
What is 52 plus 39?,91
What is 938 plus 577?,1515
What is 49 plus 76?,125
What is 593 plus 144?,737
What is 70490 plus 15096?,85586
What is 2916 plus 5806?,8722
What is 93 plus 48?,141
What is 57 plus 41?,98
What is 663 plus 296?,959
What is 355 plus 212?,567
What is 37 plus 23?,60
What is 4347 plus 9009?,13356
What is 3542 plus 2413?,5955
What is 1140 plus 5424?,6564
What is 79 plus 29?,108
What is 617 plus 714?,1331
What is 3858 plus 4970?,8828
What is 406 plus 145?,551
What is 304 plus 880?,1184
What is 25480 plus 19226?,44706
What is 5085 plus 4574?,9659
What is 608 plus 735?,1343
What is 9770 plus 8692?,18462
What is 42538 plus 61175?,103713
What is 216 plus 835?,1051
What is 6436 plus 2439?,8875
What is 850 plus 851?,1701
What is 549 plus 829?,1378
What is 65 plus 24?,89
What is 4628 plus 6936?,11564
What is 111 plus 629?,740
What is 79003 plus 55842?,134845
What is 81 plus 10?,91
What is 5947 plus 7661?,13608
What is 260 plus 730?,990
What is 26584 plus 88818?,115402
What is 382 plus 192?,574
What is 159 plus 700?,859
What is 124 plus 537?,661
What is 54 plus 41?,95
What is 264 plus 777?,1041
What is 249 plus 458?,707
What is 8203 plus 2322?,10525
What is 89941 plus 22577?,112518
What is 37 plus 64?,101
What is 71 plus 45?,116
What is 23 plus 68?,91
What is 1879 plus 7841?,9720
What is 93828 plus 79316?,173144
What is 705 plus 405?,1110
What is 88 plus 68?,156
What is 74 plus 14?,88
What is 163 plus 988?,1151
What is 3822 plus 8659?,12481
What is 9647 plus 2432?,12079
What is 89885 plus 71909?,161794
What is 64 plus 50?,114
What is 855 plus 981?,1836
What is 30019 plus 51969?,81988
What is 81 plus 40?,121
What is 57 plus 87?,144
What is 4347 plus 9195?,13542
What is 82 plus 24?,106
What is 25553 plus 83130?,108683
What is 7958 plus 2564?,10522
What is 25561 plus 28456?,54017
What is 37687 plus 28195?,65882
What is 243 plus 642?,885
What is 86 plus 61?,147
What is 39 plus 84?,123
What is 90 plus 71?,161
What is 418 plus 384?,802
What is 3682 plus 9125?,12807
What is 66702 plus 88679?,155381
What is 9601 plus 6130?,15731
What is 43 plus 55?,98
What is 85 plus 52?,137
What is 16 plus 30?,46
What is 720 plus 745?,1465
What is 92 plus 65?,157
What is 151 plus 771?,922
What is 989 plus 608?,1597
What is 68452 plus 48790?,117242
What is 54063 plus 45915?,99978
What is 649 plus 627?,1276
What is 8607 plus 9779?,18386
What is 1192 plus 4016?,5208
What is 684 plus 237?,921
What is 780 plus 731?,1511
What is 4348 plus 2108?,6456
What is 39 plus 65?,104
What is 8905 plus 5913?,14818
What is 638 plus 306?,944
What is 9700 plus 7329?,17029
What is 13498 plus 19536?,33034
What is 970 plus 429?,1399
What is 67335 plus 84922?,152257
What is 29501 plus 38453?,67954
What is 769 plus 535?,1304
What is 319 plus 794?,1113
What is 99929 plus 53568?,153497
What is 13 plus 50?,63
What is 55867 plus 50614?,106481
What is 52048 plus 74420?,126468
What is 5691 plus 1461?,7152
What is 6651 plus 9166?,15817
What is 5605 plus 4471?,10076
What is 46270 plus 86058?,132328
What is 431 plus 445?,876
What is 6837 plus 5711?,12548
What is 8055 plus 1811?,9866
What is 20785 plus 28517?,49302
What is 39824 plus 68709?,108533
What is 129 plus 234?,363
What is 74046 plus 23667?,97713
What is 133 plus 890?,1023
What is 5344 plus 1432?,6776
What is 43 plus 69?,112
What is 6995 plus 2415?,9410
What is 59170 plus 45070?,104240
What is 531 plus 182?,713
What is 932 plus 161?,1093
What is 71 plus 70?,141
What is 5987 plus 3238?,9225
What is 99 plus 45?,144
What is 2691 plus 5685?,8376
What is 896 plus 400?,1296
What is 79315 plus 18168?,97483
What is 472 plus 194?,666
What is 645 plus 286?,931
What is 53 plus 89?,142
What is 47 plus 40?,87
What is 148 plus 909?,1057
What is 8990 plus 1582?,10572
What is 64453 plus 89814?,154267
What is 46 plus 67?,113
What is 15 plus 52?,67
What is 6524 plus 1707?,8231
What is 40 plus 91?,131
What is 655 plus 768?,1423
What is 208 plus 508?,716
What is 65481 plus 73535?,139016
What is 2010 plus 6321?,8331
What is 657 plus 531?,1188
What is 7743 plus 4202?,11945
What is 46958 plus 98722?,145680
What is 331 plus 512?,843
What is 2965 plus 2531?,5496
What is 62052 plus 30730?,92782
What is 58407 plus 44698?,103105
What is 223 plus 543?,766
What is 27 plus 47?,74
What is 59 plus 55?,114
What is 54 plus 21?,75
What is 947 plus 358?,1305
What is 609 plus 991?,1600
What is 6484 plus 7070?,13554
What is 70 plus 22?,92
What is 75735 plus 96365?,172100
What is 752 plus 694?,1446
What is 4232 plus 6642?,10874
What is 47535 plus 74336?,121871
What is 40 plus 44?,84
What is 2956 plus 1984?,4940
What is 84631 plus 64000?,148631
What is 236 plus 458?,694
What is 46 plus 33?,79
What is 952 plus 678?,1630
What is 75 plus 53?,128
What is 180 plus 101?,281
What is 81027 plus 20941?,101968
What is 8616 plus 6464?,15080
What is 38850 plus 49408?,88258
What is 95 plus 92?,187
What is 753 plus 183?,936
What is 81 plus 48?,129
What is 6805 plus 1897?,8702
What is 73 plus 38?,111
What is 91047 plus 65148?,156195
What is 70172 plus 10188?,80360
What is 29 plus 41?,70
What is 51985 plus 58263?,110248
What is 869 plus 671?,1540
What is 75 plus 39?,114
What is 96351 plus 54655?,151006
What is 11219 plus 65483?,76702
What is 17 plus 69?,86
What is 3118 plus 3904?,7022
What is 8029 plus 3341?,11370
What is 49484 plus 97225?,146709
What is 67 plus 79?,146
What is 91 plus 23?,114
What is 3604 plus 8717?,12321
What is 410 plus 844?,1254
What is 5342 plus 4122?,9464
What is 25534 plus 84039?,109573
What is 407 plus 982?,1389
What is 5372 plus 8776?,14148
What is 44 plus 69?,113
What is 45517 plus 10917?,56434
What is 19185 plus 40497?,59682
What is 9266 plus 7474?,16740
What is 479 plus 826?,1305
What is 897 plus 702?,1599
What is 9181 plus 7697?,16878
What is 9643 plus 6509?,16152
What is 1084 plus 1009?,2093
What is 2598 plus 6736?,9334
What is 16 plus 65?,81
What is 9834 plus 6480?,16314
What is 72 plus 74?,146
What is 5745 plus 9776?,15521
What is 8741 plus 6633?,15374
What is 386 plus 226?,612
What is 32841 plus 35152?,67993
What is 481 plus 927?,1408
What is 90627 plus 57316?,147943
What is 99 plus 64?,163
What is 7571 plus 8808?,16379
What is 2718 plus 1454?,4172
What is 70758 plus 66744?,137502
What is 72 plus 32?,104
What is 262 plus 425?,687
What is 55 plus 44?,99
What is 127 plus 924?,1051
What is 860 plus 834?,1694
What is 7515 plus 9576?,17091
What is 7632 plus 7127?,14759
What is 19274 plus 51062?,70336
What is 27 plus 45?,72
What is 6448 plus 2602?,9050
What is 95929 plus 17876?,113805
What is 358 plus 328?,686
What is 82546 plus 54760?,137306
What is 3794 plus 6096?,9890
What is 39 plus 75?,114
What is 1317 plus 3706?,5023
What is 381 plus 115?,496
What is 66 plus 77?,143
What is 31451 plus 47420?,78871
What is 90 plus 10?,100
What is 49 plus 65?,114
What is 113 plus 905?,1018
What is 39934 plus 28611?,68545
What is 9739 plus 1847?,11586
What is 211 plus 441?,652
What is 25708 plus 67828?,93536
What is 802 plus 300?,1102
What is 527 plus 600?,1127
What is 70160 plus 40805?,110965
What is 26 plus 60?,86
What is 5931 plus 7595?,13526
What is 8546 plus 7249?,15795
What is 2633 plus 9948?,12581
What is 844 plus 298?,1142
What is 8817 plus 7172?,15989
What is 7620 plus 8461?,16081
What is 432 plus 273?,705
What is 26 plus 67?,93
What is 43365 plus 81218?,124583
What is 4683 plus 7563?,12246
What is 600 plus 515?,1115
What is 16595 plus 57640?,74235
What is 707 plus 431?,1138
What is 971 plus 396?,1367
What is 63 plus 54?,117
What is 92 plus 93?,185
What is 25004 plus 35510?,60514
What is 57 plus 36?,93
What is 18177 plus 76578?,94755
What is 13 plus 10?,23
What is 58 plus 31?,89
What is 61979 plus 78302?,140281
What is 7671 plus 1515?,9186
What is 3545 plus 4483?,8028
What is 314 plus 744?,1058
What is 82 plus 40?,122
What is 6515 plus 3014?,9529
What is 86 plus 15?,101
What is 9798 plus 5584?,15382
What is 36 plus 78?,114
What is 1265 plus 4459?,5724
What is 2056 plus 2716?,4772
What is 62 plus 48?,110
What is 457 plus 389?,846
What is 5224 plus 4405?,9629
What is 2381 plus 5460?,7841
What is 15 plus 67?,82
What is 3693 plus 5120?,8813
What is 7954 plus 9057?,17011
What is 609 plus 801?,1410
What is 45566 plus 10506?,56072
What is 24502 plus 64465?,88967
What is 81928 plus 51948?,133876
What is 34 plus 49?,83
What is 23913 plus 90028?,113941
What is 29168 plus 83491?,112659
What is 7519 plus 3154?,10673
What is 940 plus 764?,1704
What is 55 plus 76?,131
What is 24 plus 23?,47
What is 9856 plus 7106?,16962
What is 37913 plus 65346?,103259
What is 3327 plus 8316?,11643
What is 64 plus 81?,145
What is 93335 plus 68737?,162072
What is 46 plus 17?,63
What is 12684 plus 47094?,59778
What is 47095 plus 81565?,128660
What is 2086 plus 9727?,11813
What is 827 plus 869?,1696
What is 51491 plus 47455?,98946
What is 9521 plus 5965?,15486
What is 6470 plus 2459?,8929
What is 52104 plus 36300?,88404
What is 1135 plus 5171?,6306
What is 899 plus 758?,1657
What is 970 plus 201?,1171
What is 54 plus 45?,99
What is 5733 plus 5230?,10963
What is 2536 plus 4947?,7483
What is 7059 plus 5453?,12512
What is 71360 plus 23642?,95002
What is 86 plus 39?,125
What is 6844 plus 8620?,15464
What is 83094 plus 92150?,175244
What is 10 plus 94?,104
What is 64545 plus 42246?,106791
What is 97 plus 13?,110
What is 1697 plus 4611?,6308
What is 147 plus 615?,762
What is 8273 plus 2392?,10665
What is 11347 plus 42178?,53525
What is 17204 plus 54266?,71470
What is 626 plus 707?,1333
What is 85165 plus 69332?,154497
What is 637 plus 326?,963
What is 623 plus 825?,1448
What is 71 plus 99?,170
What is 194 plus 172?,366
What is 55803 plus 13977?,69780
What is 10944 plus 97565?,108509
What is 2129 plus 2728?,4857
What is 528 plus 590?,1118
What is 2713 plus 3652?,6365
What is 349 plus 424?,773
What is 75791 plus 87804?,163595
What is 91 plus 54?,145
What is 69804 plus 23883?,93687
What is 186 plus 214?,400
What is 242 plus 485?,727
What is 62 plus 72?,134
What is 6812 plus 1235?,8047
What is 45185 plus 67374?,112559
What is 1033 plus 8338?,9371
What is 6264 plus 3412?,9676
What is 7528 plus 4277?,11805
What is 40406 plus 64146?,104552
What is 35097 plus 34453?,69550
What is 94415 plus 14720?,109135
What is 62 plus 24?,86
What is 590 plus 831?,1421
What is 81 plus 21?,102
What is 457 plus 882?,1339
What is 88477 plus 66269?,154746
What is 6288 plus 7882?,14170
What is 201 plus 677?,878
What is 69 plus 49?,118
What is 567 plus 970?,1537
What is 93 plus 86?,179
What is 34 plus 80?,114
What is 18 plus 31?,49
What is 31206 plus 88289?,119495
What is 65 plus 78?,143
What is 279 plus 924?,1203
What is 62382 plus 18562?,80944
What is 78961 plus 97028?,175989
What is 18 plus 54?,72
What is 69971 plus 34229?,104200
What is 7531 plus 4935?,12466
What is 519 plus 802?,1321
What is 158 plus 166?,324
What is 98 plus 35?,133
What is 32 plus 85?,117
What is 523 plus 258?,781
What is 2961 plus 9761?,12722
What is 64 plus 18?,82
What is 2051 plus 2447?,4498
What is 52 plus 47?,99
What is 66 plus 28?,94
What is 6221 plus 9581?,15802
What is 8205 plus 7376?,15581
What is 249 plus 532?,781
What is 735 plus 433?,1168
What is 59 plus 72?,131
What is 75 plus 28?,103
What is 4648 plus 5099?,9747
What is 28 plus 32?,60
What is 94 plus 80?,174
What is 311 plus 908?,1219
What is 64204 plus 99633?,163837
What is 558 plus 963?,1521
What is 925 plus 365?,1290
What is 425 plus 517?,942
What is 186 plus 835?,1021
What is 119 plus 401?,520
What is 25 plus 74?,99
What is 346 plus 212?,558
What is 18762 plus 25412?,44174
What is 82028 plus 57965?,139993
What is 80 plus 74?,154
What is 14 plus 69?,83
What is 95303 plus 12415?,107718
What is 141 plus 129?,270
What is 4913 plus 3996?,8909
What is 98979 plus 50085?,149064
What is 49 plus 20?,69
What is 91491 plus 34409?,125900
What is 81590 plus 19632?,101222
What is 647 plus 654?,1301
What is 5830 plus 7600?,13430
What is 334 plus 544?,878
What is 67872 plus 48562?,116434
What is 61344 plus 47376?,108720
What is 41 plus 42?,83
What is 70 plus 26?,96
What is 74 plus 99?,173
What is 79 plus 86?,165
What is 66 plus 96?,162
What is 582 plus 655?,1237
What is 833 plus 141?,974
What is 39179 plus 34902?,74081
What is 8743 plus 9620?,18363
What is 36024 plus 40000?,76024
What is 34527 plus 41807?,76334
What is 77461 plus 81482?,158943
What is 32 plus 15?,47
What is 33445 plus 39274?,72719
What is 2663 plus 4072?,6735
What is 29739 plus 37998?,67737
What is 455 plus 840?,1295
What is 654 plus 224?,878
What is 91 plus 94?,185
What is 27 plus 38?,65
What is 17649 plus 60086?,77735
What is 40903 plus 43424?,84327
What is 50 plus 59?,109
What is 835 plus 927?,1762
What is 63 plus 43?,106
What is 455 plus 354?,809
What is 2828 plus 9010?,11838
What is 8339 plus 7955?,16294
What is 17711 plus 75345?,93056
What is 80913 plus 59061?,139974
What is 21 plus 47?,68
What is 54583 plus 54744?,109327
What is 90665 plus 35460?,126125
What is 60180 plus 80125?,140305
What is 30 plus 20?,50
What is 39 plus 83?,122
What is 741 plus 695?,1436
What is 498 plus 500?,998
What is 368 plus 509?,877
What is 47680 plus 31854?,79534
What is 7268 plus 8831?,16099
What is 3847 plus 2412?,6259
What is 69980 plus 70291?,140271
What is 5547 plus 2240?,7787
What is 74 plus 63?,137
What is 75 plus 85?,160
What is 3821 plus 6963?,10784
What is 11172 plus 99956?,111128
What is 2567 plus 7932?,10499
What is 30 plus 75?,105
What is 190 plus 241?,431
What is 68 plus 72?,140
What is 46932 plus 14151?,61083
What is 778 plus 251?,1029
What is 91849 plus 61238?,153087
What is 45731 plus 93130?,138861
What is 1137 plus 8279?,9416
What is 597 plus 269?,866
What is 96 plus 49?,145
What is 9663 plus 7475?,17138
What is 5051 plus 4457?,9508
What is 49 plus 77?,126
What is 611 plus 869?,1480
What is 857 plus 136?,993
What is 17643 plus 21499?,39142
What is 275 plus 610?,885
What is 93 plus 58?,151
What is 291 plus 435?,726
What is 321 plus 281?,602
What is 632 plus 671?,1303
What is 3919 plus 4805?,8724
What is 17 plus 49?,66
What is 93314 plus 22065?,115379
What is 91 plus 87?,178
What is 57585 plus 70050?,127635
What is 9533 plus 3967?,13500
What is 66 plus 23?,89
What is 19 plus 92?,111
What is 78337 plus 27608?,105945
What is 6944 plus 1259?,8203
What is 15833 plus 14345?,30178
What is 46 plus 64?,110
What is 37 plus 43?,80
What is 80 plus 84?,164
What is 38 plus 78?,116
What is 226 plus 102?,328
What is 78863 plus 52861?,131724
What is 23480 plus 67843?,91323
What is 60 plus 30?,90
What is 80079 plus 48970?,129049
What is 91 plus 31?,122
What is 429 plus 653?,1082
What is 33387 plus 11225?,44612
What is 696 plus 947?,1643
What is 98755 plus 40150?,138905
What is 30 plus 58?,88
What is 87178 plus 71022?,158200
What is 18 plus 96?,114
What is 97 plus 54?,151
What is 127 plus 847?,974
What is 11533 plus 13991?,25524
What is 18 plus 72?,90
What is 1290 plus 9861?,11151
What is 287 plus 939?,1226
What is 53 plus 28?,81
What is 98057 plus 50794?,148851
What is 409 plus 294?,703
What is 733 plus 132?,865
What is 937 plus 427?,1364
What is 51 plus 62?,113
What is 524 plus 643?,1167
What is 265 plus 687?,952
What is 86 plus 62?,148
What is 20358 plus 86361?,106719
What is 6886 plus 8251?,15137
What is 26172 plus 86173?,112345
What is 36826 plus 25431?,62257
What is 89 plus 58?,147
What is 21591 plus 50495?,72086
What is 277 plus 967?,1244
What is 90072 plus 81542?,171614
What is 501 plus 607?,1108
What is 7282 plus 2776?,10058
What is 925 plus 110?,1035
What is 527 plus 999?,1526
What is 93 plus 33?,126
What is 49515 plus 46497?,96012
What is 30 plus 70?,100
What is 5258 plus 1788?,7046
What is 79205 plus 91497?,170702
What is 1939 plus 4078?,6017
What is 50 plus 92?,142
What is 12097 plus 68481?,80578
What is 164 plus 972?,1136
What is 21 plus 60?,81
What is 512 plus 716?,1228
What is 3775 plus 1847?,5622
What is 61958 plus 96712?,158670
What is 790 plus 150?,940
What is 58 plus 11?,69
What is 83395 plus 93386?,176781
What is 470 plus 198?,668
What is 471 plus 676?,1147
What is 90817 plus 33060?,123877
What is 67 plus 93?,160
What is 42 plus 96?,138
What is 67 plus 89?,156
What is 369 plus 144?,513
What is 85 plus 61?,146
What is 908 plus 713?,1621
What is 29 plus 79?,108
What is 30219 plus 87995?,118214
What is 70551 plus 36513?,107064
What is 368 plus 908?,1276
What is 87 plus 30?,117
What is 7112 plus 5852?,12964
What is 4028 plus 5010?,9038
What is 30001 plus 93624?,123625
What is 615 plus 594?,1209
What is 40 plus 84?,124
What is 59 plus 40?,99
What is 20 plus 38?,58
What is 72346 plus 76599?,148945
What is 91 plus 42?,133
What is 7093 plus 8524?,15617
What is 90247 plus 54830?,145077
What is 18913 plus 64813?,83726
What is 64798 plus 53824?,118622
What is 74 plus 68?,142
What is 8035 plus 1658?,9693
What is 3059 plus 8928?,11987
What is 276 plus 533?,809
What is 27 plus 44?,71
What is 63 plus 27?,90
What is 37148 plus 60204?,97352
What is 6154 plus 1576?,7730
What is 52247 plus 73349?,125596
What is 53 plus 88?,141
What is 38 plus 27?,65
What is 548 plus 386?,934
What is 88 plus 44?,132
What is 46 plus 36?,82
What is 228 plus 861?,1089
What is 72359 plus 66489?,138848
What is 2758 plus 2793?,5551
What is 276 plus 482?,758
What is 116 plus 794?,910
What is 361 plus 507?,868
What is 319 plus 881?,1200
What is 295 plus 519?,814
What is 96 plus 32?,128
What is 9501 plus 1864?,11365
What is 363 plus 687?,1050
What is 39 plus 11?,50
What is 2518 plus 6338?,8856
What is 94 plus 97?,191
What is 77 plus 23?,100
What is 72234 plus 68663?,140897
What is 90 plus 42?,132
What is 13521 plus 68723?,82244
What is 9685 plus 5279?,14964
What is 830 plus 286?,1116
What is 7471 plus 9465?,16936
What is 3290 plus 9721?,13011
What is 655 plus 658?,1313
What is 67484 plus 50758?,118242
What is 75 plus 93?,168
What is 431 plus 545?,976
What is 697 plus 835?,1532
What is 70656 plus 40538?,111194
What is 7581 plus 9405?,16986
What is 26 plus 73?,99
What is 32597 plus 52802?,85399
What is 3240 plus 8765?,12005
What is 1625 plus 3064?,4689
What is 45752 plus 65252?,111004
What is 76 plus 20?,96
What is 72710 plus 76521?,149231
What is 52669 plus 18379?,71048
What is 70 plus 88?,158
What is 8250 plus 9562?,17812
What is 9058 plus 9438?,18496
What is 703 plus 622?,1325
What is 8083 plus 4080?,12163
What is 174 plus 565?,739
What is 88646 plus 91533?,180179
What is 332 plus 372?,704
What is 33966 plus 56424?,90390
What is 22166 plus 82717?,104883
What is 7017 plus 1827?,8844
What is 74627 plus 99717?,174344
What is 56930 plus 23408?,80338
What is 361 plus 725?,1086
What is 47 plus 52?,99
What is 2370 plus 9808?,12178
What is 853 plus 984?,1837
What is 920 plus 312?,1232
What is 39633 plus 60419?,100052
What is 7566 plus 7036?,14602
What is 18137 plus 20250?,38387
What is 9008 plus 4810?,13818
What is 34830 plus 27156?,61986
What is 44 plus 41?,85
What is 14 plus 24?,38
What is 2032 plus 8319?,10351
What is 5534 plus 6431?,11965
What is 47 plus 75?,122
What is 92 plus 66?,158
What is 4739 plus 2356?,7095
What is 11361 plus 30767?,42128
What is 45 plus 84?,129
What is 45 plus 64?,109
What is 904 plus 291?,1195
What is 21954 plus 63652?,85606
What is 2781 plus 7899?,10680
What is 659 plus 140?,799
What is 300 plus 462?,762
What is 981 plus 675?,1656
What is 457 plus 391?,848
What is 73556 plus 51403?,124959
What is 860 plus 514?,1374
What is 91782 plus 20093?,111875
What is 48 plus 64?,112
What is 71 plus 79?,150
What is 771 plus 884?,1655
What is 725 plus 833?,1558
What is 22006 plus 33627?,55633
What is 4837 plus 3050?,7887
What is 8024 plus 7104?,15128
What is 8825 plus 8928?,17753
What is 38461 plus 93471?,131932
What is 1289 plus 1907?,3196
What is 533 plus 748?,1281
What is 397 plus 720?,1117
What is 576 plus 425?,1001
What is 9946 plus 9782?,19728
What is 52043 plus 17016?,69059
What is 18 plus 92?,110
What is 85 plus 77?,162
What is 33379 plus 35407?,68786
What is 309 plus 357?,666
What is 601 plus 757?,1358
What is 22 plus 45?,67
What is 53 plus 74?,127
What is 24 plus 70?,94
What is 9852 plus 1087?,10939
What is 33558 plus 41564?,75122
What is 2826 plus 4792?,7618
What is 905 plus 433?,1338
What is 4060 plus 2425?,6485
What is 3552 plus 4303?,7855
What is 8035 plus 3293?,11328
What is 20 plus 95?,115
What is 27 plus 70?,97
What is 7520 plus 5818?,13338
What is 9352 plus 4674?,14026
What is 135 plus 308?,443
What is 60390 plus 34890?,95280
What is 5242 plus 7028?,12270
What is 23289 plus 93827?,117116
What is 815 plus 635?,1450
What is 5658 plus 8933?,14591
What is 635 plus 747?,1382
What is 73 plus 54?,127
What is 1584 plus 8275?,9859
What is 63211 plus 71237?,134448
What is 56505 plus 74504?,131009
What is 1732 plus 9828?,11560
What is 35349 plus 21232?,56581
What is 925 plus 691?,1616
What is 54814 plus 73497?,128311
What is 5615 plus 5385?,11000
What is 73 plus 97?,170
What is 96 plus 83?,179
What is 40 plus 97?,137
What is 89563 plus 46147?,135710
What is 57 plus 17?,74
What is 6863 plus 1252?,8115
What is 2774 plus 3632?,6406
What is 18519 plus 14440?,32959
What is 649 plus 255?,904
What is 74815 plus 36817?,111632
What is 540 plus 316?,856
What is 98562 plus 87896?,186458
What is 1185 plus 7148?,8333
What is 7798 plus 1805?,9603
What is 479 plus 844?,1323
What is 60148 plus 63340?,123488
What is 61818 plus 50517?,112335
What is 61 plus 85?,146
What is 496 plus 739?,1235
What is 20850 plus 70567?,91417
What is 35307 plus 52944?,88251
What is 564 plus 188?,752
What is 43 plus 54?,97
What is 32909 plus 72912?,105821
What is 2891 plus 8991?,11882
What is 9515 plus 1048?,10563
What is 331 plus 455?,786
What is 47 plus 11?,58
What is 20296 plus 99014?,119310
What is 604 plus 245?,849
What is 834 plus 189?,1023
What is 81807 plus 74536?,156343
What is 6595 plus 2437?,9032
What is 30 plus 24?,54
What is 84029 plus 97861?,181890
What is 2841 plus 8921?,11762
What is 821 plus 484?,1305
What is 12966 plus 29724?,42690
What is 22 plus 11?,33
What is 184 plus 670?,854
What is 6806 plus 8667?,15473
What is 5920 plus 7797?,13717
What is 8914 plus 8104?,17018
What is 127 plus 942?,1069
What is 236 plus 534?,770
What is 3491 plus 9254?,12745
What is 65305 plus 42646?,107951
What is 317 plus 802?,1119
What is 727 plus 399?,1126
What is 72 plus 84?,156
What is 98 plus 43?,141
What is 984 plus 162?,1146
What is 40 plus 83?,123
What is 3427 plus 3368?,6795
What is 30 plus 91?,121
What is 70 plus 15?,85
What is 29 plus 48?,77
What is 1779 plus 3265?,5044
What is 760 plus 312?,1072
What is 114 plus 384?,498
What is 699 plus 781?,1480
What is 63639 plus 28282?,91921
What is 8286 plus 6409?,14695
What is 347 plus 916?,1263
What is 981 plus 514?,1495
What is 779 plus 308?,1087
What is 2286 plus 4251?,6537
What is 624 plus 272?,896
What is 62 plus 20?,82
What is 36465 plus 12385?,48850
What is 43370 plus 68353?,111723
What is 419 plus 783?,1202
What is 4321 plus 3136?,7457
What is 47 plus 62?,109
What is 67632 plus 24441?,92073
What is 2946 plus 7106?,10052
What is 243 plus 483?,726
What is 13 plus 62?,75
What is 55769 plus 14892?,70661
What is 6348 plus 8885?,15233
What is 1781 plus 6928?,8709
What is 26020 plus 92496?,118516
What is 665 plus 633?,1298
What is 908 plus 558?,1466
What is 349 plus 951?,1300
What is 857 plus 698?,1555
What is 3873 plus 6139?,10012
What is 71 plus 49?,120
What is 1664 plus 5309?,6973
What is 2038 plus 7910?,9948
What is 80566 plus 96801?,177367
What is 635 plus 493?,1128
What is 8197 plus 8669?,16866
What is 899 plus 723?,1622
What is 2655 plus 8740?,11395
What is 680 plus 483?,1163
What is 42174 plus 39912?,82086
What is 15045 plus 61722?,76767
What is 97218 plus 51910?,149128
What is 5702 plus 3970?,9672
What is 57764 plus 40058?,97822
What is 2294 plus 1864?,4158
What is 9093 plus 2935?,12028
What is 38 plus 22?,60
What is 753 plus 484?,1237
What is 24 plus 64?,88
What is 68202 plus 40473?,108675
What is 29 plus 48?,77
What is 6700 plus 7205?,13905
What is 117 plus 662?,779
What is 17 plus 92?,109
What is 8966 plus 6600?,15566
What is 16 plus 32?,48
What is 2884 plus 6445?,9329
What is 59424 plus 78400?,137824
What is 77627 plus 21106?,98733
What is 309 plus 155?,464
What is 694 plus 581?,1275
What is 2171 plus 9080?,11251
What is 7551 plus 5085?,12636
What is 1639 plus 1275?,2914
What is 3958 plus 4973?,8931
What is 75478 plus 84428?,159906
What is 1662 plus 4955?,6617
What is 94 plus 76?,170
What is 77 plus 89?,166
What is 2375 plus 2186?,4561
What is 466 plus 354?,820
What is 26761 plus 60546?,87307
What is 632 plus 742?,1374
What is 1996 plus 4334?,6330
What is 536 plus 616?,1152
What is 2748 plus 9801?,12549
What is 63882 plus 76814?,140696
What is 70985 plus 40892?,111877
What is 82 plus 18?,100
What is 83731 plus 66565?,150296
What is 8028 plus 1088?,9116
What is 9025 plus 1479?,10504
What is 81226 plus 43320?,124546
What is 13999 plus 56271?,70270
What is 18 plus 53?,71
What is 89 plus 88?,177
What is 195 plus 470?,665
What is 90033 plus 54838?,144871
What is 618 plus 793?,1411
What is 87971 plus 72751?,160722
What is 4536 plus 6892?,11428
What is 55 plus 37?,92
What is 51 plus 93?,144
What is 12402 plus 45718?,58120
What is 48423 plus 94917?,143340
What is 50875 plus 47777?,98652
What is 77 plus 62?,139
What is 3882 plus 8385?,12267
What is 65 plus 33?,98
What is 45112 plus 81537?,126649
What is 69659 plus 71900?,141559
What is 435 plus 492?,927
What is 73 plus 28?,101
What is 544 plus 109?,653
What is 620 plus 747?,1367
What is 95 plus 60?,155
What is 7569 plus 7549?,15118
What is 31583 plus 23883?,55466
What is 1856 plus 4130?,5986
What is 7844 plus 8980?,16824
What is 12908 plus 16305?,29213
What is 9567 plus 5615?,15182
What is 464 plus 878?,1342
What is 6925 plus 1941?,8866
What is 49 plus 21?,70
What is 78 plus 47?,125
What is 25359 plus 70300?,95659
What is 4912 plus 2562?,7474
What is 30 plus 78?,108
What is 74 plus 71?,145
What is 10737 plus 81469?,92206
What is 14 plus 66?,80
What is 2486 plus 2008?,4494
What is 73 plus 89?,162
What is 37 plus 42?,79
What is 7641 plus 4838?,12479
What is 90088 plus 68050?,158138
What is 49324 plus 74690?,124014
What is 2066 plus 1883?,3949
What is 27509 plus 79387?,106896
What is 93453 plus 88744?,182197
What is 439 plus 902?,1341
What is 3328 plus 9613?,12941
What is 7807 plus 6728?,14535
What is 5784 plus 7549?,13333
What is 20211 plus 84549?,104760
What is 40 plus 44?,84
What is 15833 plus 46234?,62067
What is 6236 plus 2975?,9211
What is 94627 plus 71054?,165681
What is 217 plus 938?,1155
What is 937 plus 167?,1104
What is 86 plus 10?,96
What is 664 plus 415?,1079
What is 11611 plus 49839?,61450
What is 85 plus 54?,139
What is 45 plus 52?,97
What is 934 plus 433?,1367
What is 83 plus 41?,124
What is 64507 plus 47095?,111602
What is 317 plus 173?,490
What is 3178 plus 1900?,5078
What is 7443 plus 2559?,10002
What is 3878 plus 1345?,5223
What is 25645 plus 88918?,114563
What is 48688 plus 97617?,146305
What is 432 plus 814?,1246
What is 26647 plus 97817?,124464
What is 651 plus 875?,1526
What is 31695 plus 64523?,96218
What is 47 plus 30?,77
What is 612 plus 610?,1222
What is 842 plus 221?,1063
What is 72433 plus 41247?,113680
What is 6681 plus 3944?,10625
What is 4318 plus 8349?,12667
What is 515 plus 223?,738
What is 333 plus 555?,888
What is 4979 plus 1267?,6246
What is 172 plus 899?,1071
What is 473 plus 214?,687
What is 96221 plus 53953?,150174
What is 1247 plus 1978?,3225
What is 1138 plus 4928?,6066
What is 540 plus 536?,1076
What is 7085 plus 6944?,14029
What is 60 plus 26?,86
What is 36 plus 39?,75
What is 108 plus 917?,1025
What is 72397 plus 76575?,148972
What is 4026 plus 6879?,10905
What is 2696 plus 9658?,12354
What is 57844 plus 48098?,105942
What is 3479 plus 6487?,9966
What is 893 plus 689?,1582
What is 1082 plus 1246?,2328
What is 750 plus 421?,1171
What is 43990 plus 94768?,138758
What is 51 plus 35?,86
What is 244 plus 870?,1114
What is 734 plus 945?,1679
What is 2556 plus 3809?,6365
What is 39352 plus 66929?,106281
What is 67 plus 22?,89
What is 71 plus 68?,139
What is 618 plus 491?,1109
What is 23 plus 71?,94
What is 32 plus 65?,97
What is 96255 plus 98543?,194798
What is 95698 plus 85324?,181022
What is 2790 plus 6414?,9204
What is 358 plus 330?,688
What is 41949 plus 52875?,94824
What is 23 plus 16?,39
What is 10 plus 71?,81
What is 740 plus 307?,1047
What is 278 plus 158?,436
What is 89 plus 16?,105
What is 5213 plus 6914?,12127
What is 8784 plus 4576?,13360
What is 96 plus 27?,123
What is 29 plus 81?,110
What is 2555 plus 1560?,4115
What is 73 plus 88?,161
What is 8180 plus 9386?,17566
What is 528 plus 205?,733
What is 337 plus 724?,1061
What is 97690 plus 30182?,127872
What is 29 plus 19?,48
What is 4187 plus 9607?,13794
What is 3539 plus 5233?,8772
What is 51209 plus 13675?,64884
What is 90 plus 55?,145
What is 59 plus 57?,116
What is 94 plus 97?,191
What is 47 plus 30?,77
What is 2295 plus 8980?,11275
What is 82497 plus 16215?,98712
What is 776 plus 222?,998
What is 43854 plus 25771?,69625
What is 903 plus 395?,1298
What is 43 plus 57?,100
What is 23959 plus 71164?,95123
What is 35575 plus 79695?,115270
What is 68 plus 93?,161
What is 19 plus 54?,73
What is 92461 plus 48558?,141019
What is 77 plus 35?,112
What is 6142 plus 2711?,8853
What is 9962 plus 2971?,12933
What is 71 plus 90?,161
What is 69 plus 77?,146
What is 1662 plus 4732?,6394
What is 540 plus 678?,1218
What is 866 plus 305?,1171
What is 83221 plus 90693?,173914
What is 9351 plus 1933?,11284
What is 4219 plus 7625?,11844
What is 6401 plus 5052?,11453
What is 91 plus 56?,147
What is 66659 plus 23087?,89746
What is 371 plus 439?,810
What is 617 plus 935?,1552
What is 26241 plus 98182?,124423
What is 6598 plus 5885?,12483
What is 5936 plus 8699?,14635
What is 150 plus 535?,685
What is 94 plus 35?,129
What is 5770 plus 1761?,7531
What is 354 plus 967?,1321
What is 35429 plus 62478?,97907
What is 179 plus 824?,1003
What is 7487 plus 6764?,14251
What is 9282 plus 6035?,15317
What is 1250 plus 1808?,3058
What is 919 plus 337?,1256
What is 11778 plus 93541?,105319
What is 32 plus 88?,120
What is 78254 plus 84291?,162545
What is 875 plus 404?,1279
What is 8979 plus 1212?,10191
What is 939 plus 474?,1413
What is 801 plus 404?,1205
What is 2729 plus 8068?,10797
What is 81923 plus 70329?,152252
What is 7925 plus 6623?,14548
What is 3334 plus 9626?,12960
What is 76523 plus 53585?,130108
What is 52083 plus 12177?,64260
What is 63646 plus 47690?,111336
What is 815 plus 730?,1545
What is 8269 plus 4296?,12565
What is 84 plus 82?,166
What is 400 plus 198?,598
What is 68886 plus 80726?,149612
What is 89 plus 14?,103
What is 448 plus 541?,989
What is 946 plus 775?,1721
What is 56346 plus 88486?,144832
What is 7376 plus 5048?,12424
What is 93 plus 99?,192
What is 80 plus 79?,159
What is 62 plus 37?,99
What is 78760 plus 25791?,104551
What is 80 plus 99?,179
What is 321 plus 316?,637
What is 218 plus 470?,688
What is 1945 plus 3722?,5667
What is 42416 plus 88055?,130471
What is 1648 plus 8966?,10614
What is 75366 plus 14549?,89915
What is 80764 plus 15985?,96749
What is 572 plus 309?,881
What is 82 plus 65?,147
What is 2436 plus 2252?,4688
What is 1512 plus 5451?,6963
What is 3918 plus 3105?,7023
What is 59662 plus 53989?,113651
What is 86026 plus 93191?,179217
What is 97423 plus 67316?,164739
What is 671 plus 946?,1617
What is 584 plus 590?,1174
What is 40348 plus 43368?,83716
What is 2346 plus 4936?,7282
What is 5332 plus 9263?,14595
What is 49 plus 51?,100
What is 78880 plus 26370?,105250
What is 9277 plus 9731?,19008
What is 3460 plus 8895?,12355
What is 1671 plus 3230?,4901
What is 89 plus 44?,133
What is 233 plus 402?,635
What is 22646 plus 31996?,54642
What is 86 plus 67?,153
What is 24 plus 78?,102
What is 7364 plus 7442?,14806
What is 3089 plus 6976?,10065
What is 10 plus 65?,75
What is 35 plus 83?,118
What is 2275 plus 1809?,4084
What is 24 plus 95?,119
What is 674 plus 318?,992
What is 469 plus 113?,582
What is 910 plus 706?,1616
What is 45 plus 43?,88
What is 47 plus 65?,112
What is 558 plus 936?,1494
What is 8029 plus 5201?,13230
What is 98403 plus 11873?,110276
What is 25 plus 21?,46
What is 77 plus 39?,116
What is 474 plus 729?,1203
What is 8538 plus 5190?,13728
What is 6319 plus 1591?,7910
What is 80 plus 65?,145
What is 586 plus 560?,1146
What is 802 plus 703?,1505
What is 507 plus 427?,934
What is 709 plus 175?,884
What is 69 plus 49?,118
What is 68804 plus 99907?,168711
What is 761 plus 857?,1618
What is 1911 plus 7499?,9410
What is 42997 plus 98022?,141019
What is 88 plus 27?,115
What is 67551 plus 87016?,154567
What is 1209 plus 9748?,10957
What is 19000 plus 81409?,100409
What is 99 plus 69?,168
What is 9892 plus 2342?,12234
What is 930 plus 543?,1473
What is 1366 plus 2136?,3502
What is 55 plus 54?,109
What is 47 plus 55?,102
What is 149 plus 766?,915
What is 27 plus 85?,112
What is 43303 plus 92298?,135601
What is 386 plus 732?,1118
What is 81699 plus 54806?,136505
What is 16828 plus 70562?,87390
What is 9142 plus 3945?,13087
What is 115 plus 610?,725
What is 49 plus 94?,143
What is 75590 plus 67376?,142966
What is 71649 plus 62732?,134381
What is 214 plus 272?,486
What is 39223 plus 22650?,61873
What is 43 plus 60?,103
What is 49705 plus 24087?,73792
What is 9431 plus 1624?,11055
What is 588 plus 669?,1257
What is 82013 plus 53078?,135091
What is 2039 plus 3139?,5178
What is 583 plus 180?,763
What is 57 plus 20?,77
What is 18549 plus 61520?,80069
What is 70950 plus 88742?,159692
What is 2765 plus 9760?,12525
What is 70425 plus 25676?,96101
What is 433 plus 124?,557
What is 15 plus 74?,89
What is 87133 plus 17926?,105059
What is 8567 plus 2244?,10811
What is 89 plus 81?,170
What is 180 plus 485?,665
What is 331 plus 825?,1156
What is 898 plus 393?,1291
What is 6587 plus 3533?,10120
What is 375 plus 605?,980
What is 991 plus 249?,1240
What is 332 plus 889?,1221
What is 81 plus 57?,138
What is 59911 plus 95471?,155382
What is 22919 plus 42035?,64954
What is 7635 plus 1706?,9341
What is 67 plus 57?,124
What is 5569 plus 6940?,12509
What is 877 plus 609?,1486
What is 30010 plus 29993?,60003
What is 89200 plus 65326?,154526
What is 318 plus 260?,578
What is 56745 plus 23610?,80355
What is 94874 plus 97376?,192250
What is 625 plus 253?,878
What is 139 plus 767?,906
What is 8937 plus 7039?,15976
What is 1165 plus 3445?,4610
What is 63 plus 65?,128
What is 71526 plus 61024?,132550
What is 81 plus 33?,114
What is 7745 plus 2471?,10216
What is 78 plus 58?,136
What is 66 plus 23?,89
What is 44258 plus 11060?,55318
What is 8148 plus 4246?,12394
What is 204 plus 372?,576
What is 7987 plus 4580?,12567
What is 23216 plus 24684?,47900
What is 46 plus 68?,114
What is 477 plus 288?,765
What is 56677 plus 39535?,96212
What is 50 plus 64?,114
What is 70 plus 49?,119
What is 9837 plus 8469?,18306
What is 77345 plus 24345?,101690
What is 242 plus 673?,915
What is 71 plus 98?,169
What is 38 plus 16?,54
What is 6702 plus 9201?,15903
What is 6140 plus 4199?,10339
What is 43 plus 76?,119
What is 499 plus 956?,1455
What is 53665 plus 14315?,67980
What is 41 plus 79?,120
What is 7713 plus 3545?,11258
What is 86 plus 22?,108
What is 52 plus 77?,129
What is 834 plus 568?,1402
What is 6467 plus 6089?,12556
What is 38550 plus 40201?,78751
What is 28571 plus 56314?,84885
What is 54302 plus 19987?,74289
What is 5638 plus 3362?,9000
What is 4420 plus 7622?,12042
What is 6996 plus 7659?,14655
What is 48990 plus 20887?,69877
What is 4866 plus 5372?,10238
What is 35 plus 76?,111
What is 2532 plus 1468?,4000
What is 6827 plus 6810?,13637
What is 1677 plus 4963?,6640
What is 16 plus 79?,95
What is 4937 plus 8975?,13912
What is 9043 plus 8715?,17758
What is 19 plus 77?,96
What is 69611 plus 59404?,129015
What is 109 plus 180?,289
What is 97880 plus 38022?,135902
What is 20173 plus 25247?,45420
What is 4715 plus 1894?,6609
What is 22 plus 82?,104
What is 63 plus 60?,123
What is 5754 plus 3532?,9286
What is 67 plus 46?,113
What is 35714 plus 20112?,55826
What is 43604 plus 21066?,64670
What is 20176 plus 65870?,86046
What is 39872 plus 70057?,109929
What is 51994 plus 56735?,108729
What is 54486 plus 69786?,124272
What is 95491 plus 31907?,127398
What is 113 plus 279?,392
What is 81 plus 69?,150
What is 884 plus 178?,1062
What is 488 plus 494?,982
What is 6503 plus 8337?,14840
What is 91365 plus 26546?,117911
What is 63878 plus 20633?,84511
What is 4653 plus 3414?,8067
What is 17 plus 14?,31
What is 345 plus 568?,913
What is 35013 plus 28096?,63109
What is 12150 plus 38231?,50381
What is 8453 plus 1758?,10211
What is 5161 plus 7889?,13050
What is 6901 plus 6792?,13693
What is 99135 plus 71511?,170646
What is 778 plus 754?,1532
What is 5859 plus 6480?,12339
What is 284 plus 309?,593
What is 1509 plus 5201?,6710
What is 37440 plus 99960?,137400
What is 62024 plus 15424?,77448
What is 5411 plus 7385?,12796
What is 97219 plus 36424?,133643
What is 7698 plus 8998?,16696
What is 5743 plus 9007?,14750
What is 17200 plus 67036?,84236
What is 28 plus 61?,89
What is 132 plus 955?,1087
What is 9617 plus 2325?,11942
What is 80 plus 71?,151
What is 54902 plus 49389?,104291
What is 78218 plus 65458?,143676
What is 924 plus 289?,1213
What is 93 plus 51?,144
What is 90304 plus 58413?,148717
What is 588 plus 525?,1113
What is 388 plus 337?,725
What is 28 plus 30?,58
What is 2598 plus 3564?,6162
What is 64775 plus 76281?,141056
What is 41 plus 21?,62
What is 69234 plus 66078?,135312
What is 6006 plus 9258?,15264
What is 10 plus 12?,22
What is 81 plus 78?,159
What is 17601 plus 72791?,90392
What is 786 plus 500?,1286
What is 87 plus 55?,142
What is 13 plus 94?,107
What is 931 plus 544?,1475
What is 20 plus 28?,48
What is 678 plus 349?,1027
What is 2065 plus 1416?,3481
What is 88561 plus 19201?,107762
What is 49241 plus 55230?,104471
What is 5650 plus 6145?,11795
What is 79 plus 67?,146
What is 95 plus 17?,112
What is 97094 plus 18094?,115188
What is 683 plus 281?,964
What is 722 plus 493?,1215
What is 51 plus 65?,116
What is 37737 plus 11748?,49485
What is 4775 plus 6516?,11291
What is 97 plus 28?,125
What is 60605 plus 28376?,88981
What is 5515 plus 4247?,9762
What is 23025 plus 90039?,113064
What is 88 plus 47?,135
What is 7805 plus 3179?,10984
What is 85774 plus 32968?,118742
What is 46491 plus 46032?,92523
What is 293 plus 524?,817
What is 91 plus 57?,148
What is 945 plus 848?,1793
What is 68 plus 70?,138
What is 763 plus 689?,1452
What is 3794 plus 4242?,8036
What is 9700 plus 5889?,15589
What is 978 plus 601?,1579
What is 43 plus 91?,134
What is 27 plus 33?,60
What is 9222 plus 1413?,10635
What is 8621 plus 1213?,9834
What is 703 plus 626?,1329
What is 330 plus 764?,1094
What is 5239 plus 8841?,14080
What is 86044 plus 72093?,158137
What is 938 plus 881?,1819
What is 2368 plus 4904?,7272
What is 912 plus 275?,1187
What is 80450 plus 35359?,115809
What is 4484 plus 4397?,8881
What is 4485 plus 8330?,12815
What is 31725 plus 34867?,66592
What is 4362 plus 5450?,9812
What is 53797 plus 86402?,140199
What is 66027 plus 92900?,158927
What is 90450 plus 55565?,146015
What is 1353 plus 2607?,3960
What is 93063 plus 67586?,160649
What is 30241 plus 20877?,51118
What is 9253 plus 8158?,17411
What is 5601 plus 6391?,11992
What is 1281 plus 5792?,7073
What is 94125 plus 60206?,154331
What is 28090 plus 80858?,108948
What is 2018 plus 2190?,4208
What is 6012 plus 2232?,8244
What is 73167 plus 66360?,139527
What is 837 plus 662?,1499
What is 86 plus 94?,180
What is 1010 plus 3337?,4347
What is 32110 plus 25903?,58013
What is 248 plus 948?,1196
What is 25235 plus 78150?,103385
What is 632 plus 815?,1447
What is 61164 plus 72931?,134095
What is 25419 plus 28509?,53928
What is 47638 plus 94309?,141947
What is 7211 plus 8939?,16150
What is 22058 plus 18938?,40996
What is 794 plus 567?,1361
What is 38 plus 44?,82
What is 3880 plus 5565?,9445
What is 19 plus 68?,87
What is 813 plus 247?,1060
What is 696 plus 729?,1425
What is 5454 plus 7094?,12548
What is 4718 plus 1950?,6668
What is 803 plus 229?,1032
What is 25380 plus 65744?,91124
What is 59 plus 25?,84
What is 180 plus 868?,1048
What is 74 plus 19?,93
What is 751 plus 576?,1327
What is 58 plus 68?,126
What is 61 plus 19?,80
What is 64 plus 81?,145
What is 3216 plus 7207?,10423
What is 87 plus 75?,162
What is 36181 plus 62262?,98443
What is 8649 plus 3406?,12055
What is 4669 plus 2387?,7056
What is 786 plus 321?,1107
What is 9205 plus 1612?,10817
What is 8284 plus 4123?,12407
What is 44 plus 21?,65
What is 941 plus 214?,1155
What is 312 plus 131?,443
What is 15024 plus 13819?,28843
What is 28357 plus 33431?,61788
What is 57271 plus 77219?,134490
What is 10007 plus 26737?,36744
What is 697 plus 615?,1312
What is 1619 plus 8521?,10140
What is 97952 plus 21266?,119218
What is 78889 plus 31720?,110609
What is 46 plus 41?,87
What is 3680 plus 6775?,10455
What is 15192 plus 59580?,74772
What is 17 plus 48?,65
What is 958 plus 908?,1866
What is 18382 plus 94252?,112634
What is 431 plus 728?,1159
What is 206 plus 693?,899
What is 86 plus 72?,158
What is 80 plus 19?,99
What is 737 plus 252?,989
What is 91831 plus 86713?,178544
What is 203 plus 506?,709
What is 959 plus 961?,1920
What is 28068 plus 25065?,53133
What is 7185 plus 3991?,11176
What is 72713 plus 39991?,112704
What is 413 plus 868?,1281
What is 59493 plus 89074?,148567
What is 45718 plus 36090?,81808
What is 96748 plus 13364?,110112
What is 14 plus 99?,113
What is 84155 plus 56248?,140403
What is 741 plus 811?,1552
What is 357 plus 315?,672
What is 3162 plus 4922?,8084
What is 59 plus 81?,140
What is 915 plus 370?,1285
What is 739 plus 623?,1362
What is 71563 plus 18450?,90013
What is 64105 plus 65435?,129540
What is 759 plus 261?,1020
What is 86699 plus 65500?,152199
What is 2703 plus 5641?,8344
What is 62 plus 46?,108
What is 952 plus 818?,1770
What is 89061 plus 60334?,149395
What is 80 plus 68?,148
What is 2742 plus 5781?,8523
What is 89526 plus 48813?,138339
What is 2067 plus 4483?,6550
What is 655 plus 234?,889
What is 21 plus 48?,69
What is 1529 plus 3281?,4810
What is 67 plus 92?,159
What is 967 plus 839?,1806
What is 5257 plus 5996?,11253
What is 764 plus 612?,1376
What is 36 plus 89?,125
What is 7083 plus 3378?,10461
What is 594 plus 115?,709
What is 56 plus 93?,149
What is 4697 plus 2120?,6817
What is 2716 plus 5175?,7891
What is 3704 plus 4175?,7879
What is 75456 plus 24898?,100354
What is 833 plus 864?,1697
What is 45843 plus 29957?,75800
What is 5442 plus 5058?,10500
What is 39 plus 93?,132
What is 803 plus 484?,1287
What is 816 plus 541?,1357
What is 7632 plus 1304?,8936
What is 618 plus 705?,1323
What is 237 plus 779?,1016
What is 90009 plus 11977?,101986
What is 68 plus 49?,117
What is 2162 plus 1791?,3953
What is 820 plus 118?,938
What is 76424 plus 62610?,139034
What is 83 plus 31?,114
What is 479 plus 598?,1077
What is 932 plus 361?,1293
What is 94 plus 15?,109
What is 93821 plus 55498?,149319
What is 85087 plus 37659?,122746
What is 4938 plus 1110?,6048
What is 462 plus 914?,1376
What is 663 plus 149?,812
What is 34 plus 92?,126
What is 5192 plus 6308?,11500
What is 8224 plus 6351?,14575
What is 38826 plus 68915?,107741
What is 62 plus 61?,123
What is 9143 plus 8862?,18005
What is 50231 plus 14348?,64579
What is 3849 plus 3174?,7023
What is 64741 plus 73404?,138145
What is 2240 plus 9225?,11465
What is 25 plus 28?,53
What is 81995 plus 54079?,136074
What is 3590 plus 7819?,11409
What is 8659 plus 2202?,10861
What is 36 plus 22?,58
What is 35545 plus 96349?,131894
What is 631 plus 545?,1176
What is 238 plus 733?,971
What is 561 plus 401?,962
What is 21 plus 14?,35
What is 73 plus 34?,107
What is 68 plus 49?,117
What is 631 plus 411?,1042
What is 16748 plus 10064?,26812
What is 36831 plus 28386?,65217
What is 945 plus 407?,1352
What is 67 plus 30?,97
What is 4671 plus 5802?,10473
What is 251 plus 194?,445
What is 42 plus 14?,56
What is 32 plus 48?,80
What is 601 plus 906?,1507
What is 90 plus 56?,146
What is 354 plus 835?,1189
What is 26 plus 22?,48
What is 69961 plus 26460?,96421
What is 669 plus 654?,1323
What is 295 plus 943?,1238
What is 6322 plus 2170?,8492
What is 606 plus 453?,1059
What is 6499 plus 8847?,15346
What is 43817 plus 46278?,90095
What is 871 plus 970?,1841
What is 122 plus 148?,270
What is 990 plus 844?,1834
What is 321 plus 430?,751
What is 34 plus 17?,51
What is 10 plus 38?,48
What is 806 plus 881?,1687
What is 82 plus 24?,106
What is 84 plus 62?,146
What is 366 plus 887?,1253
What is 444 plus 257?,701
What is 33023 plus 72828?,105851
What is 32 plus 88?,120
What is 6262 plus 3442?,9704
What is 87204 plus 92767?,179971
What is 277 plus 762?,1039
What is 63 plus 99?,162
What is 27395 plus 80981?,108376
What is 554 plus 619?,1173
What is 146 plus 219?,365
What is 26598 plus 18223?,44821
What is 7719 plus 3745?,11464
What is 886 plus 540?,1426
What is 74 plus 77?,151
What is 3250 plus 9344?,12594
What is 74 plus 53?,127
What is 41 plus 48?,89
What is 4274 plus 1053?,5327
What is 71217 plus 70003?,141220
What is 82 plus 84?,166
What is 664 plus 616?,1280
What is 560 plus 853?,1413
What is 8084 plus 6372?,14456
What is 4004 plus 6825?,10829
What is 77 plus 95?,172
What is 9914 plus 2489?,12403
What is 15 plus 28?,43
What is 29465 plus 82757?,112222
What is 20320 plus 81960?,102280
What is 8896 plus 8538?,17434
What is 57991 plus 77132?,135123
What is 96492 plus 68140?,164632
What is 11211 plus 36369?,47580
What is 4843 plus 8072?,12915
What is 219 plus 955?,1174
What is 815 plus 504?,1319
What is 19146 plus 81428?,100574
What is 7967 plus 7386?,15353
What is 3510 plus 6941?,10451
What is 300 plus 785?,1085
What is 83 plus 77?,160
What is 5471 plus 6142?,11613
What is 40816 plus 71621?,112437
What is 78 plus 23?,101
What is 97015 plus 48160?,145175
What is 58997 plus 72727?,131724
What is 3095 plus 1754?,4849
What is 666 plus 268?,934
What is 67896 plus 67829?,135725
What is 32937 plus 24714?,57651
What is 93 plus 53?,146
What is 94 plus 78?,172
What is 2002 plus 6746?,8748
What is 2094 plus 4427?,6521
What is 72809 plus 97276?,170085
What is 16904 plus 31086?,47990
What is 613 plus 225?,838
What is 6582 plus 9072?,15654
What is 13 plus 77?,90
What is 63 plus 13?,76
What is 92150 plus 19409?,111559
What is 24 plus 50?,74
What is 29018 plus 21683?,50701
What is 29 plus 29?,58
What is 20109 plus 59789?,79898
What is 21 plus 36?,57
What is 2669 plus 6245?,8914
What is 55772 plus 68029?,123801
What is 21 plus 46?,67
What is 73 plus 21?,94
What is 1811 plus 2147?,3958
What is 977 plus 798?,1775
What is 38 plus 68?,106
What is 87037 plus 34483?,121520
What is 11 plus 16?,27
What is 30 plus 50?,80
What is 1104 plus 7823?,8927
What is 83 plus 96?,179
What is 776 plus 694?,1470
What is 1203 plus 8367?,9570
What is 20789 plus 13964?,34753
What is 33366 plus 95951?,129317
What is 39556 plus 32333?,71889
What is 54 plus 41?,95
What is 125 plus 831?,956
What is 37093 plus 54085?,91178
What is 2502 plus 6786?,9288
What is 55613 plus 99568?,155181
What is 845 plus 765?,1610
What is 511 plus 311?,822
What is 4612 plus 1474?,6086
What is 97 plus 48?,145
What is 74141 plus 16800?,90941
What is 60 plus 39?,99
What is 84 plus 39?,123
What is 190 plus 518?,708
What is 36900 plus 14835?,51735
What is 81 plus 75?,156
What is 567 plus 626?,1193
What is 34 plus 46?,80
What is 75 plus 97?,172
What is 268 plus 452?,720
What is 289 plus 266?,555
What is 16 plus 97?,113
What is 516 plus 170?,686
What is 2142 plus 3040?,5182
What is 43799 plus 22538?,66337
What is 85896 plus 72905?,158801
What is 42838 plus 61612?,104450
What is 756 plus 531?,1287
What is 81 plus 14?,95
What is 578 plus 673?,1251
What is 90 plus 72?,162
What is 24 plus 39?,63
What is 51 plus 34?,85
What is 81 plus 92?,173
What is 80 plus 58?,138
What is 5572 plus 4582?,10154
What is 5810 plus 5288?,11098
What is 41194 plus 52786?,93980
What is 932 plus 834?,1766
What is 30 plus 38?,68
What is 79 plus 18?,97
What is 30 plus 97?,127
What is 17642 plus 48105?,65747
What is 287 plus 892?,1179
What is 50446 plus 49768?,100214
What is 98 plus 99?,197
What is 2483 plus 8428?,10911
What is 43 plus 79?,122
What is 7271 plus 6584?,13855
What is 751 plus 733?,1484
What is 1745 plus 5613?,7358
What is 48 plus 55?,103
What is 90 plus 72?,162
What is 562 plus 460?,1022
What is 893 plus 543?,1436
What is 538 plus 470?,1008
What is 200 plus 300?,500
What is 37658 plus 81345?,119003
What is 58 plus 87?,145
What is 73 plus 18?,91
What is 75485 plus 87166?,162651
What is 3664 plus 5000?,8664
What is 1079 plus 5897?,6976
What is 37758 plus 73459?,111217
What is 26 plus 53?,79
What is 94 plus 76?,170
What is 50 plus 69?,119
What is 987 plus 587?,1574
What is 108 plus 420?,528
What is 84114 plus 87509?,171623
What is 35 plus 84?,119
What is 57 plus 33?,90
What is 37 plus 89?,126
What is 3963 plus 4329?,8292
What is 324 plus 713?,1037
What is 63 plus 46?,109
What is 30040 plus 95489?,125529
What is 385 plus 286?,671
What is 31 plus 23?,54
What is 60315 plus 46778?,107093
What is 183 plus 380?,563
What is 858 plus 127?,985
What is 1844 plus 2609?,4453
What is 122 plus 400?,522
What is 5457 plus 3751?,9208
What is 67074 plus 90590?,157664
What is 27805 plus 88980?,116785
What is 663 plus 717?,1380
What is 8243 plus 5564?,13807
What is 18861 plus 91106?,109967
What is 342 plus 501?,843
What is 49 plus 55?,104
What is 76 plus 43?,119
What is 969 plus 754?,1723
What is 81 plus 41?,122
What is 636 plus 573?,1209
What is 197 plus 899?,1096
What is 49132 plus 61488?,110620
What is 783 plus 524?,1307
What is 1784 plus 7915?,9699
What is 557 plus 770?,1327
What is 75 plus 35?,110
What is 405 plus 325?,730
What is 93418 plus 72596?,166014
What is 29 plus 46?,75
What is 25255 plus 13491?,38746
What is 93985 plus 14765?,108750
What is 35980 plus 41259?,77239
What is 79888 plus 79765?,159653
What is 542 plus 222?,764
What is 932 plus 860?,1792
What is 801 plus 236?,1037
What is 4959 plus 3670?,8629
What is 33 plus 77?,110
What is 307 plus 326?,633
What is 32527 plus 77263?,109790
What is 95757 plus 55159?,150916
What is 860 plus 888?,1748
What is 588 plus 239?,827
What is 22801 plus 61404?,84205
What is 38115 plus 94572?,132687
What is 355 plus 940?,1295
What is 34075 plus 26157?,60232
What is 361 plus 143?,504
What is 157 plus 370?,527
What is 38 plus 44?,82
What is 76082 plus 41985?,118067
What is 4598 plus 2751?,7349
What is 6777 plus 3173?,9950
What is 4247 plus 9202?,13449
What is 45325 plus 66238?,111563
What is 55 plus 72?,127
What is 50 plus 83?,133
What is 73 plus 26?,99
What is 144 plus 607?,751
What is 8382 plus 2355?,10737
What is 49 plus 37?,86
What is 33 plus 41?,74
What is 82548 plus 58074?,140622
What is 6140 plus 3366?,9506
What is 761 plus 174?,935
What is 786 plus 123?,909
What is 515 plus 475?,990
What is 31763 plus 51519?,83282
What is 8420 plus 6471?,14891
What is 77461 plus 54427?,131888
What is 34781 plus 42487?,77268
What is 2853 plus 3019?,5872
What is 96754 plus 60553?,157307
What is 5798 plus 8721?,14519
What is 29 plus 48?,77
What is 4902 plus 8060?,12962
What is 68 plus 75?,143
What is 40 plus 11?,51
What is 22291 plus 50107?,72398
What is 877 plus 447?,1324
What is 66734 plus 92296?,159030
What is 5045 plus 9122?,14167
What is 75577 plus 30445?,106022
What is 88274 plus 65607?,153881
What is 8070 plus 9181?,17251
What is 427 plus 490?,917
What is 134 plus 218?,352
What is 6865 plus 3871?,10736
What is 239 plus 388?,627
What is 34244 plus 74766?,109010
What is 47 plus 28?,75
What is 27 plus 47?,74
What is 4921 plus 2599?,7520
What is 98973 plus 27742?,126715
What is 4473 plus 8176?,12649
What is 97 plus 87?,184
What is 14 plus 52?,66
What is 81 plus 18?,99
What is 90 plus 85?,175
What is 42 plus 99?,141
What is 2252 plus 6382?,8634
What is 564 plus 236?,800
What is 4259 plus 3722?,7981
What is 64665 plus 77103?,141768
What is 4642 plus 9701?,14343
What is 38631 plus 86684?,125315
What is 83 plus 99?,182
What is 82 plus 32?,114
What is 40 plus 57?,97
What is 811 plus 631?,1442
What is 681 plus 307?,988
What is 8970 plus 9161?,18131
What is 15993 plus 23604?,39597
What is 82978 plus 22954?,105932
What is 9576 plus 3838?,13414
What is 1553 plus 1726?,3279
What is 1483 plus 5991?,7474
What is 986 plus 677?,1663
What is 16769 plus 88447?,105216
What is 599 plus 932?,1531
What is 26370 plus 92203?,118573
What is 8860 plus 8158?,17018
What is 665 plus 339?,1004
What is 78 plus 39?,117
What is 5745 plus 5152?,10897
What is 4306 plus 5491?,9797
What is 58 plus 26?,84
What is 8772 plus 8681?,17453
What is 73 plus 23?,96
What is 33204 plus 86230?,119434
What is 58586 plus 28137?,86723
What is 26 plus 58?,84
What is 9228 plus 6242?,15470
What is 8802 plus 6743?,15545
What is 34 plus 10?,44
What is 645 plus 103?,748
What is 318 plus 235?,553
What is 59075 plus 23871?,82946
What is 3314 plus 4312?,7626
What is 86 plus 83?,169
What is 9100 plus 3210?,12310
What is 7057 plus 2650?,9707
What is 602 plus 404?,1006
What is 127 plus 973?,1100
What is 527 plus 119?,646
What is 3427 plus 2108?,5535
What is 314 plus 637?,951
What is 17 plus 68?,85
What is 7991 plus 1474?,9465
What is 39 plus 81?,120
What is 29459 plus 39175?,68634
What is 20749 plus 91462?,112211
What is 7995 plus 9342?,17337
What is 83 plus 43?,126
What is 330 plus 893?,1223
What is 982 plus 884?,1866
What is 415 plus 527?,942
What is 499 plus 984?,1483
What is 78433 plus 50662?,129095
What is 16 plus 43?,59
What is 13 plus 39?,52
What is 211 plus 455?,666
What is 8327 plus 5799?,14126
What is 824 plus 743?,1567
What is 60 plus 48?,108
What is 6777 plus 9564?,16341
What is 9551 plus 5478?,15029
What is 3711 plus 4892?,8603
What is 56884 plus 75842?,132726
What is 67 plus 61?,128
What is 54 plus 24?,78
What is 90565 plus 72353?,162918
What is 202 plus 993?,1195
What is 69714 plus 33547?,103261
What is 963 plus 917?,1880
What is 16659 plus 98490?,115149
What is 82615 plus 19756?,102371
What is 71177 plus 93374?,164551
What is 50361 plus 48829?,99190
What is 38396 plus 56274?,94670
What is 61 plus 86?,147
What is 75 plus 67?,142
What is 6735 plus 9352?,16087
What is 5647 plus 2516?,8163
What is 93 plus 49?,142
What is 3086 plus 4595?,7681
What is 8163 plus 9427?,17590
What is 810 plus 701?,1511
What is 957 plus 893?,1850
What is 108 plus 158?,266
What is 68226 plus 66093?,134319
What is 4609 plus 3827?,8436
What is 55565 plus 47347?,102912
What is 3133 plus 2983?,6116
What is 173 plus 903?,1076
What is 921 plus 507?,1428
What is 251 plus 915?,1166
What is 83321 plus 23254?,106575
What is 37354 plus 80267?,117621
What is 1856 plus 1816?,3672
What is 548 plus 927?,1475
What is 58 plus 75?,133
What is 232 plus 680?,912
What is 6300 plus 6014?,12314
What is 7302 plus 5272?,12574
What is 4167 plus 8245?,12412
What is 98 plus 29?,127
What is 83636 plus 74978?,158614
What is 59883 plus 29660?,89543
What is 9590 plus 8362?,17952
What is 95 plus 25?,120
What is 8733 plus 6093?,14826
What is 1588 plus 5585?,7173
What is 6317 plus 8308?,14625
What is 88791 plus 89704?,178495
What is 65 plus 41?,106
What is 18971 plus 63916?,82887
What is 520 plus 260?,780
What is 346 plus 295?,641
What is 64505 plus 45622?,110127
What is 3882 plus 2707?,6589
What is 2274 plus 6211?,8485
What is 42390 plus 41900?,84290
What is 255 plus 728?,983
What is 7121 plus 3888?,11009
What is 1823 plus 1152?,2975
What is 46 plus 12?,58
What is 47199 plus 74830?,122029
What is 9282 plus 8672?,17954
What is 9852 plus 5083?,14935
What is 218 plus 394?,612
What is 5279 plus 9265?,14544
What is 615 plus 127?,742
What is 847 plus 313?,1160
What is 63500 plus 46509?,110009
What is 62954 plus 77274?,140228
What is 77 plus 23?,100
What is 832 plus 260?,1092
What is 419 plus 943?,1362
What is 85418 plus 92882?,178300
What is 606 plus 936?,1542
What is 6945 plus 6738?,13683
What is 27 plus 54?,81
What is 18754 plus 11952?,30706
What is 57 plus 56?,113
What is 3108 plus 8334?,11442
What is 57212 plus 84016?,141228
What is 5634 plus 6762?,12396
What is 86 plus 89?,175
What is 17968 plus 97406?,115374
What is 628 plus 488?,1116
What is 89 plus 21?,110
What is 55711 plus 35347?,91058
What is 928 plus 747?,1675
What is 193 plus 954?,1147
What is 680 plus 192?,872
What is 625 plus 969?,1594
What is 935 plus 443?,1378
What is 458 plus 408?,866
What is 41 plus 65?,106
What is 24 plus 92?,116
What is 650 plus 513?,1163
What is 663 plus 481?,1144
What is 88273 plus 80042?,168315
What is 20574 plus 57669?,78243
What is 946 plus 770?,1716
What is 879 plus 779?,1658
What is 80432 plus 75092?,155524
What is 932 plus 783?,1715
What is 95590 plus 37699?,133289
What is 5203 plus 3143?,8346
What is 45 plus 28?,73
What is 74 plus 27?,101
What is 60 plus 98?,158
What is 1860 plus 4149?,6009
What is 11 plus 76?,87
What is 94811 plus 78344?,173155
What is 826 plus 854?,1680
What is 630 plus 960?,1590
What is 335 plus 419?,754
What is 644 plus 119?,763
What is 91 plus 98?,189
What is 458 plus 459?,917
What is 90225 plus 11342?,101567
What is 96 plus 25?,121
What is 16426 plus 94994?,111420
What is 60156 plus 83433?,143589
What is 995 plus 364?,1359
What is 30 plus 72?,102
What is 2452 plus 1483?,3935
What is 9775 plus 2031?,11806
What is 3690 plus 1697?,5387
What is 561 plus 117?,678
What is 74 plus 22?,96
What is 292 plus 888?,1180
What is 722 plus 589?,1311
What is 56 plus 97?,153
What is 31875 plus 73481?,105356
What is 45081 plus 74596?,119677
What is 241 plus 136?,377
What is 3435 plus 1911?,5346
What is 1806 plus 6964?,8770
What is 5554 plus 2565?,8119
What is 17 plus 52?,69
What is 78 plus 15?,93
What is 51269 plus 70614?,121883
What is 47 plus 10?,57
What is 67968 plus 18112?,86080
What is 27 plus 44?,71
What is 238 plus 322?,560
What is 63464 plus 79068?,142532
What is 32497 plus 98392?,130889
What is 36974 plus 62045?,99019
What is 6722 plus 2172?,8894
What is 72 plus 33?,105
What is 3092 plus 9289?,12381
What is 387 plus 438?,825
What is 2141 plus 7420?,9561
What is 2307 plus 5964?,8271
What is 28842 plus 98883?,127725
What is 5819 plus 4404?,10223
What is 81133 plus 89559?,170692
What is 59 plus 56?,115
What is 5596 plus 4390?,9986
What is 28 plus 66?,94
What is 67710 plus 58269?,125979
What is 62223 plus 98203?,160426
What is 753 plus 970?,1723
What is 440 plus 997?,1437
What is 38 plus 70?,108
What is 12169 plus 19858?,32027
What is 49540 plus 33394?,82934
What is 6129 plus 3152?,9281
What is 58084 plus 14095?,72179
What is 99 plus 37?,136
What is 37 plus 37?,74
What is 447 plus 540?,987
What is 82938 plus 79151?,162089
What is 7422 plus 8566?,15988
What is 73776 plus 31664?,105440
What is 8194 plus 2217?,10411
What is 2450 plus 6964?,9414
What is 36 plus 22?,58
What is 75 plus 75?,150
What is 7547 plus 8582?,16129
What is 847 plus 204?,1051
What is 8720 plus 3182?,11902
What is 38 plus 23?,61
What is 2618 plus 8781?,11399
What is 7040 plus 2473?,9513
What is 33392 plus 39895?,73287
What is 25054 plus 50738?,75792
What is 5432 plus 7922?,13354
What is 30038 plus 49153?,79191
What is 43011 plus 40001?,83012
What is 70 plus 77?,147
What is 10 plus 85?,95
What is 66 plus 61?,127
What is 629 plus 444?,1073
What is 10 plus 30?,40
What is 241 plus 960?,1201
What is 441 plus 439?,880
What is 75034 plus 38953?,113987
What is 458 plus 785?,1243
What is 9149 plus 1876?,11025
What is 10 plus 53?,63
What is 9371 plus 6165?,15536
What is 125 plus 933?,1058
What is 31 plus 24?,55
What is 877 plus 916?,1793
What is 43 plus 41?,84
What is 67 plus 17?,84
What is 77 plus 21?,98
What is 973 plus 819?,1792
What is 33 plus 15?,48
What is 19 plus 52?,71
What is 95 plus 84?,179
What is 40975 plus 13692?,54667
What is 15 plus 43?,58
What is 687 plus 885?,1572
What is 98 plus 73?,171
What is 4183 plus 7756?,11939
What is 61 plus 21?,82
What is 715 plus 870?,1585
What is 32 plus 91?,123
What is 44 plus 91?,135
What is 386 plus 998?,1384
What is 69180 plus 92151?,161331
What is 38366 plus 65000?,103366
What is 466 plus 380?,846
What is 95 plus 38?,133
What is 63 plus 81?,144
What is 704 plus 985?,1689
What is 13180 plus 23549?,36729
What is 831 plus 760?,1591
What is 584 plus 517?,1101
What is 67 plus 75?,142
What is 7782 plus 2785?,10567
What is 46 plus 90?,136
What is 37277 plus 89499?,126776
What is 624 plus 304?,928
What is 69 plus 95?,164
What is 334 plus 607?,941
What is 99499 plus 41194?,140693
What is 520 plus 814?,1334
What is 693 plus 685?,1378
What is 499 plus 299?,798
What is 15359 plus 30082?,45441
What is 22 plus 89?,111
What is 5739 plus 4697?,10436
What is 2514 plus 5110?,7624
What is 641 plus 805?,1446
What is 91583 plus 46194?,137777
What is 60 plus 40?,100
What is 362 plus 716?,1078
What is 84461 plus 41071?,125532
What is 93 plus 40?,133
What is 263 plus 823?,1086
What is 5101 plus 6584?,11685
What is 59 plus 16?,75
What is 4297 plus 2280?,6577
What is 4606 plus 3173?,7779
What is 317 plus 582?,899
What is 8979 plus 2537?,11516
What is 439 plus 503?,942
What is 75 plus 29?,104
What is 749 plus 907?,1656
What is 1623 plus 7302?,8925
What is 8840 plus 3911?,12751
What is 323 plus 848?,1171
What is 287 plus 143?,430
What is 90353 plus 55251?,145604
What is 63010 plus 29131?,92141
What is 1872 plus 3153?,5025
What is 75 plus 14?,89
What is 5914 plus 5955?,11869
What is 1469 plus 2762?,4231
What is 63856 plus 70093?,133949
What is 9520 plus 6480?,16000
What is 87 plus 70?,157
What is 18 plus 48?,66
What is 5521 plus 2427?,7948
What is 75 plus 15?,90
What is 4386 plus 7750?,12136
What is 332 plus 814?,1146
What is 358 plus 272?,630
What is 2826 plus 1144?,3970
What is 79571 plus 49941?,129512
What is 93 plus 61?,154
What is 991 plus 198?,1189
What is 9649 plus 6424?,16073
What is 1598 plus 4829?,6427
What is 97 plus 48?,145
What is 90658 plus 52158?,142816
What is 75326 plus 37441?,112767
What is 6848 plus 2649?,9497
What is 77142 plus 55164?,132306
What is 1192 plus 7408?,8600
What is 208 plus 789?,997
What is 94 plus 12?,106
What is 6618 plus 4519?,11137
What is 3432 plus 9873?,13305
What is 92190 plus 91260?,183450
What is 99698 plus 80339?,180037
What is 26 plus 48?,74
What is 9781 plus 4654?,14435
What is 23 plus 97?,120
What is 88 plus 23?,111
What is 32811 plus 16463?,49274
What is 1202 plus 5338?,6540
What is 2469 plus 5445?,7914
What is 36 plus 82?,118
What is 26214 plus 82201?,108415
What is 98 plus 70?,168
What is 93 plus 99?,192
What is 46 plus 32?,78
What is 5844 plus 3295?,9139
What is 299 plus 749?,1048
What is 62 plus 19?,81
What is 856 plus 259?,1115
What is 460 plus 778?,1238
What is 34 plus 24?,58
What is 902 plus 697?,1599
What is 14755 plus 41129?,55884
What is 50334 plus 11013?,61347
What is 127 plus 385?,512
What is 81728 plus 71393?,153121
What is 36 plus 96?,132
What is 66292 plus 69245?,135537
What is 74 plus 62?,136
What is 129 plus 478?,607
What is 10196 plus 35639?,45835
What is 434 plus 993?,1427
What is 44470 plus 25491?,69961
What is 35355 plus 41861?,77216
What is 9959 plus 8112?,18071
What is 35 plus 38?,73
What is 33 plus 25?,58
What is 23754 plus 65177?,88931
What is 87557 plus 79196?,166753
What is 20975 plus 95027?,116002
What is 985 plus 824?,1809
What is 61 plus 65?,126
What is 2604 plus 1865?,4469
What is 737 plus 971?,1708
What is 9659 plus 8440?,18099
What is 36878 plus 66060?,102938
What is 645 plus 857?,1502
What is 83 plus 24?,107
What is 86397 plus 92794?,179191
What is 177 plus 429?,606
What is 46 plus 81?,127
What is 704 plus 221?,925
What is 16 plus 52?,68
What is 172 plus 704?,876
What is 572 plus 608?,1180
What is 3437 plus 8092?,11529
What is 10 plus 24?,34
What is 134 plus 864?,998
What is 73 plus 73?,146
What is 91 plus 11?,102
What is 40 plus 30?,70
What is 27 plus 80?,107
What is 22 plus 70?,92
What is 7894 plus 5253?,13147
What is 5664 plus 4605?,10269
What is 6669 plus 7939?,14608
What is 362 plus 905?,1267
What is 8379 plus 3259?,11638
What is 36124 plus 51437?,87561
What is 15 plus 75?,90
What is 832 plus 443?,1275
What is 751 plus 415?,1166
What is 30 plus 67?,97
What is 6878 plus 1150?,8028
What is 28 plus 85?,113
What is 275 plus 807?,1082
What is 91 plus 53?,144
What is 63595 plus 23830?,87425
What is 298 plus 322?,620
What is 6988 plus 2673?,9661
What is 5518 plus 9238?,14756
What is 64744 plus 86996?,151740
What is 91704 plus 76348?,168052
What is 34 plus 33?,67
What is 753 plus 632?,1385
What is 3183 plus 1016?,4199
What is 47908 plus 38519?,86427
What is 56649 plus 74570?,131219
What is 8576 plus 9768?,18344
What is 15 plus 77?,92
What is 493 plus 823?,1316
What is 98 plus 20?,118
What is 8686 plus 3321?,12007
What is 315 plus 567?,882
What is 9091 plus 5997?,15088
What is 8609 plus 2233?,10842
What is 67765 plus 63507?,131272
What is 8260 plus 9596?,17856
What is 46378 plus 84434?,130812
What is 9994 plus 5954?,15948
What is 88614 plus 81347?,169961
What is 24 plus 20?,44
What is 1660 plus 3178?,4838
What is 26 plus 98?,124
What is 4310 plus 4428?,8738
What is 1912 plus 9487?,11399
What is 11571 plus 97484?,109055
What is 677 plus 518?,1195
What is 70820 plus 30400?,101220
What is 416 plus 904?,1320
What is 3877 plus 8271?,12148
What is 40 plus 50?,90
What is 2194 plus 9489?,11683
What is 876 plus 589?,1465
What is 73 plus 47?,120
What is 996 plus 651?,1647
What is 258 plus 294?,552
What is 82310 plus 63169?,145479
What is 51154 plus 28224?,79378
What is 5120 plus 3725?,8845
What is 36 plus 53?,89
What is 57 plus 42?,99
What is 92 plus 74?,166
What is 84857 plus 41868?,126725
What is 3282 plus 7131?,10413
What is 34090 plus 94446?,128536
What is 96 plus 30?,126
What is 7064 plus 3012?,10076
What is 38925 plus 76332?,115257
What is 9504 plus 6072?,15576
What is 2194 plus 1243?,3437
What is 5694 plus 7583?,13277
What is 20371 plus 16219?,36590
What is 97 plus 35?,132
What is 60 plus 90?,150
What is 16 plus 59?,75
What is 5062 plus 1491?,6553
What is 74 plus 92?,166
What is 589 plus 291?,880
What is 94 plus 61?,155
What is 56332 plus 54556?,110888
What is 51666 plus 10537?,62203
What is 76 plus 99?,175
What is 75983 plus 25044?,101027
What is 80056 plus 49898?,129954
What is 5728 plus 9303?,15031
What is 35996 plus 70826?,106822
What is 15 plus 60?,75
What is 11743 plus 17082?,28825
What is 64 plus 75?,139
What is 655 plus 163?,818
What is 2849 plus 9982?,12831
What is 918 plus 944?,1862
What is 612 plus 121?,733
What is 618 plus 181?,799
What is 1853 plus 1952?,3805
What is 17 plus 43?,60
What is 382 plus 702?,1084
What is 35360 plus 88149?,123509
What is 487 plus 154?,641
What is 3178 plus 5447?,8625
What is 948 plus 563?,1511
What is 52 plus 38?,90
What is 80999 plus 88906?,169905
What is 38 plus 28?,66
What is 9438 plus 9686?,19124
What is 45493 plus 93565?,139058
What is 36 plus 83?,119
What is 53 plus 78?,131
What is 60780 plus 46147?,106927
What is 513 plus 491?,1004
What is 50 plus 20?,70
What is 86 plus 20?,106
What is 34382 plus 65747?,100129
What is 21 plus 24?,45
What is 26516 plus 75747?,102263
What is 83635 plus 25817?,109452
What is 310 plus 381?,691
What is 58 plus 11?,69
What is 977 plus 891?,1868
What is 9805 plus 8095?,17900
What is 1736 plus 7802?,9538
What is 76284 plus 35739?,112023
What is 91195 plus 89905?,181100
What is 13581 plus 89544?,103125
What is 770 plus 849?,1619
What is 24 plus 31?,55
What is 518 plus 580?,1098
What is 4467 plus 1510?,5977
What is 874 plus 241?,1115
What is 8835 plus 7300?,16135
What is 61 plus 19?,80
What is 10 plus 90?,100
What is 19 plus 75?,94
What is 39972 plus 81382?,121354
What is 200 plus 478?,678
What is 236 plus 340?,576
What is 6634 plus 2225?,8859
What is 69394 plus 77469?,146863
What is 76920 plus 76630?,153550
What is 27 plus 85?,112
What is 2214 plus 1916?,4130
What is 78215 plus 98047?,176262
What is 5693 plus 9963?,15656
What is 93320 plus 12135?,105455
What is 74780 plus 77915?,152695
What is 338 plus 448?,786
What is 5411 plus 6926?,12337
What is 41 plus 13?,54
What is 538 plus 946?,1484
What is 86 plus 46?,132
What is 41 plus 91?,132
What is 832 plus 863?,1695
What is 73130 plus 80696?,153826
What is 99907 plus 63878?,163785
What is 25 plus 82?,107
What is 29537 plus 60641?,90178
What is 75 plus 11?,86
What is 15 plus 23?,38
What is 76913 plus 34683?,111596
What is 35 plus 92?,127
What is 394 plus 111?,505
What is 12 plus 28?,40
What is 6892 plus 1906?,8798
What is 623 plus 819?,1442
What is 53 plus 50?,103
What is 7829 plus 3791?,11620
What is 75 plus 62?,137
What is 27030 plus 63133?,90163
What is 72732 plus 34490?,107222
What is 5189 plus 5546?,10735
What is 667 plus 734?,1401
What is 50 plus 69?,119
What is 34 plus 42?,76
What is 2348 plus 3084?,5432
What is 16688 plus 27927?,44615
What is 37912 plus 98667?,136579
What is 94 plus 18?,112
What is 36944 plus 67691?,104635
What is 320 plus 189?,509
What is 27 plus 75?,102
What is 358 plus 540?,898
What is 83147 plus 14088?,97235
What is 5526 plus 7751?,13277
What is 33134 plus 50418?,83552
What is 55 plus 74?,129
What is 8897 plus 5548?,14445
What is 66020 plus 13846?,79866
What is 448 plus 262?,710
What is 5901 plus 3103?,9004
What is 340 plus 449?,789
What is 8156 plus 9769?,17925
What is 28 plus 60?,88
What is 96614 plus 40334?,136948
What is 568 plus 198?,766
What is 54214 plus 62693?,116907
What is 35323 plus 39999?,75322
What is 5079 plus 7028?,12107
What is 6321 plus 7867?,14188
What is 4855 plus 1158?,6013
What is 831 plus 172?,1003
What is 23322 plus 22359?,45681
What is 97 plus 73?,170
What is 83 plus 75?,158
What is 90464 plus 71451?,161915
What is 5272 plus 4649?,9921
What is 169 plus 580?,749
What is 4053 plus 2845?,6898
What is 604 plus 368?,972
What is 1584 plus 2006?,3590
What is 58 plus 94?,152
What is 63 plus 88?,151
What is 89321 plus 17972?,107293
What is 84 plus 15?,99
What is 752 plus 218?,970
What is 1646 plus 5064?,6710
What is 3827 plus 4358?,8185
What is 626 plus 461?,1087
What is 71 plus 27?,98
What is 437 plus 114?,551
What is 9262 plus 3605?,12867
What is 83 plus 25?,108
What is 3747 plus 6084?,9831
What is 81 plus 44?,125
What is 65295 plus 88486?,153781
What is 398 plus 849?,1247
What is 23 plus 81?,104
What is 13466 plus 83830?,97296
What is 81 plus 65?,146
What is 977 plus 919?,1896
What is 787 plus 509?,1296
What is 189 plus 948?,1137
What is 632 plus 381?,1013
What is 897 plus 875?,1772
What is 4106 plus 4239?,8345
What is 6985 plus 3768?,10753
What is 402 plus 138?,540
What is 12 plus 23?,35
What is 942 plus 117?,1059
What is 94 plus 62?,156
What is 40972 plus 92595?,133567
What is 530 plus 979?,1509
What is 648 plus 940?,1588
What is 466 plus 778?,1244
What is 34935 plus 61006?,95941
What is 57 plus 40?,97
What is 64661 plus 72509?,137170
What is 15245 plus 47554?,62799
What is 36415 plus 84025?,120440
What is 459 plus 893?,1352
What is 875 plus 265?,1140
What is 692 plus 572?,1264
What is 39607 plus 87348?,126955
What is 27 plus 34?,61
What is 44115 plus 48668?,92783
What is 28995 plus 65675?,94670
What is 574 plus 883?,1457
What is 167 plus 556?,723
What is 12361 plus 46628?,58989
What is 2646 plus 7014?,9660
What is 1868 plus 8901?,10769
What is 203 plus 165?,368
What is 24626 plus 47766?,72392
What is 90541 plus 73530?,164071
What is 495 plus 345?,840
What is 2540 plus 7531?,10071
What is 2934 plus 4933?,7867
What is 41 plus 53?,94
What is 49 plus 43?,92
What is 149 plus 862?,1011
What is 68839 plus 72915?,141754
What is 53 plus 19?,72
What is 6728 plus 7113?,13841
What is 7055 plus 9113?,16168
What is 37649 plus 64395?,102044
What is 88454 plus 18036?,106490
What is 16900 plus 92483?,109383
What is 976 plus 842?,1818
What is 948 plus 423?,1371
What is 79194 plus 35861?,115055
What is 1837 plus 7404?,9241
What is 2765 plus 5430?,8195
What is 23 plus 49?,72
What is 1035 plus 2070?,3105
What is 1971 plus 7778?,9749
What is 74 plus 17?,91
What is 8349 plus 8003?,16352
What is 488 plus 252?,740
What is 653 plus 560?,1213
What is 35 plus 54?,89
What is 12 plus 84?,96
What is 49664 plus 50837?,100501
What is 6006 plus 9852?,15858
What is 23400 plus 13807?,37207
What is 2136 plus 9985?,12121
What is 2689 plus 6912?,9601
What is 475 plus 746?,1221
What is 2449 plus 5870?,8319
What is 430 plus 986?,1416
What is 882 plus 212?,1094
What is 8920 plus 1564?,10484
What is 23 plus 11?,34
What is 999 plus 419?,1418
What is 293 plus 590?,883
What is 6552 plus 9183?,15735
What is 3966 plus 6469?,10435
What is 80522 plus 97735?,178257
What is 397 plus 137?,534
What is 180 plus 614?,794
What is 4665 plus 6286?,10951
What is 17 plus 70?,87
What is 183 plus 360?,543
What is 8846 plus 8758?,17604
What is 27407 plus 97689?,125096
What is 50991 plus 77600?,128591
What is 1672 plus 5614?,7286
What is 27 plus 30?,57
What is 35 plus 35?,70
What is 83880 plus 52544?,136424
What is 86462 plus 16352?,102814
What is 177 plus 490?,667
What is 641 plus 338?,979
What is 5041 plus 2249?,7290
What is 79 plus 47?,126
What is 3336 plus 2119?,5455
What is 894 plus 502?,1396
What is 94410 plus 56165?,150575
What is 90 plus 62?,152
What is 852 plus 697?,1549
What is 48848 plus 97187?,146035
What is 262 plus 570?,832
What is 43 plus 86?,129
What is 19448 plus 24573?,44021
What is 513 plus 528?,1041
What is 89097 plus 18280?,107377
What is 4752 plus 3358?,8110
What is 1537 plus 6053?,7590
What is 76 plus 19?,95
What is 4812 plus 9932?,14744
What is 244 plus 305?,549
What is 30459 plus 72881?,103340
What is 82 plus 51?,133
What is 36 plus 92?,128
What is 95 plus 65?,160
What is 47 plus 85?,132
What is 6644 plus 8414?,15058
What is 455 plus 581?,1036
What is 271 plus 260?,531
What is 5412 plus 7989?,13401
What is 6097 plus 2811?,8908
What is 85579 plus 44544?,130123
What is 587 plus 814?,1401
What is 1131 plus 7047?,8178
What is 56718 plus 79418?,136136
What is 75450 plus 62397?,137847
What is 19 plus 28?,47
What is 458 plus 533?,991
What is 69316 plus 97372?,166688
What is 257 plus 156?,413
What is 57 plus 15?,72
What is 48438 plus 84246?,132684
What is 11 plus 71?,82
What is 957 plus 414?,1371
What is 82 plus 68?,150
What is 477 plus 356?,833
What is 99469 plus 51634?,151103
What is 6434 plus 3664?,10098
What is 56652 plus 56699?,113351
What is 14 plus 27?,41
What is 7272 plus 8058?,15330
What is 33452 plus 94699?,128151
What is 37771 plus 88642?,126413
What is 15383 plus 23945?,39328
What is 692 plus 172?,864
What is 7554 plus 5154?,12708
What is 26 plus 12?,38
What is 421 plus 904?,1325
What is 3505 plus 7323?,10828
What is 89 plus 86?,175
What is 77410 plus 43085?,120495
What is 418 plus 224?,642
What is 7148 plus 3048?,10196
What is 72 plus 63?,135
What is 717 plus 947?,1664
What is 621 plus 110?,731
What is 51 plus 83?,134
What is 2562 plus 9291?,11853
What is 54021 plus 36638?,90659
What is 920 plus 800?,1720
What is 6113 plus 7910?,14023
What is 44705 plus 10974?,55679
What is 29 plus 74?,103
What is 4557 plus 8710?,13267
What is 32180 plus 32466?,64646
What is 940 plus 213?,1153
What is 9901 plus 1866?,11767
What is 4581 plus 4145?,8726
What is 7976 plus 6005?,13981
What is 22307 plus 73618?,95925
What is 67 plus 21?,88
What is 692 plus 185?,877
What is 412 plus 170?,582
What is 27 plus 98?,125
What is 7590 plus 9519?,17109
What is 476 plus 926?,1402
What is 442 plus 788?,1230
What is 684 plus 193?,877
What is 60 plus 85?,145
What is 8231 plus 8078?,16309
What is 831 plus 409?,1240
What is 2994 plus 4716?,7710
What is 4760 plus 9599?,14359
What is 7819 plus 8297?,16116
What is 87 plus 71?,158
What is 5078 plus 4081?,9159
What is 753 plus 924?,1677
What is 929 plus 470?,1399
What is 350 plus 852?,1202
What is 167 plus 433?,600
What is 79490 plus 22299?,101789
What is 810 plus 374?,1184
What is 156 plus 398?,554
What is 66 plus 76?,142
What is 65028 plus 46503?,111531
What is 91502 plus 80191?,171693
What is 47 plus 72?,119
What is 32858 plus 89410?,122268
What is 43652 plus 54463?,98115
What is 20 plus 34?,54
What is 67 plus 16?,83
What is 31 plus 63?,94
What is 31826 plus 94653?,126479
What is 42 plus 15?,57
What is 609 plus 664?,1273
What is 80753 plus 16445?,97198
What is 6722 plus 9032?,15754
What is 285 plus 989?,1274
What is 580 plus 473?,1053
What is 90 plus 75?,165
What is 99 plus 42?,141
What is 1374 plus 1326?,2700
What is 54879 plus 66304?,121183
What is 77195 plus 58467?,135662
What is 924 plus 856?,1780
What is 417 plus 295?,712
What is 1011 plus 5945?,6956
What is 23 plus 18?,41
What is 1003 plus 1714?,2717
What is 3549 plus 5074?,8623
What is 578 plus 239?,817
What is 2260 plus 8517?,10777
What is 88226 plus 70469?,158695
What is 2438 plus 8014?,10452
What is 47810 plus 97099?,144909
What is 342 plus 761?,1103
What is 55 plus 31?,86
What is 3832 plus 4879?,8711
What is 62 plus 78?,140
What is 733 plus 632?,1365
What is 27201 plus 43126?,70327
What is 627 plus 675?,1302
What is 66 plus 62?,128
What is 67 plus 24?,91
What is 769 plus 828?,1597
What is 74 plus 50?,124
What is 17 plus 94?,111
What is 92 plus 75?,167
What is 58054 plus 61990?,120044
What is 89 plus 69?,158
What is 24811 plus 81368?,106179
What is 65 plus 10?,75
What is 82 plus 65?,147
What is 76 plus 54?,130
What is 5135 plus 5769?,10904
What is 90 plus 63?,153
What is 38827 plus 21574?,60401
What is 4749 plus 6006?,10755
What is 92 plus 19?,111
What is 626 plus 169?,795
What is 63943 plus 41968?,105911
What is 871 plus 698?,1569
What is 6792 plus 2747?,9539
What is 368 plus 739?,1107
What is 4044 plus 8049?,12093
What is 826 plus 769?,1595
What is 84776 plus 82983?,167759
What is 56245 plus 68719?,124964
What is 225 plus 971?,1196
What is 30989 plus 73709?,104698
What is 997 plus 674?,1671
What is 81 plus 37?,118
What is 11 plus 83?,94
What is 61 plus 41?,102
What is 218 plus 986?,1204
What is 53 plus 90?,143
What is 5133 plus 6850?,11983
What is 82267 plus 75509?,157776
What is 95 plus 22?,117
What is 51324 plus 66105?,117429
What is 20 plus 93?,113
What is 9571 plus 6418?,15989
What is 11 plus 79?,90
What is 108 plus 944?,1052
What is 258 plus 227?,485
What is 93619 plus 98206?,191825
What is 90 plus 47?,137
What is 27094 plus 69701?,96795
What is 85 plus 77?,162
What is 2673 plus 5888?,8561
What is 83 plus 11?,94
What is 51 plus 68?,119
What is 33177 plus 34970?,68147
What is 67 plus 44?,111
What is 7393 plus 8719?,16112
What is 5663 plus 4504?,10167
What is 428 plus 526?,954
What is 479 plus 125?,604
What is 5668 plus 6342?,12010
What is 47890 plus 44915?,92805
What is 14 plus 70?,84
What is 201 plus 453?,654
What is 52330 plus 64702?,117032
What is 389 plus 288?,677
What is 41295 plus 98283?,139578
What is 7666 plus 9653?,17319
What is 125 plus 896?,1021
What is 65 plus 81?,146
What is 48450 plus 13181?,61631
What is 52 plus 79?,131
What is 5563 plus 9110?,14673
What is 41750 plus 72520?,114270
What is 31 plus 49?,80
What is 54 plus 56?,110
What is 45 plus 80?,125
What is 63464 plus 63584?,127048
What is 7281 plus 2906?,10187
What is 71 plus 76?,147
What is 7195 plus 9755?,16950
What is 664 plus 330?,994
What is 7780 plus 4094?,11874
What is 81 plus 82?,163
What is 80712 plus 82691?,163403
What is 4751 plus 6046?,10797
What is 90 plus 45?,135
What is 966 plus 854?,1820
What is 58422 plus 69906?,128328
What is 76 plus 73?,149
What is 864 plus 331?,1195
What is 6235 plus 7723?,13958
What is 23 plus 11?,34
What is 2632 plus 3811?,6443
What is 5415 plus 7117?,12532
What is 2913 plus 2618?,5531
What is 78 plus 86?,164
What is 46958 plus 53592?,100550
What is 5943 plus 4232?,10175
What is 46855 plus 99354?,146209
What is 35653 plus 82640?,118293
What is 2545 plus 4635?,7180
What is 682 plus 774?,1456
What is 80038 plus 79332?,159370
What is 52208 plus 40137?,92345
What is 58567 plus 37072?,95639
What is 3139 plus 1874?,5013
What is 87263 plus 58308?,145571
What is 9214 plus 6245?,15459
What is 74 plus 69?,143
What is 19 plus 36?,55
What is 81 plus 16?,97
What is 114 plus 109?,223
What is 14996 plus 96226?,111222
What is 62 plus 10?,72
What is 74451 plus 15904?,90355
What is 73907 plus 83532?,157439
What is 332 plus 667?,999
What is 3367 plus 4224?,7591
What is 49 plus 15?,64
What is 71 plus 37?,108
What is 44 plus 85?,129
What is 1295 plus 2795?,4090
What is 2576 plus 8381?,10957
What is 9288 plus 6147?,15435
What is 73199 plus 82721?,155920
What is 22 plus 62?,84
What is 370 plus 579?,949
What is 85 plus 24?,109
What is 73792 plus 92391?,166183
What is 523 plus 889?,1412
What is 8612 plus 3810?,12422
What is 2625 plus 1792?,4417
What is 53 plus 77?,130
What is 77 plus 87?,164
What is 47 plus 30?,77
What is 76 plus 73?,149
What is 6208 plus 3086?,9294
What is 30 plus 80?,110
What is 36763 plus 43997?,80760
What is 75 plus 38?,113
What is 21123 plus 62449?,83572
What is 30827 plus 12586?,43413
What is 86515 plus 33797?,120312
What is 5545 plus 8106?,13651
What is 648 plus 875?,1523
What is 4504 plus 9317?,13821
What is 5169 plus 3849?,9018
What is 269 plus 640?,909
What is 29 plus 22?,51
What is 832 plus 921?,1753
What is 69831 plus 81853?,151684
What is 16 plus 83?,99
What is 30856 plus 66652?,97508
What is 43 plus 70?,113
What is 741 plus 885?,1626
What is 1059 plus 4897?,5956
What is 45021 plus 43704?,88725
What is 918 plus 807?,1725
What is 3097 plus 9625?,12722
What is 45450 plus 91005?,136455
What is 70889 plus 70302?,141191
What is 40351 plus 60342?,100693
What is 89 plus 54?,143
What is 20 plus 93?,113
What is 36445 plus 61247?,97692
What is 4740 plus 3888?,8628
What is 47726 plus 94382?,142108
What is 9916 plus 1260?,11176
What is 23639 plus 45948?,69587
What is 8756 plus 1364?,10120
What is 2878 plus 3812?,6690
What is 641 plus 780?,1421
What is 9726 plus 3074?,12800
What is 55081 plus 92119?,147200
What is 33 plus 95?,128
What is 134 plus 340?,474
What is 61214 plus 51789?,113003
What is 428 plus 633?,1061
What is 861 plus 359?,1220
What is 1529 plus 7115?,8644
What is 14262 plus 62724?,76986
What is 931 plus 672?,1603
What is 575 plus 200?,775
What is 72 plus 19?,91
What is 3645 plus 8157?,11802
What is 21678 plus 62511?,84189
What is 7852 plus 6763?,14615
What is 5939 plus 9261?,15200
What is 6146 plus 1809?,7955
What is 7308 plus 9160?,16468
What is 194 plus 707?,901
What is 63 plus 61?,124
What is 5783 plus 7604?,13387
What is 562 plus 487?,1049
What is 812 plus 212?,1024
What is 981 plus 173?,1154
What is 4747 plus 3731?,8478
What is 710 plus 978?,1688
What is 8164 plus 1414?,9578
What is 4064 plus 6203?,10267
What is 41079 plus 65669?,106748
What is 74105 plus 41221?,115326
What is 50052 plus 20064?,70116
What is 23 plus 41?,64
What is 4038 plus 6414?,10452
What is 93 plus 99?,192
What is 565 plus 717?,1282
What is 88917 plus 20206?,109123
What is 362 plus 558?,920
What is 1041 plus 5330?,6371
What is 12 plus 42?,54
What is 2059 plus 7838?,9897
What is 706 plus 247?,953
What is 1871 plus 7144?,9015
What is 65861 plus 82476?,148337
What is 324 plus 210?,534
What is 10 plus 98?,108
What is 85 plus 19?,104
What is 94 plus 20?,114
What is 51296 plus 22133?,73429
What is 991 plus 164?,1155
What is 62810 plus 98507?,161317
What is 704 plus 827?,1531
What is 385 plus 169?,554
What is 44 plus 70?,114
What is 5237 plus 9710?,14947
What is 2714 plus 8148?,10862
What is 93379 plus 47662?,141041
What is 4341 plus 9132?,13473
What is 63 plus 71?,134
What is 92699 plus 43291?,135990
What is 45 plus 37?,82
What is 3105 plus 5572?,8677
What is 82 plus 72?,154
What is 98 plus 55?,153
What is 1715 plus 8250?,9965
What is 28 plus 90?,118
What is 8416 plus 1315?,9731
What is 59 plus 67?,126
What is 21043 plus 33883?,54926
What is 88283 plus 16330?,104613
What is 58571 plus 52420?,110991
What is 38 plus 58?,96
What is 87 plus 32?,119
What is 82130 plus 18176?,100306
What is 6240 plus 5525?,11765
What is 547 plus 174?,721
What is 771 plus 672?,1443
What is 58110 plus 51917?,110027
What is 7946 plus 9831?,17777
What is 69458 plus 60326?,129784
What is 893 plus 380?,1273
What is 1176 plus 8923?,10099
What is 706 plus 621?,1327
What is 306 plus 954?,1260
What is 80865 plus 35128?,115993
What is 8973 plus 3773?,12746
What is 38561 plus 22503?,61064
What is 6695 plus 9999?,16694
What is 9465 plus 6298?,15763
What is 745 plus 436?,1181
What is 79 plus 98?,177
What is 850 plus 954?,1804
What is 51 plus 32?,83
What is 92256 plus 52516?,144772
What is 79859 plus 27569?,107428
What is 2810 plus 3734?,6544
What is 8732 plus 2360?,11092
What is 27490 plus 94098?,121588
What is 63762 plus 16621?,80383
What is 589 plus 630?,1219
What is 25 plus 75?,100
What is 363 plus 551?,914
What is 33987 plus 96219?,130206
What is 1481 plus 1589?,3070
What is 1758 plus 2870?,4628
What is 19 plus 16?,35
What is 84 plus 28?,112
What is 8539 plus 4159?,12698
What is 289 plus 378?,667
What is 84 plus 76?,160
What is 69 plus 13?,82
What is 9741 plus 6674?,16415
What is 99601 plus 86032?,185633
What is 24 plus 76?,100
What is 53 plus 62?,115
What is 822 plus 701?,1523
What is 522 plus 804?,1326
What is 84381 plus 26256?,110637
What is 657 plus 951?,1608
What is 86988 plus 72537?,159525
What is 80 plus 75?,155
What is 50 plus 23?,73
What is 47860 plus 96091?,143951
What is 46032 plus 91422?,137454
What is 823 plus 874?,1697
What is 1819 plus 7540?,9359
What is 25 plus 32?,57
What is 275 plus 890?,1165
What is 219 plus 748?,967
What is 9661 plus 1253?,10914
What is 491 plus 370?,861
What is 71415 plus 46190?,117605
What is 891 plus 105?,996
What is 122 plus 567?,689
What is 71 plus 77?,148
What is 17 plus 66?,83
What is 98 plus 58?,156
What is 33 plus 55?,88
What is 24081 plus 28247?,52328
What is 80133 plus 72689?,152822
What is 3846 plus 2376?,6222
What is 44 plus 80?,124
What is 31 plus 78?,109
What is 62870 plus 71238?,134108
What is 7342 plus 4827?,12169
What is 363 plus 129?,492
What is 1297 plus 6711?,8008
What is 980 plus 660?,1640
What is 334 plus 395?,729
What is 86099 plus 57007?,143106
What is 52073 plus 86947?,139020
What is 31 plus 18?,49
What is 772 plus 951?,1723
What is 9874 plus 6957?,16831
What is 25034 plus 68676?,93710
What is 55602 plus 46269?,101871
What is 7302 plus 8260?,15562
What is 96882 plus 46023?,142905
What is 77 plus 20?,97
What is 833 plus 893?,1726
What is 25 plus 11?,36
What is 18 plus 31?,49
What is 346 plus 427?,773
What is 193 plus 129?,322
What is 44 plus 94?,138
What is 7754 plus 3137?,10891
What is 2109 plus 7109?,9218
What is 5299 plus 5686?,10985
What is 421 plus 960?,1381
What is 87719 plus 83990?,171709
What is 536 plus 631?,1167
What is 87 plus 66?,153
What is 59749 plus 14688?,74437
What is 2329 plus 3309?,5638
What is 95 plus 17?,112
What is 83 plus 69?,152
What is 8540 plus 9726?,18266
What is 41404 plus 33216?,74620
What is 6777 plus 5337?,12114
What is 435 plus 527?,962
What is 828 plus 154?,982
What is 67729 plus 81779?,149508
What is 3383 plus 2653?,6036
What is 5850 plus 7484?,13334
What is 72060 plus 69912?,141972
What is 22566 plus 96397?,118963
What is 86 plus 61?,147
What is 34974 plus 30363?,65337
What is 13828 plus 96499?,110327
What is 736 plus 800?,1536
What is 769 plus 249?,1018
What is 829 plus 532?,1361
What is 99613 plus 68907?,168520
What is 485 plus 682?,1167
What is 1734 plus 3135?,4869
What is 330 plus 395?,725
What is 17 plus 69?,86
What is 37 plus 83?,120
What is 80902 plus 30809?,111711
What is 20 plus 94?,114
What is 50 plus 17?,67
What is 5167 plus 9547?,14714
What is 37 plus 70?,107
What is 260 plus 771?,1031
What is 6748 plus 6258?,13006
What is 88 plus 57?,145
What is 190 plus 235?,425
What is 75294 plus 91465?,166759
What is 711 plus 439?,1150
What is 662 plus 311?,973
What is 73916 plus 17823?,91739
What is 82 plus 80?,162
What is 72 plus 47?,119
What is 6174 plus 2328?,8502
What is 70717 plus 19713?,90430
What is 44803 plus 21701?,66504
What is 72060 plus 41541?,113601
What is 13 plus 72?,85
What is 132 plus 896?,1028
What is 586 plus 873?,1459
What is 6539 plus 9924?,16463
What is 4543 plus 2128?,6671
What is 567 plus 270?,837
What is 3899 plus 3020?,6919
What is 1564 plus 6637?,8201
What is 9472 plus 8824?,18296
What is 424 plus 493?,917
What is 33461 plus 78078?,111539
What is 809 plus 992?,1801
What is 7770 plus 3664?,11434
What is 96278 plus 66491?,162769
What is 5100 plus 3824?,8924
What is 71 plus 43?,114
What is 873 plus 511?,1384
What is 834 plus 503?,1337
What is 7059 plus 8319?,15378
What is 58034 plus 76545?,134579
What is 3322 plus 8097?,11419
What is 24692 plus 60816?,85508
What is 844 plus 403?,1247
What is 1054 plus 6266?,7320
What is 21 plus 47?,68
What is 986 plus 379?,1365
What is 39880 plus 34926?,74806
What is 798 plus 371?,1169
What is 4712 plus 9342?,14054
What is 55 plus 18?,73
What is 96105 plus 35681?,131786
What is 4083 plus 9764?,13847
What is 84 plus 16?,100
What is 97817 plus 68201?,166018
What is 6078 plus 3464?,9542
What is 61 plus 51?,112
What is 85 plus 24?,109
What is 6369 plus 3953?,10322
What is 524 plus 315?,839
What is 24454 plus 23034?,47488
What is 32545 plus 72657?,105202
What is 1841 plus 3069?,4910
What is 65 plus 75?,140
What is 264 plus 623?,887
What is 44989 plus 91444?,136433
What is 16509 plus 13881?,30390
What is 446 plus 202?,648
What is 67026 plus 64215?,131241
What is 60947 plus 24643?,85590
What is 48 plus 31?,79
What is 64629 plus 57101?,121730
What is 63 plus 83?,146
What is 26 plus 24?,50
What is 642 plus 836?,1478
What is 97493 plus 29143?,126636
What is 81625 plus 59917?,141542
What is 448 plus 316?,764
What is 89383 plus 16799?,106182
What is 47400 plus 82910?,130310
What is 2586 plus 8995?,11581
What is 681 plus 685?,1366
What is 8191 plus 9571?,17762
What is 67126 plus 41330?,108456
What is 198 plus 917?,1115
What is 168 plus 735?,903
What is 841 plus 174?,1015
What is 87 plus 71?,158
What is 2486 plus 4521?,7007
What is 91 plus 24?,115
What is 580 plus 490?,1070
What is 88376 plus 93463?,181839
What is 62 plus 20?,82
What is 77971 plus 54608?,132579
What is 6545 plus 8674?,15219
What is 24599 plus 23006?,47605
What is 24034 plus 46750?,70784
What is 2388 plus 6979?,9367
What is 30 plus 13?,43
What is 88 plus 45?,133
What is 427 plus 503?,930
What is 54 plus 69?,123
What is 2834 plus 4678?,7512
What is 29281 plus 53601?,82882
What is 360 plus 790?,1150
What is 19811 plus 66069?,85880
What is 115 plus 103?,218
What is 91505 plus 64213?,155718
What is 592 plus 193?,785
What is 39458 plus 34892?,74350
What is 349 plus 637?,986
What is 91623 plus 32920?,124543
What is 25246 plus 68461?,93707
What is 24401 plus 13666?,38067
What is 64634 plus 74437?,139071
What is 19 plus 32?,51
What is 18 plus 21?,39
What is 3623 plus 3514?,7137
What is 23 plus 24?,47
What is 88 plus 12?,100
What is 4284 plus 1553?,5837
What is 26779 plus 93219?,119998
What is 488 plus 186?,674
What is 25932 plus 25345?,51277
What is 754 plus 375?,1129
What is 7916 plus 9011?,16927
What is 80061 plus 53758?,133819
What is 936 plus 379?,1315
What is 65209 plus 26531?,91740
What is 45 plus 92?,137
What is 9780 plus 6254?,16034
What is 1185 plus 4170?,5355
What is 307 plus 722?,1029
What is 38 plus 16?,54
What is 26755 plus 31699?,58454
What is 65 plus 41?,106
What is 5530 plus 9508?,15038
What is 647 plus 919?,1566
What is 9239 plus 4479?,13718
What is 989 plus 208?,1197
What is 49 plus 63?,112
What is 27 plus 62?,89
What is 73 plus 80?,153
What is 1335 plus 7600?,8935
What is 5901 plus 1905?,7806
What is 87615 plus 26348?,113963
What is 2620 plus 8450?,11070
What is 1998 plus 6565?,8563
What is 211 plus 914?,1125
What is 407 plus 490?,897
What is 31 plus 95?,126
What is 7116 plus 8209?,15325
What is 623 plus 470?,1093
What is 79934 plus 93416?,173350
What is 91752 plus 34081?,125833
What is 174 plus 240?,414
What is 61 plus 23?,84
What is 228 plus 357?,585
What is 334 plus 819?,1153
What is 80992 plus 73288?,154280
What is 3941 plus 7837?,11778
What is 43112 plus 23550?,66662
What is 64599 plus 64367?,128966
What is 468 plus 739?,1207
What is 52 plus 90?,142
What is 74978 plus 95488?,170466
What is 563 plus 131?,694
What is 49 plus 54?,103
What is 96739 plus 24782?,121521
What is 67309 plus 83596?,150905
What is 178 plus 674?,852
What is 58878 plus 55161?,114039
What is 1698 plus 7332?,9030
What is 77 plus 35?,112
What is 71725 plus 89044?,160769
What is 5940 plus 4622?,10562
What is 39753 plus 20634?,60387
What is 300 plus 116?,416
What is 2532 plus 7791?,10323
What is 69104 plus 91048?,160152
What is 5076 plus 9865?,14941
What is 19 plus 92?,111
What is 3515 plus 1364?,4879
What is 12236 plus 55718?,67954
What is 220 plus 223?,443
What is 568 plus 408?,976
What is 25 plus 77?,102
What is 2294 plus 8634?,10928
What is 1812 plus 7362?,9174
What is 407 plus 477?,884
What is 383 plus 332?,715
What is 36 plus 80?,116
What is 929 plus 815?,1744
What is 59 plus 24?,83
What is 2768 plus 3496?,6264
What is 91480 plus 62711?,154191
What is 812 plus 866?,1678
What is 50 plus 15?,65
What is 630 plus 852?,1482
What is 6259 plus 9262?,15521
What is 92 plus 50?,142
What is 58 plus 93?,151
What is 39 plus 30?,69
What is 662 plus 257?,919
What is 660 plus 389?,1049
What is 948 plus 260?,1208
What is 384 plus 227?,611
What is 22 plus 26?,48
What is 52 plus 62?,114
What is 27474 plus 15766?,43240
What is 11272 plus 83189?,94461
What is 21870 plus 77714?,99584
What is 4213 plus 4355?,8568
What is 13 plus 13?,26
What is 5448 plus 3844?,9292
What is 16300 plus 58851?,75151
What is 78017 plus 88821?,166838
What is 953 plus 961?,1914
What is 32 plus 23?,55
What is 69 plus 70?,139
What is 20909 plus 31876?,52785
What is 53 plus 52?,105
What is 397 plus 528?,925
What is 50534 plus 23254?,73788
What is 61255 plus 36424?,97679
What is 77270 plus 33863?,111133
What is 550 plus 482?,1032
What is 774 plus 980?,1754
What is 45934 plus 89000?,134934
What is 1798 plus 7403?,9201
What is 2936 plus 2056?,4992
What is 4386 plus 5601?,9987
What is 722 plus 490?,1212
What is 599 plus 180?,779
What is 45 plus 50?,95
What is 7107 plus 2228?,9335
What is 2005 plus 4593?,6598
What is 7340 plus 7179?,14519
What is 77772 plus 39286?,117058
What is 2129 plus 8046?,10175
What is 50638 plus 88883?,139521
What is 540 plus 421?,961
What is 9580 plus 4067?,13647
What is 9364 plus 8902?,18266
What is 8513 plus 4868?,13381
What is 952 plus 221?,1173
What is 99 plus 53?,152
What is 7277 plus 9478?,16755
What is 5133 plus 7671?,12804
What is 84356 plus 11542?,95898
What is 5978 plus 2406?,8384
What is 47336 plus 78013?,125349
What is 53 plus 91?,144
What is 99733 plus 51323?,151056
What is 585 plus 785?,1370
What is 22262 plus 26139?,48401
What is 613 plus 137?,750
What is 71931 plus 22287?,94218
What is 35 plus 17?,52
What is 90 plus 87?,177
What is 8500 plus 1156?,9656
What is 3329 plus 8577?,11906
What is 62868 plus 97039?,159907
What is 9342 plus 2147?,11489
What is 43 plus 87?,130
What is 601 plus 369?,970
What is 88333 plus 80118?,168451
What is 28 plus 64?,92
What is 82 plus 86?,168
What is 662 plus 646?,1308
What is 7103 plus 7544?,14647
What is 47694 plus 95795?,143489
What is 390 plus 861?,1251
What is 952 plus 751?,1703
What is 37918 plus 15369?,53287
What is 39 plus 16?,55
What is 5038 plus 5966?,11004
What is 9749 plus 8932?,18681
What is 4615 plus 8056?,12671
What is 433 plus 443?,876
What is 8963 plus 8957?,17920
What is 217 plus 202?,419
What is 177 plus 530?,707
What is 7828 plus 5137?,12965
What is 92 plus 13?,105
What is 420 plus 980?,1400
What is 51435 plus 79085?,130520
What is 9846 plus 1140?,10986
What is 23 plus 24?,47
What is 4959 plus 8555?,13514
What is 49535 plus 91357?,140892
What is 4732 plus 7330?,12062
What is 78851 plus 70962?,149813
What is 98 plus 82?,180
What is 86149 plus 43299?,129448
What is 77980 plus 87629?,165609
What is 62320 plus 56470?,118790
What is 48 plus 80?,128
What is 2718 plus 2830?,5548
What is 74 plus 40?,114
What is 70031 plus 75699?,145730
What is 72072 plus 88269?,160341
What is 8089 plus 9893?,17982
What is 9271 plus 7240?,16511
What is 6539 plus 6140?,12679
What is 33178 plus 25783?,58961
What is 28 plus 95?,123
What is 947 plus 885?,1832
What is 98 plus 39?,137
What is 35 plus 33?,68
What is 2806 plus 8565?,11371
What is 92061 plus 31220?,123281
What is 91 plus 33?,124
What is 92381 plus 87752?,180133
What is 96 plus 35?,131
What is 7110 plus 7525?,14635
What is 2875 plus 5832?,8707
What is 487 plus 873?,1360
What is 7376 plus 9977?,17353
What is 3795 plus 4052?,7847
What is 77 plus 68?,145
What is 99582 plus 18579?,118161
What is 42625 plus 28035?,70660
What is 23 plus 16?,39
What is 70 plus 60?,130
What is 592 plus 494?,1086
What is 87 plus 49?,136
What is 120 plus 681?,801
What is 606 plus 744?,1350
What is 154 plus 951?,1105
What is 83 plus 71?,154
What is 93 plus 47?,140
What is 17132 plus 96991?,114123
What is 4621 plus 3361?,7982
What is 685 plus 602?,1287
What is 75 plus 97?,172
What is 58924 plus 45799?,104723
What is 8237 plus 7091?,15328
What is 7930 plus 1308?,9238
What is 224 plus 182?,406
What is 87 plus 78?,165
What is 7015 plus 5871?,12886
What is 714 plus 876?,1590
What is 355 plus 385?,740
What is 5756 plus 6941?,12697
What is 66 plus 16?,82
What is 8634 plus 1022?,9656
What is 9667 plus 5745?,15412
What is 7409 plus 9439?,16848
What is 18 plus 97?,115
What is 73395 plus 28718?,102113
What is 42494 plus 43073?,85567
What is 30724 plus 78770?,109494
What is 71 plus 93?,164
What is 102 plus 443?,545
What is 61709 plus 79088?,140797
What is 47536 plus 56123?,103659
What is 399 plus 338?,737
What is 49331 plus 35645?,84976
What is 27 plus 28?,55
What is 803 plus 699?,1502
What is 7896 plus 7669?,15565
What is 5749 plus 3149?,8898
What is 98 plus 20?,118
What is 422 plus 591?,1013
What is 53 plus 22?,75
What is 720 plus 191?,911
What is 8868 plus 2861?,11729
What is 570 plus 770?,1340
What is 7207 plus 6035?,13242
What is 42037 plus 81496?,123533
What is 2728 plus 1306?,4034
What is 98 plus 17?,115
What is 71 plus 79?,150
What is 1418 plus 4816?,6234
What is 81 plus 97?,178
What is 1223 plus 4090?,5313
What is 68 plus 48?,116
What is 3757 plus 4611?,8368
What is 859 plus 226?,1085
What is 905 plus 651?,1556
What is 3462 plus 1607?,5069
What is 63 plus 33?,96
What is 239 plus 334?,573
What is 80 plus 81?,161
What is 52256 plus 66193?,118449
What is 54 plus 87?,141
What is 43142 plus 91925?,135067
What is 6083 plus 6682?,12765
What is 34003 plus 45915?,79918
What is 478 plus 384?,862
What is 2313 plus 4238?,6551
What is 611 plus 503?,1114
What is 976 plus 904?,1880
What is 64205 plus 27975?,92180
What is 58 plus 65?,123
What is 3033 plus 7112?,10145
What is 46 plus 32?,78
What is 53500 plus 42570?,96070
What is 95937 plus 20214?,116151
What is 42202 plus 53861?,96063
What is 41 plus 90?,131
What is 41 plus 14?,55
What is 4974 plus 4876?,9850
What is 73904 plus 19305?,93209
What is 5948 plus 5227?,11175
What is 5208 plus 1571?,6779
What is 5770 plus 6647?,12417
What is 33 plus 20?,53
What is 45297 plus 98222?,143519
What is 74877 plus 29379?,104256
What is 858 plus 240?,1098
What is 7117 plus 3791?,10908
What is 85461 plus 83923?,169384
What is 24 plus 61?,85
What is 244 plus 385?,629
What is 18 plus 17?,35
What is 396 plus 895?,1291
What is 89547 plus 51463?,141010
What is 19 plus 70?,89
What is 64298 plus 27964?,92262
What is 6768 plus 3293?,10061
What is 68 plus 22?,90
What is 2043 plus 9094?,11137
What is 507 plus 214?,721
What is 89329 plus 43763?,133092
What is 6744 plus 6595?,13339
What is 70 plus 42?,112
What is 6975 plus 4875?,11850
What is 6648 plus 3075?,9723
What is 1919 plus 8776?,10695
What is 71546 plus 92113?,163659
What is 4622 plus 5744?,10366
What is 4108 plus 1472?,5580
What is 68 plus 99?,167
What is 739 plus 681?,1420
What is 66 plus 22?,88
What is 995 plus 352?,1347
What is 58 plus 16?,74
What is 374 plus 694?,1068
What is 590 plus 984?,1574
What is 80 plus 74?,154
What is 92 plus 57?,149
What is 193 plus 356?,549
What is 80836 plus 31470?,112306
What is 55760 plus 10020?,65780
What is 13 plus 21?,34
What is 56347 plus 62403?,118750
What is 25 plus 37?,62
What is 594 plus 120?,714
What is 55 plus 54?,109
What is 11 plus 51?,62
What is 146 plus 337?,483
What is 24945 plus 81367?,106312
What is 3250 plus 1853?,5103
What is 695 plus 751?,1446
What is 30658 plus 38192?,68850
What is 20058 plus 53537?,73595
What is 8352 plus 8399?,16751
What is 64 plus 83?,147
What is 43592 plus 48017?,91609
What is 75878 plus 77198?,153076
What is 840 plus 533?,1373
What is 634 plus 779?,1413
What is 733 plus 333?,1066
What is 21369 plus 65783?,87152
What is 80692 plus 85120?,165812
What is 56 plus 34?,90
What is 560 plus 724?,1284
What is 9046 plus 8603?,17649
What is 15 plus 76?,91
What is 15561 plus 66112?,81673
What is 21 plus 16?,37
What is 8785 plus 2495?,11280
What is 61479 plus 40577?,102056
What is 12568 plus 42443?,55011
What is 47377 plus 92009?,139386
What is 7549 plus 3523?,11072
What is 28 plus 73?,101
What is 54376 plus 80956?,135332
What is 53126 plus 83595?,136721
What is 74 plus 23?,97
What is 18359 plus 42789?,61148
What is 678 plus 836?,1514
What is 85 plus 48?,133
What is 73 plus 64?,137
What is 40 plus 68?,108
What is 11411 plus 58018?,69429
What is 138 plus 798?,936
What is 9607 plus 4575?,14182
What is 99 plus 95?,194
What is 2508 plus 9121?,11629
What is 9283 plus 3237?,12520
What is 93 plus 38?,131
What is 7513 plus 2667?,10180
What is 25921 plus 20001?,45922
What is 37 plus 29?,66
What is 1187 plus 3694?,4881
What is 56393 plus 50062?,106455
What is 2935 plus 4014?,6949
What is 37 plus 48?,85
What is 36243 plus 84803?,121046
What is 18 plus 82?,100
What is 8708 plus 7858?,16566
What is 15 plus 14?,29
What is 94 plus 62?,156
What is 354 plus 948?,1302
What is 812 plus 335?,1147
What is 304 plus 260?,564
What is 58 plus 77?,135
What is 43 plus 42?,85
What is 5053 plus 6883?,11936
What is 78 plus 95?,173
What is 99863 plus 60434?,160297
What is 451 plus 601?,1052
What is 279 plus 441?,720
What is 15 plus 13?,28
What is 63 plus 60?,123
What is 26 plus 67?,93
What is 553 plus 992?,1545
What is 37 plus 45?,82
What is 58942 plus 24899?,83841
What is 387 plus 178?,565
What is 4526 plus 9775?,14301
What is 16692 plus 56350?,73042
What is 5567 plus 8762?,14329
What is 48365 plus 37169?,85534
What is 6904 plus 7972?,14876
What is 24 plus 48?,72
What is 874 plus 508?,1382
What is 81 plus 53?,134
What is 70937 plus 19667?,90604
What is 4745 plus 3827?,8572
What is 18 plus 27?,45
What is 277 plus 497?,774
What is 88 plus 44?,132
What is 73 plus 20?,93
What is 783 plus 848?,1631
What is 7666 plus 8983?,16649
What is 1929 plus 3720?,5649
What is 3177 plus 6132?,9309
What is 919 plus 844?,1763
What is 2794 plus 7999?,10793
What is 6095 plus 3772?,9867
What is 5585 plus 4382?,9967
What is 335 plus 932?,1267
What is 178 plus 302?,480
What is 41341 plus 34659?,76000
What is 77 plus 28?,105
What is 42342 plus 36661?,79003
What is 13 plus 91?,104
What is 53073 plus 34309?,87382
What is 80069 plus 62572?,142641
What is 8117 plus 4998?,13115
What is 9678 plus 5331?,15009
What is 48298 plus 44409?,92707
What is 81 plus 80?,161
What is 98452 plus 54822?,153274
What is 95 plus 96?,191
What is 820 plus 910?,1730
What is 67220 plus 93466?,160686
What is 66756 plus 89169?,155925
What is 50 plus 19?,69
What is 20 plus 46?,66
What is 195 plus 556?,751
What is 65868 plus 16639?,82507
What is 21519 plus 29250?,50769
What is 871 plus 417?,1288
What is 43660 plus 80847?,124507
What is 40258 plus 84758?,125016
What is 24985 plus 87385?,112370
What is 5004 plus 4681?,9685
What is 4328 plus 6433?,10761
What is 16 plus 98?,114
What is 75874 plus 73047?,148921
What is 5842 plus 9450?,15292
What is 53 plus 98?,151
What is 411 plus 973?,1384
What is 498 plus 680?,1178
What is 599 plus 937?,1536
What is 6872 plus 9154?,16026
What is 641 plus 495?,1136
What is 52 plus 56?,108
What is 29756 plus 29296?,59052
What is 59800 plus 56119?,115919
What is 26 plus 36?,62
What is 1723 plus 3975?,5698
What is 219 plus 834?,1053
What is 49 plus 39?,88
What is 284 plus 333?,617
What is 96946 plus 39103?,136049
What is 330 plus 146?,476
What is 440 plus 650?,1090
What is 9709 plus 4376?,14085
What is 3627 plus 7003?,10630
What is 96 plus 36?,132
What is 10146 plus 26862?,37008
What is 55383 plus 91433?,146816
What is 72076 plus 17315?,89391
What is 7094 plus 9225?,16319
What is 829 plus 292?,1121
What is 11685 plus 86600?,98285
What is 26 plus 52?,78
What is 148 plus 504?,652
What is 69346 plus 76555?,145901
What is 78150 plus 17282?,95432
What is 7474 plus 8392?,15866
What is 105 plus 564?,669
What is 334 plus 898?,1232
What is 52891 plus 53230?,106121
What is 44000 plus 42320?,86320
What is 7489 plus 4352?,11841
What is 66633 plus 13834?,80467
What is 710 plus 388?,1098
What is 83035 plus 42267?,125302
What is 8510 plus 8693?,17203
What is 455 plus 414?,869
What is 65994 plus 31864?,97858
What is 70009 plus 37232?,107241
What is 64 plus 49?,113
What is 833 plus 580?,1413
What is 5126 plus 1216?,6342
What is 3919 plus 9131?,13050
What is 5612 plus 8578?,14190
What is 732 plus 116?,848
What is 16 plus 44?,60
What is 5888 plus 5020?,10908
What is 89829 plus 70674?,160503
What is 275 plus 815?,1090
What is 40 plus 69?,109
What is 28 plus 96?,124
What is 2748 plus 3092?,5840
What is 22306 plus 82606?,104912
What is 74 plus 99?,173
What is 1211 plus 9987?,11198
What is 68536 plus 36349?,104885
What is 613 plus 439?,1052
What is 5062 plus 9774?,14836
What is 605 plus 403?,1008
What is 482 plus 871?,1353
What is 216 plus 768?,984
What is 88668 plus 70271?,158939
What is 95 plus 27?,122
What is 466 plus 843?,1309
What is 403 plus 803?,1206
What is 6596 plus 6925?,13521
What is 8188 plus 4377?,12565
What is 62633 plus 76495?,139128
What is 4628 plus 7307?,11935
What is 379 plus 259?,638
What is 64986 plus 37073?,102059
What is 9327 plus 1978?,11305
What is 39 plus 31?,70
What is 726 plus 493?,1219
What is 19397 plus 60972?,80369
What is 74682 plus 18473?,93155
What is 5094 plus 4277?,9371
What is 5728 plus 9190?,14918
What is 84 plus 43?,127
What is 1420 plus 6028?,7448
What is 6445 plus 3417?,9862
What is 12 plus 36?,48
What is 47313 plus 62364?,109677
What is 217 plus 929?,1146
What is 312 plus 886?,1198
What is 729 plus 981?,1710
What is 6121 plus 4631?,10752
What is 71894 plus 82505?,154399
What is 1551 plus 6135?,7686
What is 1490 plus 9480?,10970
What is 37 plus 29?,66
What is 98696 plus 16279?,114975
What is 455 plus 195?,650
What is 14721 plus 60597?,75318
What is 47 plus 87?,134
What is 59860 plus 76846?,136706
What is 31 plus 56?,87
What is 79 plus 14?,93
What is 984 plus 726?,1710
What is 25030 plus 28225?,53255
What is 42545 plus 28394?,70939
What is 84145 plus 98600?,182745
What is 6975 plus 3057?,10032
What is 90 plus 36?,126
What is 6289 plus 7492?,13781
What is 82 plus 78?,160
What is 25307 plus 46335?,71642
What is 7426 plus 8519?,15945
What is 960 plus 571?,1531
What is 283 plus 177?,460
What is 779 plus 792?,1571
What is 39 plus 80?,119
What is 3422 plus 8925?,12347
What is 3169 plus 4068?,7237
What is 478 plus 596?,1074
What is 96599 plus 31416?,128015
What is 78264 plus 11169?,89433
What is 9150 plus 5150?,14300
What is 38142 plus 11762?,49904
What is 12 plus 94?,106
What is 216 plus 788?,1004
What is 740 plus 420?,1160
What is 566 plus 870?,1436
What is 167 plus 284?,451
What is 41207 plus 11065?,52272
What is 8198 plus 7493?,15691
What is 3427 plus 4171?,7598
What is 65 plus 98?,163
What is 7859 plus 8303?,16162
What is 838 plus 352?,1190
What is 32 plus 98?,130
What is 21 plus 73?,94
What is 91072 plus 86581?,177653
What is 906 plus 799?,1705
What is 6233 plus 4029?,10262
What is 5500 plus 5423?,10923
What is 68748 plus 79188?,147936
What is 5497 plus 8408?,13905
What is 18731 plus 25828?,44559
What is 4708 plus 8068?,12776
What is 43784 plus 95177?,138961
What is 47 plus 85?,132
What is 47624 plus 43848?,91472
What is 384 plus 464?,848
What is 83139 plus 76579?,159718
What is 14 plus 22?,36
What is 26 plus 83?,109
What is 40523 plus 12579?,53102
What is 26 plus 95?,121
What is 66167 plus 91867?,158034
What is 36431 plus 51507?,87938
What is 46880 plus 64490?,111370
What is 40274 plus 85824?,126098
What is 8761 plus 4206?,12967
What is 28038 plus 35898?,63936
What is 1132 plus 9839?,10971
What is 576 plus 251?,827
What is 22672 plus 57183?,79855
What is 932 plus 187?,1119
What is 954 plus 298?,1252
What is 74594 plus 81218?,155812
What is 747 plus 234?,981
What is 77 plus 85?,162
What is 40 plus 22?,62
What is 12 plus 50?,62
What is 7445 plus 9811?,17256
What is 7177 plus 9472?,16649
What is 441 plus 270?,711
What is 4615 plus 9828?,14443
What is 123 plus 890?,1013
What is 8788 plus 3178?,11966
What is 3077 plus 4184?,7261
What is 407 plus 931?,1338
What is 12 plus 70?,82
What is 2702 plus 1007?,3709
What is 1359 plus 1035?,2394
What is 980 plus 516?,1496
What is 887 plus 769?,1656
What is 9692 plus 4758?,14450
What is 74 plus 60?,134
What is 42734 plus 54745?,97479
What is 3921 plus 3531?,7452
What is 23158 plus 13774?,36932
What is 52 plus 12?,64
What is 952 plus 647?,1599
What is 7476 plus 3944?,11420
What is 503 plus 648?,1151
What is 2820 plus 1366?,4186
What is 5647 plus 3695?,9342
What is 59901 plus 24339?,84240
What is 91 plus 38?,129
What is 411 plus 911?,1322
What is 45340 plus 55534?,100874
What is 217 plus 545?,762
What is 5251 plus 9118?,14369
What is 77589 plus 59755?,137344
What is 6209 plus 3121?,9330
What is 2087 plus 9797?,11884
What is 30234 plus 21175?,51409
What is 399 plus 927?,1326
What is 262 plus 415?,677
What is 42664 plus 38186?,80850
What is 61 plus 23?,84
What is 95 plus 22?,117
What is 257 plus 874?,1131
What is 1204 plus 6978?,8182
What is 35162 plus 92220?,127382
What is 57194 plus 87484?,144678
What is 27 plus 54?,81
What is 39 plus 55?,94
What is 4877 plus 9002?,13879
What is 646 plus 370?,1016
What is 97 plus 33?,130
What is 79 plus 73?,152
What is 37959 plus 75129?,113088
What is 331 plus 539?,870
What is 380 plus 694?,1074
What is 61155 plus 76664?,137819
What is 6044 plus 7542?,13586
What is 794 plus 457?,1251
What is 35 plus 72?,107
What is 80136 plus 75363?,155499
What is 2745 plus 1736?,4481
What is 20 plus 15?,35
What is 2143 plus 7902?,10045
What is 8958 plus 7224?,16182
What is 98 plus 38?,136
What is 37066 plus 85127?,122193
What is 5092 plus 7601?,12693
What is 5510 plus 4157?,9667
What is 186 plus 738?,924
What is 22 plus 60?,82
What is 22085 plus 87059?,109144
What is 62 plus 32?,94
What is 34 plus 60?,94
What is 49984 plus 90832?,140816
What is 43299 plus 27094?,70393
What is 21 plus 62?,83
What is 50148 plus 62110?,112258
What is 408 plus 772?,1180
What is 42 plus 62?,104
What is 2288 plus 6570?,8858
What is 20 plus 25?,45
What is 28 plus 12?,40
What is 20 plus 89?,109
What is 76548 plus 19631?,96179
What is 14092 plus 39723?,53815
What is 9106 plus 1243?,10349
What is 79422 plus 99269?,178691
What is 383 plus 784?,1167
What is 67 plus 98?,165
What is 78 plus 88?,166
What is 25713 plus 59452?,85165
What is 33970 plus 41762?,75732
What is 54855 plus 11783?,66638
What is 1225 plus 5482?,6707
What is 61 plus 68?,129
What is 5732 plus 4535?,10267
What is 69566 plus 64391?,133957
What is 60 plus 14?,74
What is 747 plus 963?,1710
What is 32258 plus 44397?,76655
What is 907 plus 336?,1243
What is 345 plus 615?,960
What is 6666 plus 5759?,12425
What is 57532 plus 28715?,86247
What is 460 plus 349?,809
What is 81162 plus 99895?,181057
What is 9201 plus 2405?,11606
What is 9797 plus 5426?,15223
What is 900 plus 255?,1155
What is 512 plus 626?,1138
What is 66174 plus 38589?,104763
What is 532 plus 404?,936
What is 589 plus 905?,1494
What is 758 plus 790?,1548
What is 247 plus 535?,782
What is 19 plus 89?,108
What is 85653 plus 26691?,112344
What is 264 plus 626?,890
What is 8117 plus 3842?,11959
What is 22 plus 64?,86
What is 76064 plus 72797?,148861
What is 482 plus 173?,655
What is 30246 plus 60767?,91013
What is 89 plus 28?,117
What is 317 plus 731?,1048
What is 800 plus 680?,1480
What is 703 plus 613?,1316
What is 35 plus 55?,90
What is 131 plus 775?,906
What is 605 plus 469?,1074
What is 54556 plus 80497?,135053
What is 7600 plus 1583?,9183
What is 26768 plus 11353?,38121
What is 4904 plus 1706?,6610
What is 2356 plus 5522?,7878
What is 58877 plus 44916?,103793
What is 93 plus 96?,189
What is 871 plus 537?,1408
What is 72 plus 80?,152
What is 698 plus 566?,1264
What is 33 plus 95?,128
What is 21596 plus 41895?,63491
What is 383 plus 436?,819
What is 89 plus 17?,106
What is 94003 plus 70451?,164454
What is 8060 plus 1733?,9793
What is 533 plus 297?,830
What is 97857 plus 82512?,180369
What is 19687 plus 25965?,45652
What is 75883 plus 43803?,119686
What is 383 plus 197?,580
What is 24 plus 79?,103
What is 6232 plus 3323?,9555
What is 61 plus 74?,135
What is 47 plus 18?,65
What is 97603 plus 93575?,191178
What is 9969 plus 5530?,15499
What is 303 plus 975?,1278
What is 21187 plus 34799?,55986
What is 7864 plus 2871?,10735
What is 830 plus 847?,1677
What is 70679 plus 69113?,139792
What is 356 plus 454?,810
What is 65105 plus 72723?,137828
What is 966 plus 561?,1527
What is 1361 plus 6283?,7644
What is 73 plus 95?,168
What is 443 plus 686?,1129
What is 75 plus 74?,149
What is 9709 plus 1042?,10751
What is 933 plus 676?,1609
What is 7118 plus 8051?,15169
What is 897 plus 969?,1866
What is 73785 plus 13991?,87776
What is 5457 plus 3682?,9139
What is 6218 plus 9369?,15587
What is 89 plus 37?,126
What is 106 plus 853?,959
What is 74532 plus 16276?,90808
What is 8183 plus 4205?,12388
What is 74 plus 92?,166
What is 73587 plus 28010?,101597
What is 71532 plus 48239?,119771
What is 1994 plus 2611?,4605
What is 7924 plus 5657?,13581
What is 44697 plus 76921?,121618
What is 99 plus 76?,175
What is 95 plus 90?,185
What is 84516 plus 72191?,156707
What is 32119 plus 55372?,87491
What is 865 plus 522?,1387
What is 70120 plus 28819?,98939
What is 6238 plus 3780?,10018
What is 57 plus 81?,138
What is 256 plus 544?,800
What is 484 plus 195?,679
What is 58651 plus 56110?,114761
What is 56 plus 79?,135
What is 86 plus 63?,149
What is 689 plus 212?,901
What is 58558 plus 76149?,134707
What is 6937 plus 5526?,12463
What is 13 plus 51?,64
What is 300 plus 245?,545
What is 54 plus 57?,111
What is 98508 plus 24850?,123358
What is 84 plus 69?,153
What is 196 plus 736?,932
What is 459 plus 804?,1263
What is 2157 plus 4916?,7073
What is 2928 plus 7779?,10707
What is 3634 plus 4322?,7956
What is 6347 plus 1582?,7929
What is 503 plus 578?,1081
What is 39575 plus 37229?,76804
What is 8086 plus 9075?,17161
What is 5381 plus 6042?,11423
What is 63934 plus 95425?,159359
What is 29311 plus 95346?,124657
What is 6070 plus 1397?,7467
What is 1040 plus 2275?,3315
What is 92578 plus 74148?,166726
What is 10 plus 99?,109
What is 99 plus 96?,195
What is 202 plus 512?,714
What is 8911 plus 1315?,10226
What is 22823 plus 43689?,66512
What is 6366 plus 1180?,7546
What is 76329 plus 62138?,138467
What is 29 plus 49?,78
What is 33115 plus 43843?,76958
What is 80 plus 48?,128
What is 56 plus 83?,139
What is 7690 plus 4138?,11828
What is 8656 plus 9497?,18153
What is 13192 plus 32251?,45443
What is 96 plus 84?,180
What is 588 plus 765?,1353
What is 880 plus 988?,1868
What is 5111 plus 8077?,13188
What is 7255 plus 8872?,16127
What is 61821 plus 67369?,129190
What is 9614 plus 7249?,16863
What is 85 plus 30?,115
What is 3428 plus 2484?,5912
What is 381 plus 489?,870
What is 23637 plus 46336?,69973
What is 91 plus 37?,128
What is 23 plus 24?,47
What is 1176 plus 2245?,3421
What is 819 plus 171?,990
What is 8019 plus 6967?,14986
What is 33452 plus 73106?,106558
What is 8764 plus 7045?,15809
What is 8355 plus 8008?,16363
What is 71969 plus 72641?,144610
What is 8324 plus 4516?,12840
What is 2114 plus 3432?,5546
What is 16 plus 54?,70
What is 37383 plus 14241?,51624
What is 5429 plus 9915?,15344
What is 14 plus 45?,59
What is 703 plus 103?,806
What is 46 plus 17?,63
What is 70 plus 80?,150
What is 2046 plus 9594?,11640
What is 695 plus 705?,1400
What is 55 plus 25?,80
What is 9116 plus 2556?,11672
What is 529 plus 771?,1300
What is 1490 plus 5029?,6519
What is 845 plus 867?,1712
What is 213 plus 171?,384
What is 78 plus 95?,173
What is 4954 plus 9989?,14943
What is 5521 plus 9462?,14983
What is 905 plus 440?,1345
What is 153 plus 103?,256
What is 4869 plus 4413?,9282
What is 69 plus 97?,166
What is 8453 plus 4889?,13342
What is 9697 plus 9820?,19517
What is 27974 plus 18076?,46050
What is 76818 plus 32709?,109527
What is 9947 plus 8353?,18300
What is 62357 plus 46843?,109200
What is 9699 plus 7530?,17229
What is 1053 plus 3717?,4770
What is 2765 plus 6037?,8802
What is 560 plus 434?,994
What is 68 plus 35?,103
What is 4244 plus 1732?,5976
What is 22440 plus 43859?,66299
What is 1537 plus 9537?,11074
What is 8380 plus 7893?,16273
What is 89 plus 15?,104
What is 37 plus 61?,98
What is 60447 plus 31271?,91718
What is 80838 plus 58207?,139045
What is 84646 plus 19401?,104047
What is 33227 plus 82282?,115509
What is 586 plus 686?,1272
What is 85 plus 60?,145
What is 11 plus 44?,55
What is 912 plus 969?,1881
What is 119 plus 538?,657
What is 7992 plus 3138?,11130
What is 64491 plus 73837?,138328
What is 24 plus 78?,102
What is 45872 plus 33987?,79859
What is 733 plus 392?,1125
What is 13066 plus 76746?,89812
What is 72 plus 73?,145
What is 896 plus 595?,1491
What is 5976 plus 4605?,10581
What is 36 plus 16?,52
What is 638 plus 573?,1211
What is 97085 plus 40072?,137157
What is 57633 plus 43455?,101088
What is 196 plus 782?,978
What is 31411 plus 97490?,128901
What is 973 plus 282?,1255
What is 541 plus 474?,1015
What is 32 plus 88?,120
What is 13 plus 87?,100
What is 49451 plus 10726?,60177
What is 37 plus 97?,134
What is 9784 plus 7183?,16967
What is 5534 plus 5091?,10625
What is 630 plus 248?,878
What is 131 plus 349?,480
What is 915 plus 461?,1376
What is 14 plus 97?,111
What is 94307 plus 15010?,109317
What is 28166 plus 32333?,60499
What is 88873 plus 84938?,173811
What is 645 plus 449?,1094
What is 230 plus 781?,1011
What is 204 plus 539?,743
What is 273 plus 797?,1070
What is 9553 plus 2303?,11856
What is 96 plus 61?,157
What is 7535 plus 5260?,12795
What is 31054 plus 40983?,72037
What is 81 plus 15?,96
What is 4249 plus 4921?,9170
What is 734 plus 216?,950
What is 35 plus 47?,82
What is 2328 plus 7890?,10218
What is 19 plus 65?,84
What is 25 plus 90?,115
What is 33 plus 79?,112
What is 70 plus 91?,161
What is 94308 plus 51055?,145363
What is 883 plus 603?,1486
What is 392 plus 268?,660
What is 54075 plus 40035?,94110
What is 3151 plus 4159?,7310
What is 75366 plus 65968?,141334
What is 39 plus 84?,123
What is 83 plus 20?,103
What is 5399 plus 1911?,7310
What is 91 plus 46?,137
What is 502 plus 968?,1470
What is 47757 plus 42876?,90633
What is 758 plus 877?,1635
What is 60832 plus 10247?,71079
What is 863 plus 690?,1553
What is 79061 plus 12877?,91938
What is 76888 plus 53375?,130263
What is 33879 plus 28999?,62878
What is 283 plus 181?,464
What is 350 plus 686?,1036
What is 63 plus 42?,105
What is 4994 plus 9080?,14074
What is 954 plus 914?,1868
What is 52379 plus 90798?,143177
What is 1690 plus 8105?,9795
What is 139 plus 789?,928
What is 41 plus 16?,57
What is 8165 plus 2208?,10373
What is 27 plus 21?,48
What is 48 plus 92?,140
What is 9550 plus 9385?,18935
What is 986 plus 819?,1805
What is 50 plus 71?,121
What is 99621 plus 15799?,115420
What is 95453 plus 28754?,124207
What is 44 plus 28?,72
What is 24 plus 42?,66
What is 306 plus 204?,510
What is 1220 plus 4595?,5815
What is 60641 plus 87072?,147713
What is 95 plus 28?,123
What is 8096 plus 1133?,9229
What is 32 plus 82?,114
What is 37 plus 15?,52
What is 51083 plus 39650?,90733
What is 94834 plus 84648?,179482
What is 666 plus 537?,1203
What is 81 plus 29?,110
What is 55952 plus 27791?,83743
What is 57 plus 71?,128
What is 33446 plus 34274?,67720
What is 81634 plus 46944?,128578
What is 80 plus 90?,170
What is 876 plus 229?,1105
What is 731 plus 204?,935
What is 950 plus 175?,1125
What is 29 plus 21?,50
What is 71 plus 91?,162
What is 43476 plus 79728?,123204
What is 33 plus 96?,129
What is 18 plus 74?,92
What is 84 plus 73?,157
What is 94421 plus 43805?,138226
What is 29838 plus 56055?,85893
What is 177 plus 638?,815
What is 843 plus 802?,1645
What is 883 plus 375?,1258
What is 21 plus 34?,55
What is 664 plus 193?,857
What is 46 plus 41?,87
What is 204 plus 762?,966
What is 62 plus 19?,81
What is 117 plus 739?,856
What is 109 plus 336?,445
What is 569 plus 666?,1235
What is 61 plus 73?,134
What is 17 plus 65?,82
What is 680 plus 895?,1575
What is 26 plus 34?,60
What is 66900 plus 44234?,111134
What is 22 plus 29?,51
What is 5860 plus 7272?,13132
What is 79 plus 10?,89
What is 1567 plus 5423?,6990
What is 24 plus 35?,59
What is 57819 plus 68358?,126177
What is 58 plus 17?,75
What is 512 plus 311?,823
What is 6658 plus 2513?,9171
What is 17 plus 11?,28
What is 24682 plus 69779?,94461
What is 94691 plus 75558?,170249
What is 1769 plus 7379?,9148
What is 76080 plus 38647?,114727
What is 476 plus 204?,680
What is 58574 plus 59931?,118505
What is 8122 plus 3670?,11792
What is 16 plus 83?,99
What is 22313 plus 23638?,45951
What is 88919 plus 82460?,171379
What is 958 plus 321?,1279
What is 52477 plus 94090?,146567
What is 440 plus 966?,1406
What is 609 plus 257?,866
What is 4682 plus 7966?,12648
What is 960 plus 249?,1209
What is 9211 plus 2336?,11547
What is 21 plus 90?,111
What is 9668 plus 4387?,14055
What is 8099 plus 4082?,12181
What is 48 plus 55?,103
What is 35 plus 80?,115
What is 19 plus 27?,46
What is 874 plus 778?,1652
What is 2931 plus 5591?,8522
What is 88015 plus 70045?,158060
What is 83 plus 98?,181
What is 38753 plus 35934?,74687
What is 81 plus 47?,128
What is 68 plus 51?,119
What is 20 plus 64?,84
What is 51 plus 53?,104
What is 4473 plus 9986?,14459
What is 16845 plus 73271?,90116
What is 30 plus 84?,114
What is 6348 plus 2756?,9104
What is 41 plus 26?,67
What is 7856 plus 5222?,13078
What is 519 plus 958?,1477
What is 32 plus 78?,110
What is 15 plus 44?,59
What is 158 plus 671?,829
What is 86702 plus 20413?,107115
What is 293 plus 867?,1160
What is 218 plus 403?,621
What is 99 plus 17?,116
What is 39 plus 41?,80
What is 890 plus 703?,1593
What is 59 plus 46?,105
What is 90189 plus 48189?,138378
What is 21356 plus 66887?,88243
What is 71 plus 34?,105
What is 303 plus 869?,1172
What is 1382 plus 5292?,6674
What is 97998 plus 49433?,147431
What is 17 plus 63?,80
What is 11 plus 26?,37
What is 41 plus 59?,100
What is 635 plus 382?,1017
What is 428 plus 136?,564
What is 67 plus 85?,152
What is 45143 plus 18226?,63369
What is 98 plus 16?,114
What is 1695 plus 1358?,3053
What is 205 plus 894?,1099
What is 86 plus 98?,184
What is 2496 plus 6968?,9464
What is 72197 plus 15446?,87643
What is 44061 plus 46922?,90983
What is 218 plus 248?,466
What is 856 plus 620?,1476
What is 8801 plus 5467?,14268
What is 49991 plus 13932?,63923
What is 41 plus 12?,53
What is 856 plus 742?,1598
What is 220 plus 172?,392
What is 23528 plus 60673?,84201
What is 5131 plus 3005?,8136
What is 9401 plus 4413?,13814
What is 442 plus 847?,1289
What is 4730 plus 6101?,10831
What is 283 plus 595?,878
What is 21845 plus 58153?,79998
What is 92 plus 48?,140
What is 39 plus 24?,63
What is 8619 plus 4628?,13247
What is 7108 plus 1278?,8386
What is 7216 plus 8168?,15384
What is 4580 plus 5654?,10234
What is 105 plus 809?,914
What is 295 plus 116?,411
What is 5404 plus 7821?,13225
What is 540 plus 676?,1216
What is 63 plus 85?,148
What is 5397 plus 1833?,7230
What is 84 plus 77?,161
What is 567 plus 676?,1243
What is 505 plus 567?,1072
What is 5064 plus 9167?,14231
What is 33 plus 41?,74
What is 58 plus 75?,133
What is 75807 plus 60644?,136451
What is 87 plus 36?,123
What is 558 plus 424?,982
What is 5389 plus 3972?,9361
What is 48294 plus 49137?,97431
What is 67 plus 60?,127
What is 452 plus 803?,1255
What is 3545 plus 8631?,12176
What is 37 plus 10?,47
What is 17607 plus 81895?,99502
What is 85 plus 40?,125
What is 30444 plus 30978?,61422
What is 26206 plus 94174?,120380
What is 746 plus 971?,1717
What is 5658 plus 6287?,11945
What is 58 plus 48?,106
What is 287 plus 125?,412
What is 15 plus 13?,28
What is 181 plus 380?,561
What is 79090 plus 43734?,122824
What is 99 plus 58?,157
What is 77571 plus 80039?,157610
What is 96 plus 89?,185
What is 36677 plus 15251?,51928
What is 95728 plus 29630?,125358
What is 311 plus 320?,631
What is 71320 plus 67171?,138491
What is 38169 plus 17151?,55320
What is 72 plus 19?,91
What is 103 plus 362?,465
What is 60362 plus 36548?,96910
What is 276 plus 295?,571
What is 664 plus 656?,1320
What is 49 plus 30?,79
What is 7833 plus 7905?,15738
What is 2250 plus 1333?,3583
What is 112 plus 843?,955
What is 5291 plus 1271?,6562
What is 89523 plus 31282?,120805
What is 84072 plus 64536?,148608
What is 96570 plus 27944?,124514
What is 417 plus 606?,1023
What is 1122 plus 9638?,10760
What is 88896 plus 42894?,131790
What is 96 plus 30?,126
What is 117 plus 346?,463
What is 63595 plus 45742?,109337
What is 94 plus 23?,117
What is 26 plus 42?,68
What is 62789 plus 36263?,99052
What is 455 plus 662?,1117
What is 4141 plus 2558?,6699
What is 933 plus 289?,1222
What is 33110 plus 11640?,44750
What is 580 plus 624?,1204
What is 58 plus 87?,145
What is 3681 plus 2555?,6236
What is 1975 plus 9996?,11971
What is 63456 plus 94133?,157589
What is 40 plus 40?,80
What is 50 plus 71?,121
What is 895 plus 663?,1558
What is 2344 plus 9920?,12264
What is 215 plus 815?,1030
What is 3884 plus 5504?,9388
What is 445 plus 717?,1162
What is 877 plus 474?,1351
What is 9261 plus 7619?,16880
What is 44751 plus 29011?,73762
What is 8867 plus 9668?,18535
What is 8247 plus 6958?,15205
What is 795 plus 735?,1530
What is 17494 plus 89025?,106519
What is 753 plus 182?,935
What is 72829 plus 86823?,159652
What is 64674 plus 44127?,108801
What is 2102 plus 9569?,11671
What is 84251 plus 28133?,112384
What is 7562 plus 9730?,17292
What is 489 plus 196?,685
What is 21 plus 70?,91
What is 9736 plus 8643?,18379
What is 53 plus 74?,127
What is 572 plus 353?,925
What is 893 plus 909?,1802
What is 53002 plus 18498?,71500
What is 23 plus 61?,84
What is 1922 plus 8900?,10822
What is 8140 plus 1057?,9197
What is 5370 plus 6456?,11826
What is 1686 plus 5433?,7119
What is 17598 plus 30372?,47970
What is 53760 plus 24598?,78358
What is 39 plus 58?,97
What is 42 plus 25?,67
What is 40 plus 28?,68
What is 83387 plus 16211?,99598
What is 3319 plus 2931?,6250
What is 474 plus 381?,855
What is 2841 plus 7320?,10161
What is 96900 plus 35355?,132255
What is 329 plus 919?,1248
What is 950 plus 388?,1338
What is 954 plus 142?,1096
What is 4968 plus 8854?,13822
What is 42 plus 41?,83
What is 64931 plus 44659?,109590
What is 889 plus 531?,1420
What is 910 plus 906?,1816
What is 96856 plus 74467?,171323
What is 20 plus 19?,39
What is 781 plus 869?,1650
What is 596 plus 844?,1440
What is 64387 plus 78469?,142856
What is 48 plus 23?,71
What is 89 plus 51?,140
What is 1130 plus 7761?,8891
What is 6163 plus 2060?,8223
What is 4130 plus 2405?,6535
What is 4459 plus 8824?,13283
What is 68 plus 77?,145
What is 43 plus 84?,127
What is 1514 plus 3580?,5094
What is 26 plus 19?,45
What is 7603 plus 4685?,12288
What is 652 plus 168?,820
What is 82 plus 10?,92
What is 340 plus 421?,761
What is 53409 plus 54404?,107813
What is 16 plus 20?,36
What is 317 plus 115?,432
What is 59 plus 45?,104
What is 284 plus 482?,766
What is 47901 plus 26090?,73991
What is 73670 plus 97660?,171330
What is 88201 plus 38766?,126967
What is 1435 plus 3800?,5235
What is 70988 plus 57932?,128920
What is 3172 plus 7905?,11077
What is 12638 plus 58618?,71256
What is 3441 plus 5944?,9385
What is 50 plus 52?,102
What is 605 plus 844?,1449
What is 92 plus 27?,119
What is 955 plus 955?,1910
What is 809 plus 133?,942
What is 948 plus 148?,1096
What is 31 plus 10?,41
What is 71 plus 15?,86
What is 515 plus 483?,998
What is 54 plus 95?,149
What is 4571 plus 1856?,6427
What is 7261 plus 3428?,10689
What is 3917 plus 7056?,10973
What is 222 plus 806?,1028
What is 93 plus 54?,147
What is 600 plus 280?,880
What is 1420 plus 5393?,6813
What is 54420 plus 62060?,116480
What is 945 plus 412?,1357
What is 62351 plus 84486?,146837
What is 93285 plus 26700?,119985
What is 94 plus 66?,160
What is 50 plus 46?,96
What is 703 plus 916?,1619
What is 449 plus 184?,633
What is 53037 plus 95997?,149034
What is 209 plus 773?,982
What is 1920 plus 6932?,8852
What is 57 plus 28?,85
What is 346 plus 508?,854
What is 820 plus 910?,1730
What is 89 plus 22?,111
What is 43 plus 71?,114
What is 3561 plus 5008?,8569
What is 633 plus 735?,1368
What is 4705 plus 9044?,13749
What is 45733 plus 87574?,133307
What is 1313 plus 6388?,7701
What is 788 plus 170?,958
What is 76 plus 48?,124
What is 37906 plus 54509?,92415
What is 338 plus 311?,649
What is 1865 plus 7009?,8874
What is 3122 plus 3699?,6821
What is 37580 plus 55227?,92807
What is 53 plus 69?,122
What is 76 plus 15?,91
What is 9731 plus 1670?,11401
What is 6185 plus 1669?,7854
What is 33 plus 49?,82
What is 703 plus 201?,904
What is 89 plus 21?,110
What is 61 plus 51?,112
What is 79127 plus 95106?,174233
What is 44 plus 46?,90
What is 125 plus 521?,646
What is 17 plus 26?,43
What is 320 plus 180?,500
What is 54699 plus 46957?,101656
What is 2371 plus 8176?,10547
What is 86911 plus 67247?,154158
What is 9031 plus 7378?,16409
What is 15308 plus 31459?,46767
What is 516 plus 353?,869
What is 856 plus 128?,984
What is 586 plus 156?,742
What is 84466 plus 81935?,166401
What is 30 plus 47?,77
What is 67 plus 82?,149
What is 49 plus 44?,93
What is 50 plus 19?,69
What is 15 plus 36?,51
What is 74 plus 19?,93
What is 92 plus 71?,163
What is 3305 plus 1373?,4678
What is 50 plus 61?,111
What is 7284 plus 7998?,15282
What is 36186 plus 60310?,96496
What is 7755 plus 6931?,14686
What is 56877 plus 24992?,81869
What is 69278 plus 59958?,129236
What is 5462 plus 8300?,13762
What is 513 plus 745?,1258
What is 123 plus 991?,1114
What is 64934 plus 30394?,95328
What is 1946 plus 4390?,6336
What is 4636 plus 3747?,8383
What is 5492 plus 9591?,15083
What is 60 plus 42?,102
What is 57463 plus 78452?,135915
What is 39 plus 48?,87
What is 53949 plus 16409?,70358
What is 689 plus 713?,1402
What is 26397 plus 31449?,57846
What is 5002 plus 2141?,7143
What is 12319 plus 17227?,29546
What is 7988 plus 3313?,11301
What is 21618 plus 70497?,92115
What is 9041 plus 5075?,14116
What is 7530 plus 1544?,9074
What is 45468 plus 64621?,110089
What is 646 plus 470?,1116
What is 915 plus 808?,1723
What is 47 plus 75?,122
What is 67 plus 68?,135
What is 29 plus 91?,120
What is 91984 plus 36440?,128424
What is 45059 plus 81379?,126438
What is 5320 plus 8182?,13502
What is 97 plus 34?,131
What is 21745 plus 14677?,36422
What is 34 plus 22?,56
What is 395 plus 392?,787
What is 751 plus 897?,1648
What is 69 plus 93?,162
What is 622 plus 605?,1227
What is 97965 plus 13496?,111461
What is 9685 plus 6280?,15965
What is 1079 plus 2482?,3561
What is 28881 plus 58607?,87488
What is 79 plus 19?,98
What is 57 plus 23?,80
What is 22001 plus 94881?,116882
What is 65 plus 20?,85
What is 76218 plus 73104?,149322
What is 1037 plus 8009?,9046
What is 59 plus 76?,135
What is 681 plus 166?,847
What is 195 plus 775?,970
What is 17970 plus 38492?,56462
What is 5348 plus 6093?,11441
What is 598 plus 907?,1505
What is 935 plus 242?,1177
What is 169 plus 798?,967
What is 771 plus 742?,1513
What is 2114 plus 7811?,9925
What is 98277 plus 30451?,128728
What is 72940 plus 19828?,92768
What is 3243 plus 9090?,12333
What is 8517 plus 2825?,11342
What is 5196 plus 7632?,12828
What is 7935 plus 4978?,12913
What is 99 plus 99?,198
What is 96308 plus 21511?,117819
What is 64313 plus 87872?,152185
What is 608 plus 898?,1506
What is 14349 plus 68800?,83149
What is 8290 plus 2002?,10292
What is 8577 plus 6077?,14654
What is 42 plus 42?,84
What is 33363 plus 69981?,103344
What is 82726 plus 90324?,173050
What is 49 plus 71?,120
What is 34632 plus 92717?,127349
What is 64 plus 20?,84
What is 712 plus 948?,1660
What is 57926 plus 70745?,128671
What is 644 plus 441?,1085
What is 8623 plus 1257?,9880
What is 32 plus 24?,56
What is 8853 plus 6518?,15371
What is 8159 plus 2393?,10552
What is 83066 plus 35816?,118882
What is 9803 plus 5258?,15061
What is 646 plus 797?,1443
What is 93 plus 82?,175
What is 84470 plus 88292?,172762
What is 2858 plus 1970?,4828
What is 658 plus 530?,1188
What is 51909 plus 33258?,85167
What is 502 plus 667?,1169
What is 76 plus 86?,162
What is 114 plus 220?,334
What is 405 plus 310?,715
What is 9013 plus 2402?,11415
What is 57201 plus 36983?,94184
What is 60613 plus 82418?,143031
What is 9697 plus 5261?,14958
What is 986 plus 988?,1974
What is 91233 plus 43129?,134362
What is 19934 plus 75210?,95144
What is 660 plus 593?,1253
What is 90 plus 38?,128
What is 37 plus 83?,120
What is 956 plus 193?,1149
What is 835 plus 133?,968
What is 39 plus 92?,131
What is 9732 plus 8678?,18410
What is 32 plus 67?,99
What is 65805 plus 23154?,88959
What is 19804 plus 71756?,91560
What is 20068 plus 66692?,86760
What is 86 plus 16?,102
What is 891 plus 264?,1155
What is 98 plus 52?,150
What is 5924 plus 8565?,14489
What is 21933 plus 55410?,77343
What is 8949 plus 6491?,15440
What is 80735 plus 96718?,177453
What is 81 plus 19?,100
What is 10 plus 83?,93
What is 53096 plus 17119?,70215
What is 415 plus 625?,1040
What is 73065 plus 19881?,92946
What is 7321 plus 5503?,12824
What is 8613 plus 6891?,15504
What is 522 plus 682?,1204
What is 30066 plus 54561?,84627
What is 55667 plus 86938?,142605
What is 57 plus 40?,97
What is 155 plus 281?,436
What is 1996 plus 2565?,4561
What is 6090 plus 1317?,7407
What is 208 plus 196?,404
What is 333 plus 944?,1277
What is 930 plus 905?,1835
What is 737 plus 762?,1499
What is 528 plus 401?,929
What is 8309 plus 8103?,16412
What is 47214 plus 17372?,64586
What is 54 plus 95?,149
What is 284 plus 425?,709
What is 90729 plus 48469?,139198
What is 36 plus 55?,91
What is 2068 plus 4929?,6997
What is 16 plus 64?,80
What is 40687 plus 84787?,125474
What is 37610 plus 96847?,134457
What is 59 plus 36?,95
What is 97258 plus 31521?,128779
What is 805 plus 751?,1556
What is 1834 plus 9102?,10936
What is 146 plus 375?,521
What is 81 plus 98?,179
What is 9344 plus 9066?,18410
What is 5046 plus 5167?,10213
What is 27 plus 61?,88
What is 4070 plus 2194?,6264
What is 93319 plus 74155?,167474
What is 69 plus 49?,118
What is 66876 plus 64046?,130922
What is 26 plus 26?,52
What is 69332 plus 33046?,102378
What is 69 plus 25?,94
What is 422 plus 372?,794
What is 41 plus 79?,120
What is 459 plus 585?,1044
What is 6723 plus 1568?,8291
What is 356 plus 223?,579
What is 810 plus 282?,1092
What is 500 plus 641?,1141
What is 3528 plus 1208?,4736
What is 1240 plus 9013?,10253
What is 22 plus 63?,85
What is 2562 plus 8217?,10779
What is 399 plus 280?,679
What is 29525 plus 33898?,63423
What is 7357 plus 7550?,14907
What is 33151 plus 21563?,54714
What is 3688 plus 3509?,7197
What is 6051 plus 5529?,11580
What is 53147 plus 42147?,95294
What is 51592 plus 98815?,150407
What is 226 plus 379?,605
What is 24 plus 54?,78
What is 516 plus 874?,1390
What is 5915 plus 7960?,13875
What is 553 plus 233?,786
What is 237 plus 898?,1135
What is 47 plus 16?,63
What is 85 plus 60?,145
What is 890 plus 966?,1856
What is 757 plus 342?,1099
What is 70819 plus 66564?,137383
What is 33503 plus 20034?,53537
What is 552 plus 725?,1277
What is 9428 plus 8676?,18104
What is 49608 plus 64726?,114334
What is 77524 plus 80746?,158270
What is 94399 plus 20481?,114880
What is 22 plus 46?,68
What is 97 plus 57?,154
What is 12 plus 62?,74
What is 21 plus 28?,49
What is 84213 plus 85688?,169901
What is 5414 plus 2640?,8054
What is 69753 plus 64989?,134742
What is 7184 plus 7177?,14361
What is 3601 plus 3285?,6886
What is 54524 plus 58569?,113093
What is 76221 plus 46250?,122471
What is 697 plus 481?,1178
What is 899 plus 923?,1822
What is 20831 plus 62995?,83826
What is 8062 plus 7893?,15955
What is 40348 plus 13898?,54246
What is 69566 plus 25291?,94857
What is 46 plus 25?,71
What is 64 plus 59?,123
What is 170 plus 456?,626
What is 195 plus 971?,1166
What is 7028 plus 7736?,14764
What is 6454 plus 8272?,14726
What is 3348 plus 5474?,8822
What is 37269 plus 47616?,84885
What is 22876 plus 90799?,113675
What is 868 plus 316?,1184
What is 15398 plus 67302?,82700
What is 24 plus 32?,56
What is 75 plus 99?,174
What is 48101 plus 22213?,70314
What is 514 plus 745?,1259
What is 39393 plus 93341?,132734
What is 7384 plus 7878?,15262
What is 97 plus 78?,175
What is 30484 plus 77342?,107826
What is 68 plus 42?,110
What is 24 plus 43?,67
What is 35 plus 86?,121
What is 97288 plus 12612?,109900
What is 32 plus 42?,74
What is 55193 plus 21776?,76969
What is 229 plus 877?,1106
What is 22349 plus 35182?,57531
What is 846 plus 576?,1422
What is 38 plus 45?,83
What is 85662 plus 83663?,169325
What is 83 plus 83?,166
What is 9096 plus 1715?,10811
What is 696 plus 223?,919
What is 8073 plus 8150?,16223
What is 7694 plus 2840?,10534
What is 5482 plus 8476?,13958
What is 2721 plus 6413?,9134
What is 98 plus 11?,109
What is 86 plus 51?,137
What is 8972 plus 9073?,18045
What is 23013 plus 21696?,44709
What is 392 plus 906?,1298
What is 8885 plus 7383?,16268
What is 54893 plus 85455?,140348
What is 855 plus 273?,1128
What is 3316 plus 9605?,12921
What is 80 plus 23?,103
What is 37795 plus 35549?,73344
What is 324 plus 495?,819
What is 82005 plus 64111?,146116
What is 6477 plus 2937?,9414
What is 30212 plus 79272?,109484
What is 38294 plus 54154?,92448
What is 7189 plus 7103?,14292
What is 99686 plus 42561?,142247
What is 8793 plus 2758?,11551
What is 1590 plus 6807?,8397
What is 58 plus 39?,97
What is 11427 plus 71065?,82492
What is 65375 plus 19678?,85053
What is 8735 plus 5175?,13910
What is 35237 plus 18267?,53504
What is 13223 plus 73485?,86708
What is 61 plus 34?,95
What is 77506 plus 17149?,94655
What is 7923 plus 4616?,12539
What is 130 plus 174?,304
What is 9184 plus 2158?,11342
What is 55980 plus 29181?,85161
What is 800 plus 863?,1663
What is 712 plus 216?,928
What is 57 plus 86?,143
What is 69935 plus 36297?,106232
What is 882 plus 542?,1424
What is 98 plus 26?,124
What is 617 plus 929?,1546
What is 5543 plus 3715?,9258
What is 32 plus 69?,101
What is 3928 plus 4134?,8062
What is 4004 plus 9042?,13046
What is 79500 plus 82395?,161895
What is 60481 plus 25186?,85667
What is 8623 plus 6368?,14991
What is 1896 plus 3556?,5452
What is 4176 plus 2536?,6712
What is 3498 plus 3625?,7123
What is 16 plus 31?,47
What is 71 plus 48?,119
What is 10 plus 92?,102
What is 41 plus 45?,86
What is 75 plus 40?,115
What is 41 plus 30?,71
What is 897 plus 579?,1476
What is 4965 plus 5350?,10315
What is 43 plus 40?,83
What is 41167 plus 13112?,54279
What is 49 plus 85?,134
What is 90 plus 18?,108
What is 43398 plus 20185?,63583
What is 61113 plus 18788?,79901
What is 984 plus 411?,1395
What is 69 plus 93?,162
What is 147 plus 421?,568
What is 948 plus 723?,1671
What is 75735 plus 35677?,111412
What is 225 plus 396?,621
What is 3043 plus 5102?,8145
What is 1978 plus 7045?,9023
What is 68672 plus 34600?,103272
What is 145 plus 569?,714
What is 624 plus 556?,1180
What is 37923 plus 37112?,75035
What is 86573 plus 56484?,143057
What is 27 plus 45?,72
What is 41 plus 19?,60
What is 39 plus 90?,129
What is 7953 plus 8766?,16719
What is 273 plus 276?,549
What is 78 plus 51?,129
What is 7127 plus 2679?,9806
What is 75347 plus 29968?,105315
What is 46 plus 51?,97
What is 37 plus 35?,72
What is 20 plus 54?,74
What is 983 plus 694?,1677
What is 6087 plus 7833?,13920
What is 79994 plus 11966?,91960
What is 40725 plus 40584?,81309
What is 401 plus 939?,1340
What is 7763 plus 5877?,13640
What is 51 plus 66?,117
What is 288 plus 689?,977
What is 412 plus 466?,878
What is 3150 plus 8346?,11496
What is 45 plus 47?,92
What is 114 plus 240?,354
What is 48103 plus 35625?,83728
What is 1485 plus 7565?,9050
What is 23712 plus 50502?,74214
What is 9215 plus 4190?,13405
What is 3493 plus 4139?,7632
What is 24 plus 38?,62
What is 9200 plus 5987?,15187
What is 42916 plus 80074?,122990
What is 65 plus 47?,112
What is 3977 plus 1686?,5663
What is 58 plus 33?,91
What is 73 plus 87?,160
What is 2214 plus 8411?,10625
What is 53 plus 14?,67
What is 63440 plus 51916?,115356
What is 49 plus 28?,77
What is 90 plus 38?,128
What is 75683 plus 97880?,173563
What is 6900 plus 5367?,12267
What is 6476 plus 7454?,13930
What is 725 plus 860?,1585
What is 9959 plus 5387?,15346
What is 44 plus 32?,76
What is 10909 plus 34159?,45068
What is 14527 plus 54129?,68656
What is 84 plus 81?,165
What is 15030 plus 49830?,64860
What is 74 plus 78?,152
What is 380 plus 910?,1290
What is 345 plus 605?,950
What is 8564 plus 4052?,12616
What is 5951 plus 5821?,11772
What is 144 plus 991?,1135
What is 85773 plus 12309?,98082
What is 31 plus 66?,97
What is 78244 plus 88656?,166900
What is 17306 plus 34750?,52056
What is 396 plus 148?,544
What is 96 plus 83?,179
What is 69 plus 10?,79
What is 287 plus 362?,649
What is 853 plus 365?,1218
What is 95189 plus 83972?,179161
What is 114 plus 935?,1049
What is 1594 plus 9500?,11094
What is 12621 plus 81682?,94303
What is 689 plus 854?,1543
What is 27602 plus 43485?,71087
What is 209 plus 737?,946
What is 310 plus 202?,512
What is 32 plus 87?,119
What is 88508 plus 17314?,105822
What is 9739 plus 2467?,12206
What is 77548 plus 64253?,141801
What is 57 plus 62?,119
What is 70 plus 70?,140
What is 99 plus 91?,190
What is 591 plus 292?,883
What is 7002 plus 6315?,13317
What is 22 plus 40?,62
What is 72 plus 36?,108
What is 6863 plus 6447?,13310
What is 998 plus 366?,1364
What is 65 plus 84?,149
What is 133 plus 356?,489
What is 10955 plus 38655?,49610
What is 83 plus 14?,97
What is 4914 plus 9525?,14439
What is 2107 plus 7406?,9513
What is 719 plus 310?,1029
What is 42 plus 84?,126
What is 403 plus 725?,1128
What is 499 plus 280?,779
What is 75 plus 12?,87
What is 99 plus 20?,119
What is 42 plus 23?,65
What is 78 plus 36?,114
What is 246 plus 635?,881
What is 829 plus 600?,1429
What is 40739 plus 29938?,70677
What is 87594 plus 80049?,167643
What is 83 plus 88?,171
What is 7028 plus 1968?,8996
What is 34 plus 45?,79
What is 60351 plus 59091?,119442
What is 42013 plus 73892?,115905
What is 164 plus 675?,839
What is 9897 plus 5938?,15835
What is 395 plus 701?,1096
What is 956 plus 749?,1705
What is 62419 plus 81019?,143438
What is 801 plus 849?,1650
What is 78103 plus 48269?,126372
What is 33 plus 78?,111
What is 354 plus 276?,630
What is 41 plus 84?,125
What is 98459 plus 89186?,187645
What is 1404 plus 6622?,8026
What is 3478 plus 2753?,6231
What is 83659 plus 48519?,132178
What is 15176 plus 37014?,52190
What is 561 plus 103?,664
What is 5082 plus 1315?,6397
What is 155 plus 679?,834
What is 2289 plus 6522?,8811
What is 905 plus 844?,1749
What is 96253 plus 19377?,115630
What is 18 plus 66?,84
What is 7612 plus 9715?,17327
What is 519 plus 848?,1367
What is 11 plus 31?,42
What is 3487 plus 4382?,7869
What is 823 plus 903?,1726
What is 367 plus 124?,491
What is 97 plus 65?,162
What is 74294 plus 99845?,174139
What is 9911 plus 4641?,14552
What is 28 plus 88?,116
What is 715 plus 665?,1380
What is 26936 plus 59255?,86191
What is 6866 plus 2224?,9090
What is 83369 plus 91422?,174791
What is 53131 plus 52198?,105329
What is 107 plus 405?,512
What is 49 plus 91?,140
What is 27672 plus 80233?,107905
What is 83693 plus 48469?,132162
What is 5288 plus 4200?,9488
What is 89031 plus 70237?,159268
What is 7299 plus 3826?,11125
What is 39 plus 36?,75
What is 25796 plus 75041?,100837
What is 93704 plus 70924?,164628
What is 823 plus 864?,1687
What is 12 plus 92?,104
What is 40244 plus 57852?,98096
What is 19410 plus 83775?,103185
What is 34 plus 82?,116
What is 4220 plus 3030?,7250
What is 324 plus 323?,647
What is 7848 plus 6756?,14604
What is 99507 plus 13813?,113320
What is 39 plus 35?,74
What is 184 plus 463?,647
What is 36 plus 90?,126
What is 6187 plus 1141?,7328
What is 6043 plus 1332?,7375
What is 7920 plus 8487?,16407
What is 74121 plus 84609?,158730
What is 2459 plus 6775?,9234
What is 4514 plus 5832?,10346
What is 3144 plus 5236?,8380
What is 808 plus 943?,1751
What is 83 plus 73?,156
What is 9598 plus 4536?,14134
What is 217 plus 672?,889
What is 2878 plus 4176?,7054
What is 8775 plus 3192?,11967
What is 665 plus 231?,896
What is 36624 plus 26593?,63217
What is 36457 plus 44235?,80692
What is 67 plus 61?,128
What is 9358 plus 5853?,15211
What is 39 plus 22?,61
What is 29 plus 64?,93
What is 514 plus 975?,1489
What is 839 plus 864?,1703
What is 7750 plus 5812?,13562
What is 923 plus 610?,1533
What is 49 plus 41?,90
What is 92 plus 37?,129
What is 1191 plus 8789?,9980
What is 739 plus 748?,1487
What is 51 plus 30?,81
What is 19223 plus 36634?,55857
What is 374 plus 722?,1096
What is 248 plus 514?,762
What is 1298 plus 4743?,6041
What is 91 plus 67?,158
What is 37 plus 10?,47
What is 890 plus 363?,1253
What is 2519 plus 6145?,8664
What is 166 plus 943?,1109
What is 25 plus 93?,118
What is 867 plus 496?,1363
What is 800 plus 185?,985
What is 577 plus 578?,1155
What is 3387 plus 5197?,8584
What is 519 plus 714?,1233
What is 60 plus 91?,151
What is 78664 plus 57662?,136326
What is 46 plus 52?,98
What is 21819 plus 26995?,48814
What is 17664 plus 42782?,60446
What is 59709 plus 30856?,90565
What is 51 plus 70?,121
What is 25 plus 48?,73
What is 9122 plus 2503?,11625
What is 54597 plus 98928?,153525
What is 537 plus 658?,1195
What is 497 plus 163?,660
What is 93972 plus 29972?,123944
What is 102 plus 919?,1021
What is 3577 plus 2319?,5896
What is 8545 plus 4830?,13375
What is 69203 plus 11847?,81050
What is 48 plus 66?,114
What is 29 plus 22?,51
What is 75 plus 88?,163
What is 17 plus 74?,91
What is 265 plus 842?,1107
What is 205 plus 909?,1114
What is 1594 plus 7359?,8953
What is 98254 plus 60673?,158927
What is 37 plus 26?,63
What is 27 plus 53?,80
What is 46 plus 91?,137
What is 14 plus 24?,38
What is 8876 plus 4948?,13824
What is 64962 plus 64961?,129923
What is 843 plus 933?,1776
What is 9057 plus 6020?,15077
What is 33791 plus 17561?,51352
What is 9208 plus 3503?,12711
What is 903 plus 348?,1251
What is 206 plus 240?,446
What is 311 plus 791?,1102
What is 3820 plus 7062?,10882
What is 585 plus 804?,1389
What is 80092 plus 46503?,126595
What is 6440 plus 4425?,10865
What is 898 plus 965?,1863
What is 632 plus 959?,1591
What is 604 plus 480?,1084
What is 74 plus 56?,130
What is 9352 plus 1874?,11226
What is 761 plus 881?,1642
What is 354 plus 448?,802
What is 9483 plus 4102?,13585
What is 2413 plus 5361?,7774
What is 61 plus 68?,129
What is 2761 plus 3930?,6691
What is 73 plus 70?,143
What is 7892 plus 3106?,10998
What is 99 plus 16?,115
What is 492 plus 169?,661
What is 50 plus 43?,93
What is 2796 plus 1279?,4075
What is 47317 plus 41474?,88791
What is 17 plus 15?,32
What is 404 plus 860?,1264
What is 6398 plus 3076?,9474
What is 2818 plus 4894?,7712
What is 87 plus 47?,134
What is 983 plus 674?,1657
What is 36 plus 56?,92
What is 5606 plus 3944?,9550
What is 90400 plus 53667?,144067
What is 72 plus 78?,150
What is 51 plus 14?,65
What is 37004 plus 83081?,120085
What is 964 plus 494?,1458
What is 10 plus 57?,67
What is 289 plus 635?,924
What is 40 plus 40?,80
What is 33759 plus 89141?,122900
What is 235 plus 423?,658
What is 89944 plus 29806?,119750
What is 91 plus 36?,127
What is 32 plus 47?,79
What is 92121 plus 65764?,157885
What is 22580 plus 84782?,107362
What is 58 plus 79?,137
What is 7904 plus 8653?,16557
What is 716 plus 966?,1682
What is 4676 plus 9235?,13911
What is 392 plus 659?,1051
What is 79795 plus 48623?,128418
What is 55 plus 70?,125
What is 3647 plus 4707?,8354
What is 45 plus 17?,62
What is 38 plus 19?,57
What is 83490 plus 78044?,161534
What is 968 plus 404?,1372
What is 1542 plus 5621?,7163
What is 3051 plus 1024?,4075
What is 51 plus 57?,108
What is 866 plus 593?,1459
What is 2132 plus 2836?,4968
What is 32272 plus 26153?,58425
What is 82057 plus 61927?,143984
What is 969 plus 111?,1080
What is 3032 plus 1103?,4135
What is 86273 plus 91642?,177915
What is 278 plus 881?,1159
What is 1868 plus 1325?,3193
What is 248 plus 282?,530
What is 25 plus 85?,110
What is 859 plus 991?,1850
What is 275 plus 442?,717
What is 99 plus 11?,110
What is 37 plus 22?,59
What is 813 plus 674?,1487
What is 71 plus 17?,88
What is 29 plus 98?,127
What is 49674 plus 18379?,68053
What is 2892 plus 6980?,9872
What is 61 plus 18?,79
What is 5488 plus 1535?,7023
What is 55076 plus 97463?,152539
What is 85 plus 27?,112
What is 22551 plus 76358?,98909
What is 66560 plus 18834?,85394
What is 1464 plus 8458?,9922
What is 9211 plus 7180?,16391
What is 5863 plus 3555?,9418
What is 40 plus 88?,128
What is 63 plus 51?,114
What is 70378 plus 46015?,116393
What is 793 plus 779?,1572
What is 8238 plus 9534?,17772
What is 760 plus 633?,1393
What is 24632 plus 37934?,62566
What is 72 plus 73?,145
What is 36367 plus 64968?,101335
What is 847 plus 806?,1653
What is 669 plus 908?,1577
What is 92781 plus 29496?,122277
What is 946 plus 594?,1540
What is 23143 plus 69639?,92782
What is 99 plus 40?,139
What is 5858 plus 8732?,14590
What is 11 plus 51?,62
What is 61 plus 43?,104
What is 759 plus 343?,1102
What is 633 plus 972?,1605
What is 98 plus 68?,166
What is 86452 plus 79914?,166366
What is 6132 plus 7277?,13409
What is 9117 plus 2212?,11329
What is 6532 plus 2948?,9480
What is 71647 plus 30675?,102322
What is 33 plus 14?,47
What is 33453 plus 51997?,85450
What is 453 plus 889?,1342
What is 1730 plus 4586?,6316
What is 96540 plus 70533?,167073
What is 3660 plus 6292?,9952
What is 79680 plus 87971?,167651
What is 18 plus 23?,41
What is 3629 plus 5200?,8829
What is 90 plus 84?,174
What is 3916 plus 9084?,13000
What is 90 plus 81?,171
What is 8290 plus 2297?,10587
What is 6928 plus 4075?,11003
What is 28 plus 99?,127
What is 47 plus 98?,145
What is 33611 plus 96308?,129919
What is 851 plus 657?,1508
What is 80582 plus 18781?,99363
What is 555 plus 397?,952
What is 53 plus 98?,151
What is 2268 plus 4585?,6853
What is 1877 plus 2958?,4835
What is 78998 plus 83726?,162724
What is 21373 plus 52766?,74139
What is 506 plus 426?,932
What is 395 plus 307?,702
What is 82 plus 46?,128
What is 189 plus 414?,603
What is 20 plus 26?,46
What is 2164 plus 2034?,4198
What is 19572 plus 34917?,54489
What is 85 plus 19?,104
What is 20 plus 79?,99
What is 60 plus 41?,101
What is 665 plus 452?,1117
What is 207 plus 288?,495
What is 6962 plus 4594?,11556
What is 4417 plus 6818?,11235
What is 940 plus 961?,1901
What is 73881 plus 51614?,125495
What is 4314 plus 3643?,7957
What is 55 plus 66?,121
What is 449 plus 510?,959
What is 93 plus 51?,144
What is 517 plus 195?,712
What is 80 plus 23?,103
What is 95 plus 83?,178
What is 89 plus 59?,148
What is 4417 plus 4078?,8495
What is 86 plus 14?,100
What is 10821 plus 77832?,88653
What is 190 plus 504?,694
What is 305 plus 387?,692
What is 8389 plus 7850?,16239
What is 8082 plus 2755?,10837
What is 4002 plus 3679?,7681
What is 20685 plus 87480?,108165
What is 372 plus 873?,1245
What is 377 plus 603?,980
What is 9215 plus 7868?,17083
What is 354 plus 436?,790
What is 18941 plus 57479?,76420
What is 64186 plus 30181?,94367
What is 226 plus 203?,429
What is 28 plus 32?,60
What is 2840 plus 9436?,12276
What is 9812 plus 9157?,18969
What is 62 plus 74?,136
What is 7963 plus 7684?,15647
What is 300 plus 697?,997
What is 54 plus 44?,98
What is 182 plus 186?,368
What is 121 plus 217?,338
What is 50858 plus 57673?,108531
What is 3364 plus 4527?,7891
What is 5481 plus 4796?,10277
What is 93854 plus 50570?,144424
What is 3861 plus 3116?,6977
What is 52421 plus 26517?,78938
What is 190 plus 370?,560
What is 40 plus 48?,88
What is 176 plus 164?,340
What is 798 plus 149?,947
What is 555 plus 635?,1190
What is 631 plus 565?,1196
What is 76165 plus 97563?,173728
What is 8001 plus 4956?,12957
What is 94423 plus 40523?,134946
What is 76 plus 83?,159
What is 19296 plus 84850?,104146
What is 152 plus 365?,517
What is 603 plus 900?,1503
What is 64 plus 95?,159
What is 16 plus 70?,86
What is 63177 plus 95057?,158234
What is 4624 plus 4541?,9165
What is 871 plus 131?,1002
What is 15048 plus 32340?,47388
What is 30744 plus 82434?,113178
What is 18980 plus 98412?,117392
What is 923 plus 918?,1841
What is 86642 plus 27391?,114033
What is 7731 plus 4864?,12595
What is 29 plus 42?,71
What is 42 plus 50?,92
What is 49 plus 73?,122
What is 339 plus 773?,1112
What is 93494 plus 90541?,184035
What is 9962 plus 9213?,19175
What is 33 plus 29?,62
What is 7861 plus 9373?,17234
What is 870 plus 812?,1682
What is 18687 plus 29005?,47692
What is 11615 plus 62008?,73623
What is 7754 plus 2166?,9920
What is 33 plus 61?,94
What is 502 plus 133?,635
What is 333 plus 552?,885
What is 381 plus 196?,577
What is 340 plus 352?,692
What is 4876 plus 6814?,11690
What is 97484 plus 18967?,116451
What is 88 plus 30?,118
What is 16 plus 52?,68
What is 37687 plus 18546?,56233
What is 81317 plus 93214?,174531
What is 6597 plus 9239?,15836
What is 882 plus 988?,1870
What is 403 plus 124?,527
What is 337 plus 933?,1270
What is 39447 plus 13713?,53160
What is 74029 plus 10149?,84178
What is 81 plus 70?,151
What is 54547 plus 16809?,71356
What is 84843 plus 94203?,179046
What is 246 plus 353?,599
What is 4592 plus 4276?,8868
What is 376 plus 628?,1004
What is 7813 plus 4903?,12716
What is 27 plus 74?,101
What is 579 plus 485?,1064
What is 7450 plus 4359?,11809
What is 27 plus 86?,113
What is 551 plus 439?,990
What is 55 plus 34?,89
What is 76 plus 29?,105
What is 5984 plus 4486?,10470
What is 227 plus 283?,510
What is 10 plus 84?,94
What is 361 plus 310?,671
What is 47 plus 58?,105
What is 796 plus 331?,1127
What is 5596 plus 5129?,10725
What is 697 plus 147?,844
What is 2637 plus 1607?,4244
What is 13 plus 79?,92
What is 15437 plus 43620?,59057
What is 99496 plus 60443?,159939
What is 43 plus 22?,65
What is 48452 plus 57930?,106382
What is 74952 plus 97503?,172455
What is 42349 plus 97568?,139917
What is 48851 plus 76325?,125176
What is 8012 plus 5723?,13735
What is 4821 plus 6358?,11179
What is 489 plus 872?,1361
What is 5411 plus 2452?,7863
What is 8716 plus 6749?,15465
What is 2607 plus 3014?,5621
What is 82 plus 54?,136
What is 1608 plus 9792?,11400
What is 11 plus 74?,85
What is 6168 plus 2815?,8983
What is 99 plus 44?,143
What is 272 plus 350?,622
What is 98403 plus 48411?,146814
What is 64483 plus 89447?,153930
What is 8690 plus 7186?,15876
What is 4734 plus 3049?,7783
What is 10539 plus 69755?,80294
What is 21 plus 63?,84
What is 2922 plus 6253?,9175
What is 99682 plus 36508?,136190
What is 98277 plus 94469?,192746
What is 517 plus 353?,870
What is 920 plus 734?,1654
What is 95 plus 62?,157
What is 98604 plus 89899?,188503
What is 14 plus 39?,53
What is 8613 plus 1980?,10593
What is 81474 plus 89234?,170708
What is 67 plus 28?,95
What is 4763 plus 9367?,14130
What is 92796 plus 87152?,179948
What is 144 plus 402?,546
What is 1757 plus 2522?,4279
What is 9220 plus 4241?,13461
What is 31121 plus 64422?,95543
What is 82 plus 90?,172
What is 4509 plus 2112?,6621
What is 10 plus 91?,101
What is 37 plus 57?,94
What is 95 plus 26?,121
What is 124 plus 616?,740
What is 862 plus 217?,1079
What is 9813 plus 3837?,13650
What is 10 plus 65?,75
What is 54 plus 10?,64
What is 61874 plus 54331?,116205
What is 50985 plus 22943?,73928
What is 169 plus 392?,561
What is 3572 plus 1395?,4967
What is 990 plus 437?,1427
What is 394 plus 451?,845
What is 78 plus 53?,131
What is 67 plus 82?,149
What is 58892 plus 34530?,93422
What is 38 plus 39?,77
What is 641 plus 458?,1099
What is 36 plus 79?,115
What is 29 plus 61?,90
What is 68 plus 57?,125
What is 3863 plus 1889?,5752
What is 5307 plus 9681?,14988
What is 38 plus 90?,128
What is 651 plus 142?,793
What is 49 plus 44?,93
What is 340 plus 103?,443
What is 83574 plus 49908?,133482
What is 5825 plus 8621?,14446
What is 9387 plus 1380?,10767
What is 585 plus 626?,1211
What is 36144 plus 58236?,94380
What is 9494 plus 2555?,12049
What is 71 plus 19?,90
What is 52871 plus 80011?,132882
What is 22 plus 35?,57
What is 226 plus 170?,396
What is 1342 plus 4921?,6263
What is 659 plus 942?,1601
What is 45 plus 31?,76
What is 60 plus 41?,101
What is 7262 plus 6281?,13543
What is 450 plus 199?,649
What is 97 plus 53?,150
What is 57 plus 78?,135
What is 17368 plus 29922?,47290
What is 373 plus 782?,1155
What is 4551 plus 1112?,5663
What is 870 plus 617?,1487
What is 58613 plus 81626?,140239
What is 73 plus 39?,112
What is 508 plus 518?,1026
What is 62136 plus 42792?,104928
What is 11 plus 36?,47
What is 27 plus 61?,88
What is 677 plus 956?,1633
What is 61 plus 65?,126
What is 5398 plus 5721?,11119
What is 821 plus 968?,1789
What is 644 plus 595?,1239
What is 50 plus 74?,124
What is 57 plus 77?,134
What is 9045 plus 7378?,16423
What is 167 plus 743?,910
What is 67807 plus 92025?,159832
What is 778 plus 784?,1562
What is 25269 plus 85768?,111037
What is 77617 plus 18294?,95911
What is 60936 plus 12769?,73705
What is 34587 plus 61061?,95648
What is 7464 plus 7908?,15372
What is 2648 plus 8047?,10695
What is 48079 plus 30952?,79031
What is 82 plus 74?,156
What is 738 plus 707?,1445
What is 42865 plus 99811?,142676
What is 6626 plus 2452?,9078
What is 5196 plus 1562?,6758
What is 50 plus 53?,103
What is 1563 plus 7511?,9074
What is 86259 plus 38067?,124326
What is 78 plus 48?,126
What is 52 plus 65?,117
What is 27471 plus 91756?,119227
What is 679 plus 437?,1116
What is 1670 plus 8705?,10375
What is 42682 plus 63846?,106528
What is 17 plus 46?,63
What is 910 plus 412?,1322
What is 468 plus 132?,600
What is 9452 plus 9770?,19222
What is 86579 plus 61815?,148394
What is 1389 plus 9152?,10541
What is 7599 plus 9224?,16823
What is 81890 plus 72761?,154651
What is 45 plus 23?,68
What is 2166 plus 1840?,4006
What is 75563 plus 60593?,136156
What is 24 plus 90?,114
What is 94721 plus 34855?,129576
What is 90156 plus 19720?,109876
What is 205 plus 535?,740
What is 49 plus 33?,82
What is 59 plus 66?,125
What is 13 plus 21?,34
What is 66354 plus 43555?,109909
What is 7510 plus 4295?,11805
What is 398 plus 713?,1111
What is 4477 plus 9637?,14114
What is 625 plus 528?,1153
What is 9381 plus 5422?,14803
What is 395 plus 207?,602
What is 37 plus 56?,93
What is 7288 plus 9551?,16839
What is 15585 plus 97416?,113001
What is 89864 plus 20018?,109882
What is 2229 plus 7201?,9430
What is 281 plus 322?,603
What is 5838 plus 5989?,11827
What is 2953 plus 3577?,6530
What is 6969 plus 2583?,9552
What is 5188 plus 9870?,15058
What is 3069 plus 8401?,11470
What is 9342 plus 5029?,14371
What is 5815 plus 1298?,7113
What is 96 plus 65?,161
What is 62 plus 16?,78
What is 1697 plus 2808?,4505
What is 97402 plus 32483?,129885
What is 8857 plus 9649?,18506
What is 5461 plus 3989?,9450
What is 305 plus 395?,700
What is 4949 plus 9907?,14856
What is 966 plus 949?,1915
What is 31 plus 96?,127
What is 518 plus 102?,620
What is 462 plus 217?,679
What is 24 plus 40?,64
What is 9289 plus 3782?,13071
What is 99 plus 77?,176
What is 140 plus 896?,1036
What is 24860 plus 20998?,45858
What is 8249 plus 1324?,9573
What is 30971 plus 58287?,89258
What is 16737 plus 91859?,108596
What is 615 plus 484?,1099
What is 8164 plus 5001?,13165
What is 7591 plus 4455?,12046
What is 93068 plus 95198?,188266
What is 462 plus 809?,1271
What is 274 plus 761?,1035
What is 49836 plus 13571?,63407
What is 95 plus 54?,149
What is 505 plus 935?,1440
What is 19 plus 47?,66
What is 56206 plus 70912?,127118
What is 84 plus 88?,172
What is 258 plus 881?,1139
What is 3275 plus 1648?,4923
What is 997 plus 985?,1982
What is 68239 plus 36557?,104796
What is 903 plus 559?,1462
What is 27743 plus 95583?,123326
What is 5903 plus 2714?,8617
What is 24 plus 88?,112
What is 161 plus 487?,648
What is 56 plus 93?,149
What is 33485 plus 56618?,90103
What is 70 plus 92?,162
What is 61 plus 35?,96
What is 62 plus 31?,93
What is 92 plus 28?,120
What is 39067 plus 75616?,114683
What is 7522 plus 9781?,17303
What is 47889 plus 81852?,129741
What is 2233 plus 8050?,10283
What is 8429 plus 1557?,9986
What is 54055 plus 87688?,141743
What is 83565 plus 27496?,111061
What is 84060 plus 35672?,119732
What is 87337 plus 20752?,108089
What is 25271 plus 70678?,95949
What is 94520 plus 64313?,158833
What is 97621 plus 99145?,196766
What is 190 plus 560?,750
What is 306 plus 419?,725
What is 55 plus 99?,154
What is 99 plus 97?,196
What is 88562 plus 48369?,136931
What is 581 plus 178?,759
What is 83361 plus 35538?,118899
What is 53515 plus 36085?,89600
What is 729 plus 850?,1579
What is 84825 plus 18135?,102960
What is 1363 plus 4415?,5778
What is 84315 plus 96213?,180528
What is 676 plus 432?,1108
What is 818 plus 969?,1787
What is 25 plus 38?,63
What is 9991 plus 7389?,17380
What is 62 plus 10?,72
What is 12 plus 17?,29
What is 29 plus 98?,127
What is 470 plus 803?,1273
What is 98 plus 91?,189
What is 88 plus 67?,155
What is 64 plus 26?,90
What is 444 plus 439?,883
What is 5538 plus 6433?,11971
What is 275 plus 903?,1178
What is 5044 plus 9628?,14672
What is 70 plus 78?,148
What is 11401 plus 33580?,44981
What is 58869 plus 21860?,80729
What is 7345 plus 2582?,9927
What is 237 plus 895?,1132
What is 77373 plus 95586?,172959
What is 1016 plus 4028?,5044
What is 62300 plus 69376?,131676
What is 1733 plus 2283?,4016
What is 239 plus 474?,713
What is 5537 plus 8200?,13737
What is 793 plus 233?,1026
What is 1902 plus 3304?,5206
What is 4196 plus 6171?,10367
What is 230 plus 709?,939
What is 41533 plus 48084?,89617
What is 27 plus 14?,41
What is 87 plus 30?,117
What is 32 plus 31?,63
What is 55950 plus 81062?,137012
What is 30757 plus 49001?,79758
What is 131 plus 163?,294
What is 16 plus 49?,65
What is 44969 plus 23030?,67999
What is 80778 plus 80058?,160836
What is 56 plus 93?,149
What is 48051 plus 60619?,108670
What is 63648 plus 49092?,112740
What is 9617 plus 2260?,11877
What is 5350 plus 7752?,13102
What is 8433 plus 8648?,17081
What is 423 plus 318?,741
What is 23545 plus 12475?,36020
What is 69420 plus 47265?,116685
What is 5858 plus 7295?,13153
What is 95 plus 27?,122
What is 272 plus 381?,653
What is 75 plus 60?,135
What is 74615 plus 91573?,166188
What is 89 plus 19?,108
What is 28 plus 53?,81
What is 3222 plus 5456?,8678
What is 11 plus 94?,105
What is 5139 plus 3155?,8294
What is 212 plus 525?,737
What is 1895 plus 8878?,10773
What is 883 plus 692?,1575
What is 851 plus 933?,1784
What is 65 plus 88?,153
What is 369 plus 938?,1307
What is 17 plus 27?,44
What is 8942 plus 7270?,16212
What is 2517 plus 1246?,3763
What is 53112 plus 12570?,65682
What is 5154 plus 5520?,10674
What is 562 plus 290?,852
What is 30 plus 37?,67
What is 5702 plus 4905?,10607
What is 84458 plus 95037?,179495
What is 3514 plus 2881?,6395
What is 3475 plus 2567?,6042
What is 6128 plus 3377?,9505
What is 15 plus 63?,78
What is 47 plus 72?,119
What is 530 plus 202?,732
What is 5292 plus 1033?,6325
What is 621 plus 728?,1349
What is 84 plus 67?,151
What is 41 plus 60?,101
What is 55 plus 36?,91
What is 3555 plus 7630?,11185
What is 1268 plus 4995?,6263
What is 4215 plus 8258?,12473
What is 3828 plus 2793?,6621
What is 71 plus 68?,139
What is 435 plus 632?,1067
What is 71 plus 82?,153
What is 9532 plus 3904?,13436
What is 40 plus 16?,56
What is 857 plus 675?,1532
What is 92590 plus 29189?,121779
What is 49457 plus 28773?,78230
What is 23 plus 30?,53
What is 5261 plus 4128?,9389
What is 91651 plus 95991?,187642
What is 43 plus 13?,56
What is 91 plus 84?,175
What is 5745 plus 1246?,6991
What is 497 plus 662?,1159
What is 69 plus 16?,85
What is 7100 plus 4255?,11355
What is 5016 plus 3652?,8668
What is 858 plus 850?,1708
What is 189 plus 982?,1171
What is 227 plus 874?,1101
What is 9174 plus 6736?,15910
What is 4541 plus 4826?,9367
What is 3053 plus 3645?,6698
What is 68285 plus 45717?,114002
What is 7080 plus 2215?,9295
What is 661 plus 478?,1139
What is 63 plus 84?,147
What is 856 plus 546?,1402
What is 3619 plus 3885?,7504
What is 33894 plus 64375?,98269
What is 34 plus 77?,111
What is 571 plus 962?,1533
What is 20 plus 24?,44
What is 70 plus 60?,130
What is 17 plus 46?,63
What is 82105 plus 42791?,124896
What is 70479 plus 88680?,159159
What is 586 plus 455?,1041
What is 2861 plus 8061?,10922
What is 690 plus 817?,1507
What is 4957 plus 3837?,8794
What is 12 plus 24?,36
What is 67099 plus 47423?,114522
What is 88 plus 27?,115
What is 238 plus 862?,1100
What is 64655 plus 13016?,77671
What is 9293 plus 7235?,16528
What is 852 plus 591?,1443
What is 98 plus 97?,195
What is 256 plus 110?,366
What is 3474 plus 4658?,8132
What is 72 plus 69?,141
What is 42498 plus 14334?,56832
What is 65 plus 67?,132
What is 96215 plus 92127?,188342
What is 32487 plus 97631?,130118
What is 1407 plus 1964?,3371
What is 8330 plus 2051?,10381
What is 42 plus 67?,109
What is 20168 plus 33758?,53926
What is 281 plus 653?,934
What is 403 plus 787?,1190
What is 930 plus 700?,1630
What is 8115 plus 1960?,10075
What is 87 plus 82?,169
What is 164 plus 491?,655
What is 51 plus 35?,86
What is 840 plus 330?,1170
What is 98595 plus 36501?,135096
What is 653 plus 268?,921
What is 2123 plus 5353?,7476
What is 105 plus 140?,245
What is 41702 plus 41278?,82980
What is 62 plus 33?,95
What is 22142 plus 41101?,63243
What is 32 plus 74?,106
What is 348 plus 606?,954
What is 28 plus 59?,87
What is 17 plus 78?,95
What is 437 plus 370?,807
What is 605 plus 545?,1150
What is 43 plus 67?,110
What is 13609 plus 61169?,74778
What is 60 plus 14?,74
What is 74 plus 75?,149
What is 6813 plus 1297?,8110
What is 772 plus 566?,1338
What is 164 plus 389?,553
What is 651 plus 799?,1450
What is 58360 plus 71717?,130077
What is 52667 plus 62272?,114939
What is 47 plus 30?,77
What is 959 plus 861?,1820
What is 705 plus 331?,1036
What is 515 plus 542?,1057
What is 35826 plus 88331?,124157
What is 102 plus 430?,532
What is 21 plus 83?,104
What is 6301 plus 9763?,16064
What is 5235 plus 4640?,9875
What is 62 plus 34?,96
What is 2782 plus 9720?,12502
What is 75203 plus 17052?,92255
What is 2569 plus 9240?,11809
What is 887 plus 350?,1237
What is 52 plus 10?,62
What is 356 plus 271?,627
What is 132 plus 154?,286
What is 240 plus 112?,352
What is 7181 plus 8501?,15682
What is 8826 plus 6216?,15042
What is 8693 plus 1903?,10596
What is 4933 plus 7463?,12396
What is 733 plus 586?,1319
What is 50351 plus 84448?,134799
What is 34390 plus 55275?,89665
What is 74434 plus 47138?,121572
What is 7119 plus 9866?,16985
What is 92 plus 71?,163
What is 4362 plus 9846?,14208
What is 96098 plus 69784?,165882
What is 7910 plus 9226?,17136
What is 599 plus 895?,1494
What is 218 plus 446?,664
What is 429 plus 799?,1228
What is 9643 plus 3019?,12662
What is 7680 plus 9405?,17085
What is 5384 plus 1885?,7269
What is 6998 plus 5365?,12363
What is 25 plus 64?,89
What is 7676 plus 4714?,12390
What is 682 plus 314?,996
What is 57216 plus 99452?,156668
What is 86780 plus 32668?,119448
What is 725 plus 646?,1371
What is 99 plus 93?,192
What is 9531 plus 8745?,18276
What is 77 plus 95?,172
What is 630 plus 437?,1067
What is 9533 plus 3487?,13020
What is 443 plus 853?,1296
What is 9421 plus 5066?,14487
What is 55 plus 50?,105
What is 56877 plus 52824?,109701
What is 2057 plus 5619?,7676
What is 1059 plus 2434?,3493
What is 5332 plus 3147?,8479
What is 504 plus 777?,1281
What is 87 plus 31?,118
What is 7919 plus 3657?,11576
What is 52018 plus 94813?,146831
What is 1483 plus 2607?,4090
What is 4499 plus 6457?,10956
What is 83 plus 24?,107
What is 52 plus 77?,129
What is 65076 plus 98461?,163537
What is 510 plus 602?,1112
What is 99698 plus 53603?,153301
What is 62325 plus 83250?,145575
What is 1563 plus 2004?,3567
What is 9018 plus 7314?,16332
What is 10296 plus 54169?,64465
What is 72 plus 21?,93
What is 565 plus 457?,1022
What is 87548 plus 51577?,139125
What is 63 plus 42?,105
What is 1730 plus 3635?,5365
What is 559 plus 936?,1495
What is 791 plus 355?,1146
What is 355 plus 382?,737
What is 40 plus 55?,95
What is 343 plus 662?,1005
What is 125 plus 427?,552
What is 39 plus 38?,77
What is 1964 plus 2553?,4517
What is 57 plus 66?,123
What is 29 plus 37?,66
What is 87 plus 79?,166
What is 8427 plus 3778?,12205
What is 47579 plus 70345?,117924
What is 273 plus 910?,1183
What is 876 plus 325?,1201
What is 59385 plus 77484?,136869
What is 458 plus 269?,727
What is 85 plus 44?,129
What is 2575 plus 5790?,8365
What is 20994 plus 97447?,118441
What is 1334 plus 7526?,8860
What is 63 plus 44?,107
What is 5163 plus 8972?,14135
What is 5733 plus 7103?,12836
What is 20 plus 87?,107
What is 303 plus 131?,434
What is 99 plus 76?,175
What is 43399 plus 91407?,134806
What is 19 plus 85?,104
What is 6932 plus 9867?,16799
What is 15304 plus 64521?,79825
What is 27 plus 37?,64
What is 162 plus 517?,679
What is 151 plus 925?,1076
What is 950 plus 272?,1222
What is 83 plus 63?,146
What is 69 plus 88?,157
What is 97052 plus 51503?,148555
What is 42 plus 43?,85
What is 72 plus 51?,123
What is 1260 plus 5183?,6443
What is 873 plus 895?,1768
What is 35158 plus 58080?,93238
What is 1812 plus 5920?,7732
What is 62 plus 76?,138
What is 820 plus 383?,1203
What is 116 plus 878?,994
What is 7633 plus 7946?,15579
What is 2966 plus 5815?,8781
What is 908 plus 847?,1755
What is 415 plus 689?,1104
What is 73 plus 60?,133
What is 74336 plus 98543?,172879
What is 11 plus 82?,93
What is 85733 plus 50692?,136425
What is 8117 plus 5556?,13673
What is 65688 plus 16981?,82669
What is 72663 plus 69006?,141669
What is 82 plus 20?,102
What is 37053 plus 40717?,77770
What is 32 plus 21?,53
What is 829 plus 649?,1478
What is 41 plus 53?,94
What is 645 plus 998?,1643
What is 99415 plus 59382?,158797
What is 7627 plus 9153?,16780
What is 7221 plus 5834?,13055
What is 751 plus 542?,1293
What is 11435 plus 19242?,30677
What is 47 plus 65?,112
What is 7559 plus 1403?,8962
What is 80273 plus 29305?,109578
What is 4430 plus 1025?,5455
What is 44 plus 30?,74
What is 1524 plus 9279?,10803
What is 549 plus 629?,1178
What is 840 plus 160?,1000
What is 98952 plus 13385?,112337
What is 99701 plus 41419?,141120
What is 49448 plus 66452?,115900
What is 46 plus 73?,119
What is 4526 plus 2800?,7326
What is 29 plus 57?,86
What is 78409 plus 45422?,123831
What is 326 plus 252?,578
What is 93053 plus 18035?,111088
What is 2076 plus 4920?,6996
What is 34 plus 22?,56
What is 3695 plus 5963?,9658
What is 47 plus 32?,79
What is 14 plus 55?,69
What is 907 plus 765?,1672
What is 6461 plus 8072?,14533
What is 22 plus 76?,98
What is 408 plus 298?,706
What is 90495 plus 21007?,111502
What is 5136 plus 1386?,6522
What is 920 plus 829?,1749
What is 76 plus 84?,160
What is 41 plus 20?,61
What is 83948 plus 45017?,128965
What is 42 plus 21?,63
What is 17 plus 41?,58
What is 5323 plus 7846?,13169
What is 6736 plus 2960?,9696
What is 5892 plus 5037?,10929
What is 86 plus 95?,181
What is 79 plus 45?,124
What is 129 plus 663?,792
What is 70886 plus 26570?,97456
What is 504 plus 345?,849
What is 7759 plus 1031?,8790
What is 600 plus 725?,1325
What is 39 plus 55?,94
What is 798 plus 959?,1757
What is 3915 plus 3760?,7675
What is 6979 plus 8694?,15673
What is 6052 plus 4276?,10328
What is 84 plus 82?,166
What is 60 plus 24?,84
What is 2391 plus 2465?,4856
What is 65 plus 98?,163
What is 103 plus 328?,431
What is 18 plus 64?,82
What is 4174 plus 1960?,6134
What is 95238 plus 64983?,160221
What is 45 plus 86?,131
What is 87 plus 30?,117
What is 2516 plus 1215?,3731
What is 4321 plus 3548?,7869
What is 4349 plus 4458?,8807
What is 4472 plus 6129?,10601
What is 42353 plus 63349?,105702
What is 918 plus 196?,1114
What is 923 plus 909?,1832
What is 7718 plus 2387?,10105
What is 15 plus 76?,91
What is 51662 plus 41170?,92832
What is 247 plus 675?,922
What is 9681 plus 9900?,19581
What is 7840 plus 8975?,16815
What is 45 plus 94?,139
What is 1151 plus 2850?,4001
What is 59 plus 77?,136
What is 373 plus 676?,1049
What is 50106 plus 32417?,82523
What is 206 plus 732?,938
What is 500 plus 508?,1008
What is 8570 plus 1874?,10444
What is 1501 plus 7559?,9060
What is 347 plus 999?,1346
What is 55 plus 83?,138
What is 62568 plus 97916?,160484
What is 67041 plus 58099?,125140
What is 890 plus 810?,1700
What is 3849 plus 1691?,5540
What is 75780 plus 88403?,164183
What is 50 plus 97?,147
What is 9695 plus 5776?,15471
What is 953 plus 750?,1703
What is 36161 plus 35078?,71239
What is 11 plus 52?,63
What is 10 plus 16?,26
What is 514 plus 381?,895
What is 6739 plus 7723?,14462
What is 819 plus 542?,1361
What is 90 plus 75?,165
What is 3676 plus 8941?,12617
What is 48 plus 22?,70
What is 51349 plus 53446?,104795
What is 4380 plus 4185?,8565
What is 314 plus 435?,749
What is 82216 plus 97950?,180166
What is 3743 plus 4677?,8420
What is 43481 plus 88213?,131694
What is 5295 plus 3760?,9055
What is 316 plus 689?,1005
What is 2509 plus 6192?,8701
What is 511 plus 329?,840
What is 264 plus 159?,423
What is 90403 plus 14072?,104475
What is 464 plus 865?,1329
What is 57945 plus 14440?,72385
What is 64575 plus 40819?,105394
What is 59992 plus 90764?,150756
What is 534 plus 726?,1260
What is 8707 plus 2362?,11069
What is 46 plus 26?,72
What is 7669 plus 3990?,11659
What is 91 plus 30?,121
What is 167 plus 538?,705
What is 47108 plus 23279?,70387
What is 29962 plus 90116?,120078
What is 72 plus 20?,92
What is 90 plus 77?,167
What is 34 plus 19?,53
What is 2060 plus 9038?,11098
What is 8079 plus 5950?,14029
What is 22265 plus 37070?,59335
What is 35293 plus 81847?,117140
What is 317 plus 442?,759
What is 14 plus 81?,95
What is 41 plus 24?,65
What is 2933 plus 6637?,9570
What is 4977 plus 7082?,12059
What is 1804 plus 8372?,10176
What is 5754 plus 9852?,15606
What is 38 plus 59?,97
What is 9376 plus 4538?,13914
What is 23280 plus 76680?,99960
What is 80 plus 46?,126
What is 564 plus 230?,794
What is 562 plus 451?,1013
What is 1098 plus 6265?,7363
What is 46 plus 65?,111
What is 9064 plus 5482?,14546
What is 3908 plus 3216?,7124
What is 74 plus 15?,89
What is 57256 plus 76905?,134161
What is 4878 plus 7331?,12209
What is 4968 plus 2332?,7300
What is 78963 plus 67945?,146908
What is 634 plus 481?,1115
What is 4472 plus 2732?,7204
What is 29343 plus 18710?,48053
What is 7279 plus 2587?,9866
What is 8245 plus 6927?,15172
What is 4207 plus 6384?,10591
What is 48231 plus 61852?,110083
What is 12025 plus 97424?,109449
What is 49812 plus 62549?,112361
What is 510 plus 625?,1135
What is 27302 plus 14774?,42076
What is 632 plus 694?,1326
What is 4155 plus 2908?,7063
What is 10312 plus 43857?,54169
What is 90 plus 93?,183
What is 4993 plus 3590?,8583
What is 28241 plus 53615?,81856
What is 18 plus 90?,108
What is 9139 plus 2829?,11968
What is 93 plus 49?,142
What is 83177 plus 97585?,180762
What is 889 plus 981?,1870
What is 550 plus 319?,869
What is 75 plus 36?,111
What is 9644 plus 5260?,14904
What is 72 plus 78?,150
What is 99 plus 63?,162
What is 63 plus 46?,109
What is 885 plus 921?,1806
What is 57 plus 28?,85
What is 44 plus 49?,93
What is 799 plus 956?,1755
What is 33825 plus 25220?,59045
What is 73101 plus 74224?,147325
What is 5343 plus 7152?,12495
What is 3935 plus 2323?,6258
What is 59 plus 76?,135
What is 430 plus 216?,646
What is 299 plus 986?,1285
What is 33566 plus 66759?,100325
What is 92789 plus 94716?,187505
What is 10 plus 12?,22
What is 45174 plus 48322?,93496
What is 92 plus 58?,150
What is 1401 plus 4272?,5673
What is 1101 plus 8013?,9114
What is 77 plus 74?,151
What is 25277 plus 72045?,97322
What is 428 plus 722?,1150
What is 53 plus 98?,151
What is 18 plus 76?,94
What is 6422 plus 7220?,13642
What is 87691 plus 71062?,158753
What is 40551 plus 34793?,75344
What is 354 plus 612?,966
What is 57852 plus 88389?,146241
What is 534 plus 445?,979
What is 250 plus 758?,1008
What is 2004 plus 3738?,5742
What is 48 plus 59?,107
What is 81278 plus 28936?,110214
What is 922 plus 527?,1449
What is 2183 plus 6393?,8576
What is 74843 plus 69519?,144362
What is 2737 plus 5075?,7812
What is 42555 plus 43024?,85579
What is 3389 plus 7944?,11333
What is 95917 plus 59979?,155896
What is 647 plus 467?,1114
What is 7180 plus 5740?,12920
What is 81999 plus 37172?,119171
What is 94269 plus 53633?,147902
What is 1787 plus 5646?,7433
What is 51883 plus 26892?,78775
What is 839 plus 799?,1638
What is 2704 plus 7819?,10523
What is 11 plus 97?,108
What is 3655 plus 4409?,8064
What is 85649 plus 34926?,120575
What is 6066 plus 1962?,8028
What is 80138 plus 47097?,127235
What is 5532 plus 2949?,8481
What is 917 plus 218?,1135
What is 9126 plus 1697?,10823
What is 68791 plus 43633?,112424
What is 632 plus 913?,1545
What is 11636 plus 20426?,32062
What is 427 plus 607?,1034
What is 2630 plus 2078?,4708
What is 3903 plus 5065?,8968
What is 130 plus 934?,1064
What is 81 plus 19?,100
What is 583 plus 228?,811
What is 20 plus 17?,37
What is 137 plus 128?,265
What is 72 plus 50?,122
What is 1125 plus 4437?,5562
What is 27823 plus 34695?,62518
What is 947 plus 358?,1305
What is 57 plus 20?,77
What is 142 plus 672?,814
What is 58956 plus 25685?,84641
What is 4573 plus 9795?,14368
What is 76 plus 18?,94
What is 28509 plus 50662?,79171
What is 179 plus 231?,410
What is 3355 plus 1885?,5240
What is 695 plus 292?,987
What is 32 plus 47?,79
What is 6036 plus 9091?,15127
What is 94 plus 86?,180
What is 30 plus 89?,119
What is 9057 plus 4477?,13534
What is 35233 plus 37209?,72442
What is 5448 plus 4192?,9640
What is 96107 plus 80211?,176318
What is 83478 plus 54101?,137579
What is 12 plus 77?,89
What is 9541 plus 2892?,12433
What is 7276 plus 6796?,14072
What is 75278 plus 66269?,141547
What is 25 plus 22?,47
What is 948 plus 545?,1493
What is 6431 plus 8461?,14892
What is 5800 plus 2777?,8577
What is 646 plus 259?,905
What is 131 plus 402?,533
What is 178 plus 739?,917
What is 8433 plus 9958?,18391
What is 505 plus 524?,1029
What is 416 plus 951?,1367
What is 3830 plus 2696?,6526
What is 87 plus 29?,116
What is 7930 plus 2147?,10077
What is 77 plus 16?,93
What is 66 plus 60?,126
What is 30 plus 27?,57
What is 9621 plus 2900?,12521
What is 721 plus 314?,1035
What is 7810 plus 7182?,14992
What is 80782 plus 74008?,154790
What is 14 plus 35?,49
What is 1089 plus 5502?,6591
What is 17 plus 89?,106
What is 372 plus 744?,1116
What is 25619 plus 96989?,122608
What is 62 plus 19?,81
What is 953 plus 334?,1287
What is 2453 plus 5537?,7990
What is 86 plus 84?,170
What is 301 plus 538?,839
What is 71063 plus 74654?,145717
What is 3569 plus 5135?,8704
What is 63348 plus 80766?,144114
What is 45 plus 53?,98
What is 45 plus 74?,119
What is 17 plus 98?,115
What is 3566 plus 4379?,7945
What is 28 plus 23?,51
What is 29683 plus 49820?,79503
What is 416 plus 181?,597
What is 92923 plus 23835?,116758
What is 6285 plus 2898?,9183
What is 30132 plus 42584?,72716
What is 2151 plus 4874?,7025
What is 3777 plus 7012?,10789
What is 7925 plus 4385?,12310
What is 629 plus 980?,1609
What is 94771 plus 21782?,116553
What is 51133 plus 35500?,86633
What is 9856 plus 1063?,10919
What is 4181 plus 4622?,8803
What is 67833 plus 99077?,166910
What is 261 plus 178?,439
What is 271 plus 289?,560
What is 836 plus 108?,944
What is 25 plus 55?,80
What is 5783 plus 4922?,10705
What is 56782 plus 39992?,96774
What is 46 plus 67?,113
What is 3354 plus 2861?,6215
What is 6019 plus 5994?,12013
What is 627 plus 820?,1447
What is 3398 plus 8311?,11709
What is 202 plus 645?,847
What is 64408 plus 54506?,118914
What is 15994 plus 74091?,90085
What is 33845 plus 11379?,45224
What is 37339 plus 36916?,74255
What is 24449 plus 74584?,99033
What is 51443 plus 77949?,129392
What is 484 plus 181?,665
What is 418 plus 133?,551
What is 5995 plus 8481?,14476
What is 89595 plus 82440?,172035
What is 85 plus 89?,174
What is 77614 plus 24312?,101926
What is 3183 plus 8005?,11188
What is 8087 plus 9941?,18028
What is 763 plus 175?,938
What is 93 plus 43?,136
What is 67 plus 10?,77
What is 664 plus 824?,1488
What is 87597 plus 44112?,131709
What is 9303 plus 2742?,12045
What is 114 plus 146?,260
What is 91 plus 55?,146
What is 8904 plus 8570?,17474
What is 40959 plus 45595?,86554
What is 3955 plus 3574?,7529
What is 37402 plus 98987?,136389
What is 1734 plus 7636?,9370
What is 30 plus 38?,68
What is 82 plus 78?,160
What is 51 plus 53?,104
What is 2227 plus 8494?,10721
What is 46 plus 75?,121
What is 27148 plus 63462?,90610
What is 144 plus 277?,421
What is 39242 plus 82064?,121306
What is 70105 plus 73794?,143899
What is 4357 plus 6027?,10384
What is 63926 plus 31394?,95320
What is 12502 plus 86692?,99194
What is 636 plus 367?,1003
What is 1277 plus 5987?,7264
What is 5100 plus 7346?,12446
What is 67 plus 29?,96
What is 56418 plus 31863?,88281
What is 1001 plus 7538?,8539
What is 35458 plus 87527?,122985
What is 1030 plus 9500?,10530
What is 15 plus 68?,83
What is 445 plus 699?,1144
What is 2308 plus 2031?,4339
What is 9598 plus 4329?,13927
What is 42 plus 83?,125
What is 73856 plus 83131?,156987
What is 1063 plus 5738?,6801
What is 6933 plus 1750?,8683
What is 28775 plus 29394?,58169
What is 971 plus 581?,1552
What is 383 plus 856?,1239
What is 6305 plus 7750?,14055
What is 47 plus 98?,145
What is 86409 plus 59554?,145963
What is 95110 plus 93556?,188666
What is 6347 plus 1861?,8208
What is 426 plus 465?,891
What is 651 plus 124?,775
What is 695 plus 763?,1458
What is 78543 plus 19749?,98292
What is 509 plus 132?,641
What is 51 plus 39?,90
What is 59 plus 24?,83
What is 489 plus 412?,901
What is 66857 plus 70914?,137771
What is 851 plus 653?,1504
What is 70356 plus 55884?,126240
What is 6424 plus 6303?,12727
What is 97368 plus 45685?,143053
What is 506 plus 597?,1103
What is 971 plus 362?,1333
What is 584 plus 153?,737
What is 923 plus 274?,1197
What is 390 plus 954?,1344
What is 4791 plus 6026?,10817
What is 32633 plus 23950?,56583
What is 1239 plus 4092?,5331
What is 446 plus 137?,583
What is 20 plus 13?,33
What is 95368 plus 66776?,162144
What is 50 plus 34?,84
What is 137 plus 569?,706
What is 522 plus 904?,1426
What is 2073 plus 9022?,11095
What is 19439 plus 30167?,49606
What is 581 plus 742?,1323
What is 35 plus 65?,100
What is 24 plus 27?,51
What is 27 plus 77?,104
What is 222 plus 424?,646
What is 2770 plus 7976?,10746
What is 697 plus 518?,1215
What is 29 plus 30?,59
What is 93444 plus 67827?,161271
What is 24 plus 45?,69
What is 2401 plus 3328?,5729
What is 699 plus 951?,1650
What is 96553 plus 54962?,151515
What is 967 plus 900?,1867
What is 73 plus 69?,142
What is 24172 plus 35869?,60041
What is 56 plus 77?,133
What is 99 plus 54?,153
What is 1461 plus 1476?,2937
What is 2729 plus 7300?,10029
What is 4458 plus 9460?,13918
What is 73 plus 93?,166
What is 15 plus 57?,72
What is 6381 plus 4035?,10416
What is 9809 plus 5978?,15787
What is 2659 plus 8838?,11497
What is 186 plus 853?,1039
What is 1633 plus 2614?,4247
What is 71 plus 90?,161
What is 6756 plus 9576?,16332
What is 3076 plus 9979?,13055
What is 66977 plus 75302?,142279
What is 9478 plus 6679?,16157
What is 83 plus 15?,98
What is 2715 plus 5704?,8419
What is 4655 plus 3408?,8063
What is 99 plus 19?,118
What is 801 plus 916?,1717
What is 514 plus 261?,775
What is 84 plus 97?,181
What is 675 plus 643?,1318
What is 8332 plus 6070?,14402
What is 778 plus 145?,923
What is 878 plus 316?,1194
What is 1049 plus 2447?,3496
What is 33300 plus 66595?,99895
What is 55428 plus 25945?,81373
What is 4634 plus 3229?,7863
What is 15767 plus 11527?,27294
What is 3659 plus 3399?,7058
What is 1222 plus 5300?,6522
What is 76 plus 26?,102
What is 1858 plus 4845?,6703
What is 539 plus 126?,665
What is 168 plus 488?,656
What is 4592 plus 3147?,7739
What is 81796 plus 11751?,93547
What is 16 plus 27?,43
What is 93011 plus 86725?,179736
What is 7228 plus 9345?,16573
What is 905 plus 107?,1012
What is 6333 plus 2815?,9148
What is 46 plus 37?,83
What is 480 plus 313?,793
What is 26 plus 81?,107
What is 35066 plus 79069?,114135
What is 570 plus 627?,1197
What is 46912 plus 66307?,113219
What is 74540 plus 63590?,138130
What is 87607 plus 26285?,113892
What is 827 plus 915?,1742
What is 54 plus 39?,93
What is 11 plus 62?,73
What is 783 plus 355?,1138
What is 1236 plus 2485?,3721
What is 8327 plus 5824?,14151
What is 6797 plus 6221?,13018
What is 2419 plus 9639?,12058
What is 15540 plus 31548?,47088
What is 859 plus 830?,1689
What is 51307 plus 54811?,106118
What is 81 plus 88?,169
What is 2438 plus 3802?,6240
What is 19289 plus 92876?,112165
What is 835 plus 916?,1751
What is 64082 plus 15525?,79607
What is 142 plus 986?,1128
What is 60906 plus 18535?,79441
What is 2683 plus 9389?,12072
What is 45 plus 40?,85
What is 7201 plus 8188?,15389
What is 42 plus 11?,53
What is 27 plus 21?,48
What is 443 plus 300?,743
What is 51724 plus 14130?,65854
What is 93185 plus 77618?,170803
What is 9518 plus 1215?,10733
What is 706 plus 749?,1455
What is 18548 plus 17191?,35739
What is 132 plus 762?,894
What is 709 plus 546?,1255
What is 1236 plus 7533?,8769
What is 15364 plus 80023?,95387
What is 66 plus 68?,134
What is 56 plus 49?,105
What is 16663 plus 70715?,87378
What is 6400 plus 4551?,10951
What is 15 plus 53?,68
What is 15396 plus 72600?,87996
What is 88933 plus 26935?,115868
What is 77 plus 67?,144
What is 90 plus 70?,160
What is 37 plus 15?,52
What is 273 plus 774?,1047
What is 66 plus 86?,152
What is 35124 plus 86284?,121408
What is 37 plus 66?,103
What is 600 plus 199?,799
What is 4711 plus 6119?,10830
What is 63 plus 14?,77
What is 44312 plus 22389?,66701
What is 89 plus 35?,124
What is 959 plus 536?,1495
What is 60 plus 44?,104
What is 2511 plus 7894?,10405
What is 35 plus 77?,112
What is 5542 plus 2319?,7861
What is 394 plus 677?,1071
What is 10570 plus 73595?,84165
What is 610 plus 926?,1536
What is 654 plus 944?,1598
What is 83206 plus 48622?,131828
What is 53408 plus 40523?,93931
What is 52 plus 30?,82
What is 869 plus 150?,1019
What is 25308 plus 86076?,111384
What is 457 plus 616?,1073
What is 39 plus 50?,89
What is 92655 plus 93087?,185742
What is 6426 plus 4857?,11283
What is 489 plus 408?,897
What is 48575 plus 35393?,83968
What is 44 plus 56?,100
What is 785 plus 748?,1533
What is 9561 plus 8579?,18140
What is 67537 plus 83734?,151271
What is 40208 plus 76618?,116826
What is 14749 plus 64604?,79353
What is 762 plus 526?,1288
What is 675 plus 103?,778
What is 62 plus 67?,129
What is 324 plus 685?,1009
What is 654 plus 216?,870
What is 42 plus 38?,80
What is 46 plus 74?,120
What is 76 plus 92?,168
What is 85670 plus 36021?,121691
What is 6991 plus 2667?,9658
What is 303 plus 300?,603
What is 3121 plus 6091?,9212
What is 46396 plus 38426?,84822
What is 499 plus 935?,1434
What is 65 plus 82?,147
What is 720 plus 251?,971
What is 281 plus 889?,1170
What is 3720 plus 6820?,10540
What is 71 plus 58?,129
What is 85015 plus 24396?,109411
What is 52 plus 40?,92
What is 45078 plus 70135?,115213
What is 47 plus 98?,145
What is 3991 plus 1440?,5431
What is 888 plus 349?,1237
What is 59866 plus 71951?,131817
What is 176 plus 821?,997
What is 62899 plus 36135?,99034
What is 71 plus 43?,114
What is 268 plus 633?,901
What is 58 plus 69?,127
What is 9088 plus 9267?,18355
What is 63294 plus 86029?,149323
What is 12 plus 79?,91
What is 92 plus 12?,104
What is 1696 plus 7167?,8863
What is 8350 plus 2968?,11318
What is 37738 plus 76621?,114359
What is 905 plus 844?,1749
What is 54458 plus 62208?,116666
What is 3079 plus 3669?,6748
What is 38057 plus 91592?,129649
What is 92058 plus 80695?,172753
What is 7666 plus 2960?,10626
What is 908 plus 185?,1093
What is 75800 plus 35811?,111611
What is 3712 plus 4874?,8586
What is 17 plus 46?,63
What is 61 plus 89?,150
What is 956 plus 518?,1474
What is 174 plus 327?,501
What is 599 plus 562?,1161
What is 10660 plus 46229?,56889
What is 64722 plus 56293?,121015
What is 450 plus 532?,982
What is 8580 plus 4025?,12605
What is 124 plus 197?,321
What is 95 plus 64?,159
What is 50504 plus 44699?,95203
What is 4145 plus 9587?,13732
What is 6625 plus 3475?,10100
What is 78 plus 76?,154
What is 3957 plus 4305?,8262
What is 28344 plus 73094?,101438
What is 48 plus 93?,141
What is 49 plus 87?,136
What is 2506 plus 6589?,9095
What is 909 plus 153?,1062
What is 441 plus 315?,756
What is 23224 plus 78750?,101974
What is 73970 plus 74875?,148845
What is 14 plus 54?,68
What is 37 plus 38?,75
What is 50660 plus 49759?,100419
What is 96 plus 57?,153
What is 3647 plus 3215?,6862
What is 70 plus 51?,121
What is 9193 plus 6607?,15800
What is 7115 plus 3632?,10747
What is 55820 plus 25524?,81344
What is 85 plus 14?,99
What is 1772 plus 2292?,4064
What is 59958 plus 74737?,134695
What is 6862 plus 2042?,8904
What is 814 plus 839?,1653
What is 3306 plus 8112?,11418
What is 209 plus 102?,311
What is 6437 plus 6083?,12520
What is 15821 plus 16595?,32416
What is 9526 plus 5378?,14904
What is 91 plus 21?,112
What is 962 plus 108?,1070
What is 56205 plus 96798?,153003
What is 64997 plus 90163?,155160
What is 51 plus 42?,93
What is 813 plus 177?,990
What is 31894 plus 72026?,103920
What is 37 plus 29?,66
What is 2236 plus 9323?,11559
What is 31253 plus 83728?,114981
What is 9695 plus 4258?,13953
What is 629 plus 296?,925
What is 9567 plus 9551?,19118
What is 584 plus 385?,969
What is 8382 plus 6354?,14736
What is 14248 plus 53924?,68172
What is 262 plus 334?,596
What is 164 plus 873?,1037
What is 745 plus 312?,1057
What is 46 plus 53?,99
What is 30537 plus 77562?,108099
What is 37 plus 60?,97
What is 53128 plus 30853?,83981
What is 90 plus 58?,148
What is 62576 plus 75214?,137790
What is 234 plus 930?,1164
What is 17 plus 43?,60
What is 89 plus 69?,158
What is 842 plus 934?,1776
What is 8015 plus 6396?,14411
What is 20096 plus 23609?,43705
What is 28562 plus 73371?,101933
What is 1546 plus 2952?,4498
What is 46 plus 65?,111
What is 56 plus 34?,90
What is 500 plus 594?,1094
What is 8175 plus 5028?,13203
What is 74 plus 51?,125
What is 95 plus 36?,131
What is 87 plus 17?,104
What is 4495 plus 6401?,10896
What is 64 plus 26?,90
What is 7407 plus 6993?,14400
What is 76759 plus 47336?,124095
What is 2529 plus 1988?,4517
What is 344 plus 944?,1288
What is 52 plus 55?,107
What is 53912 plus 69626?,123538
What is 80489 plus 30209?,110698
What is 566 plus 751?,1317
What is 7263 plus 3302?,10565
What is 432 plus 316?,748
What is 5688 plus 4353?,10041
What is 2925 plus 1886?,4811
What is 96 plus 68?,164
What is 16 plus 26?,42
What is 25 plus 68?,93
What is 993 plus 954?,1947
What is 68407 plus 97621?,166028
What is 1843 plus 5939?,7782
What is 1276 plus 8452?,9728
What is 4642 plus 8342?,12984
What is 262 plus 260?,522
What is 19 plus 42?,61
What is 5226 plus 1275?,6501
What is 1844 plus 5968?,7812
What is 2564 plus 7684?,10248
What is 822 plus 759?,1581
What is 90 plus 43?,133
What is 82709 plus 18333?,101042
What is 13 plus 89?,102
What is 90244 plus 25839?,116083
What is 440 plus 101?,541
What is 544 plus 925?,1469
What is 460 plus 818?,1278
What is 5571 plus 1002?,6573
What is 11413 plus 24780?,36193
What is 57172 plus 12802?,69974
What is 26 plus 62?,88
What is 473 plus 904?,1377
What is 30380 plus 77770?,108150
What is 26 plus 15?,41
What is 30 plus 84?,114
What is 4380 plus 7855?,12235
What is 41 plus 82?,123
What is 4964 plus 8879?,13843
What is 2934 plus 1726?,4660
What is 210 plus 724?,934
What is 11858 plus 12128?,23986
What is 9708 plus 3763?,13471
What is 45442 plus 12655?,58097
What is 94 plus 75?,169
What is 63910 plus 28256?,92166
What is 64969 plus 28096?,93065
What is 356 plus 105?,461
What is 5588 plus 7767?,13355
What is 420 plus 524?,944
What is 490 plus 429?,919
What is 786 plus 351?,1137
What is 28 plus 20?,48
What is 2757 plus 8115?,10872
What is 220 plus 687?,907
What is 16 plus 53?,69
What is 25962 plus 26172?,52134
What is 99040 plus 25221?,124261
What is 37 plus 78?,115
What is 56 plus 32?,88
What is 675 plus 686?,1361
What is 15 plus 67?,82
What is 58763 plus 48150?,106913
What is 1365 plus 5621?,6986
What is 280 plus 126?,406
What is 40 plus 51?,91
What is 22216 plus 45659?,67875
What is 38 plus 32?,70
What is 44900 plus 73196?,118096
What is 253 plus 285?,538
What is 399 plus 286?,685
What is 687 plus 127?,814
What is 91 plus 71?,162
What is 40169 plus 71204?,111373
What is 8002 plus 6298?,14300
What is 26316 plus 50094?,76410
What is 1878 plus 5025?,6903
What is 7280 plus 9477?,16757
What is 100 plus 736?,836
What is 7184 plus 2169?,9353
What is 72 plus 95?,167
What is 55831 plus 69549?,125380
What is 58 plus 23?,81
What is 540 plus 413?,953
What is 47 plus 53?,100
What is 22954 plus 62405?,85359
What is 94 plus 31?,125
What is 50 plus 17?,67
What is 5125 plus 7246?,12371
What is 550 plus 665?,1215
What is 49 plus 18?,67
What is 46788 plus 39090?,85878
What is 4817 plus 8299?,13116
What is 29 plus 22?,51
What is 7763 plus 2445?,10208
What is 622 plus 741?,1363
What is 42718 plus 94335?,137053
What is 238 plus 976?,1214
What is 5998 plus 9525?,15523
What is 63 plus 20?,83
What is 33 plus 93?,126
What is 96 plus 21?,117
What is 12 plus 19?,31
What is 5362 plus 3617?,8979
What is 57 plus 99?,156
What is 33 plus 97?,130
What is 8167 plus 2285?,10452
What is 2119 plus 1443?,3562
What is 198 plus 182?,380
What is 7845 plus 5880?,13725
What is 732 plus 850?,1582
What is 9169 plus 7239?,16408
What is 3341 plus 6095?,9436
What is 40 plus 89?,129
What is 48554 plus 37845?,86399
What is 452 plus 419?,871
What is 76 plus 77?,153
What is 42809 plus 15336?,58145
What is 621 plus 709?,1330
What is 754 plus 400?,1154
What is 66248 plus 22940?,89188
What is 431 plus 340?,771
What is 89994 plus 70023?,160017
What is 22936 plus 79300?,102236
What is 1714 plus 3971?,5685
What is 8982 plus 8674?,17656
What is 592 plus 888?,1480
What is 62936 plus 58225?,121161
What is 58 plus 11?,69
What is 495 plus 810?,1305
What is 21 plus 17?,38
What is 202 plus 302?,504
What is 39 plus 15?,54
What is 81574 plus 42385?,123959
What is 7454 plus 5983?,13437
What is 55132 plus 30382?,85514
What is 27224 plus 58679?,85903
What is 58424 plus 45950?,104374
What is 3090 plus 6347?,9437
What is 3003 plus 8983?,11986
What is 72597 plus 59568?,132165
What is 8935 plus 3334?,12269
What is 1225 plus 2744?,3969
What is 51 plus 20?,71
What is 84245 plus 60663?,144908
What is 98 plus 37?,135
What is 80 plus 86?,166
What is 81587 plus 33344?,114931
What is 2620 plus 7642?,10262
What is 256 plus 283?,539
What is 521 plus 219?,740
What is 56647 plus 72694?,129341
What is 39 plus 23?,62
What is 2930 plus 2556?,5486
What is 814 plus 902?,1716
What is 1157 plus 1297?,2454
What is 71603 plus 60735?,132338
What is 460 plus 801?,1261
What is 1292 plus 3372?,4664
What is 949 plus 838?,1787
What is 56336 plus 90548?,146884
What is 445 plus 915?,1360
What is 497 plus 691?,1188
What is 499 plus 248?,747
What is 9564 plus 1405?,10969
What is 14695 plus 10631?,25326
What is 70059 plus 36224?,106283
What is 343 plus 834?,1177
What is 58569 plus 90371?,148940
What is 1143 plus 8055?,9198
What is 30 plus 16?,46
What is 4030 plus 1777?,5807
What is 28827 plus 36138?,64965
What is 212 plus 643?,855
What is 80188 plus 32343?,112531
What is 7985 plus 9356?,17341
What is 8393 plus 5771?,14164
What is 50714 plus 85942?,136656
What is 3031 plus 6269?,9300
What is 67 plus 93?,160
What is 95 plus 66?,161
What is 730 plus 380?,1110
What is 8795 plus 6868?,15663
What is 2586 plus 1215?,3801
What is 12115 plus 15082?,27197
What is 8204 plus 4882?,13086
What is 184 plus 817?,1001
What is 67 plus 16?,83
What is 52 plus 79?,131
What is 15349 plus 24455?,39804
What is 7199 plus 4991?,12190
What is 69 plus 99?,168
What is 47 plus 82?,129
What is 4871 plus 1465?,6336
What is 269 plus 273?,542
What is 794 plus 704?,1498
What is 951 plus 435?,1386
What is 58170 plus 15979?,74149
What is 923 plus 101?,1024
What is 387 plus 329?,716
What is 40 plus 12?,52
What is 93737 plus 80801?,174538
What is 3986 plus 3408?,7394
What is 34 plus 89?,123
What is 45 plus 82?,127
What is 42 plus 89?,131
What is 29338 plus 10972?,40310
What is 35 plus 32?,67
What is 31956 plus 64703?,96659
What is 8050 plus 2815?,10865
What is 79 plus 63?,142
What is 708 plus 635?,1343
What is 86003 plus 69130?,155133
What is 39545 plus 59521?,99066
What is 2879 plus 4645?,7524
What is 9512 plus 9952?,19464
What is 96503 plus 57471?,153974
What is 545 plus 623?,1168
What is 295 plus 802?,1097
What is 4011 plus 2796?,6807
What is 6180 plus 3914?,10094
What is 9718 plus 7424?,17142
What is 61694 plus 29505?,91199
What is 88677 plus 11933?,100610
What is 73 plus 55?,128
What is 99 plus 33?,132
What is 329 plus 641?,970
What is 59 plus 55?,114
What is 97651 plus 27362?,125013
What is 44064 plus 48492?,92556
What is 32351 plus 68853?,101204
What is 47837 plus 70540?,118377
What is 33075 plus 99596?,132671
What is 226 plus 583?,809
What is 2851 plus 6193?,9044
What is 998 plus 678?,1676
What is 5203 plus 1687?,6890
What is 96478 plus 56605?,153083
What is 456 plus 927?,1383
What is 406 plus 799?,1205
What is 48881 plus 81011?,129892
What is 132 plus 624?,756
What is 33279 plus 48246?,81525
What is 50 plus 76?,126
What is 48 plus 21?,69
What is 59215 plus 44512?,103727
What is 357 plus 174?,531
What is 341 plus 813?,1154
What is 87 plus 71?,158
What is 9119 plus 1619?,10738
What is 88133 plus 57942?,146075
What is 87 plus 18?,105
What is 620 plus 966?,1586
What is 363 plus 904?,1267
What is 689 plus 135?,824
What is 723 plus 735?,1458
What is 9579 plus 8009?,17588
What is 4606 plus 4364?,8970
What is 9886 plus 2743?,12629
What is 70 plus 62?,132
What is 45 plus 22?,67
What is 741 plus 587?,1328
What is 158 plus 982?,1140
What is 31280 plus 19353?,50633
What is 94 plus 15?,109
What is 16 plus 85?,101
What is 6771 plus 6868?,13639
What is 8228 plus 3175?,11403
What is 7997 plus 3739?,11736
What is 1260 plus 4754?,6014
What is 6518 plus 2074?,8592
What is 9836 plus 6614?,16450
What is 274 plus 154?,428
What is 289 plus 739?,1028
What is 39288 plus 11669?,50957
What is 99 plus 28?,127
What is 99 plus 86?,185
What is 6122 plus 9313?,15435
What is 69519 plus 22761?,92280
What is 8609 plus 4089?,12698
What is 588 plus 984?,1572
What is 4306 plus 7559?,11865
What is 950 plus 308?,1258
What is 2394 plus 6192?,8586
What is 21 plus 91?,112
What is 19 plus 73?,92
What is 10648 plus 81432?,92080
What is 19 plus 84?,103
What is 474 plus 879?,1353
What is 48 plus 27?,75
What is 44 plus 51?,95
What is 37452 plus 41471?,78923
What is 224 plus 350?,574
What is 41306 plus 37782?,79088
What is 48 plus 21?,69
What is 936 plus 741?,1677
What is 64992 plus 75918?,140910
What is 81264 plus 59473?,140737
What is 2592 plus 4520?,7112
What is 99 plus 70?,169
What is 19762 plus 12717?,32479
What is 4063 plus 9119?,13182
What is 171 plus 958?,1129
What is 66 plus 30?,96
What is 72226 plus 90058?,162284
What is 712 plus 909?,1621
What is 49 plus 20?,69
What is 900 plus 181?,1081
What is 205 plus 755?,960
What is 31 plus 38?,69
What is 6454 plus 5313?,11767
What is 810 plus 700?,1510
What is 66 plus 11?,77
What is 1396 plus 9156?,10552
What is 343 plus 954?,1297
What is 41 plus 64?,105
What is 31 plus 46?,77
What is 1005 plus 8815?,9820
What is 71537 plus 44622?,116159
What is 55 plus 37?,92
What is 6593 plus 5501?,12094
What is 721 plus 262?,983
What is 516 plus 677?,1193
What is 36136 plus 33652?,69788
What is 55 plus 26?,81
What is 15003 plus 38644?,53647
What is 90075 plus 21049?,111124
What is 28297 plus 70267?,98564
What is 135 plus 562?,697
What is 226 plus 391?,617
What is 677 plus 468?,1145
What is 290 plus 439?,729
What is 141 plus 929?,1070
What is 326 plus 319?,645
What is 7624 plus 6535?,14159
What is 331 plus 916?,1247
What is 534 plus 292?,826
What is 569 plus 362?,931
What is 49 plus 73?,122
What is 20837 plus 87747?,108584
What is 75278 plus 80429?,155707
What is 214 plus 888?,1102
What is 24935 plus 69020?,93955
What is 11 plus 34?,45
What is 43294 plus 21090?,64384
What is 187 plus 142?,329
What is 457 plus 186?,643
What is 63771 plus 50575?,114346
What is 63 plus 59?,122
What is 30401 plus 53570?,83971
What is 87627 plus 72023?,159650
What is 25 plus 66?,91
What is 6361 plus 9859?,16220
What is 5616 plus 3894?,9510
What is 601 plus 548?,1149
What is 52752 plus 60961?,113713
What is 3724 plus 7930?,11654
What is 1617 plus 9100?,10717
What is 34 plus 92?,126
What is 955 plus 135?,1090
What is 27 plus 29?,56
What is 3459 plus 8591?,12050
What is 691 plus 381?,1072
What is 792 plus 107?,899
What is 47 plus 88?,135
What is 9224 plus 5744?,14968
What is 93217 plus 43821?,137038
What is 7818 plus 3636?,11454
What is 856 plus 408?,1264
What is 58 plus 21?,79
What is 8329 plus 2962?,11291
What is 27249 plus 27214?,54463
What is 9400 plus 7526?,16926
What is 73 plus 90?,163
What is 13026 plus 70459?,83485
What is 400 plus 422?,822
What is 92 plus 88?,180
What is 838 plus 821?,1659
What is 23279 plus 26953?,50232
What is 24 plus 87?,111
What is 13475 plus 64018?,77493
What is 768 plus 752?,1520
What is 104 plus 281?,385
What is 49619 plus 25643?,75262
What is 7297 plus 8270?,15567
What is 569 plus 805?,1374
What is 90218 plus 26250?,116468
What is 6160 plus 7527?,13687
What is 76032 plus 41908?,117940
What is 73199 plus 41162?,114361
What is 782 plus 645?,1427
What is 75 plus 69?,144
What is 9016 plus 6627?,15643
What is 97 plus 65?,162
What is 26327 plus 13952?,40279
What is 330 plus 677?,1007
What is 544 plus 229?,773
What is 65 plus 62?,127
What is 1311 plus 4753?,6064
What is 68 plus 54?,122
What is 7813 plus 8393?,16206
What is 995 plus 812?,1807
What is 75224 plus 96968?,172192
What is 35077 plus 79851?,114928
What is 748 plus 537?,1285
What is 893 plus 275?,1168
What is 65368 plus 68519?,133887
What is 2170 plus 2673?,4843
What is 79350 plus 35435?,114785
What is 559 plus 607?,1166
What is 2315 plus 4657?,6972
What is 4172 plus 2840?,7012
What is 44 plus 90?,134
What is 52116 plus 72406?,124522
What is 97052 plus 89638?,186690
What is 271 plus 716?,987
What is 99007 plus 76046?,175053
What is 8519 plus 7256?,15775
What is 89 plus 79?,168
What is 120 plus 711?,831
What is 4096 plus 6214?,10310
What is 49 plus 46?,95
What is 733 plus 365?,1098
What is 48615 plus 71543?,120158
What is 1774 plus 9199?,10973
What is 7430 plus 3803?,11233
What is 13571 plus 23352?,36923
What is 67 plus 95?,162
What is 65556 plus 17131?,82687
What is 60102 plus 29875?,89977
What is 59 plus 13?,72
What is 6378 plus 9562?,15940
What is 2725 plus 9292?,12017
What is 55 plus 74?,129
What is 846 plus 719?,1565
What is 65537 plus 81861?,147398
What is 862 plus 907?,1769
What is 5178 plus 8242?,13420
What is 282 plus 628?,910
What is 886 plus 947?,1833
What is 8994 plus 6170?,15164
What is 40037 plus 23450?,63487
What is 548 plus 590?,1138
What is 35 plus 16?,51
What is 89228 plus 78587?,167815
What is 5101 plus 9027?,14128
What is 19921 plus 69842?,89763
What is 11 plus 38?,49
What is 8492 plus 5765?,14257
What is 14 plus 84?,98
What is 618 plus 958?,1576
What is 58 plus 97?,155
What is 780 plus 905?,1685
What is 81652 plus 82862?,164514
What is 42655 plus 73945?,116600
What is 3698 plus 3900?,7598
What is 5032 plus 2499?,7531
What is 6724 plus 8303?,15027
What is 773 plus 290?,1063
What is 632 plus 669?,1301
What is 253 plus 620?,873
What is 36 plus 81?,117
What is 283 plus 181?,464
What is 99565 plus 64753?,164318
What is 3266 plus 4560?,7826
What is 20 plus 97?,117
What is 28 plus 89?,117
What is 7477 plus 1958?,9435
What is 838 plus 916?,1754
What is 355 plus 654?,1009
What is 326 plus 721?,1047
What is 33341 plus 37123?,70464
What is 61 plus 23?,84
What is 63 plus 48?,111
What is 96 plus 59?,155
What is 701 plus 683?,1384
What is 22 plus 48?,70
What is 58880 plus 56682?,115562
What is 93 plus 14?,107
What is 30 plus 24?,54
What is 12739 plus 12626?,25365
What is 66456 plus 79571?,146027
What is 83259 plus 24067?,107326
What is 36 plus 88?,124
What is 1623 plus 3641?,5264
What is 1210 plus 4581?,5791
What is 26 plus 83?,109
What is 3658 plus 5913?,9571
What is 68 plus 80?,148
What is 80990 plus 78030?,159020
What is 697 plus 404?,1101
What is 92 plus 81?,173
What is 934 plus 434?,1368
What is 2937 plus 3875?,6812
What is 8118 plus 7205?,15323
What is 3735 plus 3166?,6901
What is 68 plus 38?,106
What is 69 plus 89?,158
What is 32 plus 64?,96
What is 4444 plus 3231?,7675
What is 13347 plus 99982?,113329
What is 975 plus 530?,1505
What is 99996 plus 55247?,155243
What is 31642 plus 65233?,96875
What is 55 plus 23?,78
What is 6323 plus 7401?,13724
What is 7603 plus 4984?,12587
What is 60924 plus 93495?,154419
What is 19 plus 78?,97
What is 11 plus 52?,63
What is 96 plus 30?,126
What is 829 plus 417?,1246
What is 4729 plus 4652?,9381
What is 37757 plus 49699?,87456
What is 55800 plus 66901?,122701
What is 134 plus 903?,1037
What is 62366 plus 72468?,134834
What is 69 plus 29?,98
What is 8488 plus 1185?,9673
What is 79983 plus 39647?,119630
What is 9041 plus 2616?,11657
What is 1938 plus 5849?,7787
What is 8929 plus 5258?,14187
What is 965 plus 637?,1602
What is 26943 plus 50362?,77305
What is 91 plus 25?,116
What is 988 plus 778?,1766
What is 1951 plus 2595?,4546
What is 1506 plus 3831?,5337
What is 1704 plus 4617?,6321
What is 60433 plus 97651?,158084
What is 79048 plus 20060?,99108
What is 855 plus 116?,971
What is 1856 plus 8256?,10112
What is 830 plus 840?,1670
What is 1585 plus 7105?,8690
What is 8045 plus 4859?,12904
What is 56 plus 16?,72
What is 6094 plus 2591?,8685
What is 2715 plus 6675?,9390
What is 3680 plus 4507?,8187
What is 9184 plus 3010?,12194
What is 39 plus 27?,66
What is 8668 plus 7107?,15775
What is 741 plus 975?,1716
What is 30053 plus 15477?,45530
What is 74396 plus 97461?,171857
What is 9576 plus 2488?,12064
What is 13549 plus 85521?,99070
What is 30129 plus 14041?,44170
What is 4573 plus 1063?,5636
What is 184 plus 725?,909
What is 1436 plus 3385?,4821
What is 2250 plus 4468?,6718
What is 8125 plus 3937?,12062
What is 46 plus 26?,72
What is 33 plus 59?,92
What is 8129 plus 3336?,11465
What is 570 plus 217?,787
What is 72 plus 53?,125
What is 444 plus 813?,1257
What is 70 plus 67?,137
What is 63957 plus 97790?,161747
What is 3293 plus 6426?,9719
What is 7093 plus 2938?,10031
What is 979 plus 737?,1716
What is 75 plus 96?,171
What is 47 plus 95?,142
What is 30 plus 52?,82
What is 172 plus 969?,1141
What is 74 plus 88?,162
What is 28 plus 87?,115
What is 6831 plus 3779?,10610
What is 542 plus 943?,1485
What is 890 plus 330?,1220
What is 69 plus 89?,158
What is 2914 plus 2994?,5908
What is 900 plus 994?,1894
What is 21859 plus 77518?,99377
What is 96 plus 12?,108
What is 777 plus 401?,1178
What is 252 plus 572?,824
What is 645 plus 776?,1421
What is 4574 plus 1118?,5692
What is 81659 plus 43742?,125401
What is 94799 plus 32802?,127601
What is 72974 plus 22815?,95789
What is 1566 plus 2574?,4140
What is 8671 plus 4095?,12766
What is 7432 plus 8310?,15742
What is 30 plus 58?,88
What is 650 plus 879?,1529
What is 935 plus 617?,1552
What is 121 plus 607?,728
What is 17 plus 15?,32
What is 6084 plus 7315?,13399
What is 94 plus 99?,193
What is 64 plus 54?,118
What is 63 plus 92?,155
What is 64015 plus 89673?,153688
What is 56 plus 27?,83
What is 997 plus 417?,1414
What is 95 plus 81?,176
What is 70 plus 91?,161
What is 98 plus 36?,134
What is 6509 plus 5295?,11804
What is 20 plus 58?,78
What is 5661 plus 1458?,7119
What is 90938 plus 43322?,134260
What is 5317 plus 1053?,6370
What is 29603 plus 44947?,74550
What is 728 plus 339?,1067
What is 44128 plus 49136?,93264
What is 38377 plus 90614?,128991
What is 93 plus 96?,189
What is 7773 plus 5978?,13751
What is 85869 plus 29122?,114991
What is 29990 plus 40033?,70023
What is 102 plus 645?,747
What is 574 plus 206?,780
What is 952 plus 710?,1662
What is 65 plus 89?,154
What is 60 plus 36?,96
What is 20 plus 53?,73
What is 94481 plus 58146?,152627
What is 97 plus 73?,170
What is 21613 plus 10370?,31983
What is 1354 plus 2603?,3957
What is 6995 plus 4151?,11146
What is 468 plus 225?,693
What is 88566 plus 38425?,126991
What is 4232 plus 1128?,5360
What is 73137 plus 20944?,94081
What is 85417 plus 51181?,136598
What is 71128 plus 24369?,95497
What is 5850 plus 1443?,7293
What is 637 plus 629?,1266
What is 437 plus 805?,1242
What is 622 plus 908?,1530
What is 4541 plus 7850?,12391
What is 46938 plus 31015?,77953
What is 935 plus 213?,1148
What is 13 plus 43?,56
What is 1947 plus 3471?,5418
What is 98 plus 41?,139
What is 62774 plus 20969?,83743
What is 193 plus 224?,417
What is 2118 plus 7479?,9597
What is 18274 plus 98238?,116512
What is 69526 plus 20968?,90494
What is 82 plus 17?,99
What is 4337 plus 9344?,13681
What is 72 plus 12?,84
What is 60161 plus 40791?,100952
What is 61 plus 11?,72
What is 93552 plus 40127?,133679
What is 9125 plus 4783?,13908
What is 1596 plus 1877?,3473
What is 13 plus 91?,104
What is 86409 plus 13939?,100348
What is 2470 plus 4994?,7464
What is 4040 plus 5190?,9230
What is 315 plus 572?,887
What is 75 plus 13?,88
What is 26 plus 41?,67
What is 5096 plus 7449?,12545
What is 43 plus 61?,104
What is 97509 plus 63582?,161091
What is 907 plus 111?,1018
What is 131 plus 764?,895
What is 214 plus 612?,826
What is 98514 plus 15411?,113925
What is 618 plus 893?,1511
What is 29 plus 49?,78
What is 696 plus 360?,1056
What is 59143 plus 85495?,144638
What is 80679 plus 44195?,124874
What is 24 plus 33?,57
What is 844 plus 697?,1541
What is 76516 plus 70996?,147512
What is 11863 plus 66245?,78108
What is 123 plus 358?,481
What is 6212 plus 2323?,8535
What is 899 plus 650?,1549
What is 39 plus 62?,101
What is 163 plus 188?,351
What is 1902 plus 7671?,9573
What is 4018 plus 2179?,6197
What is 61 plus 83?,144
What is 80 plus 98?,178
What is 14219 plus 43426?,57645
What is 74 plus 65?,139
What is 1767 plus 1308?,3075
What is 826 plus 741?,1567
What is 6050 plus 2354?,8404
What is 97011 plus 11194?,108205
What is 93033 plus 85813?,178846
What is 2373 plus 1530?,3903
What is 9423 plus 9748?,19171
What is 7130 plus 9606?,16736
What is 4368 plus 5926?,10294
What is 684 plus 615?,1299
What is 163 plus 732?,895
What is 918 plus 903?,1821
What is 50626 plus 95156?,145782
What is 531 plus 718?,1249
What is 89 plus 63?,152
What is 96 plus 67?,163
What is 7596 plus 2237?,9833
What is 78568 plus 86402?,164970
What is 178 plus 343?,521
What is 6747 plus 2923?,9670
What is 30282 plus 43545?,73827
What is 49 plus 12?,61
What is 59 plus 60?,119
What is 28227 plus 25887?,54114
What is 434 plus 610?,1044
What is 3850 plus 5702?,9552
What is 64029 plus 91405?,155434
What is 876 plus 117?,993
What is 4029 plus 2664?,6693
What is 73715 plus 56449?,130164
What is 825 plus 152?,977
What is 8914 plus 8744?,17658
What is 449 plus 427?,876
What is 25 plus 79?,104
What is 94 plus 68?,162
What is 86 plus 42?,128
What is 32500 plus 22356?,54856
What is 38524 plus 43431?,81955
What is 13 plus 83?,96
What is 3644 plus 7974?,11618
What is 8911 plus 6976?,15887
What is 6600 plus 6141?,12741
What is 148 plus 136?,284
What is 64702 plus 88470?,153172
What is 57957 plus 99088?,157045
What is 86 plus 80?,166
What is 3282 plus 7240?,10522
What is 35 plus 57?,92
What is 20404 plus 36846?,57250
What is 55 plus 41?,96
What is 52758 plus 40877?,93635
What is 97 plus 55?,152
What is 171 plus 332?,503
What is 30920 plus 81823?,112743
What is 343 plus 890?,1233
What is 537 plus 579?,1116
What is 88 plus 62?,150
What is 80 plus 93?,173
What is 668 plus 455?,1123
What is 53708 plus 16821?,70529
What is 82819 plus 11094?,93913
What is 37 plus 61?,98
What is 74 plus 83?,157
What is 2850 plus 4946?,7796
What is 52 plus 76?,128
What is 50 plus 62?,112
What is 7778 plus 7643?,15421
What is 9278 plus 9744?,19022
What is 27 plus 83?,110
What is 60 plus 56?,116
What is 413 plus 988?,1401
What is 8159 plus 4162?,12321
What is 284 plus 216?,500
What is 50300 plus 72133?,122433
What is 37 plus 65?,102
What is 4573 plus 7188?,11761
What is 773 plus 386?,1159
What is 19 plus 79?,98
What is 7462 plus 6123?,13585
What is 902 plus 695?,1597
What is 44 plus 99?,143
What is 4468 plus 7754?,12222
What is 720 plus 963?,1683
What is 19402 plus 22170?,41572
What is 949 plus 861?,1810
What is 2385 plus 5778?,8163
What is 147 plus 730?,877
What is 6046 plus 8893?,14939
What is 526 plus 461?,987
What is 1514 plus 2543?,4057
What is 21 plus 58?,79
What is 11851 plus 64508?,76359
What is 73090 plus 42345?,115435
What is 458 plus 947?,1405
What is 6435 plus 6276?,12711
What is 87864 plus 29657?,117521
What is 94295 plus 66662?,160957
What is 80271 plus 16302?,96573
What is 46450 plus 22449?,68899
What is 41 plus 57?,98
What is 72 plus 67?,139
What is 3719 plus 8314?,12033
What is 964 plus 205?,1169
What is 95582 plus 35209?,130791
What is 6224 plus 3918?,10142
What is 6270 plus 9967?,16237
What is 54 plus 19?,73
What is 808 plus 877?,1685
What is 86831 plus 72222?,159053
What is 215 plus 670?,885
What is 16933 plus 58402?,75335
What is 79 plus 70?,149
What is 11756 plus 33173?,44929
What is 553 plus 987?,1540
What is 31 plus 17?,48
What is 41618 plus 69885?,111503
What is 50184 plus 74611?,124795
What is 1851 plus 7715?,9566
What is 880 plus 826?,1706
What is 19 plus 16?,35
What is 92 plus 27?,119
What is 76410 plus 59380?,135790
What is 92 plus 44?,136
What is 19284 plus 19024?,38308
What is 25723 plus 84581?,110304
What is 989 plus 142?,1131
What is 1561 plus 7352?,8913
What is 379 plus 525?,904
What is 141 plus 863?,1004
What is 458 plus 218?,676
What is 83200 plus 63690?,146890
What is 4489 plus 4860?,9349
What is 31 plus 23?,54
What is 4848 plus 3276?,8124
What is 11 plus 67?,78
What is 752 plus 220?,972
What is 81681 plus 82877?,164558
What is 2801 plus 7409?,10210
What is 11 plus 48?,59
What is 6458 plus 4537?,10995
What is 7031 plus 6159?,13190
What is 3675 plus 1643?,5318
What is 602 plus 644?,1246
What is 7812 plus 3749?,11561
What is 99973 plus 32000?,131973
What is 8188 plus 5330?,13518
What is 84 plus 82?,166
What is 9487 plus 8021?,17508
What is 8550 plus 4405?,12955
What is 82 plus 82?,164
What is 8408 plus 3263?,11671
What is 95456 plus 34352?,129808
What is 23 plus 97?,120
What is 97188 plus 44784?,141972
What is 4372 plus 9039?,13411
What is 45 plus 65?,110
What is 63475 plus 62688?,126163
What is 7725 plus 9613?,17338
What is 4311 plus 5205?,9516
What is 91 plus 77?,168
What is 40074 plus 80146?,120220
What is 697 plus 938?,1635
What is 87 plus 94?,181
What is 96417 plus 18552?,114969
What is 3241 plus 8996?,12237
What is 96351 plus 76147?,172498
What is 73210 plus 17860?,91070
What is 6079 plus 4990?,11069
What is 211 plus 881?,1092
What is 232 plus 953?,1185
What is 5760 plus 9308?,15068
What is 281 plus 939?,1220
What is 27 plus 98?,125
What is 7943 plus 3825?,11768
What is 801 plus 498?,1299
What is 414 plus 731?,1145
What is 875 plus 694?,1569
What is 866 plus 463?,1329
What is 11506 plus 74891?,86397
What is 623 plus 174?,797
What is 8582 plus 9979?,18561
What is 1466 plus 1350?,2816
What is 72923 plus 64517?,137440
What is 926 plus 679?,1605
What is 32 plus 11?,43
What is 746 plus 915?,1661
What is 4729 plus 9277?,14006
What is 38 plus 77?,115
What is 53 plus 34?,87
What is 69145 plus 91718?,160863
What is 1164 plus 3235?,4399
What is 16 plus 92?,108
What is 996 plus 187?,1183
What is 74604 plus 88999?,163603
What is 6886 plus 6093?,12979
What is 4551 plus 3785?,8336
What is 375 plus 876?,1251
What is 75027 plus 91988?,167015
What is 944 plus 409?,1353
What is 457 plus 421?,878
What is 11322 plus 65610?,76932
What is 9326 plus 5641?,14967
What is 84089 plus 52964?,137053
What is 41 plus 48?,89
What is 424 plus 843?,1267
What is 502 plus 696?,1198
What is 7306 plus 3179?,10485
What is 3399 plus 9783?,13182
What is 83879 plus 47474?,131353
What is 364 plus 316?,680
What is 213 plus 994?,1207
What is 61 plus 46?,107
What is 748 plus 403?,1151
What is 94 plus 99?,193
What is 10 plus 66?,76
What is 282 plus 417?,699
What is 18 plus 15?,33
What is 755 plus 993?,1748
What is 603 plus 364?,967
What is 31194 plus 18089?,49283
What is 59068 plus 10207?,69275
What is 1759 plus 3542?,5301
What is 35651 plus 30889?,66540
What is 7868 plus 5405?,13273
What is 4277 plus 3516?,7793
What is 77142 plus 63743?,140885
What is 88543 plus 91274?,179817
What is 989 plus 432?,1421
What is 6741 plus 7542?,14283
What is 313 plus 724?,1037
What is 15 plus 95?,110
What is 2929 plus 8028?,10957
What is 708 plus 223?,931
What is 11 plus 12?,23
What is 7813 plus 6473?,14286
What is 81156 plus 25327?,106483
What is 484 plus 434?,918
What is 97538 plus 34868?,132406
What is 1891 plus 5154?,7045
What is 16 plus 64?,80
What is 664 plus 774?,1438
What is 76568 plus 80460?,157028
What is 247 plus 237?,484
What is 33763 plus 41678?,75441
What is 2871 plus 3074?,5945
What is 81 plus 22?,103
What is 34430 plus 34364?,68794
What is 7820 plus 6150?,13970
What is 771 plus 475?,1246
What is 87683 plus 24132?,111815
What is 56 plus 67?,123
What is 9218 plus 8806?,18024
What is 4899 plus 8773?,13672
What is 500 plus 517?,1017
What is 504 plus 229?,733
What is 83893 plus 93750?,177643
What is 35031 plus 91967?,126998
What is 185 plus 327?,512
What is 948 plus 523?,1471
What is 4169 plus 2992?,7161
What is 744 plus 791?,1535
What is 9315 plus 6221?,15536
What is 20 plus 92?,112
What is 9678 plus 4653?,14331
What is 277 plus 750?,1027
What is 97173 plus 34158?,131331
What is 2901 plus 7160?,10061
What is 848 plus 150?,998
What is 3778 plus 7864?,11642
What is 950 plus 292?,1242
What is 155 plus 936?,1091
What is 58 plus 49?,107
What is 77650 plus 35670?,113320
What is 25 plus 52?,77
What is 26377 plus 26458?,52835
What is 57015 plus 67950?,124965
What is 41270 plus 78103?,119373
What is 97228 plus 34264?,131492
What is 2533 plus 9457?,11990
What is 49 plus 83?,132
What is 93142 plus 84278?,177420
What is 305 plus 869?,1174
What is 44 plus 44?,88
What is 58799 plus 22429?,81228
What is 949 plus 527?,1476
What is 5002 plus 5902?,10904
What is 89674 plus 81291?,170965
What is 34855 plus 68750?,103605
What is 189 plus 426?,615
What is 14 plus 42?,56
What is 25 plus 49?,74
What is 31 plus 36?,67
What is 880 plus 834?,1714
What is 4674 plus 2818?,7492
What is 61174 plus 47154?,108328
What is 603 plus 735?,1338
What is 14 plus 99?,113
What is 60 plus 49?,109
What is 29995 plus 73884?,103879
What is 343 plus 835?,1178
What is 760 plus 500?,1260
What is 596 plus 359?,955
What is 62 plus 73?,135
What is 80 plus 62?,142
What is 522 plus 725?,1247
What is 88407 plus 19744?,108151
What is 3722 plus 2162?,5884
What is 88 plus 45?,133
What is 8833 plus 7476?,16309
What is 7997 plus 7066?,15063
What is 34 plus 68?,102
What is 3546 plus 5373?,8919
What is 992 plus 150?,1142
What is 38141 plus 83707?,121848
What is 86075 plus 39928?,126003
What is 7376 plus 6103?,13479
What is 47073 plus 23354?,70427
What is 1094 plus 5714?,6808
What is 460 plus 285?,745
What is 56 plus 45?,101
What is 57299 plus 88174?,145473
What is 7011 plus 9115?,16126
What is 86052 plus 63413?,149465
What is 785 plus 434?,1219
What is 33145 plus 91063?,124208
What is 19604 plus 49090?,68694
What is 791 plus 881?,1672
What is 961 plus 915?,1876
What is 589 plus 116?,705
What is 5505 plus 1694?,7199
What is 55 plus 16?,71
What is 849 plus 752?,1601
What is 37226 plus 64727?,101953
What is 7141 plus 8304?,15445
What is 857 plus 714?,1571
What is 8306 plus 6133?,14439
What is 840 plus 535?,1375
What is 9913 plus 9730?,19643
What is 70 plus 37?,107
What is 31269 plus 14968?,46237
What is 46 plus 24?,70
What is 94296 plus 77779?,172075
What is 48 plus 86?,134
What is 2612 plus 3569?,6181
What is 208 plus 382?,590
What is 57 plus 17?,74
What is 5732 plus 6558?,12290
What is 55648 plus 85985?,141633
What is 9064 plus 6836?,15900
What is 3278 plus 9835?,13113
What is 50 plus 42?,92
What is 37 plus 54?,91
What is 818 plus 151?,969
What is 720 plus 382?,1102
What is 31716 plus 26995?,58711
What is 5435 plus 9061?,14496
What is 3123 plus 4592?,7715
What is 35 plus 49?,84
What is 897 plus 453?,1350
What is 680 plus 164?,844
What is 71 plus 50?,121
What is 85 plus 60?,145
What is 41545 plus 20639?,62184
What is 29 plus 15?,44
What is 792 plus 671?,1463
What is 61 plus 61?,122
What is 6151 plus 8209?,14360
What is 67654 plus 32610?,100264
What is 201 plus 111?,312
What is 59402 plus 53614?,113016
What is 568 plus 946?,1514
What is 81 plus 97?,178
What is 3398 plus 2868?,6266
What is 98 plus 12?,110
What is 3570 plus 7344?,10914
What is 5725 plus 6782?,12507
What is 44 plus 29?,73
What is 10 plus 27?,37
What is 782 plus 263?,1045
What is 28 plus 25?,53
What is 1999 plus 5584?,7583
What is 921 plus 929?,1850
What is 45237 plus 67175?,112412
What is 3125 plus 5403?,8528
What is 82191 plus 50870?,133061
What is 9534 plus 3353?,12887
What is 596 plus 982?,1578
What is 2942 plus 3171?,6113
What is 54 plus 24?,78
What is 6578 plus 1989?,8567
What is 28 plus 15?,43
What is 681 plus 684?,1365
What is 22 plus 81?,103
What is 93723 plus 80209?,173932
What is 236 plus 941?,1177
What is 50 plus 49?,99
What is 99 plus 21?,120
What is 20188 plus 52457?,72645
What is 18 plus 56?,74
What is 217 plus 878?,1095
What is 9525 plus 8865?,18390
What is 51446 plus 21172?,72618
What is 53280 plus 96033?,149313
What is 7071 plus 3851?,10922
What is 2283 plus 4453?,6736
What is 491 plus 351?,842
What is 6572 plus 3998?,10570
What is 36157 plus 33544?,69701
What is 386 plus 220?,606
What is 12 plus 19?,31
What is 4071 plus 2832?,6903
What is 972 plus 200?,1172
What is 35069 plus 62056?,97125
What is 8872 plus 6115?,14987
What is 36 plus 96?,132
What is 4777 plus 5884?,10661
What is 50112 plus 29242?,79354
What is 39624 plus 76066?,115690
What is 93325 plus 80498?,173823
What is 84 plus 74?,158
What is 39 plus 18?,57
What is 32 plus 63?,95
What is 54 plus 88?,142
What is 27922 plus 38330?,66252
What is 742 plus 552?,1294
What is 93446 plus 79591?,173037
What is 293 plus 247?,540
What is 96572 plus 60673?,157245
What is 716 plus 694?,1410
What is 234 plus 195?,429
What is 49401 plus 70174?,119575
What is 8970 plus 8938?,17908
What is 51268 plus 99343?,150611
What is 64 plus 25?,89
What is 962 plus 215?,1177
What is 41 plus 57?,98
What is 511 plus 767?,1278
What is 918 plus 547?,1465
What is 18 plus 33?,51
What is 8848 plus 9119?,17967
What is 84739 plus 23611?,108350
What is 6310 plus 1695?,8005
What is 10 plus 21?,31
What is 666 plus 294?,960
What is 433 plus 850?,1283
What is 772 plus 431?,1203
What is 9509 plus 2195?,11704
What is 254 plus 233?,487
What is 27732 plus 95167?,122899
What is 1425 plus 7378?,8803
What is 7723 plus 1216?,8939
What is 60138 plus 50023?,110161
What is 1598 plus 2637?,4235
What is 732 plus 347?,1079
What is 594 plus 983?,1577
What is 3621 plus 2309?,5930
What is 81773 plus 96952?,178725
What is 127 plus 202?,329
What is 44 plus 32?,76
What is 1834 plus 5190?,7024
What is 51 plus 45?,96
What is 83 plus 42?,125
What is 839 plus 796?,1635
What is 935 plus 335?,1270
What is 99 plus 30?,129
What is 695 plus 269?,964
What is 1317 plus 3029?,4346
What is 97 plus 60?,157
What is 3382 plus 9068?,12450
What is 4928 plus 2547?,7475
What is 963 plus 664?,1627
What is 731 plus 177?,908
What is 8069 plus 4307?,12376
What is 65 plus 84?,149
What is 84556 plus 76666?,161222
What is 5184 plus 3690?,8874
What is 7589 plus 2972?,10561
What is 5238 plus 2561?,7799
What is 28 plus 12?,40
What is 95377 plus 86715?,182092
What is 396 plus 642?,1038
What is 76362 plus 64778?,141140
What is 55825 plus 27927?,83752
What is 4037 plus 7284?,11321
What is 93990 plus 16403?,110393
What is 37 plus 87?,124
What is 31247 plus 26004?,57251
What is 7257 plus 9667?,16924
What is 50623 plus 57829?,108452
What is 68325 plus 11463?,79788
What is 87133 plus 25884?,113017
What is 42687 plus 37856?,80543
What is 13 plus 84?,97
What is 4275 plus 3187?,7462
What is 521 plus 681?,1202
What is 61 plus 76?,137
What is 43446 plus 56609?,100055
What is 96 plus 77?,173
What is 79 plus 56?,135
What is 3359 plus 9718?,13077
What is 82781 plus 19180?,101961
What is 7039 plus 8064?,15103
What is 80314 plus 60775?,141089
What is 99350 plus 40293?,139643
What is 75 plus 66?,141
What is 85264 plus 30887?,116151
What is 599 plus 111?,710
What is 74 plus 93?,167
What is 3265 plus 5583?,8848
What is 23178 plus 27345?,50523
What is 6900 plus 1779?,8679
What is 48103 plus 18085?,66188
What is 349 plus 244?,593
What is 72443 plus 32449?,104892
What is 43810 plus 71602?,115412
What is 5971 plus 1698?,7669
What is 12 plus 91?,103
What is 6874 plus 1753?,8627
What is 48 plus 84?,132
What is 872 plus 913?,1785
What is 46330 plus 37775?,84105
What is 43461 plus 98827?,142288
What is 1058 plus 8612?,9670
What is 9083 plus 6114?,15197
What is 8148 plus 5271?,13419
What is 539 plus 490?,1029
What is 206 plus 666?,872
What is 77419 plus 66695?,144114
What is 191 plus 964?,1155
What is 916 plus 999?,1915
What is 866 plus 990?,1856
What is 309 plus 637?,946
What is 36 plus 75?,111
What is 63651 plus 70798?,134449
What is 73711 plus 56684?,130395
What is 92 plus 40?,132
What is 2714 plus 8129?,10843
What is 4776 plus 3620?,8396
What is 52829 plus 92464?,145293
What is 6017 plus 9222?,15239
What is 977 plus 118?,1095
What is 946 plus 542?,1488
What is 96924 plus 67962?,164886
What is 55 plus 22?,77
What is 724 plus 556?,1280
What is 52 plus 56?,108
What is 3737 plus 3154?,6891
What is 50654 plus 14643?,65297
What is 46938 plus 72192?,119130
What is 5231 plus 6233?,11464
What is 25 plus 12?,37
What is 68330 plus 97287?,165617
What is 98 plus 13?,111
What is 79754 plus 64129?,143883
What is 1540 plus 1619?,3159
What is 307 plus 815?,1122
What is 94 plus 16?,110
What is 91729 plus 33892?,125621
What is 268 plus 995?,1263
What is 80380 plus 45133?,125513
What is 67854 plus 60702?,128556
What is 1672 plus 5107?,6779
What is 4033 plus 3228?,7261
What is 52 plus 84?,136
What is 46 plus 94?,140
What is 43 plus 28?,71
What is 900 plus 568?,1468
What is 34 plus 84?,118
What is 57007 plus 57477?,114484
What is 34 plus 16?,50
What is 369 plus 809?,1178
What is 432 plus 151?,583
What is 65175 plus 15111?,80286
What is 7312 plus 4981?,12293
What is 40 plus 75?,115
What is 598 plus 681?,1279
What is 54457 plus 49172?,103629
What is 86 plus 85?,171
What is 4577 plus 3913?,8490
What is 733 plus 141?,874
What is 45466 plus 41780?,87246
What is 688 plus 369?,1057
What is 507 plus 243?,750
What is 1343 plus 8091?,9434
What is 74 plus 60?,134
What is 616 plus 264?,880
What is 4809 plus 2297?,7106
What is 155 plus 451?,606
What is 27139 plus 20524?,47663
What is 50493 plus 10576?,61069
What is 26 plus 22?,48
What is 48 plus 11?,59
What is 2967 plus 9257?,12224
What is 7813 plus 7104?,14917
What is 28533 plus 10915?,39448
What is 471 plus 823?,1294
What is 16 plus 22?,38
What is 751 plus 989?,1740
What is 7933 plus 5142?,13075
What is 2472 plus 5466?,7938
What is 7875 plus 8107?,15982
What is 120 plus 954?,1074
What is 29274 plus 49644?,78918
What is 14901 plus 11565?,26466
What is 620 plus 809?,1429
What is 3880 plus 1482?,5362
What is 44 plus 89?,133
What is 5745 plus 9813?,15558
What is 2329 plus 8239?,10568
What is 80 plus 92?,172
What is 188 plus 665?,853
What is 131 plus 564?,695
What is 159 plus 245?,404
What is 65 plus 43?,108
What is 855 plus 976?,1831
What is 29626 plus 43040?,72666
What is 759 plus 856?,1615
What is 2871 plus 5989?,8860
What is 7420 plus 5924?,13344
What is 45553 plus 64506?,110059
What is 53265 plus 29784?,83049
What is 7081 plus 1292?,8373
What is 796 plus 648?,1444
What is 492 plus 244?,736
What is 729 plus 935?,1664
What is 982 plus 654?,1636
What is 23 plus 99?,122
What is 845 plus 670?,1515
What is 14 plus 17?,31
What is 720 plus 677?,1397
What is 73 plus 33?,106
What is 46 plus 18?,64
What is 70563 plus 29097?,99660
What is 793 plus 141?,934
What is 1916 plus 5039?,6955
What is 37135 plus 21010?,58145
What is 1855 plus 9520?,11375
What is 6325 plus 8135?,14460
What is 7376 plus 1731?,9107
What is 594 plus 403?,997
What is 668 plus 541?,1209
What is 96 plus 61?,157
What is 571 plus 277?,848
What is 87 plus 25?,112
What is 779 plus 912?,1691
What is 8867 plus 9065?,17932
What is 17836 plus 48517?,66353
What is 67266 plus 70051?,137317
What is 678 plus 407?,1085
What is 5173 plus 4622?,9795
What is 63 plus 39?,102
What is 70 plus 44?,114
What is 522 plus 507?,1029
What is 555 plus 224?,779
What is 16 plus 15?,31
What is 836 plus 199?,1035
What is 75 plus 91?,166
What is 32867 plus 10305?,43172
What is 611 plus 276?,887
What is 36 plus 99?,135
What is 5458 plus 2695?,8153
What is 4058 plus 2093?,6151
What is 74 plus 63?,137
What is 7983 plus 7469?,15452
What is 7431 plus 3840?,11271
What is 61 plus 80?,141
What is 32 plus 74?,106
What is 892 plus 448?,1340
What is 6374 plus 6067?,12441
What is 78930 plus 64864?,143794
What is 79 plus 46?,125
What is 75 plus 12?,87
What is 8293 plus 2501?,10794
What is 5324 plus 9521?,14845
What is 65902 plus 19986?,85888
What is 6326 plus 7198?,13524
What is 36 plus 60?,96
What is 70695 plus 28261?,98956
What is 347 plus 400?,747
What is 45351 plus 81471?,126822
What is 5896 plus 5134?,11030
What is 11212 plus 28415?,39627
What is 3067 plus 8300?,11367
What is 19 plus 22?,41
What is 8238 plus 7833?,16071
What is 7747 plus 7981?,15728
What is 2091 plus 4030?,6121
What is 740 plus 194?,934
What is 3595 plus 3467?,7062
What is 255 plus 889?,1144
What is 34365 plus 33035?,67400
What is 596 plus 534?,1130
What is 18 plus 52?,70
What is 21384 plus 50992?,72376
What is 28 plus 68?,96
What is 29518 plus 55695?,85213
What is 4471 plus 1845?,6316
What is 644 plus 246?,890
What is 36356 plus 85778?,122134
What is 85720 plus 31410?,117130
What is 68036 plus 98759?,166795
What is 92 plus 29?,121
What is 88 plus 73?,161
What is 6399 plus 9315?,15714
What is 91449 plus 79338?,170787
What is 13209 plus 15360?,28569
What is 993 plus 481?,1474
What is 357 plus 558?,915
What is 968 plus 328?,1296
What is 85079 plus 98285?,183364
What is 265 plus 231?,496
What is 7442 plus 9773?,17215
What is 68 plus 10?,78
What is 55333 plus 48806?,104139
What is 49 plus 98?,147
What is 2769 plus 5873?,8642
What is 515 plus 998?,1513
What is 57 plus 12?,69
What is 85624 plus 30268?,115892
What is 77335 plus 71482?,148817
What is 7256 plus 9057?,16313
What is 68094 plus 47218?,115312
What is 856 plus 650?,1506
What is 96 plus 88?,184
What is 84029 plus 52789?,136818
What is 570 plus 955?,1525
What is 80 plus 64?,144
What is 456 plus 565?,1021
What is 88 plus 19?,107
What is 605 plus 781?,1386
What is 773 plus 477?,1250
What is 2616 plus 2176?,4792
What is 57 plus 13?,70
What is 9804 plus 6488?,16292
What is 68 plus 15?,83
What is 876 plus 387?,1263
What is 58827 plus 16007?,74834
What is 3822 plus 2920?,6742
What is 98223 plus 15119?,113342
What is 5736 plus 9657?,15393
What is 30 plus 43?,73
What is 97366 plus 33503?,130869
What is 14938 plus 70488?,85426
What is 38 plus 11?,49
What is 15928 plus 57221?,73149
What is 67 plus 62?,129
What is 449 plus 887?,1336
What is 993 plus 614?,1607
What is 93 plus 59?,152
What is 663 plus 110?,773
What is 1854 plus 6657?,8511
What is 21693 plus 28511?,50204
What is 163 plus 913?,1076
What is 3015 plus 9112?,12127
What is 339 plus 982?,1321
What is 41713 plus 65271?,106984
What is 4125 plus 5266?,9391
What is 92 plus 26?,118
What is 251 plus 750?,1001
What is 997 plus 626?,1623
What is 7728 plus 6862?,14590
What is 432 plus 750?,1182
What is 24 plus 13?,37
What is 69 plus 22?,91
What is 83 plus 61?,144
What is 30959 plus 24547?,55506
What is 73038 plus 27777?,100815
What is 901 plus 736?,1637
What is 81 plus 55?,136
What is 483 plus 603?,1086
What is 558 plus 134?,692
What is 996 plus 691?,1687
What is 91 plus 72?,163
What is 12 plus 74?,86
What is 46 plus 81?,127
What is 46971 plus 79271?,126242
What is 3638 plus 1912?,5550
What is 5227 plus 4472?,9699
What is 8922 plus 3816?,12738
What is 1891 plus 1725?,3616
What is 39172 plus 71353?,110525
What is 169 plus 316?,485
What is 7467 plus 6764?,14231
What is 904 plus 186?,1090
What is 6082 plus 2441?,8523
What is 166 plus 374?,540
What is 38 plus 17?,55
What is 655 plus 128?,783
What is 4324 plus 7252?,11576
What is 52869 plus 92096?,144965
What is 77586 plus 84752?,162338
What is 5536 plus 3944?,9480
What is 46396 plus 83520?,129916
What is 33 plus 79?,112
What is 63467 plus 52232?,115699
What is 8920 plus 9802?,18722
What is 721 plus 682?,1403
What is 7889 plus 5437?,13326
What is 32 plus 53?,85
What is 68 plus 89?,157
What is 416 plus 538?,954
What is 37497 plus 62936?,100433
What is 7377 plus 1380?,8757
What is 71096 plus 60297?,131393
What is 73197 plus 46882?,120079
What is 4482 plus 7411?,11893
What is 56 plus 12?,68
What is 1529 plus 4288?,5817
What is 39376 plus 18040?,57416
What is 79124 plus 21557?,100681
What is 2883 plus 8181?,11064
What is 936 plus 907?,1843
What is 4114 plus 2029?,6143
What is 25 plus 57?,82
What is 30570 plus 39201?,69771
What is 7991 plus 5650?,13641
What is 19583 plus 58695?,78278
What is 18997 plus 90367?,109364
What is 48561 plus 47146?,95707
What is 10 plus 19?,29
What is 48933 plus 95506?,144439
What is 82030 plus 17478?,99508
What is 8825 plus 2574?,11399
What is 91 plus 79?,170
What is 582 plus 233?,815
What is 233 plus 449?,682
What is 18850 plus 53857?,72707
What is 5945 plus 2076?,8021
What is 805 plus 787?,1592
What is 9078 plus 6206?,15284
What is 62 plus 24?,86
What is 7118 plus 6853?,13971
What is 8938 plus 8863?,17801
What is 9204 plus 1667?,10871
What is 39 plus 29?,68
What is 12 plus 25?,37
What is 37 plus 27?,64
What is 30 plus 43?,73
What is 31519 plus 99123?,130642
What is 225 plus 339?,564
What is 5122 plus 5782?,10904
What is 74376 plus 23010?,97386
What is 80245 plus 15184?,95429
What is 6265 plus 4869?,11134
What is 110 plus 684?,794
What is 36 plus 50?,86
What is 4100 plus 9777?,13877
What is 871 plus 880?,1751
What is 8392 plus 8776?,17168
What is 53 plus 61?,114
What is 9146 plus 8386?,17532
What is 11 plus 66?,77
What is 636 plus 664?,1300
What is 659 plus 414?,1073
What is 23370 plus 82535?,105905
What is 359 plus 785?,1144
What is 7553 plus 3401?,10954
What is 9612 plus 7966?,17578
What is 127 plus 678?,805
What is 83017 plus 52273?,135290
What is 68455 plus 29130?,97585
What is 18095 plus 98898?,116993
What is 31150 plus 52789?,83939
What is 9414 plus 9195?,18609
What is 81 plus 75?,156
What is 5813 plus 5123?,10936
What is 221 plus 571?,792
What is 77885 plus 56877?,134762
What is 90 plus 15?,105
What is 7499 plus 5420?,12919
What is 432 plus 436?,868
What is 726 plus 985?,1711
What is 56943 plus 61099?,118042
What is 89980 plus 29420?,119400
What is 429 plus 403?,832
What is 753 plus 411?,1164
What is 7175 plus 7086?,14261
What is 7374 plus 2094?,9468
What is 564 plus 436?,1000
What is 32050 plus 26698?,58748
What is 2611 plus 4158?,6769
What is 2449 plus 9799?,12248
What is 91 plus 44?,135
What is 93 plus 31?,124
What is 51 plus 46?,97
What is 6504 plus 2528?,9032
What is 579 plus 712?,1291
What is 54198 plus 37835?,92033
What is 671 plus 882?,1553
What is 27470 plus 26512?,53982
What is 4444 plus 4235?,8679
What is 69 plus 57?,126
What is 262 plus 817?,1079
What is 19 plus 66?,85
What is 4605 plus 9210?,13815
What is 2385 plus 3961?,6346
What is 86566 plus 42605?,129171
What is 43709 plus 46459?,90168
What is 66 plus 20?,86
What is 32388 plus 14401?,46789
What is 4590 plus 9835?,14425
What is 832 plus 223?,1055
What is 6948 plus 2214?,9162
What is 938 plus 926?,1864
What is 60 plus 94?,154
What is 676 plus 383?,1059
What is 2656 plus 1734?,4390
What is 9449 plus 3533?,12982
What is 341 plus 664?,1005
What is 993 plus 909?,1902
What is 1792 plus 3411?,5203
What is 997 plus 121?,1118
What is 69214 plus 37282?,106496
What is 9426 plus 7745?,17171
What is 5622 plus 3165?,8787
What is 99327 plus 49196?,148523
What is 1877 plus 3713?,5590
What is 178 plus 484?,662
What is 920 plus 887?,1807
What is 51 plus 44?,95
What is 6065 plus 3205?,9270
What is 60175 plus 25462?,85637
What is 2804 plus 9964?,12768
What is 98 plus 79?,177
What is 32646 plus 18440?,51086
What is 7632 plus 5723?,13355
What is 50732 plus 11281?,62013
What is 6269 plus 3210?,9479
What is 49287 plus 39885?,89172
What is 48439 plus 36444?,84883
What is 4372 plus 3344?,7716
What is 32572 plus 58455?,91027
What is 71 plus 18?,89
What is 59 plus 96?,155
What is 5316 plus 8817?,14133
What is 25 plus 10?,35
What is 4860 plus 6984?,11844
What is 88647 plus 40431?,129078
What is 4640 plus 7676?,12316
What is 56308 plus 88097?,144405
What is 5685 plus 2223?,7908
What is 474 plus 587?,1061
What is 22708 plus 85581?,108289
What is 80326 plus 93252?,173578
What is 75 plus 94?,169
What is 93 plus 21?,114
What is 57621 plus 90015?,147636
What is 32997 plus 17447?,50444
What is 321 plus 238?,559
What is 46 plus 58?,104
What is 32443 plus 24236?,56679
What is 29719 plus 85591?,115310
What is 304 plus 887?,1191
What is 6980 plus 3924?,10904
What is 237 plus 612?,849
What is 71890 plus 86324?,158214
What is 66637 plus 83566?,150203
What is 7424 plus 4738?,12162
What is 7781 plus 6509?,14290
What is 46 plus 63?,109
What is 382 plus 599?,981
What is 7342 plus 1312?,8654
What is 84438 plus 85572?,170010
What is 29 plus 83?,112
What is 40 plus 24?,64
What is 33 plus 17?,50
What is 2266 plus 6437?,8703
What is 11383 plus 82398?,93781
What is 24 plus 54?,78
What is 74440 plus 90285?,164725
What is 3207 plus 7678?,10885
What is 99 plus 12?,111
What is 7835 plus 5030?,12865
What is 96 plus 15?,111
What is 78066 plus 51625?,129691
What is 38 plus 65?,103
What is 19474 plus 34867?,54341
What is 82020 plus 73160?,155180
What is 49628 plus 30794?,80422
What is 51 plus 34?,85
What is 56 plus 91?,147
What is 55 plus 84?,139
What is 2772 plus 1533?,4305
What is 95978 plus 12899?,108877
What is 2962 plus 2222?,5184
What is 21076 plus 82658?,103734
What is 49354 plus 58468?,107822
What is 6313 plus 7442?,13755
What is 88 plus 95?,183
What is 436 plus 381?,817
What is 880 plus 506?,1386
What is 72305 plus 38194?,110499
What is 9977 plus 1163?,11140
What is 9899 plus 6915?,16814
What is 722 plus 522?,1244
What is 485 plus 653?,1138
What is 3519 plus 5879?,9398
What is 410 plus 207?,617
What is 36 plus 67?,103
What is 4764 plus 2247?,7011
What is 997 plus 258?,1255
What is 2022 plus 7055?,9077
What is 183 plus 460?,643
What is 44 plus 55?,99
What is 98 plus 16?,114
What is 456 plus 119?,575
What is 72 plus 66?,138
What is 86 plus 17?,103
What is 5885 plus 7008?,12893
What is 2042 plus 3613?,5655
What is 83 plus 52?,135
What is 9441 plus 4560?,14001
What is 15 plus 89?,104
What is 956 plus 966?,1922
What is 96 plus 23?,119
What is 94743 plus 83295?,178038
What is 260 plus 504?,764
What is 68 plus 60?,128
What is 17 plus 74?,91
What is 15 plus 22?,37
What is 80 plus 70?,150
What is 977 plus 335?,1312
What is 13 plus 21?,34
What is 47840 plus 89319?,137159
What is 1234 plus 4493?,5727
What is 2952 plus 5726?,8678
What is 3213 plus 3757?,6970
What is 4117 plus 5186?,9303
What is 184 plus 602?,786
What is 979 plus 587?,1566
What is 708 plus 809?,1517
What is 5826 plus 1859?,7685
What is 5590 plus 6265?,11855
What is 42612 plus 87640?,130252
What is 11149 plus 28006?,39155
What is 979 plus 176?,1155
What is 74113 plus 36859?,110972
What is 54 plus 66?,120
What is 937 plus 760?,1697
What is 92 plus 26?,118
What is 1351 plus 8321?,9672
What is 94670 plus 98688?,193358
What is 382 plus 443?,825
What is 81384 plus 42379?,123763
What is 1938 plus 6062?,8000
What is 83 plus 31?,114
What is 807 plus 578?,1385
What is 87 plus 74?,161
What is 58871 plus 86913?,145784
What is 799 plus 939?,1738
What is 14 plus 61?,75
What is 728 plus 889?,1617
What is 530 plus 940?,1470
What is 362 plus 861?,1223
What is 261 plus 134?,395
What is 3522 plus 9445?,12967
What is 483 plus 795?,1278
What is 97 plus 69?,166
What is 66 plus 66?,132
What is 3429 plus 8107?,11536
What is 17 plus 45?,62
What is 1935 plus 1325?,3260
What is 80447 plus 63125?,143572
What is 73027 plus 28434?,101461
What is 4208 plus 9731?,13939
What is 9260 plus 5555?,14815
What is 770 plus 829?,1599
What is 40 plus 69?,109
What is 63 plus 91?,154
What is 97502 plus 58037?,155539
What is 71 plus 13?,84
What is 381 plus 772?,1153
What is 92847 plus 93218?,186065
What is 95295 plus 33375?,128670
What is 667 plus 649?,1316
What is 769 plus 764?,1533
What is 53228 plus 61170?,114398
What is 777 plus 954?,1731
What is 8174 plus 5784?,13958
What is 5784 plus 7445?,13229
What is 19953 plus 19683?,39636
What is 17 plus 13?,30
What is 32964 plus 52813?,85777
What is 394 plus 289?,683
What is 32 plus 60?,92
What is 6277 plus 7029?,13306
What is 615 plus 712?,1327
What is 695 plus 356?,1051
What is 28 plus 25?,53
What is 369 plus 117?,486
What is 87 plus 58?,145
What is 6258 plus 8204?,14462
What is 13922 plus 69289?,83211
What is 50370 plus 71198?,121568
What is 2502 plus 5439?,7941
What is 66065 plus 48010?,114075
What is 1702 plus 2564?,4266
What is 11751 plus 59530?,71281
What is 5140 plus 1049?,6189
What is 9734 plus 9302?,19036
What is 818 plus 922?,1740
What is 2735 plus 7607?,10342
What is 83 plus 26?,109
What is 61839 plus 88547?,150386
What is 517 plus 550?,1067
What is 1921 plus 2212?,4133
What is 2968 plus 4450?,7418
What is 3875 plus 9400?,13275
What is 85 plus 72?,157
What is 80968 plus 59869?,140837
What is 80052 plus 97449?,177501
What is 6674 plus 3120?,9794
What is 12 plus 25?,37
What is 3299 plus 7024?,10323
What is 911 plus 259?,1170
What is 5623 plus 3026?,8649
What is 8624 plus 3121?,11745
What is 746 plus 591?,1337
What is 4726 plus 1268?,5994
What is 2968 plus 9886?,12854
What is 26194 plus 66454?,92648
What is 99 plus 28?,127
What is 81 plus 79?,160
What is 12 plus 62?,74
What is 349 plus 712?,1061
What is 57 plus 11?,68
What is 10 plus 60?,70
What is 663 plus 394?,1057
What is 84157 plus 72713?,156870
What is 1264 plus 1068?,2332
What is 52598 plus 83861?,136459
What is 293 plus 682?,975
What is 302 plus 124?,426
What is 16 plus 28?,44
What is 160 plus 840?,1000
What is 944 plus 811?,1755
What is 28149 plus 99140?,127289
What is 722 plus 583?,1305
What is 80015 plus 99177?,179192
What is 6955 plus 6570?,13525
What is 580 plus 333?,913
What is 12569 plus 61213?,73782
What is 9416 plus 1552?,10968
What is 910 plus 528?,1438
What is 28 plus 27?,55
What is 74 plus 26?,100
What is 933 plus 880?,1813
What is 2784 plus 6005?,8789
What is 888 plus 437?,1325
What is 513 plus 624?,1137
What is 63 plus 43?,106
What is 49032 plus 14192?,63224
What is 3816 plus 1653?,5469
What is 3344 plus 2979?,6323
What is 18313 plus 77999?,96312
What is 113 plus 286?,399
What is 226 plus 581?,807
What is 59 plus 85?,144
What is 2149 plus 7084?,9233
What is 519 plus 400?,919
What is 67415 plus 28452?,95867
What is 631 plus 162?,793
What is 63544 plus 78915?,142459
What is 26953 plus 14353?,41306
What is 44876 plus 67588?,112464
What is 18180 plus 45803?,63983
What is 31879 plus 20708?,52587
What is 97 plus 78?,175
What is 418 plus 839?,1257
What is 9815 plus 7017?,16832
What is 9614 plus 4484?,14098
What is 399 plus 983?,1382
What is 731 plus 979?,1710
What is 788 plus 618?,1406
What is 58 plus 40?,98
What is 88 plus 47?,135
What is 473 plus 220?,693
What is 45310 plus 52787?,98097
What is 436 plus 242?,678
What is 66691 plus 36327?,103018
What is 25 plus 23?,48
What is 64 plus 54?,118
What is 75990 plus 73392?,149382
What is 65 plus 90?,155
What is 62 plus 28?,90
What is 68004 plus 47763?,115767
What is 536 plus 938?,1474
What is 219 plus 622?,841
What is 5551 plus 5923?,11474
What is 946 plus 524?,1470
What is 803 plus 459?,1262
What is 62 plus 59?,121
What is 84956 plus 27954?,112910
What is 7325 plus 9317?,16642
What is 245 plus 309?,554
What is 61 plus 17?,78
What is 7558 plus 3650?,11208
What is 77315 plus 83860?,161175
What is 60546 plus 20419?,80965
What is 172 plus 327?,499
What is 19 plus 19?,38
What is 727 plus 289?,1016
What is 12096 plus 31885?,43981
What is 58 plus 77?,135
What is 8301 plus 4183?,12484
What is 77 plus 36?,113
What is 3350 plus 5839?,9189
What is 36 plus 44?,80
What is 68 plus 78?,146
What is 65 plus 17?,82
What is 186 plus 625?,811
What is 82567 plus 82325?,164892
What is 69857 plus 73599?,143456
What is 38 plus 38?,76
What is 146 plus 415?,561
What is 56 plus 11?,67
What is 95117 plus 46750?,141867
What is 44 plus 37?,81
What is 3821 plus 8333?,12154
What is 69108 plus 47359?,116467
What is 10599 plus 87222?,97821
What is 7153 plus 3121?,10274
What is 98 plus 21?,119
What is 5636 plus 6012?,11648
What is 69 plus 33?,102
What is 99588 plus 89974?,189562
What is 9270 plus 7889?,17159
What is 89113 plus 75679?,164792
What is 399 plus 949?,1348
What is 97886 plus 46531?,144417
What is 68 plus 79?,147
What is 32 plus 68?,100
What is 13685 plus 77170?,90855
What is 71248 plus 58550?,129798
What is 1901 plus 3163?,5064
What is 4586 plus 6787?,11373
What is 50 plus 81?,131
What is 23180 plus 65570?,88750
What is 95 plus 85?,180
What is 493 plus 678?,1171
What is 801 plus 790?,1591
What is 67 plus 51?,118
What is 948 plus 522?,1470
What is 279 plus 818?,1097
What is 79643 plus 93718?,173361
What is 88903 plus 34851?,123754
What is 1687 plus 6992?,8679
What is 9000 plus 6519?,15519
What is 52144 plus 47989?,100133
What is 855 plus 613?,1468
What is 13724 plus 64239?,77963
What is 39 plus 58?,97
What is 84831 plus 34528?,119359
What is 4315 plus 9827?,14142
What is 55 plus 17?,72
What is 67 plus 97?,164
What is 91 plus 86?,177
What is 68 plus 15?,83
What is 79 plus 70?,149
What is 76124 plus 30864?,106988
What is 920 plus 871?,1791
What is 22 plus 71?,93
What is 69978 plus 14608?,84586
What is 36819 plus 25222?,62041
What is 769 plus 721?,1490
What is 794 plus 478?,1272
What is 64255 plus 42615?,106870
What is 23 plus 76?,99
What is 2768 plus 1986?,4754
What is 1410 plus 2670?,4080
What is 373 plus 814?,1187
What is 8948 plus 9202?,18150
What is 8714 plus 8504?,17218
What is 11 plus 89?,100
What is 7515 plus 4311?,11826
What is 4690 plus 9810?,14500
What is 9321 plus 2473?,11794
What is 266 plus 882?,1148
What is 8624 plus 8123?,16747
What is 435 plus 642?,1077
What is 55138 plus 23221?,78359
What is 5823 plus 4862?,10685
What is 2542 plus 2730?,5272
What is 14 plus 67?,81
What is 10473 plus 95247?,105720
What is 439 plus 921?,1360
What is 95 plus 73?,168
What is 26 plus 98?,124
What is 44 plus 36?,80
What is 674 plus 404?,1078
What is 31323 plus 45030?,76353
What is 83 plus 33?,116
What is 33789 plus 29182?,62971
What is 1277 plus 3557?,4834
What is 67 plus 97?,164
What is 4571 plus 1805?,6376
What is 91729 plus 71396?,163125
What is 3136 plus 8455?,11591
What is 27 plus 17?,44
What is 19346 plus 77627?,96973
What is 78678 plus 28656?,107334
What is 9043 plus 1136?,10179
What is 703 plus 220?,923
What is 96 plus 74?,170
What is 56678 plus 55365?,112043
What is 39808 plus 58960?,98768
What is 14 plus 84?,98
What is 16452 plus 89240?,105692
What is 3475 plus 4376?,7851
What is 39722 plus 46748?,86470
What is 43 plus 19?,62
What is 27078 plus 31811?,58889
What is 6334 plus 1260?,7594
What is 74 plus 12?,86
What is 77 plus 58?,135
What is 89424 plus 79703?,169127
What is 3342 plus 6078?,9420
What is 14 plus 56?,70
What is 97444 plus 63425?,160869
What is 3677 plus 4944?,8621
What is 117 plus 296?,413
What is 30 plus 38?,68
What is 69 plus 85?,154
What is 9818 plus 8148?,17966
What is 71294 plus 51410?,122704
What is 70373 plus 17777?,88150
What is 76272 plus 91968?,168240
What is 2706 plus 6959?,9665
What is 51 plus 85?,136
What is 435 plus 624?,1059
What is 663 plus 148?,811
What is 97944 plus 13682?,111626
What is 52210 plus 91708?,143918
What is 33 plus 25?,58
What is 44936 plus 39943?,84879
What is 5840 plus 5743?,11583
What is 4546 plus 7374?,11920
What is 44541 plus 42293?,86834
What is 899 plus 930?,1829
What is 81 plus 70?,151
What is 26398 plus 64606?,91004
What is 88950 plus 47968?,136918
What is 5507 plus 4308?,9815
What is 35301 plus 73130?,108431
What is 8650 plus 3047?,11697
What is 102 plus 863?,965
What is 66903 plus 16336?,83239
What is 28 plus 13?,41
What is 884 plus 147?,1031
What is 51 plus 53?,104
What is 71321 plus 68968?,140289
What is 1742 plus 8827?,10569
What is 65 plus 23?,88
What is 10758 plus 37507?,48265
What is 1710 plus 8442?,10152
What is 357 plus 398?,755
What is 702 plus 923?,1625
What is 867 plus 257?,1124
What is 8222 plus 9050?,17272
What is 13064 plus 43691?,56755
What is 60 plus 32?,92
What is 3485 plus 8496?,11981
What is 14 plus 75?,89
What is 979 plus 494?,1473
What is 332 plus 746?,1078
What is 857 plus 998?,1855
What is 5549 plus 5205?,10754
What is 8611 plus 5381?,13992
What is 776 plus 999?,1775
What is 780 plus 165?,945
What is 96 plus 58?,154
What is 1653 plus 8350?,10003
What is 40 plus 11?,51
What is 46 plus 43?,89
What is 44 plus 19?,63
What is 4152 plus 2133?,6285
What is 91787 plus 81233?,173020
What is 87937 plus 85852?,173789
What is 236 plus 398?,634
What is 958 plus 732?,1690
What is 3072 plus 6237?,9309
What is 713 plus 536?,1249
What is 88850 plus 27694?,116544
What is 97804 plus 72756?,170560
What is 7567 plus 2070?,9637
What is 84492 plus 65809?,150301
What is 99 plus 20?,119
What is 52478 plus 21227?,73705
What is 6364 plus 5773?,12137
What is 1077 plus 2477?,3554
What is 69 plus 85?,154
What is 230 plus 472?,702
What is 76 plus 75?,151
What is 539 plus 579?,1118
What is 71 plus 89?,160
What is 44 plus 96?,140
What is 5365 plus 5632?,10997
What is 858 plus 333?,1191
What is 74 plus 97?,171
What is 8212 plus 3340?,11552
What is 56 plus 77?,133
What is 930 plus 834?,1764
What is 98268 plus 13781?,112049
What is 55 plus 41?,96
What is 530 plus 168?,698
What is 60905 plus 29599?,90504
What is 56 plus 50?,106
What is 2867 plus 5208?,8075
What is 55 plus 36?,91
What is 294 plus 445?,739
What is 391 plus 468?,859
What is 95 plus 80?,175
What is 817 plus 849?,1666
What is 41 plus 63?,104
What is 22 plus 72?,94
What is 26786 plus 16337?,43123
What is 108 plus 578?,686
What is 146 plus 417?,563
What is 4333 plus 4567?,8900
What is 27 plus 95?,122
What is 40 plus 65?,105
What is 20399 plus 50164?,70563
What is 1411 plus 3536?,4947
What is 427 plus 829?,1256
What is 939 plus 861?,1800
What is 6886 plus 8840?,15726
What is 155 plus 888?,1043
What is 326 plus 811?,1137
What is 5681 plus 9164?,14845
What is 612 plus 246?,858
What is 94958 plus 80724?,175682
What is 702 plus 563?,1265
What is 6186 plus 7401?,13587
What is 6140 plus 3175?,9315
What is 3939 plus 2933?,6872
What is 71 plus 58?,129
What is 714 plus 383?,1097
What is 34 plus 23?,57
What is 86238 plus 30501?,116739
What is 27106 plus 16200?,43306
What is 6184 plus 4996?,11180
What is 726 plus 590?,1316
What is 2987 plus 9233?,12220
What is 330 plus 124?,454
What is 83 plus 27?,110
What is 6787 plus 7786?,14573
What is 17771 plus 88655?,106426
What is 79197 plus 64051?,143248
What is 823 plus 459?,1282
What is 918 plus 603?,1521
What is 1528 plus 3914?,5442
What is 6656 plus 9219?,15875
What is 73 plus 83?,156
What is 517 plus 737?,1254
What is 75 plus 57?,132
What is 3136 plus 4079?,7215
What is 5141 plus 4514?,9655
What is 415 plus 591?,1006
What is 595 plus 730?,1325
What is 873 plus 368?,1241
What is 20092 plus 54493?,74585
What is 142 plus 211?,353
What is 79529 plus 26811?,106340
What is 88696 plus 91814?,180510
What is 76699 plus 51808?,128507
What is 521 plus 735?,1256
What is 399 plus 226?,625
What is 4628 plus 3742?,8370
What is 21 plus 79?,100
What is 74 plus 10?,84
What is 95990 plus 75427?,171417
What is 7723 plus 3993?,11716
What is 56 plus 36?,92
What is 60 plus 95?,155
What is 669 plus 816?,1485
What is 81453 plus 66387?,147840
What is 19781 plus 77542?,97323
What is 8617 plus 9574?,18191
What is 9343 plus 3251?,12594
What is 465 plus 944?,1409
What is 381 plus 980?,1361
What is 922 plus 745?,1667
What is 42 plus 32?,74
What is 7829 plus 1180?,9009
What is 435 plus 551?,986
What is 4484 plus 1103?,5587
What is 899 plus 619?,1518
What is 71 plus 50?,121
What is 56 plus 50?,106
What is 90203 plus 87678?,177881
What is 3806 plus 9306?,13112
What is 481 plus 648?,1129
What is 5862 plus 8782?,14644
What is 86 plus 35?,121
What is 71 plus 32?,103
What is 374 plus 846?,1220
What is 19188 plus 64884?,84072
What is 47633 plus 67144?,114777
What is 902 plus 613?,1515
What is 474 plus 913?,1387
What is 33 plus 16?,49
What is 35917 plus 94286?,130203
What is 53 plus 46?,99
What is 10996 plus 18754?,29750
What is 438 plus 421?,859
What is 4459 plus 9649?,14108
What is 666 plus 909?,1575
What is 4827 plus 6631?,11458
What is 843 plus 552?,1395
What is 555 plus 318?,873
What is 63051 plus 70755?,133806
What is 47 plus 70?,117
What is 89597 plus 41355?,130952
What is 378 plus 585?,963
What is 89313 plus 27224?,116537
What is 87534 plus 86733?,174267
What is 235 plus 482?,717
What is 38 plus 91?,129
What is 94 plus 78?,172
What is 321 plus 147?,468
What is 78 plus 40?,118
What is 68 plus 88?,156
What is 95 plus 29?,124
What is 55667 plus 84338?,140005
What is 808 plus 439?,1247
What is 80 plus 18?,98
What is 45485 plus 11503?,56988
What is 8911 plus 7187?,16098
What is 17596 plus 28366?,45962
What is 49431 plus 37920?,87351
What is 90503 plus 40332?,130835
What is 454 plus 409?,863
What is 65 plus 57?,122
What is 443 plus 986?,1429
What is 47 plus 31?,78
What is 8150 plus 6390?,14540
What is 37 plus 37?,74
What is 491 plus 301?,792
What is 23 plus 14?,37
What is 898 plus 460?,1358
What is 6706 plus 3136?,9842
What is 63071 plus 11198?,74269
What is 1332 plus 8887?,10219
What is 83215 plus 27305?,110520
What is 1373 plus 1789?,3162
What is 70020 plus 17523?,87543
What is 6515 plus 4733?,11248
What is 8178 plus 5848?,14026
What is 76 plus 58?,134
What is 330 plus 535?,865
What is 59 plus 85?,144
What is 7490 plus 7731?,15221
What is 34897 plus 48020?,82917
What is 2030 plus 9208?,11238
What is 24384 plus 96661?,121045
What is 6142 plus 7498?,13640
What is 66686 plus 71379?,138065
What is 66909 plus 60493?,127402
What is 8951 plus 7931?,16882
What is 4799 plus 6905?,11704
What is 9313 plus 7126?,16439
What is 50896 plus 30549?,81445
What is 5773 plus 3366?,9139
What is 20 plus 20?,40
What is 77 plus 14?,91
What is 80 plus 93?,173
What is 33 plus 72?,105
What is 8889 plus 8931?,17820
What is 99977 plus 57599?,157576
What is 42 plus 20?,62
What is 16 plus 96?,112
What is 850 plus 265?,1115
What is 93 plus 68?,161
What is 31980 plus 82592?,114572
What is 43 plus 65?,108
What is 92 plus 97?,189
What is 367 plus 769?,1136
What is 812 plus 664?,1476
What is 287 plus 893?,1180
What is 8712 plus 2134?,10846
What is 694 plus 736?,1430
What is 70 plus 50?,120
What is 25687 plus 97926?,123613
What is 412 plus 119?,531
What is 48 plus 29?,77
What is 582 plus 454?,1036
What is 798 plus 622?,1420
What is 62 plus 43?,105
What is 305 plus 855?,1160
What is 315 plus 999?,1314
What is 54536 plus 96629?,151165
What is 8903 plus 3054?,11957
What is 851 plus 964?,1815
What is 8181 plus 8025?,16206
What is 5499 plus 2501?,8000
What is 35 plus 30?,65
What is 7413 plus 5170?,12583
What is 85288 plus 96084?,181372
What is 25 plus 78?,103
What is 3228 plus 4986?,8214
What is 10811 plus 29114?,39925
What is 91341 plus 68947?,160288
What is 26 plus 34?,60
What is 55782 plus 96371?,152153
What is 958 plus 127?,1085
What is 75310 plus 35156?,110466
What is 47 plus 56?,103
What is 803 plus 983?,1786
What is 95858 plus 70411?,166269
What is 132 plus 480?,612
What is 71363 plus 95538?,166901
What is 9251 plus 2749?,12000
What is 412 plus 438?,850
What is 63768 plus 43165?,106933
What is 91 plus 83?,174
What is 7514 plus 2519?,10033
What is 5220 plus 8601?,13821
What is 435 plus 351?,786
What is 43 plus 43?,86
What is 21822 plus 77232?,99054
What is 349 plus 924?,1273
What is 370 plus 165?,535
What is 5720 plus 3210?,8930
What is 6458 plus 8687?,15145
What is 3035 plus 1761?,4796
What is 439 plus 327?,766
What is 312 plus 352?,664
What is 62829 plus 97290?,160119
What is 7957 plus 6502?,14459
What is 82821 plus 91780?,174601
What is 17 plus 53?,70
What is 97891 plus 22963?,120854
What is 65615 plus 51043?,116658
What is 768 plus 247?,1015
What is 798 plus 699?,1497
What is 759 plus 229?,988
What is 725 plus 803?,1528
What is 10 plus 97?,107
What is 51 plus 65?,116
What is 2173 plus 9705?,11878
What is 24 plus 44?,68
What is 908 plus 273?,1181
What is 15045 plus 50086?,65131
What is 4459 plus 5066?,9525
What is 57500 plus 21971?,79471
What is 451 plus 375?,826
What is 725 plus 105?,830
What is 37217 plus 53701?,90918
What is 66 plus 80?,146
What is 27290 plus 61120?,88410
What is 2421 plus 3164?,5585
What is 27976 plus 69146?,97122
What is 59 plus 27?,86
What is 50862 plus 25962?,76824
What is 8049 plus 7761?,15810
What is 49064 plus 39272?,88336
What is 4255 plus 5180?,9435
What is 82 plus 98?,180
What is 1801 plus 4389?,6190
What is 62 plus 54?,116
What is 926 plus 313?,1239
What is 26 plus 52?,78
What is 4143 plus 5154?,9297
What is 815 plus 850?,1665
What is 56 plus 57?,113
What is 32 plus 91?,123
What is 80 plus 82?,162
What is 185 plus 779?,964
What is 970 plus 466?,1436
What is 27089 plus 56463?,83552
What is 62 plus 48?,110
What is 252 plus 316?,568
What is 502 plus 915?,1417
What is 14 plus 37?,51
What is 661 plus 183?,844
What is 26961 plus 84621?,111582
What is 76 plus 32?,108
What is 92 plus 24?,116
What is 739 plus 942?,1681
What is 1976 plus 4267?,6243
What is 3743 plus 1191?,4934
What is 538 plus 669?,1207
What is 12 plus 98?,110
What is 506 plus 744?,1250
What is 4179 plus 2486?,6665
What is 78884 plus 76184?,155068
What is 5702 plus 7433?,13135
What is 7624 plus 9484?,17108
What is 834 plus 562?,1396
What is 89 plus 86?,175
What is 55242 plus 58540?,113782
What is 5606 plus 8756?,14362
What is 410 plus 321?,731
What is 6708 plus 5602?,12310
What is 1834 plus 9076?,10910
What is 77 plus 94?,171
What is 13 plus 86?,99
What is 310 plus 401?,711
What is 371 plus 575?,946
What is 420 plus 391?,811
What is 8567 plus 4122?,12689
What is 938 plus 940?,1878
What is 85 plus 27?,112
What is 56 plus 96?,152
What is 65201 plus 33306?,98507
What is 326 plus 442?,768
What is 454 plus 575?,1029
What is 98053 plus 45830?,143883
What is 292 plus 514?,806
What is 21467 plus 11104?,32571
What is 9167 plus 1954?,11121
What is 44331 plus 35303?,79634
What is 2866 plus 5646?,8512
What is 63508 plus 26918?,90426
What is 32674 plus 18185?,50859
What is 3638 plus 3353?,6991
What is 786 plus 909?,1695
What is 40252 plus 60878?,101130
What is 53 plus 12?,65
What is 27 plus 76?,103
What is 4832 plus 4566?,9398
What is 723 plus 691?,1414
What is 594 plus 183?,777
What is 15346 plus 77455?,92801
What is 6011 plus 8144?,14155
What is 47 plus 30?,77
What is 48 plus 59?,107
What is 59 plus 57?,116
What is 9878 plus 3835?,13713
What is 66 plus 34?,100
What is 27393 plus 27900?,55293
What is 67 plus 73?,140
What is 3330 plus 2916?,6246
What is 96628 plus 25997?,122625
What is 291 plus 314?,605
What is 54595 plus 92194?,146789
What is 821 plus 242?,1063
What is 706 plus 164?,870
What is 6421 plus 9127?,15548
What is 879 plus 956?,1835
What is 43163 plus 16707?,59870
What is 57982 plus 27996?,85978
What is 940 plus 342?,1282
What is 96018 plus 67722?,163740
What is 1384 plus 1765?,3149
What is 849 plus 767?,1616
What is 22 plus 29?,51
What is 9108 plus 5224?,14332
What is 881 plus 785?,1666
What is 42380 plus 76975?,119355
What is 6885 plus 7130?,14015
What is 27073 plus 10155?,37228
What is 39 plus 63?,102
What is 373 plus 883?,1256
What is 32939 plus 17377?,50316
What is 4847 plus 9473?,14320
What is 4924 plus 5986?,10910
What is 611 plus 348?,959
What is 517 plus 892?,1409
What is 30 plus 83?,113
What is 8789 plus 6864?,15653
What is 92505 plus 64743?,157248
What is 305 plus 186?,491
What is 8532 plus 1985?,10517
What is 88 plus 13?,101
What is 304 plus 555?,859
What is 68861 plus 88714?,157575
What is 1830 plus 2952?,4782
What is 8500 plus 5197?,13697
What is 93 plus 48?,141
What is 48317 plus 40248?,88565
What is 56616 plus 59861?,116477
What is 89117 plus 38101?,127218
What is 415 plus 333?,748
What is 38 plus 33?,71
What is 8845 plus 4503?,13348
What is 352 plus 201?,553
What is 7782 plus 9508?,17290
What is 65 plus 81?,146
What is 51 plus 13?,64
What is 442 plus 332?,774
What is 507 plus 530?,1037
What is 234 plus 619?,853
What is 806 plus 529?,1335
What is 573 plus 542?,1115
What is 353 plus 270?,623
What is 38093 plus 75939?,114032
What is 94 plus 47?,141
What is 1759 plus 8658?,10417
What is 2918 plus 2726?,5644
What is 408 plus 677?,1085
What is 315 plus 223?,538
What is 60 plus 41?,101
What is 74363 plus 91709?,166072
What is 87834 plus 67675?,155509
What is 8340 plus 6223?,14563
What is 53948 plus 53416?,107364
What is 27 plus 80?,107
What is 88940 plus 17354?,106294
What is 5074 plus 1788?,6862
What is 251 plus 275?,526
What is 6696 plus 3003?,9699
What is 33599 plus 38404?,72003
What is 1356 plus 1412?,2768
What is 59510 plus 89946?,149456
What is 528 plus 113?,641
What is 59 plus 53?,112
What is 4790 plus 7715?,12505
What is 75 plus 18?,93
What is 28 plus 63?,91
What is 87 plus 40?,127
What is 68 plus 44?,112
What is 12 plus 11?,23
What is 30734 plus 96434?,127168
What is 683 plus 509?,1192
What is 95407 plus 87609?,183016
What is 13968 plus 37682?,51650
What is 23 plus 25?,48
What is 55 plus 22?,77
What is 16718 plus 26374?,43092
What is 714 plus 860?,1574
What is 4988 plus 1842?,6830
What is 22 plus 72?,94
What is 302 plus 346?,648
What is 4252 plus 3751?,8003
What is 2309 plus 2341?,4650
What is 1229 plus 3020?,4249
What is 86 plus 92?,178
What is 59 plus 66?,125
What is 311 plus 463?,774
What is 19595 plus 94180?,113775
What is 28022 plus 24026?,52048
What is 90731 plus 40903?,131634
What is 51 plus 41?,92
What is 9376 plus 8047?,17423
What is 431 plus 338?,769
What is 48844 plus 77366?,126210
What is 40715 plus 47471?,88186
What is 907 plus 317?,1224
What is 211 plus 712?,923
What is 923 plus 487?,1410
What is 674 plus 976?,1650
What is 16 plus 22?,38
What is 19 plus 74?,93
What is 7097 plus 7762?,14859
What is 9020 plus 5970?,14990
What is 982 plus 128?,1110
What is 3539 plus 1162?,4701
What is 6181 plus 5436?,11617
What is 723 plus 780?,1503
What is 716 plus 659?,1375
What is 899 plus 300?,1199
What is 811 plus 227?,1038
What is 64 plus 58?,122
What is 87 plus 56?,143
What is 35 plus 71?,106
What is 2102 plus 8258?,10360
What is 8027 plus 3400?,11427
What is 102 plus 417?,519
What is 15769 plus 38459?,54228
What is 41052 plus 28943?,69995
What is 3556 plus 7194?,10750
What is 4899 plus 8882?,13781
What is 595 plus 804?,1399
What is 9875 plus 3152?,13027
What is 287 plus 105?,392
What is 65452 plus 17681?,83133
What is 9922 plus 4245?,14167
What is 37 plus 57?,94
What is 7071 plus 1741?,8812
What is 18 plus 75?,93
What is 7095 plus 2848?,9943
What is 3119 plus 6741?,9860
What is 74849 plus 27300?,102149
What is 6398 plus 6366?,12764
What is 85 plus 28?,113
What is 8596 plus 6560?,15156
What is 4242 plus 6080?,10322
What is 55 plus 88?,143
What is 9461 plus 5697?,15158
What is 761 plus 407?,1168
What is 18551 plus 92851?,111402
What is 5965 plus 7196?,13161
What is 4648 plus 5723?,10371
What is 60769 plus 21857?,82626
What is 50384 plus 61589?,111973
What is 10346 plus 21341?,31687
What is 31446 plus 51572?,83018
What is 42679 plus 64190?,106869
What is 54 plus 26?,80
What is 47350 plus 71868?,119218
What is 531 plus 624?,1155
What is 43 plus 83?,126
What is 70 plus 16?,86
What is 112 plus 638?,750
What is 5583 plus 4289?,9872
What is 5765 plus 9693?,15458
What is 5710 plus 8196?,13906
What is 13633 plus 65676?,79309
What is 23213 plus 35127?,58340
What is 2525 plus 4063?,6588
What is 95520 plus 51259?,146779
What is 1547 plus 6095?,7642
What is 679 plus 168?,847
What is 72 plus 14?,86
What is 399 plus 173?,572
What is 36784 plus 11673?,48457
What is 854 plus 445?,1299
What is 91 plus 63?,154
What is 28 plus 15?,43
What is 83700 plus 92984?,176684
What is 10 plus 91?,101
What is 776 plus 496?,1272
What is 1558 plus 5365?,6923
What is 17167 plus 39274?,56441
What is 261 plus 825?,1086
What is 66009 plus 77204?,143213
What is 39795 plus 79716?,119511
What is 105 plus 954?,1059
What is 611 plus 572?,1183
What is 5293 plus 1400?,6693
What is 2066 plus 1399?,3465
What is 9132 plus 7321?,16453
What is 71174 plus 42205?,113379
What is 17888 plus 19559?,37447
What is 231 plus 223?,454
What is 96119 plus 27533?,123652
What is 6684 plus 6722?,13406
What is 28073 plus 41997?,70070
What is 72662 plus 85431?,158093
What is 957 plus 961?,1918
What is 66 plus 40?,106
What is 44658 plus 26967?,71625
What is 59 plus 71?,130
What is 9152 plus 5179?,14331
What is 8318 plus 8524?,16842
What is 35 plus 37?,72
What is 5942 plus 3334?,9276
What is 823 plus 110?,933
What is 1773 plus 1058?,2831
What is 7719 plus 2784?,10503
What is 13705 plus 64234?,77939
What is 116 plus 496?,612
What is 70 plus 29?,99
What is 86 plus 32?,118
What is 45447 plus 86702?,132149
What is 8238 plus 3997?,12235
What is 53 plus 25?,78
What is 368 plus 259?,627
What is 89 plus 40?,129
What is 26489 plus 10391?,36880
What is 5282 plus 5372?,10654
What is 807 plus 327?,1134
What is 73 plus 35?,108
What is 8926 plus 9215?,18141
What is 8697 plus 1857?,10554
What is 225 plus 625?,850
What is 2167 plus 8551?,10718
What is 2879 plus 5452?,8331
What is 4742 plus 6120?,10862
What is 42320 plus 83346?,125666
What is 685 plus 882?,1567
What is 598 plus 321?,919
What is 1625 plus 7395?,9020
What is 88477 plus 91068?,179545
What is 99077 plus 64898?,163975
What is 76275 plus 28880?,105155
What is 212 plus 941?,1153
What is 8676 plus 5818?,14494
What is 39 plus 40?,79
What is 75 plus 21?,96
What is 78308 plus 20531?,98839
What is 170 plus 912?,1082
What is 4023 plus 2325?,6348
What is 9459 plus 4057?,13516
What is 12 plus 94?,106
What is 29 plus 90?,119
What is 54803 plus 38915?,93718
What is 7304 plus 4866?,12170
What is 48 plus 34?,82
What is 34 plus 15?,49
What is 287 plus 623?,910
What is 258 plus 659?,917
What is 503 plus 879?,1382
What is 5782 plus 8809?,14591
What is 36 plus 60?,96
What is 5658 plus 5315?,10973
What is 85 plus 56?,141
What is 8000 plus 9616?,17616
What is 31 plus 11?,42
What is 67906 plus 52946?,120852
What is 17 plus 53?,70
What is 23 plus 23?,46
What is 407 plus 604?,1011
What is 6394 plus 9329?,15723
What is 1012 plus 7127?,8139
What is 62115 plus 15851?,77966
What is 79 plus 15?,94
What is 59 plus 11?,70
What is 646 plus 273?,919
What is 62 plus 17?,79
What is 600 plus 508?,1108
What is 655 plus 859?,1514
What is 34 plus 25?,59
What is 5983 plus 6430?,12413
What is 22199 plus 26502?,48701
What is 837 plus 538?,1375
What is 6601 plus 8846?,15447
What is 79 plus 60?,139
What is 212 plus 463?,675
What is 1635 plus 6293?,7928
What is 583 plus 725?,1308
What is 436 plus 928?,1364
What is 8087 plus 6177?,14264
What is 21 plus 28?,49
What is 24 plus 97?,121
What is 500 plus 948?,1448
What is 194 plus 314?,508
What is 12 plus 84?,96
What is 70569 plus 72267?,142836
What is 96 plus 38?,134
What is 75 plus 94?,169
What is 74 plus 78?,152
What is 17015 plus 74143?,91158
What is 88 plus 14?,102
What is 8596 plus 4096?,12692
What is 46647 plus 22145?,68792
What is 868 plus 137?,1005
What is 185 plus 142?,327
What is 475 plus 296?,771
What is 98 plus 10?,108
What is 3010 plus 9258?,12268
What is 93 plus 19?,112
What is 674 plus 992?,1666
What is 56292 plus 55529?,111821
What is 878 plus 983?,1861
What is 53306 plus 24712?,78018
What is 1551 plus 1867?,3418
What is 84 plus 12?,96
What is 467 plus 559?,1026
What is 34 plus 28?,62
What is 8212 plus 5271?,13483
What is 56 plus 83?,139
What is 87 plus 56?,143
What is 644 plus 680?,1324
What is 1786 plus 1858?,3644
What is 82 plus 49?,131
What is 848 plus 683?,1531
What is 29 plus 84?,113
What is 551 plus 858?,1409
What is 5630 plus 5855?,11485
What is 16 plus 73?,89
What is 2554 plus 2255?,4809
What is 97591 plus 97912?,195503
What is 576 plus 742?,1318
What is 33 plus 75?,108
What is 437 plus 661?,1098
What is 457 plus 252?,709
What is 803 plus 312?,1115
What is 48 plus 25?,73
What is 66117 plus 58120?,124237
What is 176 plus 910?,1086
What is 317 plus 650?,967
What is 31 plus 27?,58
What is 9699 plus 8873?,18572
What is 595 plus 232?,827
What is 4771 plus 2777?,7548
What is 181 plus 571?,752
What is 33 plus 64?,97
What is 82 plus 66?,148
What is 70983 plus 12974?,83957
What is 9774 plus 9909?,19683
What is 54794 plus 53193?,107987
What is 11 plus 39?,50
What is 13035 plus 58276?,71311
What is 43 plus 14?,57
What is 12467 plus 93231?,105698
What is 34678 plus 38092?,72770
What is 638 plus 828?,1466
What is 66399 plus 59346?,125745
What is 6746 plus 9716?,16462
What is 512 plus 304?,816
What is 1586 plus 7907?,9493
What is 7889 plus 8267?,16156
What is 4848 plus 2109?,6957
What is 99 plus 43?,142
What is 790 plus 923?,1713
What is 86 plus 48?,134
What is 989 plus 304?,1293
What is 7876 plus 9814?,17690
What is 959 plus 685?,1644
What is 50142 plus 62007?,112149
What is 313 plus 285?,598
What is 8507 plus 8265?,16772
What is 8687 plus 5711?,14398
What is 565 plus 191?,756
What is 1882 plus 4687?,6569
What is 52286 plus 74207?,126493
What is 70355 plus 26776?,97131
What is 40770 plus 68506?,109276
What is 7309 plus 6968?,14277
What is 58253 plus 72504?,130757
What is 80 plus 77?,157
What is 1917 plus 8877?,10794
What is 67061 plus 74833?,141894
What is 75919 plus 56401?,132320
What is 71439 plus 30243?,101682
What is 5627 plus 2599?,8226
What is 511 plus 937?,1448
What is 776 plus 220?,996
What is 1968 plus 9535?,11503
What is 68 plus 98?,166
What is 59 plus 70?,129
What is 953 plus 516?,1469
What is 638 plus 974?,1612
What is 4790 plus 8927?,13717
What is 828 plus 296?,1124
What is 263 plus 949?,1212
What is 61 plus 95?,156
What is 9860 plus 1272?,11132
What is 51 plus 13?,64
What is 90 plus 86?,176
What is 34692 plus 30977?,65669
What is 55 plus 49?,104
What is 494 plus 652?,1146
What is 70807 plus 34281?,105088
What is 50 plus 85?,135
What is 286 plus 226?,512
What is 38 plus 76?,114
What is 956 plus 674?,1630
What is 625 plus 162?,787
What is 29418 plus 74120?,103538
What is 23 plus 85?,108
What is 55 plus 32?,87
What is 205 plus 621?,826
What is 38981 plus 17123?,56104
What is 27 plus 36?,63
What is 76912 plus 18117?,95029
What is 3049 plus 4264?,7313
What is 110 plus 241?,351
What is 8623 plus 8579?,17202
What is 763 plus 923?,1686
What is 73883 plus 22176?,96059
What is 57 plus 70?,127
What is 683 plus 487?,1170
What is 13 plus 29?,42
What is 68941 plus 42114?,111055
What is 1641 plus 5237?,6878
What is 37 plus 47?,84
What is 1353 plus 5562?,6915
What is 904 plus 875?,1779
What is 71 plus 24?,95
What is 2218 plus 6845?,9063
What is 6566 plus 7940?,14506
What is 9819 plus 1411?,11230
What is 15680 plus 77586?,93266
What is 23 plus 79?,102
What is 8777 plus 4646?,13423
What is 96 plus 45?,141
What is 8665 plus 9964?,18629
What is 851 plus 303?,1154
What is 612 plus 493?,1105
What is 2510 plus 9389?,11899
What is 8582 plus 5893?,14475
What is 517 plus 875?,1392
What is 85303 plus 21714?,107017
What is 50 plus 84?,134
What is 63930 plus 80456?,144386
What is 40 plus 85?,125
What is 52242 plus 22223?,74465
What is 60625 plus 62541?,123166
What is 58 plus 27?,85
What is 22278 plus 38676?,60954
What is 9265 plus 8247?,17512
What is 4890 plus 8921?,13811
What is 37389 plus 77059?,114448
What is 85102 plus 17474?,102576
What is 8303 plus 7118?,15421
What is 226 plus 492?,718
What is 85763 plus 36374?,122137
What is 11 plus 82?,93
What is 17 plus 42?,59
What is 5524 plus 7446?,12970
What is 419 plus 640?,1059
What is 30 plus 70?,100
What is 68106 plus 30338?,98444
What is 53431 plus 37581?,91012
What is 875 plus 219?,1094
What is 35154 plus 85386?,120540
What is 2200 plus 6243?,8443
What is 949 plus 657?,1606
What is 21237 plus 44092?,65329
What is 88151 plus 43670?,131821
What is 23031 plus 16260?,39291
What is 39 plus 41?,80
What is 72220 plus 48047?,120267
What is 92266 plus 79862?,172128
What is 749 plus 433?,1182
What is 6155 plus 6436?,12591
What is 9199 plus 8526?,17725
What is 60593 plus 97106?,157699
What is 16005 plus 72385?,88390
What is 366 plus 559?,925
What is 53 plus 96?,149
What is 951 plus 606?,1557
What is 72 plus 48?,120
What is 87070 plus 47667?,134737
What is 93 plus 78?,171
What is 82 plus 37?,119
What is 42 plus 86?,128
What is 16 plus 61?,77
What is 412 plus 405?,817
What is 210 plus 561?,771
What is 476 plus 790?,1266
What is 36037 plus 40290?,76327
What is 9446 plus 2643?,12089
What is 76962 plus 26138?,103100
What is 51863 plus 60777?,112640
What is 200 plus 955?,1155
What is 24791 plus 36029?,60820
What is 675 plus 612?,1287
What is 13 plus 67?,80
What is 6751 plus 9755?,16506
What is 109 plus 372?,481
What is 78 plus 67?,145
What is 28409 plus 24684?,53093
What is 38 plus 60?,98
What is 42181 plus 24515?,66696
What is 18371 plus 55779?,74150
What is 4138 plus 7487?,11625
What is 73189 plus 64879?,138068
What is 93 plus 28?,121
What is 481 plus 992?,1473
What is 8393 plus 5118?,13511
What is 121 plus 757?,878
What is 3671 plus 5593?,9264
What is 994 plus 339?,1333
What is 84141 plus 62395?,146536
What is 3963 plus 8860?,12823
What is 197 plus 416?,613
What is 117 plus 191?,308
What is 173 plus 611?,784
What is 83 plus 78?,161
What is 1456 plus 6006?,7462
What is 4928 plus 9943?,14871
What is 15 plus 12?,27
What is 65166 plus 61561?,126727
What is 21734 plus 25242?,46976
What is 15688 plus 41837?,57525
What is 3774 plus 3427?,7201
What is 58951 plus 42316?,101267
What is 6087 plus 7583?,13670
What is 49 plus 11?,60
What is 60954 plus 52172?,113126
What is 2979 plus 2539?,5518
What is 804 plus 938?,1742
What is 856 plus 848?,1704
What is 66281 plus 37318?,103599
What is 528 plus 203?,731
What is 64783 plus 22062?,86845
What is 902 plus 698?,1600
What is 993 plus 490?,1483
What is 1841 plus 5544?,7385
What is 3823 plus 5625?,9448
What is 8582 plus 1281?,9863
What is 75 plus 88?,163
What is 14 plus 91?,105
What is 3251 plus 5724?,8975
What is 44439 plus 79881?,124320
What is 2305 plus 4587?,6892
What is 795 plus 673?,1468
What is 14838 plus 54880?,69718
What is 44 plus 29?,73
What is 1783 plus 9745?,11528
What is 856 plus 502?,1358
What is 1017 plus 5558?,6575
What is 4170 plus 4519?,8689
What is 771 plus 565?,1336
What is 40 plus 38?,78
What is 4915 plus 7941?,12856
What is 6223 plus 3014?,9237
What is 23732 plus 23643?,47375
What is 32144 plus 93167?,125311
What is 78169 plus 54906?,133075
What is 984 plus 514?,1498
What is 1060 plus 9507?,10567
What is 5840 plus 5001?,10841
What is 81197 plus 10808?,92005
What is 97569 plus 86885?,184454
What is 534 plus 870?,1404
What is 864 plus 399?,1263
What is 940 plus 872?,1812
What is 73362 plus 94026?,167388
What is 60908 plus 74494?,135402
What is 13 plus 50?,63
What is 75305 plus 35671?,110976
What is 913 plus 865?,1778
What is 648 plus 776?,1424
What is 48583 plus 97754?,146337
What is 71633 plus 39459?,111092
What is 88815 plus 74530?,163345
What is 96 plus 66?,162
What is 17290 plus 91639?,108929
What is 73885 plus 48692?,122577
What is 97558 plus 73369?,170927
What is 33260 plus 54388?,87648
What is 72 plus 36?,108
What is 1367 plus 5664?,7031
What is 5072 plus 4500?,9572
What is 53891 plus 15713?,69604
What is 8131 plus 3164?,11295
What is 17 plus 66?,83
What is 3452 plus 6993?,10445
What is 136 plus 826?,962
What is 9847 plus 5390?,15237
What is 35 plus 17?,52
What is 3882 plus 9171?,13053
What is 618 plus 476?,1094
What is 511 plus 857?,1368
What is 67662 plus 32960?,100622
What is 8945 plus 3659?,12604
What is 86080 plus 65361?,151441
What is 71821 plus 97749?,169570
What is 14 plus 61?,75
What is 4939 plus 4739?,9678
What is 76 plus 51?,127
What is 18 plus 95?,113
What is 660 plus 836?,1496
What is 118 plus 365?,483
What is 69048 plus 99243?,168291
What is 67734 plus 14818?,82552
What is 801 plus 360?,1161
What is 76041 plus 56728?,132769
What is 60718 plus 10213?,70931
What is 826 plus 547?,1373
What is 67388 plus 24646?,92034
What is 25594 plus 14925?,40519
What is 42 plus 31?,73
What is 43849 plus 92848?,136697
What is 77 plus 36?,113
What is 93136 plus 40229?,133365
What is 7941 plus 8402?,16343
What is 94 plus 76?,170
What is 74560 plus 85168?,159728
What is 1664 plus 9855?,11519
What is 53541 plus 62157?,115698
What is 68 plus 84?,152
What is 59567 plus 70845?,130412
What is 1955 plus 7604?,9559
What is 7513 plus 6701?,14214
What is 6609 plus 4941?,11550
What is 65 plus 25?,90
What is 4975 plus 2161?,7136
What is 453 plus 966?,1419
What is 62394 plus 99025?,161419
What is 9858 plus 9487?,19345
What is 29683 plus 66498?,96181
What is 16572 plus 99432?,116004
What is 89 plus 30?,119
What is 835 plus 362?,1197
What is 6990 plus 3390?,10380
What is 61 plus 79?,140
What is 46115 plus 65797?,111912
What is 9253 plus 3674?,12927
What is 600 plus 814?,1414
What is 72948 plus 44305?,117253
What is 13 plus 83?,96
What is 61 plus 64?,125
What is 82 plus 99?,181
What is 279 plus 307?,586
What is 4203 plus 8559?,12762
What is 4556 plus 4082?,8638
What is 281 plus 492?,773
What is 71 plus 90?,161
What is 36377 plus 46240?,82617
What is 428 plus 401?,829
What is 4789 plus 7014?,11803
What is 84 plus 41?,125
What is 58210 plus 46845?,105055
What is 8302 plus 8991?,17293
What is 86 plus 62?,148
What is 16 plus 24?,40
What is 47683 plus 59639?,107322
What is 662 plus 967?,1629
What is 30942 plus 60976?,91918
What is 786 plus 329?,1115
What is 14 plus 67?,81
What is 84 plus 52?,136
What is 32120 plus 74208?,106328
What is 519 plus 712?,1231
What is 64 plus 42?,106
What is 91 plus 28?,119
What is 3782 plus 5826?,9608
What is 78453 plus 25439?,103892
What is 7017 plus 4679?,11696
What is 5956 plus 5159?,11115
What is 79547 plus 18648?,98195
What is 70690 plus 44998?,115688
What is 409 plus 509?,918
What is 865 plus 197?,1062
What is 5344 plus 3127?,8471
What is 46070 plus 21129?,67199
What is 58 plus 76?,134
What is 95 plus 79?,174
What is 30843 plus 61297?,92140
What is 6603 plus 8690?,15293
What is 503 plus 622?,1125
What is 696 plus 548?,1244
What is 5312 plus 8398?,13710
What is 572 plus 229?,801
What is 91418 plus 31221?,122639
What is 57948 plus 46751?,104699
What is 590 plus 509?,1099
What is 9108 plus 9604?,18712
What is 196 plus 241?,437
What is 15 plus 72?,87
What is 45377 plus 75120?,120497
What is 47921 plus 87224?,135145
What is 3181 plus 9941?,13122
What is 42 plus 84?,126
What is 55024 plus 66888?,121912
What is 1669 plus 4217?,5886
What is 62331 plus 97327?,159658
What is 991 plus 896?,1887
What is 69 plus 47?,116
What is 389 plus 977?,1366
What is 82076 plus 10932?,93008
What is 92201 plus 91462?,183663
What is 8045 plus 4406?,12451
What is 323 plus 754?,1077
What is 6357 plus 8676?,15033
What is 13 plus 76?,89
What is 709 plus 943?,1652
What is 44341 plus 82408?,126749
What is 95 plus 53?,148
What is 23072 plus 51101?,74173
What is 50 plus 68?,118
What is 55195 plus 62409?,117604
What is 97 plus 13?,110
What is 23274 plus 20919?,44193
What is 961 plus 580?,1541
What is 5558 plus 3187?,8745
What is 77 plus 54?,131
What is 54887 plus 31638?,86525
What is 8187 plus 3085?,11272
What is 522 plus 513?,1035
What is 772 plus 560?,1332
What is 189 plus 353?,542
What is 607 plus 880?,1487
What is 810 plus 751?,1561
What is 612 plus 930?,1542
What is 16 plus 96?,112
What is 130 plus 325?,455
What is 3854 plus 2709?,6563
What is 302 plus 142?,444
What is 83587 plus 92451?,176038
What is 160 plus 469?,629
What is 807 plus 349?,1156
What is 3510 plus 6855?,10365
What is 698 plus 594?,1292
What is 7876 plus 7982?,15858
What is 969 plus 136?,1105
What is 4426 plus 8477?,12903
What is 8309 plus 8084?,16393
What is 499 plus 987?,1486
What is 17 plus 13?,30
What is 55350 plus 62257?,117607
What is 175 plus 458?,633
What is 211 plus 920?,1131
What is 66073 plus 50038?,116111
What is 187 plus 778?,965
What is 63629 plus 53320?,116949
What is 12911 plus 44416?,57327
What is 9396 plus 5285?,14681
What is 766 plus 929?,1695
What is 37 plus 63?,100
What is 76010 plus 96597?,172607
What is 18080 plus 23890?,41970
What is 7477 plus 5736?,13213
What is 53761 plus 23895?,77656
What is 932 plus 944?,1876
What is 69059 plus 96035?,165094
What is 56923 plus 21192?,78115
What is 52 plus 97?,149
What is 240 plus 812?,1052
What is 3112 plus 8584?,11696
What is 39 plus 87?,126
What is 49 plus 81?,130
What is 54 plus 85?,139
What is 7386 plus 7215?,14601
What is 24304 plus 86481?,110785
What is 568 plus 533?,1101
What is 34 plus 39?,73
What is 98839 plus 15819?,114658
What is 27667 plus 99521?,127188
What is 7026 plus 4076?,11102
What is 1549 plus 4374?,5923
What is 562 plus 320?,882
What is 1159 plus 2207?,3366
What is 7637 plus 6315?,13952
What is 50 plus 71?,121
What is 11 plus 46?,57
What is 49340 plus 18677?,68017
What is 45466 plus 11745?,57211
What is 85 plus 99?,184
What is 369 plus 689?,1058
What is 18437 plus 88714?,107151
What is 9374 plus 6531?,15905
What is 70335 plus 93453?,163788
What is 51838 plus 41569?,93407
What is 8840 plus 3083?,11923
What is 73494 plus 29069?,102563
What is 1681 plus 5109?,6790
What is 3692 plus 4315?,8007
What is 2149 plus 1645?,3794
What is 54 plus 91?,145
What is 919 plus 108?,1027
What is 51362 plus 67452?,118814
What is 36038 plus 37830?,73868
What is 5298 plus 2483?,7781
What is 194 plus 491?,685
What is 9893 plus 8684?,18577
What is 4449 plus 2647?,7096
What is 80 plus 50?,130
What is 4159 plus 9577?,13736
What is 85 plus 38?,123
What is 3957 plus 7214?,11171
What is 69 plus 67?,136
What is 14873 plus 56844?,71717
What is 52795 plus 77346?,130141
What is 66 plus 50?,116
What is 2278 plus 5713?,7991
What is 9490 plus 2060?,11550
What is 34 plus 74?,108
What is 1249 plus 4552?,5801
What is 21 plus 57?,78
What is 150 plus 575?,725
What is 13 plus 58?,71
What is 23 plus 15?,38
What is 7294 plus 3201?,10495
What is 358 plus 920?,1278
What is 123 plus 169?,292
What is 54 plus 38?,92
What is 310 plus 100?,410
What is 3675 plus 7614?,11289
What is 912 plus 390?,1302
What is 98 plus 71?,169
What is 544 plus 198?,742
What is 478 plus 599?,1077
What is 9887 plus 7909?,17796
What is 22922 plus 44548?,67470
What is 64 plus 73?,137
What is 11346 plus 84375?,95721
What is 7428 plus 7763?,15191
What is 391 plus 994?,1385
What is 49 plus 19?,68
What is 59402 plus 27198?,86600
What is 180 plus 756?,936
What is 54461 plus 29221?,83682
What is 20 plus 12?,32
What is 9384 plus 6255?,15639
What is 408 plus 282?,690
What is 961 plus 970?,1931
What is 61655 plus 98970?,160625
What is 16 plus 69?,85
What is 76425 plus 48635?,125060
What is 767 plus 341?,1108
What is 26774 plus 48909?,75683
What is 31729 plus 58361?,90090
What is 78 plus 66?,144
What is 17 plus 39?,56
What is 194 plus 275?,469
What is 2630 plus 5252?,7882
What is 581 plus 912?,1493
What is 4840 plus 5092?,9932
What is 69759 plus 29238?,98997
What is 97449 plus 46475?,143924
What is 65 plus 84?,149
What is 5084 plus 1164?,6248
What is 88 plus 25?,113
What is 9661 plus 6527?,16188
What is 525 plus 589?,1114
What is 49664 plus 92875?,142539
What is 6493 plus 5903?,12396
What is 44 plus 22?,66
What is 772 plus 450?,1222
What is 1715 plus 6570?,8285
What is 43553 plus 92718?,136271
What is 6372 plus 4878?,11250
What is 29 plus 65?,94
What is 463 plus 853?,1316
What is 606 plus 238?,844
What is 77 plus 70?,147
What is 35636 plus 11702?,47338
What is 948 plus 117?,1065
What is 34 plus 83?,117
What is 2763 plus 7285?,10048
What is 35 plus 58?,93
What is 3963 plus 6595?,10558
What is 72939 plus 41221?,114160
What is 981 plus 463?,1444
What is 787 plus 151?,938
What is 237 plus 836?,1073
What is 80 plus 59?,139
What is 38 plus 94?,132
What is 92 plus 44?,136
What is 445 plus 960?,1405
What is 19 plus 14?,33
What is 46004 plus 11080?,57084
What is 19 plus 54?,73
What is 79412 plus 39838?,119250
What is 66 plus 89?,155
What is 4401 plus 1351?,5752
What is 54270 plus 39806?,94076
What is 285 plus 827?,1112
What is 78 plus 82?,160
What is 44 plus 74?,118
What is 8260 plus 7828?,16088
What is 86 plus 27?,113
What is 78800 plus 82129?,160929
What is 36331 plus 47697?,84028
What is 210 plus 854?,1064
What is 20 plus 72?,92
What is 52 plus 15?,67
What is 52785 plus 26819?,79604
What is 403 plus 944?,1347
What is 30190 plus 48235?,78425
What is 66903 plus 84268?,151171
What is 74 plus 54?,128
What is 82 plus 23?,105
What is 987 plus 211?,1198
What is 914 plus 960?,1874
What is 39 plus 47?,86
What is 363 plus 121?,484
What is 41384 plus 48450?,89834
What is 7203 plus 5944?,13147
What is 90846 plus 19178?,110024
What is 9883 plus 7851?,17734
What is 916 plus 469?,1385
What is 33020 plus 90117?,123137
What is 108 plus 723?,831
What is 53255 plus 61733?,114988
What is 3248 plus 2131?,5379
What is 9460 plus 2028?,11488
What is 36009 plus 79876?,115885
What is 28 plus 39?,67
What is 3823 plus 9048?,12871
What is 5304 plus 5870?,11174
What is 416 plus 593?,1009
What is 35 plus 37?,72
What is 885 plus 560?,1445
What is 8247 plus 5427?,13674
What is 903 plus 862?,1765
What is 4018 plus 3435?,7453
What is 961 plus 153?,1114
What is 18289 plus 40428?,58717
What is 41557 plus 93258?,134815
What is 94964 plus 26894?,121858
What is 974 plus 630?,1604
What is 78 plus 22?,100
What is 265 plus 262?,527
What is 1236 plus 7451?,8687
What is 563 plus 621?,1184
What is 5891 plus 8465?,14356
What is 325 plus 822?,1147
What is 40 plus 38?,78
What is 292 plus 326?,618
What is 463 plus 179?,642
What is 980 plus 379?,1359
What is 5978 plus 4626?,10604
What is 2197 plus 5464?,7661
What is 749 plus 371?,1120
What is 99737 plus 51142?,150879
What is 74 plus 26?,100
What is 59105 plus 53474?,112579
What is 53 plus 91?,144
What is 52317 plus 29959?,82276
What is 640 plus 505?,1145
What is 94 plus 57?,151
What is 59 plus 18?,77
What is 50789 plus 77838?,128627
What is 3607 plus 5763?,9370
What is 9261 plus 1357?,10618
What is 49 plus 60?,109
What is 31 plus 24?,55
What is 44 plus 37?,81
What is 8024 plus 7953?,15977
What is 863 plus 345?,1208
What is 67 plus 77?,144
What is 238 plus 571?,809
What is 32 plus 61?,93
What is 39 plus 39?,78
What is 44 plus 77?,121
What is 48805 plus 61215?,110020
What is 93112 plus 54930?,148042
What is 947 plus 789?,1736
What is 65 plus 61?,126
What is 10223 plus 90764?,100987
What is 7972 plus 2668?,10640
What is 306 plus 789?,1095
What is 6774 plus 7541?,14315
What is 698 plus 634?,1332
What is 76779 plus 22124?,98903
What is 61012 plus 93786?,154798
What is 5026 plus 6508?,11534
What is 6129 plus 7952?,14081
What is 4762 plus 5405?,10167
What is 28794 plus 66942?,95736
What is 48708 plus 25077?,73785
What is 50138 plus 31154?,81292
What is 89 plus 78?,167
What is 1731 plus 1714?,3445
What is 56188 plus 88751?,144939
What is 1031 plus 1607?,2638
What is 888 plus 549?,1437
What is 3435 plus 5781?,9216
What is 435 plus 591?,1026
What is 855 plus 754?,1609
What is 5117 plus 1244?,6361
What is 60 plus 14?,74
What is 64524 plus 65884?,130408
What is 61 plus 82?,143
What is 55 plus 76?,131
What is 6774 plus 3282?,10056
What is 87 plus 49?,136
What is 86 plus 17?,103
What is 62007 plus 38049?,100056
What is 75667 plus 87228?,162895
What is 364 plus 735?,1099
What is 77 plus 10?,87
What is 861 plus 786?,1647
What is 8251 plus 1274?,9525
What is 61 plus 49?,110
What is 4566 plus 6596?,11162
What is 94 plus 56?,150
What is 179 plus 655?,834
What is 576 plus 582?,1158
What is 4175 plus 5842?,10017
What is 12 plus 71?,83
What is 8942 plus 6390?,15332
What is 5460 plus 7702?,13162
What is 93051 plus 14842?,107893
What is 26 plus 67?,93
What is 46 plus 13?,59
What is 5298 plus 6688?,11986
What is 74 plus 79?,153
What is 8328 plus 3377?,11705
What is 18 plus 21?,39
What is 683 plus 962?,1645
What is 6306 plus 9220?,15526
What is 6251 plus 2507?,8758
What is 51020 plus 60891?,111911
What is 243 plus 329?,572
What is 19 plus 26?,45
What is 700 plus 159?,859
What is 59302 plus 58456?,117758
What is 23 plus 91?,114
What is 6685 plus 5560?,12245
What is 66 plus 41?,107
What is 6252 plus 7405?,13657
What is 50 plus 57?,107
What is 601 plus 758?,1359
What is 122 plus 749?,871
What is 91038 plus 45058?,136096
What is 84 plus 44?,128
What is 5211 plus 2357?,7568
What is 622 plus 376?,998
What is 31 plus 97?,128
What is 697 plus 580?,1277
What is 2946 plus 7370?,10316
What is 2816 plus 3274?,6090
What is 254 plus 276?,530
What is 2303 plus 9793?,12096
What is 53263 plus 22291?,75554
What is 805 plus 221?,1026
What is 64 plus 90?,154
What is 4659 plus 8599?,13258
What is 52 plus 64?,116
What is 278 plus 836?,1114
What is 3041 plus 6891?,9932
What is 3803 plus 5231?,9034
What is 217 plus 443?,660
What is 86787 plus 89214?,176001
What is 15989 plus 91262?,107251
What is 49 plus 10?,59
What is 846 plus 207?,1053
What is 73401 plus 77179?,150580
What is 96244 plus 60386?,156630
What is 648 plus 210?,858
What is 13 plus 40?,53
What is 29553 plus 78169?,107722
What is 4087 plus 8310?,12397
What is 33850 plus 81489?,115339
What is 526 plus 104?,630
What is 47 plus 38?,85
What is 884 plus 996?,1880
What is 934 plus 770?,1704
What is 28 plus 37?,65
What is 31292 plus 16503?,47795
What is 1304 plus 5658?,6962
What is 2900 plus 3584?,6484
What is 2255 plus 1138?,3393
What is 78399 plus 78305?,156704
What is 7097 plus 4616?,11713
What is 286 plus 611?,897
What is 851 plus 189?,1040
What is 456 plus 653?,1109
What is 84444 plus 93951?,178395
What is 89 plus 11?,100
What is 6810 plus 8342?,15152
What is 61817 plus 66535?,128352
What is 67104 plus 71300?,138404
What is 97581 plus 70109?,167690
What is 206 plus 404?,610
What is 37475 plus 96460?,133935
What is 713 plus 484?,1197
What is 30 plus 22?,52
What is 32 plus 57?,89
What is 8872 plus 1663?,10535
What is 26115 plus 24860?,50975
What is 547 plus 633?,1180
What is 66 plus 14?,80
What is 2509 plus 2307?,4816
What is 575 plus 633?,1208
What is 517 plus 309?,826
What is 7062 plus 3286?,10348
What is 7812 plus 1547?,9359
What is 62 plus 51?,113
What is 5414 plus 5748?,11162
What is 5350 plus 9853?,15203
What is 594 plus 611?,1205
What is 3805 plus 2984?,6789
What is 26486 plus 59955?,86441
What is 673 plus 305?,978
What is 92006 plus 94844?,186850
What is 298 plus 392?,690
What is 283 plus 923?,1206
What is 868 plus 963?,1831
What is 8337 plus 5703?,14040
What is 91624 plus 50381?,142005
What is 59 plus 28?,87
What is 9591 plus 6673?,16264
What is 951 plus 455?,1406
What is 6011 plus 6271?,12282
What is 75 plus 60?,135
What is 69045 plus 53082?,122127
What is 605 plus 315?,920
What is 7048 plus 7955?,15003
What is 99 plus 97?,196
What is 97236 plus 64986?,162222
What is 21393 plus 69328?,90721
What is 66213 plus 21112?,87325
What is 330 plus 569?,899
What is 95 plus 18?,113
What is 3020 plus 6459?,9479
What is 936 plus 454?,1390
What is 25 plus 70?,95
What is 821 plus 152?,973
What is 462 plus 166?,628
What is 51 plus 99?,150
What is 245 plus 256?,501
What is 40 plus 75?,115
What is 862 plus 267?,1129
What is 4709 plus 8251?,12960
What is 452 plus 264?,716
What is 90920 plus 66652?,157572
What is 76 plus 54?,130
What is 46078 plus 51015?,97093
What is 67338 plus 72675?,140013
What is 7156 plus 9257?,16413
What is 500 plus 962?,1462
What is 33944 plus 71239?,105183
What is 26 plus 92?,118
What is 5822 plus 7961?,13783
What is 853 plus 243?,1096
What is 94 plus 94?,188
What is 77616 plus 97983?,175599
What is 4203 plus 7793?,11996
What is 84 plus 28?,112
What is 65 plus 53?,118
What is 69 plus 42?,111
What is 81 plus 93?,174
What is 671 plus 536?,1207
What is 75924 plus 68012?,143936
What is 36 plus 40?,76
What is 13865 plus 93391?,107256
What is 3305 plus 2041?,5346
What is 307 plus 824?,1131
What is 720 plus 731?,1451
What is 82 plus 82?,164
What is 76 plus 10?,86
What is 2721 plus 4927?,7648
What is 23515 plus 36873?,60388
What is 7596 plus 5243?,12839
What is 7459 plus 2811?,10270
What is 38661 plus 10999?,49660
What is 7025 plus 1105?,8130
What is 201 plus 266?,467
What is 33 plus 64?,97
What is 95 plus 25?,120
What is 423 plus 928?,1351
What is 641 plus 660?,1301
What is 76 plus 75?,151
What is 101 plus 103?,204
What is 746 plus 935?,1681
What is 341 plus 643?,984
What is 145 plus 159?,304
What is 642 plus 555?,1197
What is 94953 plus 14333?,109286
What is 258 plus 155?,413
What is 256 plus 939?,1195
What is 27903 plus 58444?,86347
What is 827 plus 568?,1395
What is 160 plus 317?,477
What is 70138 plus 53455?,123593
What is 97 plus 17?,114
What is 9754 plus 3441?,13195
What is 9524 plus 4459?,13983
What is 4168 plus 3651?,7819
What is 292 plus 345?,637
What is 74 plus 94?,168
What is 56 plus 23?,79
What is 72 plus 15?,87
What is 93361 plus 10380?,103741
What is 57596 plus 23147?,80743
What is 5303 plus 2227?,7530
What is 1447 plus 4495?,5942
What is 25022 plus 88690?,113712
What is 70 plus 97?,167
What is 14 plus 56?,70
What is 34 plus 96?,130
What is 93 plus 31?,124
What is 471 plus 211?,682
What is 969 plus 204?,1173
What is 87783 plus 52263?,140046
What is 99 plus 43?,142
What is 42 plus 72?,114
What is 775 plus 528?,1303
What is 86676 plus 73321?,159997
What is 74 plus 21?,95
What is 28822 plus 65033?,93855
What is 934 plus 771?,1705
What is 35 plus 83?,118
What is 71128 plus 45811?,116939
What is 1752 plus 4902?,6654
What is 728 plus 760?,1488
What is 65 plus 12?,77
What is 8853 plus 8971?,17824
What is 91 plus 84?,175
What is 1023 plus 6588?,7611
What is 319 plus 726?,1045
What is 3305 plus 8461?,11766
What is 7648 plus 2988?,10636
What is 29683 plus 81212?,110895
What is 9365 plus 8523?,17888
What is 7469 plus 4142?,11611
What is 159 plus 290?,449
What is 827 plus 605?,1432
What is 40926 plus 69851?,110777
What is 73339 plus 66409?,139748
What is 79180 plus 28041?,107221
What is 3829 plus 8240?,12069
What is 7848 plus 2871?,10719
What is 8034 plus 3054?,11088
What is 3308 plus 8496?,11804
What is 978 plus 853?,1831
What is 42313 plus 97802?,140115
What is 18646 plus 79378?,98024
What is 85 plus 49?,134
What is 24608 plus 32563?,57171
What is 76 plus 49?,125
What is 54996 plus 49847?,104843
What is 20395 plus 91076?,111471
What is 363 plus 697?,1060
What is 35720 plus 69254?,104974
What is 17999 plus 80062?,98061
What is 71469 plus 14530?,85999
What is 5849 plus 1270?,7119
What is 88157 plus 55820?,143977
What is 465 plus 613?,1078
What is 37398 plus 19879?,57277
What is 388 plus 992?,1380
What is 68238 plus 53575?,121813
What is 44087 plus 99663?,143750
What is 279 plus 882?,1161
What is 703 plus 837?,1540
What is 75 plus 20?,95
What is 3803 plus 3411?,7214
What is 6396 plus 6585?,12981
What is 28619 plus 20457?,49076
What is 38 plus 78?,116
What is 5075 plus 9845?,14920
What is 42 plus 50?,92
What is 11861 plus 47978?,59839
What is 16 plus 49?,65
What is 6615 plus 2636?,9251
What is 84926 plus 29781?,114707
What is 89130 plus 79086?,168216
What is 71 plus 31?,102
What is 45 plus 65?,110
What is 4982 plus 8277?,13259
What is 71 plus 74?,145
What is 27239 plus 91464?,118703
What is 508 plus 701?,1209
What is 569 plus 136?,705
What is 2691 plus 8783?,11474
What is 742 plus 274?,1016
What is 867 plus 581?,1448
What is 47777 plus 86308?,134085
What is 161 plus 108?,269
What is 2863 plus 2557?,5420
What is 37 plus 33?,70
What is 72952 plus 20881?,93833
What is 44 plus 15?,59
What is 99 plus 43?,142
What is 94 plus 14?,108
What is 208 plus 615?,823
What is 979 plus 350?,1329
What is 85 plus 83?,168
What is 5914 plus 8897?,14811
What is 353 plus 756?,1109
What is 3951 plus 8500?,12451
What is 3546 plus 5586?,9132
What is 14423 plus 69719?,84142
What is 68471 plus 77619?,146090
What is 608 plus 915?,1523
What is 57603 plus 60142?,117745
What is 68581 plus 50453?,119034
What is 286 plus 273?,559
What is 77 plus 95?,172
What is 67797 plus 32807?,100604
What is 2928 plus 1607?,4535
What is 49 plus 99?,148
What is 2998 plus 1337?,4335
What is 22 plus 85?,107
What is 44303 plus 80205?,124508
What is 36541 plus 36046?,72587
What is 2700 plus 2797?,5497
What is 19243 plus 53944?,73187
What is 35616 plus 87393?,123009
What is 67117 plus 34832?,101949
What is 92482 plus 91134?,183616
What is 4305 plus 9716?,14021
What is 67893 plus 46960?,114853
What is 33312 plus 70445?,103757
What is 552 plus 674?,1226
What is 15 plus 11?,26
What is 42 plus 20?,62
What is 97 plus 14?,111
What is 97145 plus 42224?,139369
What is 2252 plus 9915?,12167
What is 48 plus 32?,80
What is 24 plus 40?,64
What is 169 plus 176?,345
What is 78 plus 24?,102
What is 89 plus 67?,156
What is 91064 plus 62378?,153442
What is 526 plus 291?,817
What is 13212 plus 54264?,67476
What is 64 plus 21?,85
What is 944 plus 631?,1575
What is 4518 plus 3512?,8030
What is 824 plus 183?,1007
What is 3293 plus 7976?,11269
What is 2526 plus 4316?,6842
What is 13 plus 47?,60
What is 90297 plus 69031?,159328
What is 189 plus 857?,1046
What is 77 plus 82?,159
What is 5451 plus 7753?,13204
What is 372 plus 901?,1273
What is 90469 plus 44231?,134700
What is 5852 plus 8074?,13926
What is 35824 plus 20567?,56391
What is 36 plus 46?,82
What is 2089 plus 4433?,6522
What is 43 plus 45?,88
What is 739 plus 834?,1573
What is 16 plus 97?,113
What is 46 plus 79?,125
What is 51 plus 87?,138
What is 64813 plus 61031?,125844
What is 62652 plus 35074?,97726
What is 16933 plus 16276?,33209
What is 1438 plus 5594?,7032
What is 3718 plus 7395?,11113
What is 42 plus 72?,114
What is 80788 plus 90371?,171159
What is 28 plus 91?,119
What is 166 plus 962?,1128
What is 7410 plus 5580?,12990
What is 620 plus 638?,1258
What is 8309 plus 9083?,17392
What is 52 plus 24?,76
What is 3739 plus 1623?,5362
What is 87114 plus 16037?,103151
What is 925 plus 757?,1682
What is 253 plus 176?,429
What is 3041 plus 9618?,12659
What is 5017 plus 3617?,8634
What is 37 plus 99?,136
What is 6403 plus 9882?,16285
What is 5817 plus 4551?,10368
What is 450 plus 584?,1034
What is 54 plus 82?,136
What is 1116 plus 6241?,7357
What is 85 plus 78?,163
What is 861 plus 660?,1521
What is 950 plus 557?,1507
What is 7143 plus 2683?,9826
What is 79 plus 34?,113
What is 99 plus 26?,125
What is 81 plus 96?,177
What is 144 plus 244?,388
What is 10636 plus 99819?,110455
What is 503 plus 191?,694
What is 8520 plus 1255?,9775
What is 60005 plus 98782?,158787
What is 54966 plus 44523?,99489
What is 128 plus 416?,544
What is 4908 plus 9215?,14123
What is 7096 plus 1495?,8591
What is 10 plus 32?,42
What is 742 plus 352?,1094
What is 7491 plus 9992?,17483
What is 787 plus 849?,1636
What is 93507 plus 95807?,189314
What is 8692 plus 6360?,15052
What is 70248 plus 41323?,111571
What is 84 plus 34?,118
What is 46 plus 26?,72
What is 44 plus 69?,113
What is 72 plus 97?,169
What is 6756 plus 6600?,13356
What is 9194 plus 2375?,11569
What is 4410 plus 2644?,7054
What is 72933 plus 70231?,143164
What is 75413 plus 85284?,160697
What is 9933 plus 1473?,11406
What is 11 plus 22?,33
What is 59268 plus 76587?,135855
What is 14 plus 30?,44
What is 30160 plus 41331?,71491
What is 88 plus 56?,144
What is 26 plus 84?,110
What is 18 plus 66?,84
What is 69286 plus 37433?,106719
What is 81 plus 51?,132
What is 635 plus 291?,926
What is 3905 plus 9345?,13250
What is 69 plus 80?,149
What is 615 plus 749?,1364
What is 7524 plus 2108?,9632
What is 44 plus 24?,68
What is 28716 plus 16278?,44994
What is 38852 plus 98511?,137363
What is 89 plus 77?,166
What is 849 plus 922?,1771
What is 29 plus 87?,116
What is 9989 plus 9716?,19705
What is 4826 plus 9459?,14285
What is 6002 plus 4841?,10843
What is 63067 plus 13499?,76566
What is 151 plus 175?,326
What is 66701 plus 32165?,98866
What is 90324 plus 42689?,133013
What is 19277 plus 81063?,100340
What is 37 plus 58?,95
What is 555 plus 506?,1061
What is 520 plus 449?,969
What is 3703 plus 8720?,12423
What is 2734 plus 9161?,11895
What is 9214 plus 2047?,11261
What is 91520 plus 94058?,185578
What is 4970 plus 4965?,9935
What is 50 plus 88?,138
What is 431 plus 736?,1167
What is 6172 plus 6401?,12573
What is 8512 plus 8311?,16823
What is 1487 plus 9992?,11479
What is 33787 plus 63130?,96917
What is 689 plus 463?,1152
What is 155 plus 480?,635
What is 487 plus 425?,912
What is 54 plus 19?,73
What is 684 plus 889?,1573
What is 31381 plus 40838?,72219
What is 7344 plus 3682?,11026
What is 33 plus 79?,112
What is 22601 plus 12530?,35131
What is 47 plus 69?,116
What is 93073 plus 34253?,127326
What is 41 plus 74?,115
What is 56666 plus 80466?,137132
What is 16 plus 11?,27
What is 521 plus 196?,717
What is 8174 plus 8820?,16994
What is 59490 plus 21453?,80943
What is 43 plus 18?,61
What is 546 plus 425?,971
What is 4349 plus 5970?,10319
What is 27150 plus 29984?,57134
What is 2914 plus 7634?,10548
What is 8608 plus 5237?,13845
What is 48396 plus 20192?,68588
What is 1819 plus 2303?,4122
What is 120 plus 619?,739
What is 8734 plus 6099?,14833
What is 27297 plus 70416?,97713
What is 71 plus 33?,104
What is 50802 plus 71732?,122534
What is 24 plus 71?,95
What is 14171 plus 63397?,77568
What is 519 plus 209?,728
What is 7861 plus 5431?,13292
What is 6523 plus 3025?,9548
What is 72 plus 13?,85
What is 42662 plus 10295?,52957
What is 154 plus 530?,684
What is 62 plus 73?,135
What is 147 plus 619?,766
What is 88 plus 64?,152
What is 86 plus 60?,146
What is 476 plus 172?,648
What is 5506 plus 4229?,9735
What is 317 plus 768?,1085
What is 98 plus 34?,132
What is 67368 plus 31169?,98537
What is 8527 plus 8014?,16541
What is 124 plus 335?,459
What is 690 plus 502?,1192
What is 211 plus 974?,1185
What is 19 plus 37?,56
What is 1270 plus 6886?,8156
What is 27 plus 40?,67
What is 82 plus 93?,175
What is 17 plus 25?,42
What is 57533 plus 16794?,74327
What is 57074 plus 43513?,100587
What is 5919 plus 4234?,10153
What is 38513 plus 12028?,50541
What is 15 plus 14?,29
What is 79571 plus 29885?,109456
What is 850 plus 807?,1657
What is 39 plus 89?,128
What is 466 plus 944?,1410
What is 73778 plus 95258?,169036
What is 16131 plus 37008?,53139
What is 12 plus 76?,88
What is 86231 plus 49768?,135999
What is 707 plus 275?,982
What is 57 plus 81?,138
What is 20 plus 62?,82
What is 64962 plus 82868?,147830
What is 809 plus 352?,1161
What is 77714 plus 17404?,95118
What is 120 plus 129?,249
What is 56 plus 93?,149
What is 88 plus 11?,99
What is 2344 plus 5450?,7794
What is 83 plus 32?,115
What is 83 plus 12?,95
What is 89 plus 69?,158
What is 12 plus 86?,98
What is 52065 plus 10663?,62728
What is 87 plus 42?,129
What is 308 plus 567?,875
What is 340 plus 354?,694
What is 264 plus 496?,760
What is 763 plus 558?,1321
What is 10 plus 46?,56
What is 59 plus 97?,156
What is 75653 plus 47678?,123331
What is 53 plus 70?,123
What is 382 plus 544?,926
What is 514 plus 274?,788
What is 38107 plus 11741?,49848
What is 97498 plus 20588?,118086
What is 65 plus 97?,162
What is 53 plus 84?,137
What is 1173 plus 7370?,8543
What is 98 plus 37?,135
What is 502 plus 343?,845
What is 6305 plus 4087?,10392
What is 985 plus 457?,1442
What is 3277 plus 9907?,13184
What is 97638 plus 10543?,108181
What is 9753 plus 1117?,10870
What is 6263 plus 8378?,14641
What is 439 plus 970?,1409
What is 36995 plus 87245?,124240
What is 1404 plus 5063?,6467
What is 741 plus 155?,896
What is 9822 plus 9696?,19518
What is 40632 plus 48663?,89295
What is 291 plus 861?,1152
What is 9084 plus 7164?,16248
What is 14 plus 52?,66
What is 42 plus 89?,131
What is 43909 plus 86607?,130516
What is 47 plus 29?,76
What is 2488 plus 6928?,9416
What is 172 plus 179?,351
What is 76 plus 26?,102
What is 4151 plus 3885?,8036
What is 54 plus 57?,111
What is 23491 plus 98956?,122447
What is 288 plus 982?,1270
What is 20947 plus 11762?,32709
What is 3932 plus 8388?,12320
What is 79304 plus 71513?,150817
What is 18 plus 42?,60
What is 9750 plus 5541?,15291
What is 13549 plus 82603?,96152
What is 18 plus 17?,35
What is 82276 plus 93360?,175636
What is 11 plus 80?,91
What is 7914 plus 4814?,12728
What is 20322 plus 12540?,32862
What is 9139 plus 6714?,15853
What is 33538 plus 75547?,109085
What is 347 plus 526?,873
What is 65 plus 21?,86
What is 81240 plus 88274?,169514
What is 47722 plus 18690?,66412
What is 51595 plus 96270?,147865
What is 96465 plus 42671?,139136
What is 6632 plus 5830?,12462
What is 368 plus 918?,1286
What is 53443 plus 44110?,97553
What is 69 plus 91?,160
What is 1074 plus 6184?,7258
What is 12 plus 45?,57
What is 3409 plus 4111?,7520
What is 69 plus 93?,162
What is 34982 plus 94548?,129530
What is 333 plus 576?,909
What is 5688 plus 2641?,8329
What is 19118 plus 95672?,114790
What is 708 plus 127?,835
What is 41 plus 74?,115
What is 30 plus 94?,124
What is 89466 plus 73345?,162811
What is 397 plus 799?,1196
What is 4222 plus 4382?,8604
What is 653 plus 424?,1077
What is 816 plus 780?,1596
What is 626 plus 550?,1176
What is 4331 plus 5156?,9487
What is 51141 plus 55363?,106504
What is 226 plus 610?,836
What is 780 plus 205?,985
What is 78 plus 53?,131
What is 1671 plus 3913?,5584
What is 14 plus 86?,100
What is 897 plus 930?,1827
What is 6114 plus 3574?,9688
What is 23 plus 66?,89
What is 472 plus 202?,674
What is 53 plus 46?,99
What is 60211 plus 31152?,91363
What is 436 plus 943?,1379
What is 886 plus 284?,1170
What is 12998 plus 57494?,70492
What is 672 plus 176?,848
What is 28 plus 33?,61
What is 93 plus 99?,192
What is 55 plus 62?,117
What is 18 plus 76?,94
What is 88 plus 38?,126
What is 54 plus 20?,74
What is 819 plus 221?,1040
What is 8811 plus 7584?,16395
What is 162 plus 632?,794
What is 467 plus 893?,1360
What is 1634 plus 5714?,7348
What is 8384 plus 5855?,14239
What is 97762 plus 19654?,117416
What is 75200 plus 10066?,85266
What is 946 plus 246?,1192
What is 1164 plus 1807?,2971
What is 47 plus 98?,145
What is 76 plus 51?,127
What is 1621 plus 1141?,2762
What is 6293 plus 1049?,7342
What is 6486 plus 1259?,7745
What is 975 plus 779?,1754
What is 579 plus 486?,1065
What is 92345 plus 76155?,168500
What is 2411 plus 3667?,6078
What is 88 plus 93?,181
What is 708 plus 566?,1274
What is 2519 plus 2166?,4685
What is 967 plus 727?,1694
What is 493 plus 729?,1222
What is 71 plus 57?,128
What is 60 plus 22?,82
What is 58509 plus 92715?,151224
What is 977 plus 560?,1537
What is 885 plus 470?,1355
What is 57167 plus 91836?,149003
What is 48749 plus 85740?,134489
What is 79568 plus 19585?,99153
What is 36290 plus 35121?,71411
What is 1859 plus 9497?,11356
What is 425 plus 656?,1081
What is 33683 plus 46343?,80026
What is 73344 plus 57872?,131216
What is 60052 plus 27277?,87329
What is 91946 plus 36592?,128538
What is 973 plus 714?,1687
What is 791 plus 153?,944
What is 72 plus 30?,102
What is 55500 plus 15211?,70711
What is 37 plus 94?,131
What is 89439 plus 81806?,171245
What is 55 plus 50?,105
What is 76 plus 29?,105
What is 994 plus 215?,1209
What is 935 plus 157?,1092
What is 97 plus 50?,147
What is 67 plus 88?,155
What is 8256 plus 4836?,13092
What is 16 plus 76?,92
What is 92492 plus 66024?,158516
What is 74472 plus 12839?,87311
What is 95 plus 27?,122
What is 557 plus 155?,712
What is 7362 plus 6003?,13365
What is 38 plus 68?,106
What is 699 plus 104?,803
What is 208 plus 229?,437
What is 15 plus 51?,66
What is 774 plus 800?,1574
What is 1664 plus 3085?,4749
What is 7277 plus 6567?,13844
What is 5453 plus 3781?,9234
What is 1332 plus 8908?,10240
What is 46728 plus 85693?,132421
What is 50 plus 73?,123
What is 43359 plus 55753?,99112
What is 28993 plus 86772?,115765
What is 31691 plus 77092?,108783
What is 27 plus 86?,113
What is 442 plus 737?,1179
What is 722 plus 349?,1071
What is 9417 plus 3085?,12502
What is 38919 plus 58223?,97142
What is 8555 plus 9320?,17875
What is 78 plus 38?,116
What is 8872 plus 6393?,15265
What is 211 plus 741?,952
What is 83015 plus 93885?,176900
What is 9747 plus 3821?,13568
What is 3543 plus 7330?,10873
What is 6560 plus 6691?,13251
What is 9872 plus 1775?,11647
What is 4402 plus 2239?,6641
What is 8749 plus 8824?,17573
What is 27 plus 43?,70
What is 31561 plus 83478?,115039
What is 8144 plus 9499?,17643
What is 72 plus 91?,163
What is 91020 plus 24809?,115829
What is 29752 plus 75175?,104927
What is 907 plus 759?,1666
What is 10052 plus 76494?,86546
What is 53910 plus 22513?,76423
What is 37 plus 14?,51
What is 8240 plus 2549?,10789
What is 1300 plus 2823?,4123
What is 310 plus 674?,984
What is 949 plus 929?,1878
What is 53 plus 89?,142
What is 672 plus 213?,885
What is 289 plus 319?,608
What is 8324 plus 9994?,18318
What is 74 plus 95?,169
What is 72 plus 60?,132
What is 45013 plus 85612?,130625
What is 17 plus 29?,46
What is 76 plus 17?,93
What is 468 plus 193?,661
What is 33 plus 63?,96
What is 40 plus 99?,139
What is 7443 plus 4992?,12435
What is 16 plus 43?,59
What is 308 plus 521?,829
What is 22277 plus 87578?,109855
What is 287 plus 600?,887
What is 80 plus 16?,96
What is 53934 plus 32413?,86347
What is 18 plus 60?,78
What is 29 plus 76?,105
What is 24302 plus 46167?,70469
What is 1726 plus 1595?,3321
What is 84204 plus 74441?,158645
What is 19424 plus 59614?,79038
What is 87561 plus 90120?,177681
What is 18114 plus 23329?,41443
What is 432 plus 510?,942
What is 35 plus 17?,52
What is 9642 plus 2273?,11915
What is 56217 plus 61248?,117465
What is 1908 plus 1128?,3036
What is 708 plus 542?,1250
What is 864 plus 357?,1221
What is 38 plus 34?,72
What is 45376 plus 66891?,112267
What is 679 plus 336?,1015
What is 551 plus 798?,1349
What is 81754 plus 47352?,129106
What is 34 plus 40?,74
What is 26 plus 66?,92
What is 56 plus 14?,70
What is 76 plus 96?,172
What is 28001 plus 38987?,66988
What is 48061 plus 77440?,125501
What is 570 plus 317?,887
What is 2199 plus 8416?,10615
What is 37761 plus 61771?,99532
What is 362 plus 904?,1266
What is 62907 plus 44173?,107080
What is 53210 plus 18853?,72063
What is 393 plus 760?,1153
What is 3795 plus 9310?,13105
What is 20484 plus 76273?,96757
What is 957 plus 301?,1258
What is 775 plus 734?,1509
What is 12 plus 22?,34
What is 5692 plus 3932?,9624
What is 1620 plus 4526?,6146
What is 26 plus 30?,56
What is 939 plus 307?,1246
What is 88528 plus 63134?,151662
What is 13 plus 44?,57
What is 84 plus 30?,114
What is 4302 plus 9734?,14036
What is 848 plus 186?,1034
What is 6870 plus 1635?,8505
What is 1965 plus 3737?,5702
What is 5991 plus 1266?,7257
What is 39505 plus 62303?,101808
What is 7412 plus 5813?,13225
What is 140 plus 199?,339
What is 4247 plus 4453?,8700
What is 5584 plus 5483?,11067
What is 29886 plus 46776?,76662
What is 6929 plus 8667?,15596
What is 27 plus 83?,110
What is 78 plus 82?,160
What is 471 plus 247?,718
What is 2789 plus 1023?,3812
What is 916 plus 936?,1852
What is 70656 plus 51624?,122280
What is 98 plus 45?,143
What is 9831 plus 4446?,14277
What is 3254 plus 6860?,10114
What is 675 plus 334?,1009
What is 62 plus 23?,85
What is 17461 plus 74940?,92401
What is 22 plus 43?,65
What is 63 plus 69?,132
What is 1517 plus 8884?,10401
What is 3592 plus 7982?,11574
What is 55196 plus 21577?,76773
What is 17 plus 25?,42
What is 59492 plus 50117?,109609
What is 259 plus 436?,695
What is 31 plus 78?,109
What is 704 plus 732?,1436
What is 33 plus 58?,91
What is 38 plus 47?,85
What is 9925 plus 9461?,19386
What is 50 plus 84?,134
What is 9622 plus 1209?,10831
What is 28 plus 50?,78
What is 47 plus 52?,99
What is 351 plus 284?,635
What is 60901 plus 98320?,159221
What is 20 plus 97?,117
What is 929 plus 718?,1647
What is 727 plus 325?,1052
What is 609 plus 746?,1355
What is 27 plus 83?,110
What is 79084 plus 37909?,116993
What is 34336 plus 16882?,51218
What is 517 plus 334?,851
What is 274 plus 754?,1028
What is 22879 plus 32907?,55786
What is 554 plus 400?,954
What is 9242 plus 6416?,15658
What is 11 plus 52?,63
What is 771 plus 294?,1065
What is 17214 plus 83534?,100748
What is 7985 plus 8631?,16616
What is 9416 plus 8534?,17950
What is 8332 plus 9437?,17769
What is 79069 plus 54880?,133949
What is 35586 plus 19207?,54793
What is 4887 plus 4646?,9533
What is 451 plus 346?,797
What is 28094 plus 58739?,86833
What is 47 plus 96?,143
What is 1292 plus 4406?,5698
What is 48575 plus 94105?,142680
What is 44952 plus 62713?,107665
What is 616 plus 601?,1217
What is 4653 plus 9445?,14098
What is 80 plus 25?,105
What is 62 plus 14?,76
What is 9128 plus 6816?,15944
What is 794 plus 780?,1574
What is 405 plus 926?,1331
What is 26 plus 42?,68
What is 41 plus 77?,118
What is 27 plus 36?,63
What is 47 plus 56?,103
What is 412 plus 867?,1279
What is 5272 plus 3643?,8915
What is 44044 plus 56277?,100321
What is 176 plus 675?,851
What is 69133 plus 91580?,160713
What is 2672 plus 8900?,11572
What is 42 plus 98?,140
What is 33372 plus 47899?,81271
What is 21 plus 39?,60
What is 278 plus 927?,1205
What is 59789 plus 90802?,150591
What is 410 plus 240?,650
What is 83 plus 36?,119
What is 54 plus 96?,150
What is 2878 plus 2915?,5793
What is 3658 plus 6034?,9692
What is 85 plus 74?,159
What is 86 plus 41?,127
What is 92399 plus 80833?,173232
What is 125 plus 939?,1064
What is 85522 plus 83082?,168604
What is 98 plus 59?,157
What is 26942 plus 91882?,118824
What is 8702 plus 7325?,16027
What is 42 plus 27?,69
What is 9091 plus 3739?,12830
What is 393 plus 801?,1194
What is 6786 plus 5073?,11859
What is 88 plus 16?,104
What is 338 plus 447?,785
What is 344 plus 498?,842
What is 20 plus 85?,105
What is 251 plus 991?,1242
What is 1955 plus 7872?,9827
What is 884 plus 527?,1411
What is 733 plus 556?,1289
What is 44256 plus 48217?,92473
What is 48 plus 54?,102
What is 4813 plus 8462?,13275
What is 864 plus 753?,1617
What is 24 plus 43?,67
What is 98309 plus 84619?,182928
What is 21584 plus 89499?,111083
What is 52293 plus 17209?,69502
What is 245 plus 175?,420
What is 57388 plus 65498?,122886
What is 9690 plus 1994?,11684
What is 17202 plus 23823?,41025
What is 331 plus 757?,1088
What is 12387 plus 94790?,107177
What is 52517 plus 61405?,113922
What is 558 plus 975?,1533
What is 20616 plus 45982?,66598
What is 2201 plus 9183?,11384
What is 7080 plus 1287?,8367
What is 5921 plus 6845?,12766
What is 338 plus 680?,1018
What is 25 plus 68?,93
What is 970 plus 911?,1881
What is 2291 plus 9076?,11367
What is 9006 plus 4445?,13451
What is 4750 plus 5802?,10552
What is 7850 plus 5350?,13200
What is 520 plus 129?,649
What is 51479 plus 98911?,150390
What is 58 plus 55?,113
What is 374 plus 825?,1199
What is 4549 plus 1972?,6521
What is 75 plus 57?,132
What is 36 plus 78?,114
What is 91 plus 33?,124
What is 96 plus 18?,114
What is 550 plus 488?,1038
What is 38 plus 78?,116
What is 67 plus 66?,133
What is 2961 plus 1486?,4447
What is 49 plus 44?,93
What is 67947 plus 71371?,139318
What is 82912 plus 33612?,116524
What is 50844 plus 91279?,142123
What is 911 plus 564?,1475
What is 3362 plus 3741?,7103
What is 58895 plus 75968?,134863
What is 62307 plus 59165?,121472
What is 188 plus 151?,339
What is 9213 plus 1442?,10655
What is 369 plus 470?,839
What is 23326 plus 22052?,45378
What is 286 plus 800?,1086
What is 47403 plus 76798?,124201
What is 9430 plus 7046?,16476
What is 770 plus 713?,1483
What is 149 plus 169?,318
What is 955 plus 773?,1728
What is 8769 plus 1011?,9780
What is 161 plus 782?,943
What is 5657 plus 1153?,6810
What is 72325 plus 84068?,156393
What is 66 plus 53?,119
What is 9071 plus 6129?,15200
What is 15802 plus 40366?,56168
What is 83 plus 23?,106
What is 658 plus 365?,1023
What is 43 plus 49?,92
What is 31 plus 69?,100
What is 90385 plus 44557?,134942
What is 9966 plus 8986?,18952
What is 90 plus 43?,133
What is 37 plus 96?,133
What is 855 plus 884?,1739
What is 94125 plus 30326?,124451
What is 68 plus 96?,164
What is 973 plus 904?,1877
What is 98849 plus 51296?,150145
What is 6166 plus 1323?,7489
What is 48535 plus 58510?,107045
What is 4864 plus 1357?,6221
What is 48758 plus 88351?,137109
What is 13 plus 84?,97
What is 29 plus 21?,50
What is 72 plus 76?,148
What is 960 plus 391?,1351
What is 275 plus 632?,907
What is 6959 plus 8440?,15399
What is 99088 plus 98945?,198033
What is 3118 plus 9600?,12718
What is 3391 plus 6858?,10249
What is 278 plus 539?,817
What is 84572 plus 36347?,120919
What is 22 plus 77?,99
What is 546 plus 941?,1487
What is 749 plus 183?,932
What is 1581 plus 8271?,9852
What is 903 plus 845?,1748
What is 569 plus 785?,1354
What is 1670 plus 1713?,3383
What is 876 plus 408?,1284
What is 67807 plus 50578?,118385
What is 76 plus 92?,168
What is 180 plus 648?,828
What is 831 plus 320?,1151
What is 19 plus 86?,105
What is 451 plus 568?,1019
What is 825 plus 938?,1763
What is 6426 plus 5046?,11472
What is 87577 plus 85395?,172972
What is 90 plus 60?,150
What is 49451 plus 51301?,100752
What is 22 plus 20?,42
What is 28339 plus 37827?,66166
What is 5863 plus 8869?,14732
What is 161 plus 754?,915
What is 84493 plus 91155?,175648
What is 637 plus 919?,1556
What is 92 plus 49?,141
What is 85 plus 75?,160
What is 44 plus 63?,107
What is 557 plus 156?,713
What is 630 plus 242?,872
What is 1404 plus 9604?,11008
What is 700 plus 430?,1130
What is 39 plus 79?,118
What is 4825 plus 8474?,13299
What is 170 plus 144?,314
What is 62056 plus 17310?,79366
What is 50 plus 58?,108
What is 2274 plus 3254?,5528
What is 79 plus 74?,153
What is 789 plus 214?,1003
What is 32865 plus 12961?,45826
What is 43042 plus 70803?,113845
What is 49 plus 44?,93
What is 53657 plus 79801?,133458
What is 986 plus 140?,1126
What is 2541 plus 9407?,11948
What is 545 plus 946?,1491
What is 64132 plus 68200?,132332
What is 698 plus 287?,985
What is 175 plus 753?,928
What is 1011 plus 4382?,5393
What is 997 plus 912?,1909
What is 96 plus 26?,122
What is 582 plus 561?,1143
What is 58487 plus 96494?,154981
What is 85997 plus 95645?,181642
What is 3516 plus 6433?,9949
What is 85310 plus 76556?,161866
What is 59144 plus 92368?,151512
What is 73 plus 94?,167
What is 82754 plus 54113?,136867
What is 63815 plus 19838?,83653
What is 49024 plus 84772?,133796
What is 1500 plus 6512?,8012
What is 587 plus 789?,1376
What is 50352 plus 74329?,124681
What is 457 plus 470?,927
What is 439 plus 240?,679
What is 75 plus 73?,148
What is 58 plus 55?,113
What is 44876 plus 10498?,55374
What is 719 plus 679?,1398
What is 82769 plus 70795?,153564
What is 4177 plus 3650?,7827
What is 7362 plus 6988?,14350
What is 6701 plus 6116?,12817
What is 79260 plus 14672?,93932
What is 236 plus 287?,523
What is 64 plus 34?,98
What is 86890 plus 35553?,122443
What is 549 plus 718?,1267
What is 418 plus 924?,1342
What is 20989 plus 34201?,55190
What is 7682 plus 7148?,14830
What is 2513 plus 1902?,4415
What is 4773 plus 9234?,14007
What is 20450 plus 99428?,119878
What is 449 plus 773?,1222
What is 35468 plus 27114?,62582
What is 96371 plus 75719?,172090
What is 3531 plus 5645?,9176
What is 51751 plus 75133?,126884
What is 8405 plus 2582?,10987
What is 17873 plus 61647?,79520
What is 75 plus 27?,102
What is 93 plus 73?,166
What is 659 plus 477?,1136
What is 8709 plus 6273?,14982
What is 6630 plus 3217?,9847
What is 3214 plus 6350?,9564
What is 705 plus 459?,1164
What is 303 plus 951?,1254
What is 92 plus 21?,113
What is 2961 plus 8220?,11181
What is 1589 plus 1719?,3308
What is 76710 plus 35286?,111996
What is 516 plus 218?,734
What is 744 plus 984?,1728
What is 62666 plus 98874?,161540
What is 61999 plus 48020?,110019
What is 99125 plus 46687?,145812
What is 12 plus 39?,51
What is 1554 plus 8435?,9989
What is 377 plus 598?,975
What is 77233 plus 73121?,150354
What is 60 plus 57?,117
What is 3348 plus 8229?,11577
What is 657 plus 525?,1182
What is 20784 plus 45101?,65885
What is 934 plus 430?,1364
What is 59150 plus 32563?,91713
What is 55 plus 91?,146
What is 68 plus 31?,99
What is 33 plus 65?,98
What is 73 plus 32?,105
What is 151 plus 318?,469
What is 161 plus 142?,303
What is 83 plus 77?,160
What is 1433 plus 3052?,4485
What is 3117 plus 1637?,4754
What is 5741 plus 6277?,12018
What is 14 plus 32?,46
What is 3078 plus 5241?,8319
What is 2655 plus 7427?,10082
What is 11 plus 28?,39
What is 607 plus 198?,805
What is 72893 plus 57281?,130174
What is 63 plus 83?,146
What is 6510 plus 7520?,14030
What is 304 plus 798?,1102
What is 81434 plus 87631?,169065
What is 64934 plus 13548?,78482
What is 102 plus 159?,261
What is 7312 plus 1102?,8414
What is 94 plus 35?,129
What is 8737 plus 3907?,12644
What is 311 plus 588?,899
What is 62995 plus 73328?,136323
What is 347 plus 689?,1036
What is 74 plus 44?,118
What is 285 plus 482?,767
What is 96 plus 76?,172
What is 4417 plus 6490?,10907
What is 9170 plus 7560?,16730
What is 35 plus 60?,95
What is 310 plus 710?,1020
What is 798 plus 516?,1314
What is 83 plus 95?,178
What is 71 plus 26?,97
What is 327 plus 754?,1081
What is 6054 plus 8872?,14926
What is 9936 plus 2340?,12276
What is 52 plus 45?,97
What is 567 plus 548?,1115
What is 52263 plus 67279?,119542
What is 2411 plus 5642?,8053
What is 434 plus 645?,1079
What is 9060 plus 1703?,10763
What is 7937 plus 2174?,10111
What is 37 plus 59?,96
What is 61094 plus 68103?,129197
What is 9599 plus 8936?,18535
What is 273 plus 463?,736
What is 44 plus 72?,116
What is 312 plus 313?,625
What is 59428 plus 32011?,91439
What is 75082 plus 88698?,163780
What is 44669 plus 98972?,143641
What is 32659 plus 38948?,71607
What is 864 plus 438?,1302
What is 54086 plus 32361?,86447
What is 522 plus 617?,1139
What is 78 plus 18?,96
What is 28378 plus 22356?,50734
What is 343 plus 216?,559
What is 80335 plus 17299?,97634
What is 8746 plus 3564?,12310
What is 807 plus 792?,1599
What is 86832 plus 48504?,135336
What is 82 plus 69?,151
What is 3438 plus 6869?,10307
What is 387 plus 211?,598
What is 90 plus 10?,100
What is 15 plus 64?,79
What is 96870 plus 45802?,142672
What is 10 plus 37?,47
What is 12 plus 47?,59
What is 899 plus 173?,1072
What is 16 plus 25?,41
What is 57 plus 56?,113
What is 227 plus 400?,627
What is 2362 plus 3795?,6157
What is 5402 plus 3305?,8707
What is 29 plus 25?,54
What is 44204 plus 30273?,74477
What is 5529 plus 1323?,6852
What is 78382 plus 73873?,152255
What is 91 plus 35?,126
What is 990 plus 642?,1632
What is 4476 plus 7517?,11993
What is 1972 plus 1599?,3571
What is 6154 plus 4430?,10584
What is 345 plus 341?,686
What is 90 plus 27?,117
What is 68 plus 66?,134
What is 9947 plus 5570?,15517
What is 2628 plus 7033?,9661
What is 43 plus 93?,136
What is 1740 plus 5396?,7136
What is 59 plus 83?,142
What is 2999 plus 7308?,10307
What is 4872 plus 3144?,8016
What is 279 plus 746?,1025
What is 95176 plus 35612?,130788
What is 833 plus 319?,1152
What is 106 plus 266?,372
What is 6094 plus 5525?,11619
What is 688 plus 898?,1586
What is 5894 plus 3186?,9080
What is 1566 plus 3182?,4748
What is 2989 plus 4167?,7156
What is 64 plus 20?,84
What is 212 plus 442?,654
What is 58 plus 20?,78
What is 7152 plus 8038?,15190
What is 39 plus 45?,84
What is 7473 plus 1251?,8724
What is 1024 plus 2605?,3629
What is 93 plus 85?,178
What is 1817 plus 5348?,7165
What is 81 plus 18?,99
What is 1055 plus 8232?,9287
What is 6903 plus 9765?,16668
What is 48397 plus 54056?,102453
What is 4104 plus 2956?,7060
What is 374 plus 254?,628
What is 98 plus 92?,190
What is 399 plus 243?,642
What is 155 plus 220?,375
What is 39 plus 20?,59
What is 6924 plus 4138?,11062
What is 2527 plus 9249?,11776
What is 68685 plus 86788?,155473
What is 672 plus 280?,952
What is 57739 plus 54454?,112193
What is 46067 plus 86211?,132278
What is 4502 plus 5603?,10105
What is 33784 plus 72491?,106275
What is 43 plus 32?,75
What is 8592 plus 7075?,15667
What is 329 plus 979?,1308
What is 38649 plus 67277?,105926
What is 51 plus 92?,143
What is 169 plus 370?,539
What is 340 plus 993?,1333
What is 40 plus 12?,52
What is 293 plus 233?,526
What is 91 plus 15?,106
What is 9752 plus 8568?,18320
What is 98 plus 97?,195
What is 5778 plus 8967?,14745
What is 210 plus 179?,389
What is 19442 plus 51453?,70895
What is 72198 plus 21154?,93352
What is 25513 plus 45502?,71015
What is 5219 plus 2284?,7503
What is 12 plus 68?,80
What is 18447 plus 93736?,112183
What is 19 plus 38?,57
What is 69587 plus 83162?,152749
What is 1821 plus 8851?,10672
What is 249 plus 519?,768
What is 7860 plus 8125?,15985
What is 927 plus 307?,1234
What is 477 plus 721?,1198
What is 13 plus 16?,29
What is 7591 plus 2840?,10431
What is 60827 plus 57079?,117906
What is 8621 plus 9909?,18530
What is 45 plus 27?,72
What is 58542 plus 59032?,117574
What is 216 plus 296?,512
What is 70 plus 23?,93
What is 73 plus 11?,84
What is 88038 plus 18264?,106302
What is 9804 plus 9594?,19398
What is 429 plus 393?,822
What is 8811 plus 9931?,18742
What is 10 plus 50?,60
What is 57 plus 10?,67
What is 199 plus 544?,743
What is 5714 plus 9728?,15442
What is 137 plus 555?,692
What is 652 plus 564?,1216
What is 460 plus 682?,1142
What is 32055 plus 57907?,89962
What is 986 plus 852?,1838
What is 9462 plus 4690?,14152
What is 9687 plus 6073?,15760
What is 43896 plus 17740?,61636
What is 975 plus 141?,1116
What is 9728 plus 1410?,11138
What is 90316 plus 15014?,105330
What is 12 plus 91?,103
What is 25 plus 77?,102
What is 31 plus 62?,93
What is 1500 plus 1601?,3101
What is 734 plus 570?,1304
What is 1968 plus 5346?,7314
What is 77 plus 63?,140
What is 9422 plus 3594?,13016
What is 36826 plus 81515?,118341
What is 17238 plus 16328?,33566
What is 665 plus 919?,1584
What is 24 plus 77?,101
What is 456 plus 194?,650
What is 16111 plus 94522?,110633
What is 376 plus 905?,1281
What is 4895 plus 1371?,6266
What is 48 plus 16?,64
What is 617 plus 642?,1259
What is 358 plus 946?,1304
What is 47 plus 56?,103
What is 999 plus 756?,1755
What is 2102 plus 3143?,5245
What is 67346 plus 46200?,113546
What is 996 plus 147?,1143
What is 82 plus 96?,178
What is 83138 plus 79506?,162644
What is 108 plus 901?,1009
What is 37 plus 37?,74
What is 43 plus 40?,83
What is 63 plus 67?,130
What is 416 plus 961?,1377
What is 99 plus 99?,198
What is 6109 plus 3932?,10041
What is 8247 plus 2944?,11191
What is 82596 plus 76416?,159012
What is 763 plus 304?,1067
What is 27302 plus 60454?,87756
What is 6086 plus 6440?,12526
What is 14790 plus 23049?,37839
What is 52 plus 23?,75
What is 35081 plus 97296?,132377
What is 676 plus 566?,1242
What is 32995 plus 96814?,129809
What is 70 plus 41?,111
What is 3335 plus 4422?,7757
What is 377 plus 898?,1275
What is 909 plus 148?,1057
What is 364 plus 443?,807
What is 37158 plus 13446?,50604
What is 2112 plus 1992?,4104
What is 12066 plus 32529?,44595
What is 84 plus 17?,101
What is 73 plus 23?,96
What is 3791 plus 6056?,9847
What is 278 plus 634?,912
What is 451 plus 586?,1037
What is 472 plus 435?,907
What is 85290 plus 52477?,137767
What is 8746 plus 4319?,13065
What is 3215 plus 6026?,9241
What is 69 plus 70?,139
What is 746 plus 250?,996
What is 21 plus 60?,81
What is 12666 plus 69327?,81993
What is 279 plus 921?,1200
What is 21 plus 25?,46
What is 39 plus 18?,57
What is 28 plus 64?,92
What is 189 plus 383?,572
What is 5677 plus 5120?,10797
What is 9092 plus 9400?,18492
What is 5054 plus 5185?,10239
What is 8122 plus 7958?,16080
What is 4678 plus 3937?,8615
What is 2206 plus 8036?,10242
What is 784 plus 357?,1141
What is 76 plus 27?,103
What is 65061 plus 48167?,113228
What is 828 plus 257?,1085
What is 9180 plus 6669?,15849
What is 46029 plus 84572?,130601
What is 3203 plus 5811?,9014
What is 34320 plus 54333?,88653
What is 13 plus 24?,37
What is 84381 plus 17327?,101708
What is 48546 plus 87933?,136479
What is 39 plus 65?,104
What is 1454 plus 7319?,8773
What is 404 plus 679?,1083
What is 87727 plus 82519?,170246
What is 4654 plus 6768?,11422
What is 8231 plus 4693?,12924
What is 34 plus 77?,111
What is 956 plus 164?,1120
What is 6074 plus 1503?,7577
What is 4609 plus 7226?,11835
What is 92430 plus 56929?,149359
What is 466 plus 450?,916
What is 828 plus 141?,969
What is 99 plus 44?,143
What is 594 plus 125?,719
What is 545 plus 274?,819
What is 4073 plus 4196?,8269
What is 50119 plus 74479?,124598
What is 85 plus 60?,145
What is 401 plus 620?,1021
What is 15 plus 89?,104
What is 40106 plus 16834?,56940
What is 40092 plus 68237?,108329
What is 242 plus 532?,774
What is 7038 plus 3079?,10117
What is 87298 plus 36988?,124286
What is 64 plus 54?,118
What is 57202 plus 92349?,149551
What is 307 plus 636?,943
What is 53319 plus 82692?,136011
What is 73 plus 93?,166
What is 2327 plus 6416?,8743
What is 77 plus 77?,154
What is 46567 plus 11199?,57766
What is 12 plus 68?,80
What is 1354 plus 9993?,11347
What is 95722 plus 55496?,151218
What is 27014 plus 34416?,61430
What is 993 plus 717?,1710
What is 43 plus 28?,71
What is 92 plus 54?,146
What is 47692 plus 28036?,75728
What is 87 plus 92?,179
What is 70745 plus 98691?,169436
What is 545 plus 256?,801
What is 18045 plus 67881?,85926
What is 55 plus 49?,104
What is 42837 plus 31798?,74635
What is 63 plus 29?,92
What is 499 plus 318?,817
What is 10 plus 37?,47
What is 5713 plus 4239?,9952
What is 6009 plus 9301?,15310
What is 6708 plus 8853?,15561
What is 7610 plus 7350?,14960
What is 5074 plus 8617?,13691
What is 80 plus 11?,91
What is 9904 plus 9620?,19524
What is 8622 plus 3740?,12362
What is 739 plus 120?,859
What is 17706 plus 32533?,50239
What is 10427 plus 37675?,48102
What is 976 plus 933?,1909
What is 84 plus 35?,119
What is 98 plus 52?,150
What is 88927 plus 23548?,112475
What is 19 plus 72?,91
What is 65754 plus 99578?,165332
What is 2021 plus 9661?,11682
What is 847 plus 733?,1580
What is 82650 plus 55542?,138192
What is 22504 plus 51397?,73901
What is 5985 plus 7791?,13776
What is 536 plus 361?,897
What is 31 plus 26?,57
What is 146 plus 295?,441
What is 21918 plus 88568?,110486
What is 3610 plus 4439?,8049
What is 79809 plus 28343?,108152
What is 1406 plus 7226?,8632
What is 55 plus 60?,115
What is 1620 plus 2677?,4297
What is 32 plus 75?,107
What is 47881 plus 44507?,92388
What is 464 plus 315?,779
What is 32279 plus 44030?,76309
What is 82 plus 11?,93
What is 54195 plus 79259?,133454
What is 8520 plus 8606?,17126
What is 8275 plus 7488?,15763
What is 1314 plus 5084?,6398
What is 152 plus 543?,695
What is 2015 plus 5175?,7190
What is 446 plus 333?,779
What is 429 plus 862?,1291
What is 2700 plus 1348?,4048
What is 4141 plus 6153?,10294
What is 6826 plus 3155?,9981
What is 55300 plus 52217?,107517
What is 511 plus 753?,1264
What is 9847 plus 7526?,17373
What is 35 plus 73?,108
What is 72660 plus 57855?,130515
What is 32 plus 25?,57
What is 59 plus 72?,131
What is 59678 plus 45330?,105008
What is 8009 plus 9633?,17642
What is 31432 plus 27358?,58790
What is 653 plus 172?,825
What is 633 plus 594?,1227
What is 347 plus 279?,626
What is 33 plus 64?,97
What is 669 plus 996?,1665
What is 590 plus 236?,826
What is 52 plus 30?,82
What is 75 plus 95?,170
What is 675 plus 972?,1647
What is 56470 plus 97483?,153953
What is 8132 plus 3163?,11295
What is 52 plus 65?,117
What is 247 plus 178?,425
What is 130 plus 168?,298
What is 34 plus 92?,126
What is 4378 plus 7981?,12359
What is 42 plus 27?,69
What is 786 plus 626?,1412
What is 1990 plus 3245?,5235
What is 282 plus 829?,1111
What is 570 plus 150?,720
What is 520 plus 752?,1272
What is 32278 plus 88562?,120840
What is 82653 plus 92806?,175459
What is 457 plus 950?,1407
What is 86 plus 61?,147
What is 282 plus 155?,437
What is 62490 plus 67722?,130212
What is 21 plus 38?,59
What is 812 plus 422?,1234
What is 55768 plus 41322?,97090
What is 55 plus 10?,65
What is 41004 plus 38524?,79528
What is 278 plus 328?,606
What is 235 plus 807?,1042
What is 14 plus 44?,58
What is 24 plus 57?,81
What is 461 plus 729?,1190
What is 9850 plus 2176?,12026
What is 719 plus 201?,920
What is 30 plus 99?,129
What is 1043 plus 5020?,6063
What is 36998 plus 36077?,73075
What is 64585 plus 33341?,97926
What is 16634 plus 14350?,30984
What is 18408 plus 17511?,35919
What is 2296 plus 6213?,8509
What is 589 plus 474?,1063
What is 2347 plus 5660?,8007
What is 9764 plus 9330?,19094
What is 960 plus 444?,1404
What is 15 plus 81?,96
What is 152 plus 261?,413
What is 695 plus 950?,1645
What is 39400 plus 13504?,52904
What is 34 plus 25?,59
What is 11043 plus 33052?,44095
What is 57 plus 81?,138
What is 18 plus 27?,45
What is 57 plus 47?,104
What is 11 plus 17?,28
What is 56148 plus 72706?,128854
What is 4222 plus 3739?,7961
What is 72179 plus 23206?,95385
What is 18 plus 34?,52
What is 39359 plus 85186?,124545
What is 71308 plus 45110?,116418
What is 49 plus 48?,97
What is 48 plus 85?,133
What is 3666 plus 1773?,5439
What is 45720 plus 66761?,112481
What is 228 plus 346?,574
What is 37 plus 28?,65
What is 82546 plus 31196?,113742
What is 2065 plus 8037?,10102
What is 61 plus 50?,111
What is 7871 plus 2025?,9896
What is 82609 plus 88184?,170793
What is 3186 plus 1440?,4626
What is 72 plus 25?,97
What is 28629 plus 57890?,86519
What is 21941 plus 67511?,89452
What is 653 plus 280?,933
What is 841 plus 538?,1379
What is 99 plus 58?,157
What is 24 plus 16?,40
What is 510 plus 900?,1410
What is 8373 plus 2397?,10770
What is 96 plus 19?,115
What is 83 plus 18?,101
What is 79 plus 36?,115
What is 42162 plus 46197?,88359
What is 640 plus 671?,1311
What is 68263 plus 96150?,164413
What is 21314 plus 55404?,76718
What is 65 plus 55?,120
What is 21462 plus 84574?,106036
What is 36321 plus 25899?,62220
What is 315 plus 856?,1171
What is 44577 plus 24324?,68901
What is 9469 plus 4723?,14192
What is 1672 plus 6976?,8648
What is 68 plus 69?,137
What is 43 plus 24?,67
What is 90 plus 80?,170
What is 99 plus 24?,123
What is 78 plus 19?,97
What is 51 plus 38?,89
What is 1245 plus 1139?,2384
What is 28 plus 49?,77
What is 64 plus 85?,149
What is 929 plus 438?,1367
What is 99984 plus 95760?,195744
What is 97774 plus 19480?,117254
What is 60247 plus 76524?,136771
What is 953 plus 855?,1808
What is 2569 plus 7137?,9706
What is 899 plus 265?,1164
What is 20177 plus 96699?,116876
What is 83 plus 45?,128
What is 18 plus 63?,81
What is 1288 plus 2729?,4017
What is 82619 plus 12403?,95022
What is 573 plus 225?,798
What is 9590 plus 2904?,12494
What is 95210 plus 93840?,189050
What is 783 plus 187?,970
What is 80805 plus 49337?,130142
What is 7482 plus 7996?,15478
What is 9111 plus 7739?,16850
What is 710 plus 897?,1607
What is 50739 plus 70566?,121305
What is 701 plus 663?,1364
What is 48638 plus 24428?,73066
What is 805 plus 417?,1222
What is 24865 plus 34179?,59044
What is 890 plus 218?,1108
What is 690 plus 387?,1077
What is 3017 plus 9719?,12736
What is 3572 plus 3619?,7191
What is 99 plus 96?,195
What is 3348 plus 8261?,11609
What is 70596 plus 52469?,123065
What is 81 plus 70?,151
What is 41 plus 41?,82
What is 30885 plus 16694?,47579
What is 4009 plus 4983?,8992
What is 425 plus 221?,646
What is 89792 plus 27219?,117011
What is 293 plus 483?,776
What is 51705 plus 14548?,66253
What is 98075 plus 13033?,111108
What is 535 plus 255?,790
What is 89319 plus 60926?,150245
What is 61 plus 87?,148
What is 14823 plus 64098?,78921
What is 687 plus 361?,1048
What is 40 plus 79?,119
What is 16 plus 25?,41
What is 35 plus 85?,120
What is 61157 plus 90762?,151919
What is 61 plus 14?,75
What is 91 plus 69?,160
What is 95716 plus 84014?,179730
What is 93 plus 43?,136
What is 3073 plus 5152?,8225
What is 785 plus 251?,1036
What is 41 plus 80?,121
What is 67 plus 84?,151
What is 31246 plus 24748?,55994
What is 39763 plus 32921?,72684
What is 955 plus 322?,1277
What is 92 plus 81?,173
What is 4657 plus 5038?,9695
What is 954 plus 789?,1743
What is 72 plus 62?,134
What is 437 plus 208?,645
What is 597 plus 730?,1327
What is 1009 plus 1562?,2571
What is 10908 plus 85001?,95909
What is 884 plus 368?,1252
What is 59226 plus 94837?,154063
What is 79310 plus 46430?,125740
What is 5161 plus 5985?,11146
What is 95568 plus 64431?,159999
What is 578 plus 828?,1406
What is 9707 plus 1661?,11368
What is 92 plus 99?,191
What is 760 plus 977?,1737
What is 4972 plus 8762?,13734
What is 9793 plus 2872?,12665
What is 64986 plus 37093?,102079
What is 7071 plus 1590?,8661
What is 8147 plus 1098?,9245
What is 29394 plus 12286?,41680
What is 51002 plus 63293?,114295
What is 93223 plus 92025?,185248
What is 284 plus 794?,1078
What is 5763 plus 5855?,11618
What is 27 plus 24?,51
What is 84 plus 79?,163
What is 767 plus 968?,1735
What is 285 plus 449?,734
What is 51484 plus 40110?,91594
What is 5853 plus 1961?,7814
What is 67 plus 42?,109
What is 56682 plus 91603?,148285
What is 80 plus 30?,110
What is 911 plus 449?,1360
What is 47314 plus 58706?,106020
What is 29809 plus 81533?,111342
What is 202 plus 573?,775
What is 87720 plus 25428?,113148
What is 687 plus 480?,1167
What is 152 plus 968?,1120
What is 89 plus 76?,165
What is 554 plus 489?,1043
What is 2532 plus 1335?,3867
What is 37 plus 48?,85
What is 61912 plus 87574?,149486
What is 1856 plus 2358?,4214
What is 3866 plus 4780?,8646
What is 736 plus 864?,1600
What is 78 plus 44?,122
What is 3902 plus 7927?,11829
What is 936 plus 622?,1558
What is 24286 plus 49848?,74134
What is 73 plus 72?,145
What is 2756 plus 3319?,6075
What is 28548 plus 44312?,72860
What is 718 plus 269?,987
What is 36 plus 78?,114
What is 6618 plus 4479?,11097
What is 818 plus 959?,1777
What is 5761 plus 7662?,13423
What is 18898 plus 86177?,105075
What is 26 plus 49?,75
What is 66 plus 16?,82
What is 34 plus 74?,108
What is 82 plus 78?,160
What is 91707 plus 90250?,181957
What is 31725 plus 52841?,84566
What is 53378 plus 51528?,104906
What is 78 plus 41?,119
What is 78 plus 66?,144
What is 3097 plus 7972?,11069
What is 2339 plus 6948?,9287
What is 533 plus 921?,1454
What is 73103 plus 69023?,142126
What is 71 plus 87?,158
What is 866 plus 948?,1814
What is 18728 plus 41192?,59920
What is 66 plus 87?,153
What is 27361 plus 40920?,68281
What is 73 plus 88?,161
What is 5052 plus 4272?,9324
What is 659 plus 249?,908
What is 9516 plus 9070?,18586
What is 5707 plus 7556?,13263
What is 5871 plus 9778?,15649
What is 5907 plus 8951?,14858
What is 9756 plus 5944?,15700
What is 79 plus 52?,131
What is 65 plus 45?,110
What is 13563 plus 26911?,40474
What is 8875 plus 5050?,13925
What is 3986 plus 6233?,10219
What is 22 plus 66?,88
What is 9770 plus 7953?,17723
What is 94 plus 30?,124
What is 597 plus 727?,1324
What is 6261 plus 8329?,14590
What is 92 plus 99?,191
What is 93 plus 81?,174
What is 7842 plus 1803?,9645
What is 5860 plus 5735?,11595
What is 59270 plus 15219?,74489
What is 7454 plus 9904?,17358
What is 55887 plus 81293?,137180
What is 498 plus 919?,1417
What is 790 plus 638?,1428
What is 142 plus 814?,956
What is 65483 plus 79238?,144721
What is 17 plus 57?,74
What is 189 plus 636?,825
What is 63183 plus 36862?,100045
What is 33184 plus 90797?,123981
What is 53419 plus 12694?,66113
What is 7457 plus 7440?,14897
What is 38552 plus 70906?,109458
What is 1795 plus 6841?,8636
What is 885 plus 216?,1101
What is 60160 plus 36102?,96262
What is 826 plus 202?,1028
What is 35601 plus 73614?,109215
What is 1851 plus 8788?,10639
What is 8524 plus 4035?,12559
What is 686 plus 113?,799
What is 1411 plus 1313?,2724
What is 29 plus 85?,114
What is 583 plus 626?,1209
What is 248 plus 248?,496
What is 157 plus 183?,340
What is 16 plus 77?,93
What is 40 plus 81?,121
What is 79441 plus 36012?,115453
What is 1970 plus 7618?,9588
What is 58 plus 93?,151
What is 2275 plus 1989?,4264
What is 2023 plus 5578?,7601
What is 530 plus 392?,922
What is 48 plus 96?,144
What is 43 plus 31?,74
What is 82 plus 32?,114
What is 8526 plus 9816?,18342
What is 922 plus 247?,1169
What is 31086 plus 72394?,103480
What is 82490 plus 59562?,142052
What is 7730 plus 7643?,15373
What is 9476 plus 8897?,18373
What is 7723 plus 1496?,9219
What is 407 plus 196?,603
What is 17 plus 32?,49
What is 3574 plus 2086?,5660
What is 24 plus 39?,63
What is 84 plus 48?,132
What is 598 plus 491?,1089
What is 93 plus 82?,175
What is 80330 plus 79320?,159650
What is 5157 plus 6430?,11587
What is 9954 plus 5805?,15759
What is 786 plus 562?,1348
What is 260 plus 417?,677
What is 70190 plus 75709?,145899
What is 29 plus 11?,40
What is 61 plus 78?,139
What is 4522 plus 9227?,13749
What is 17356 plus 38336?,55692
What is 29293 plus 89993?,119286
What is 54 plus 71?,125
What is 333 plus 707?,1040
What is 25280 plus 20848?,46128
What is 416 plus 864?,1280
What is 2377 plus 6161?,8538
What is 96 plus 47?,143
What is 47044 plus 89210?,136254
What is 574 plus 453?,1027
What is 90071 plus 91944?,182015
What is 90211 plus 14611?,104822
What is 838 plus 963?,1801
What is 934 plus 333?,1267
What is 18481 plus 71787?,90268
What is 30 plus 70?,100
What is 34353 plus 40741?,75094
What is 18 plus 21?,39
What is 85 plus 73?,158
What is 481 plus 624?,1105
What is 38882 plus 46584?,85466
What is 4203 plus 9365?,13568
What is 72 plus 85?,157
What is 19 plus 94?,113
What is 3248 plus 5622?,8870
What is 10210 plus 98022?,108232
What is 70694 plus 24953?,95647
What is 42 plus 45?,87
What is 561 plus 449?,1010
What is 143 plus 137?,280
What is 259 plus 640?,899
What is 972 plus 222?,1194
What is 33106 plus 91194?,124300
What is 69962 plus 51674?,121636
What is 35467 plus 44291?,79758
What is 993 plus 293?,1286
What is 9223 plus 4587?,13810
What is 46 plus 69?,115
What is 49352 plus 35611?,84963
What is 23858 plus 31308?,55166
What is 151 plus 144?,295
What is 16326 plus 62608?,78934
What is 2931 plus 8685?,11616
What is 4009 plus 1405?,5414
What is 65939 plus 64882?,130821
What is 7470 plus 8501?,15971
What is 8003 plus 7826?,15829
What is 648 plus 352?,1000
What is 600 plus 873?,1473
What is 44 plus 42?,86
What is 8764 plus 8217?,16981
What is 71 plus 36?,107
What is 15813 plus 80493?,96306
What is 91873 plus 64265?,156138
What is 29 plus 82?,111
What is 1040 plus 8984?,10024
What is 802 plus 789?,1591
What is 74 plus 89?,163
What is 80608 plus 15351?,95959
What is 65 plus 34?,99
What is 44145 plus 78220?,122365
What is 3296 plus 9926?,13222
What is 23 plus 77?,100
What is 71588 plus 79090?,150678
What is 48 plus 45?,93
What is 71717 plus 36591?,108308
What is 478 plus 286?,764
What is 8183 plus 5866?,14049
What is 650 plus 884?,1534
What is 42799 plus 88504?,131303
What is 310 plus 928?,1238
What is 6748 plus 9767?,16515
What is 3896 plus 5105?,9001
What is 28428 plus 15214?,43642
What is 80371 plus 76849?,157220
What is 21 plus 53?,74
What is 575 plus 144?,719
What is 171 plus 414?,585
What is 656 plus 668?,1324
What is 917 plus 370?,1287
What is 3544 plus 2832?,6376
What is 7623 plus 8113?,15736
What is 60178 plus 41397?,101575
What is 7942 plus 3804?,11746
What is 13059 plus 53694?,66753
What is 116 plus 407?,523
What is 379 plus 339?,718
What is 2996 plus 7508?,10504
What is 56954 plus 47170?,104124
What is 82049 plus 90636?,172685
What is 6610 plus 7581?,14191
What is 49 plus 82?,131
What is 92005 plus 70288?,162293
What is 98 plus 60?,158
What is 618 plus 809?,1427
What is 56 plus 60?,116
What is 6031 plus 9875?,15906
What is 74 plus 42?,116
What is 99862 plus 81647?,181509
What is 2344 plus 7827?,10171
What is 162 plus 593?,755
What is 1437 plus 6343?,7780
What is 2055 plus 2080?,4135
What is 73 plus 47?,120
What is 31 plus 64?,95
What is 78191 plus 41789?,119980
What is 2287 plus 8871?,11158
What is 224 plus 352?,576
What is 3372 plus 4800?,8172
What is 78 plus 78?,156
What is 11061 plus 51762?,62823
What is 693 plus 946?,1639
What is 99 plus 38?,137
What is 20257 plus 90297?,110554
What is 14304 plus 40076?,54380
What is 18 plus 26?,44
What is 23644 plus 42837?,66481
What is 65008 plus 88300?,153308
What is 106 plus 227?,333
What is 76219 plus 20152?,96371
What is 469 plus 971?,1440
What is 64702 plus 32264?,96966
What is 9996 plus 6178?,16174
What is 69 plus 82?,151
What is 90529 plus 31376?,121905
What is 1512 plus 5862?,7374
What is 38 plus 52?,90
What is 36 plus 78?,114
What is 7762 plus 7758?,15520
What is 76972 plus 58388?,135360
What is 66 plus 89?,155
What is 8140 plus 8657?,16797
What is 831 plus 148?,979
What is 189 plus 737?,926
What is 33 plus 26?,59
What is 86 plus 38?,124
What is 5840 plus 8070?,13910
What is 3554 plus 8080?,11634
What is 56433 plus 12389?,68822
What is 35 plus 23?,58
What is 575 plus 925?,1500
What is 81 plus 89?,170
What is 1297 plus 1188?,2485
What is 18193 plus 48237?,66430
What is 94 plus 79?,173
What is 67633 plus 52097?,119730
What is 72 plus 30?,102
What is 727 plus 726?,1453
What is 3922 plus 9008?,12930
What is 3771 plus 6894?,10665
What is 67416 plus 55795?,123211
What is 331 plus 171?,502
What is 29 plus 66?,95
What is 45384 plus 83006?,128390
What is 6638 plus 6927?,13565
What is 61201 plus 65290?,126491
What is 29 plus 64?,93
What is 449 plus 937?,1386
What is 32 plus 93?,125
What is 557 plus 628?,1185
What is 344 plus 469?,813
What is 20 plus 44?,64
What is 643 plus 431?,1074
What is 338 plus 452?,790
What is 7392 plus 4880?,12272
What is 1370 plus 2689?,4059
What is 33 plus 52?,85
What is 61 plus 22?,83
What is 699 plus 664?,1363
What is 6720 plus 2794?,9514
What is 82 plus 75?,157
What is 503 plus 257?,760
What is 656 plus 907?,1563
What is 9211 plus 6859?,16070
What is 9106 plus 4193?,13299
What is 6415 plus 8890?,15305
What is 99825 plus 37094?,136919
What is 8610 plus 5631?,14241
What is 16266 plus 84384?,100650
What is 51415 plus 69108?,120523
What is 69 plus 67?,136
What is 7157 plus 2316?,9473
What is 8395 plus 2768?,11163
What is 56 plus 48?,104
What is 6841 plus 2107?,8948
What is 21 plus 85?,106
What is 71 plus 71?,142
What is 89623 plus 38278?,127901
What is 554 plus 390?,944
What is 1175 plus 8830?,10005
What is 588 plus 801?,1389
What is 380 plus 490?,870
What is 78 plus 36?,114
What is 56082 plus 90274?,146356
What is 100 plus 307?,407
What is 83504 plus 98417?,181921
What is 26924 plus 17118?,44042
What is 17858 plus 28906?,46764
What is 9284 plus 9105?,18389
What is 891 plus 981?,1872
What is 8229 plus 1006?,9235
What is 42456 plus 47548?,90004
What is 36 plus 25?,61
What is 35639 plus 99773?,135412
What is 4243 plus 1404?,5647
What is 96 plus 56?,152
What is 133 plus 814?,947
What is 9644 plus 5911?,15555
What is 965 plus 678?,1643
What is 8243 plus 5070?,13313
What is 67 plus 96?,163
What is 95 plus 69?,164
What is 166 plus 278?,444
What is 25836 plus 22584?,48420
What is 254 plus 244?,498
What is 91 plus 29?,120
What is 587 plus 130?,717
What is 91712 plus 62604?,154316
What is 711 plus 199?,910
What is 86226 plus 43530?,129756
What is 539 plus 572?,1111
What is 34000 plus 87603?,121603
What is 7414 plus 7194?,14608
What is 764 plus 879?,1643
What is 954 plus 431?,1385
What is 59 plus 58?,117
What is 55 plus 19?,74
What is 41329 plus 72978?,114307
What is 20 plus 50?,70
What is 39 plus 80?,119
What is 26 plus 43?,69
What is 74 plus 26?,100
What is 242 plus 948?,1190
What is 543 plus 419?,962
What is 7168 plus 6792?,13960
What is 4547 plus 6594?,11141
What is 50 plus 36?,86
What is 58800 plus 30573?,89373
What is 1275 plus 2665?,3940
What is 90171 plus 47963?,138134
What is 69 plus 20?,89
What is 26371 plus 92996?,119367
What is 99201 plus 51654?,150855
What is 90028 plus 20693?,110721
What is 148 plus 497?,645
What is 8675 plus 7881?,16556
What is 7665 plus 6939?,14604
What is 8361 plus 6735?,15096
What is 98705 plus 54038?,152743
What is 625 plus 358?,983
What is 10780 plus 52759?,63539
What is 2987 plus 6664?,9651
What is 3146 plus 2264?,5410
What is 37 plus 80?,117
What is 8175 plus 3868?,12043
What is 74869 plus 86768?,161637
What is 95 plus 12?,107
What is 2391 plus 7896?,10287
What is 2581 plus 5799?,8380
What is 76700 plus 12582?,89282
What is 87991 plus 91051?,179042
What is 705 plus 284?,989
What is 250 plus 108?,358
What is 63218 plus 91838?,155056
What is 750 plus 224?,974
What is 81457 plus 50159?,131616
What is 112 plus 162?,274
What is 58766 plus 92226?,150992
What is 77956 plus 96786?,174742
What is 72 plus 55?,127
What is 60 plus 21?,81
What is 58154 plus 92971?,151125
What is 921 plus 759?,1680
What is 67230 plus 14948?,82178
What is 2538 plus 2464?,5002
What is 57574 plus 91358?,148932
What is 6205 plus 9179?,15384
What is 8196 plus 2107?,10303
What is 5173 plus 7048?,12221
What is 93000 plus 87213?,180213
What is 98743 plus 43396?,142139
What is 9815 plus 5902?,15717
What is 17 plus 71?,88
What is 30 plus 30?,60
What is 6955 plus 7874?,14829
What is 421 plus 369?,790
What is 5968 plus 8943?,14911
What is 3661 plus 7206?,10867
What is 687 plus 763?,1450
What is 771 plus 972?,1743
What is 577 plus 910?,1487
What is 88299 plus 31384?,119683
What is 33646 plus 99904?,133550
What is 235 plus 979?,1214
What is 597 plus 332?,929
What is 2641 plus 4031?,6672
What is 61701 plus 42490?,104191
What is 82 plus 24?,106
What is 78 plus 13?,91
What is 5267 plus 2474?,7741
What is 90 plus 72?,162
What is 496 plus 504?,1000
What is 34061 plus 46830?,80891
What is 9097 plus 4853?,13950
What is 93 plus 51?,144
What is 7223 plus 9117?,16340
What is 612 plus 414?,1026
What is 74 plus 21?,95
What is 69 plus 87?,156
What is 793 plus 942?,1735
What is 1251 plus 3944?,5195
What is 171 plus 620?,791
What is 146 plus 710?,856
What is 3475 plus 3790?,7265
What is 1880 plus 8324?,10204
What is 78654 plus 31722?,110376
What is 2080 plus 3173?,5253
What is 64295 plus 23679?,87974
What is 5391 plus 2530?,7921
What is 2528 plus 9280?,11808
What is 705 plus 259?,964
What is 43521 plus 13557?,57078
What is 312 plus 768?,1080
What is 91131 plus 79498?,170629
What is 98677 plus 40827?,139504
What is 724 plus 836?,1560
What is 1732 plus 6088?,7820
What is 4501 plus 5399?,9900
What is 14 plus 96?,110
What is 8797 plus 8481?,17278
What is 365 plus 812?,1177
What is 81575 plus 75445?,157020
What is 172 plus 505?,677
What is 76037 plus 80427?,156464
What is 991 plus 984?,1975
What is 12825 plus 57838?,70663
What is 15 plus 36?,51
What is 38943 plus 93003?,131946
What is 6299 plus 5009?,11308
What is 781 plus 762?,1543
What is 967 plus 126?,1093
What is 828 plus 686?,1514
What is 58 plus 78?,136
What is 218 plus 342?,560
What is 937 plus 447?,1384
What is 69669 plus 91578?,161247
What is 4017 plus 5957?,9974
What is 95 plus 83?,178
What is 435 plus 753?,1188
What is 97 plus 50?,147
What is 336 plus 133?,469
What is 778 plus 157?,935
What is 1426 plus 9943?,11369
What is 97581 plus 34963?,132544
What is 374 plus 523?,897
What is 3729 plus 6904?,10633
What is 43210 plus 78713?,121923
What is 354 plus 624?,978
What is 872 plus 325?,1197
What is 63975 plus 31663?,95638
What is 6638 plus 1758?,8396
What is 710 plus 384?,1094
What is 20874 plus 94387?,115261
What is 477 plus 193?,670
What is 89 plus 97?,186
What is 3873 plus 2242?,6115
What is 17539 plus 96395?,113934
What is 4708 plus 1965?,6673
What is 1871 plus 9193?,11064
What is 1279 plus 2299?,3578
What is 731 plus 544?,1275
What is 51 plus 66?,117
What is 80005 plus 92180?,172185
What is 24 plus 98?,122
What is 105 plus 212?,317
What is 762 plus 924?,1686
What is 592 plus 626?,1218
What is 6293 plus 9693?,15986
What is 29 plus 16?,45
What is 84535 plus 95300?,179835
What is 51 plus 95?,146
What is 15945 plus 46872?,62817
What is 87 plus 34?,121
What is 73408 plus 11096?,84504
What is 974 plus 726?,1700
What is 84411 plus 15515?,99926
What is 1902 plus 6985?,8887
What is 45272 plus 57880?,103152
What is 1193 plus 3180?,4373
What is 3891 plus 8724?,12615
What is 97370 plus 92225?,189595
What is 1929 plus 1801?,3730
What is 8763 plus 7665?,16428
What is 72 plus 42?,114
What is 367 plus 534?,901
What is 3523 plus 8449?,11972
What is 324 plus 501?,825
What is 172 plus 940?,1112
What is 5635 plus 7683?,13318
What is 63 plus 58?,121
What is 40 plus 13?,53
What is 29703 plus 65755?,95458
What is 92410 plus 11673?,104083
What is 653 plus 112?,765
What is 1940 plus 9636?,11576
What is 8529 plus 7933?,16462
What is 97 plus 71?,168
What is 75716 plus 50044?,125760
What is 75631 plus 52466?,128097
What is 159 plus 838?,997
What is 36274 plus 75277?,111551
What is 93 plus 35?,128
What is 206 plus 759?,965
What is 40588 plus 53881?,94469
What is 4306 plus 5423?,9729
What is 84639 plus 52035?,136674
What is 47 plus 90?,137
What is 78444 plus 46248?,124692
What is 74875 plus 10651?,85526
What is 66 plus 73?,139
What is 2847 plus 3713?,6560
What is 14 plus 15?,29
What is 68569 plus 13348?,81917
What is 18546 plus 92016?,110562
What is 85233 plus 53899?,139132
What is 36 plus 47?,83
What is 95 plus 28?,123
What is 8636 plus 9875?,18511
What is 62 plus 16?,78
What is 34 plus 96?,130
What is 92 plus 64?,156
What is 339 plus 307?,646
What is 92844 plus 54495?,147339
What is 7716 plus 2998?,10714
What is 21676 plus 32639?,54315
What is 280 plus 352?,632
What is 75230 plus 70875?,146105
What is 1678 plus 6737?,8415
What is 29236 plus 34289?,63525
What is 33073 plus 41092?,74165
What is 359 plus 432?,791
What is 10 plus 80?,90
What is 51861 plus 48478?,100339
What is 45 plus 34?,79
What is 12550 plus 35441?,47991
What is 68738 plus 39345?,108083
What is 6550 plus 9119?,15669
What is 74237 plus 35488?,109725
What is 41476 plus 61854?,103330
What is 4046 plus 5351?,9397
What is 5597 plus 8214?,13811
What is 132 plus 120?,252
What is 911 plus 361?,1272
What is 5253 plus 3415?,8668
What is 88 plus 10?,98
What is 1799 plus 7666?,9465
What is 37008 plus 51107?,88115
What is 56617 plus 79583?,136200
What is 750 plus 478?,1228
What is 83 plus 76?,159
What is 81 plus 49?,130
What is 816 plus 280?,1096
What is 602 plus 707?,1309
What is 117 plus 662?,779
What is 5960 plus 2889?,8849
What is 8720 plus 3798?,12518
What is 14 plus 92?,106
What is 58 plus 45?,103
What is 33 plus 41?,74
What is 32 plus 91?,123
What is 695 plus 830?,1525
What is 623 plus 960?,1583
What is 235 plus 476?,711
What is 19330 plus 25195?,44525
What is 31960 plus 23243?,55203
What is 25 plus 91?,116
What is 42 plus 50?,92
What is 81 plus 81?,162
What is 79839 plus 18151?,97990
What is 920 plus 645?,1565
What is 66 plus 64?,130
What is 271 plus 540?,811
What is 273 plus 272?,545
What is 6311 plus 5059?,11370
What is 25 plus 16?,41
What is 94343 plus 21682?,116025
What is 76050 plus 99995?,176045
What is 36 plus 13?,49
What is 33 plus 24?,57
What is 38146 plus 78896?,117042
What is 60 plus 38?,98
What is 651 plus 303?,954
What is 134 plus 448?,582
What is 17 plus 92?,109
What is 113 plus 373?,486
What is 2451 plus 5950?,8401
What is 72 plus 87?,159
What is 834 plus 520?,1354
What is 62 plus 44?,106
What is 3604 plus 1935?,5539
What is 566 plus 544?,1110
What is 53080 plus 99160?,152240
What is 64331 plus 56729?,121060
What is 34912 plus 10528?,45440
What is 557 plus 319?,876
What is 7735 plus 9478?,17213
What is 324 plus 456?,780
What is 81794 plus 65470?,147264
What is 48161 plus 58639?,106800
What is 628 plus 183?,811
What is 12486 plus 46266?,58752
What is 71 plus 30?,101
What is 142 plus 540?,682
What is 2274 plus 5535?,7809
What is 212 plus 284?,496
What is 71670 plus 85729?,157399
What is 75085 plus 56070?,131155
What is 425 plus 860?,1285
What is 92190 plus 31707?,123897
What is 21 plus 35?,56
What is 269 plus 691?,960
What is 3546 plus 3067?,6613
What is 5988 plus 8690?,14678
What is 9459 plus 3626?,13085
What is 46495 plus 28813?,75308
What is 7362 plus 4066?,11428
What is 1806 plus 5910?,7716
What is 5448 plus 7287?,12735
What is 845 plus 175?,1020
What is 47044 plus 11128?,58172
What is 20522 plus 34403?,54925
What is 70393 plus 51491?,121884
What is 65 plus 39?,104
What is 77 plus 40?,117
What is 3221 plus 4925?,8146
What is 1922 plus 7985?,9907
What is 3330 plus 6360?,9690
What is 3131 plus 2356?,5487
What is 22 plus 21?,43
What is 20092 plus 50367?,70459
What is 78 plus 85?,163
What is 9509 plus 2967?,12476
What is 5783 plus 7877?,13660
What is 44007 plus 63113?,107120
What is 95 plus 58?,153
What is 349 plus 131?,480
What is 86464 plus 72374?,158838
What is 17 plus 90?,107
What is 85824 plus 33829?,119653
What is 13061 plus 30760?,43821
What is 63 plus 23?,86
What is 2378 plus 2636?,5014
What is 46762 plus 44680?,91442
What is 8153 plus 2113?,10266
What is 566 plus 109?,675
What is 510 plus 123?,633
What is 1509 plus 9213?,10722
What is 57 plus 43?,100
What is 70338 plus 43862?,114200
What is 8822 plus 2612?,11434
What is 1755 plus 7102?,8857
What is 6456 plus 4403?,10859
What is 402 plus 503?,905
What is 34008 plus 27090?,61098
What is 9753 plus 3710?,13463
What is 25284 plus 58780?,84064
What is 67440 plus 19123?,86563
What is 84585 plus 51271?,135856
What is 25 plus 55?,80
What is 7819 plus 9327?,17146
What is 15057 plus 92230?,107287
What is 95909 plus 83503?,179412
What is 7217 plus 3225?,10442
What is 8938 plus 8146?,17084
What is 9947 plus 9274?,19221
What is 87767 plus 79004?,166771
What is 462 plus 379?,841
What is 67 plus 41?,108
What is 849 plus 909?,1758
What is 968 plus 270?,1238
What is 65938 plus 32586?,98524
What is 2191 plus 1889?,4080
What is 72114 plus 18888?,91002
What is 73638 plus 57711?,131349
What is 422 plus 983?,1405
What is 126 plus 835?,961
What is 21 plus 36?,57
What is 44838 plus 74085?,118923
What is 999 plus 414?,1413
What is 82 plus 74?,156
What is 24 plus 35?,59
What is 8299 plus 6530?,14829
What is 68 plus 66?,134
What is 16512 plus 24707?,41219
What is 918 plus 803?,1721
What is 980 plus 602?,1582
What is 58 plus 33?,91
What is 80 plus 58?,138
What is 7540 plus 8526?,16066
What is 19425 plus 65843?,85268
What is 72388 plus 33525?,105913
What is 83 plus 63?,146
What is 514 plus 465?,979
What is 234 plus 223?,457
What is 38938 plus 46352?,85290
What is 61 plus 33?,94
What is 3952 plus 9570?,13522
What is 681 plus 997?,1678
What is 7756 plus 3704?,11460
What is 68618 plus 86479?,155097
What is 22 plus 66?,88
What is 85 plus 81?,166
What is 30038 plus 22097?,52135
What is 8643 plus 6016?,14659
What is 8265 plus 2612?,10877
What is 978 plus 650?,1628
What is 201 plus 947?,1148
What is 6451 plus 6996?,13447
What is 241 plus 333?,574
What is 4623 plus 2287?,6910
What is 760 plus 574?,1334
What is 897 plus 662?,1559
What is 854 plus 183?,1037
What is 76342 plus 76098?,152440
What is 49 plus 70?,119
What is 8316 plus 6727?,15043
What is 50037 plus 66826?,116863
What is 6612 plus 3925?,10537
What is 576 plus 132?,708
What is 1149 plus 3159?,4308
What is 2721 plus 3763?,6484
What is 116 plus 485?,601
What is 99 plus 65?,164
What is 5763 plus 7516?,13279
What is 247 plus 700?,947
What is 527 plus 126?,653
What is 13 plus 60?,73
What is 12030 plus 91313?,103343
What is 552 plus 124?,676
What is 8116 plus 7175?,15291
What is 45 plus 66?,111
What is 33 plus 91?,124
What is 122 plus 419?,541
What is 665 plus 971?,1636
What is 23 plus 47?,70
What is 60941 plus 86737?,147678
What is 701 plus 396?,1097
What is 632 plus 709?,1341
What is 63 plus 89?,152
What is 6601 plus 1239?,7840
What is 85964 plus 45401?,131365
What is 1569 plus 6369?,7938
What is 2619 plus 6868?,9487
What is 358 plus 727?,1085
What is 205 plus 212?,417
What is 26966 plus 89981?,116947
What is 6005 plus 3894?,9899
What is 5678 plus 9102?,14780
What is 29148 plus 59039?,88187
What is 69 plus 10?,79
What is 818 plus 844?,1662
What is 74 plus 38?,112
What is 428 plus 163?,591
What is 89 plus 76?,165
What is 738 plus 983?,1721
What is 84780 plus 34434?,119214
What is 753 plus 885?,1638
What is 53 plus 20?,73
What is 546 plus 354?,900
What is 69209 plus 84618?,153827
What is 982 plus 679?,1661
What is 47 plus 42?,89
What is 240 plus 261?,501
What is 459 plus 794?,1253
What is 75 plus 26?,101
What is 1164 plus 9135?,10299
What is 3853 plus 8326?,12179
What is 984 plus 385?,1369
What is 166 plus 596?,762
What is 734 plus 952?,1686
What is 59822 plus 12578?,72400
What is 691 plus 165?,856
What is 6634 plus 8170?,14804
What is 486 plus 307?,793
What is 35 plus 71?,106
What is 55 plus 37?,92
What is 187 plus 470?,657
What is 566 plus 964?,1530
What is 1225 plus 4440?,5665
What is 752 plus 956?,1708
What is 3055 plus 1947?,5002
What is 391 plus 733?,1124
What is 7879 plus 9194?,17073
What is 3503 plus 1745?,5248
What is 9544 plus 3208?,12752
What is 37 plus 42?,79
What is 2761 plus 3243?,6004
What is 53 plus 93?,146
What is 2906 plus 8358?,11264
What is 31661 plus 19755?,51416
What is 964 plus 251?,1215
What is 959 plus 264?,1223
What is 10 plus 99?,109
What is 491 plus 595?,1086
What is 780 plus 612?,1392
What is 4533 plus 5058?,9591
What is 6642 plus 7251?,13893
What is 9849 plus 8121?,17970
What is 98 plus 72?,170
What is 54440 plus 19393?,73833
What is 87 plus 66?,153
What is 8874 plus 6834?,15708
What is 1686 plus 8314?,10000
What is 46 plus 20?,66
What is 27 plus 69?,96
What is 88158 plus 23575?,111733
What is 219 plus 991?,1210
What is 6050 plus 5859?,11909
What is 5137 plus 5005?,10142
What is 886 plus 853?,1739
What is 6506 plus 4473?,10979
What is 309 plus 794?,1103
What is 13 plus 15?,28
What is 24 plus 13?,37
What is 17 plus 74?,91
What is 76 plus 93?,169
What is 524 plus 788?,1312
What is 9351 plus 8337?,17688
What is 98 plus 32?,130
What is 76245 plus 39954?,116199
What is 8026 plus 1541?,9567
What is 35665 plus 60785?,96450
What is 995 plus 856?,1851
What is 70 plus 20?,90
What is 392 plus 523?,915
What is 98 plus 46?,144
What is 5626 plus 9382?,15008
What is 3029 plus 4744?,7773
What is 51505 plus 99937?,151442
What is 24 plus 56?,80
What is 80449 plus 74294?,154743
What is 20 plus 55?,75
What is 42 plus 26?,68
What is 29986 plus 68325?,98311
What is 17744 plus 77306?,95050
What is 198 plus 330?,528
What is 63569 plus 30045?,93614
What is 87 plus 61?,148
What is 13291 plus 78391?,91682
What is 9650 plus 8652?,18302
What is 75992 plus 64951?,140943
What is 53122 plus 22475?,75597
What is 3421 plus 1836?,5257
What is 74946 plus 27353?,102299
What is 410 plus 786?,1196
What is 527 plus 904?,1431
What is 247 plus 683?,930
What is 66 plus 94?,160
What is 4851 plus 8059?,12910
What is 9140 plus 5822?,14962
What is 2858 plus 8144?,11002
What is 68005 plus 67835?,135840
What is 57 plus 64?,121
What is 505 plus 829?,1334
What is 71 plus 72?,143
What is 55 plus 26?,81
What is 8944 plus 4040?,12984
What is 8356 plus 4412?,12768
What is 49 plus 40?,89
What is 58 plus 56?,114
What is 350 plus 326?,676
What is 4399 plus 1972?,6371
What is 19358 plus 61032?,80390
What is 70771 plus 73177?,143948
What is 42391 plus 74826?,117217
What is 97681 plus 37591?,135272
What is 51991 plus 45046?,97037
What is 1132 plus 8698?,9830
What is 82199 plus 63861?,146060
What is 24 plus 56?,80
What is 43 plus 30?,73
What is 43602 plus 99737?,143339
What is 2027 plus 4207?,6234
What is 50945 plus 21312?,72257
What is 4645 plus 2640?,7285
What is 32340 plus 24149?,56489
What is 94 plus 10?,104
What is 132 plus 437?,569
What is 40490 plus 79583?,120073
What is 801 plus 168?,969
What is 916 plus 753?,1669
What is 6379 plus 3799?,10178
What is 1073 plus 7686?,8759
What is 6476 plus 9504?,15980
What is 24 plus 94?,118
What is 67 plus 82?,149
What is 12 plus 82?,94
What is 493 plus 515?,1008
What is 44 plus 97?,141
What is 1652 plus 4023?,5675
What is 97 plus 69?,166
What is 860 plus 100?,960
What is 24 plus 19?,43
What is 702 plus 557?,1259
What is 2299 plus 5178?,7477
What is 4398 plus 4574?,8972
What is 7877 plus 7944?,15821
What is 83648 plus 24213?,107861
What is 2342 plus 7016?,9358
What is 99 plus 90?,189
What is 959 plus 116?,1075
What is 6849 plus 7052?,13901
What is 6440 plus 4841?,11281
What is 2367 plus 5403?,7770
What is 42 plus 25?,67
What is 90 plus 72?,162
What is 587 plus 718?,1305
What is 33907 plus 78195?,112102
What is 6999 plus 2261?,9260
What is 944 plus 301?,1245
What is 68 plus 50?,118
What is 3674 plus 8517?,12191
What is 9030 plus 4149?,13179
What is 77 plus 47?,124
What is 85 plus 71?,156
What is 4690 plus 1772?,6462
What is 76881 plus 91407?,168288
What is 49287 plus 81150?,130437
What is 2907 plus 2970?,5877
What is 7096 plus 4711?,11807
What is 88995 plus 37376?,126371
What is 63935 plus 34788?,98723
What is 43977 plus 90835?,134812
What is 250 plus 398?,648
What is 447 plus 581?,1028
What is 40476 plus 27401?,67877
What is 74 plus 89?,163
What is 477 plus 183?,660
What is 2913 plus 9866?,12779
What is 680 plus 804?,1484
What is 19853 plus 97538?,117391
What is 11 plus 89?,100
What is 84 plus 51?,135
What is 42679 plus 60406?,103085
What is 248 plus 412?,660
What is 3071 plus 6670?,9741
What is 3487 plus 1964?,5451
What is 72166 plus 36065?,108231
What is 508 plus 965?,1473
What is 413 plus 520?,933
What is 145 plus 119?,264
What is 5809 plus 6602?,12411
What is 39490 plus 96226?,135716
What is 885 plus 439?,1324
What is 1764 plus 3726?,5490
What is 9056 plus 7699?,16755
What is 470 plus 499?,969
What is 216 plus 264?,480
What is 90909 plus 77216?,168125
What is 87 plus 39?,126
What is 7764 plus 1188?,8952
What is 26 plus 65?,91
What is 4578 plus 5075?,9653
What is 36 plus 30?,66
What is 68246 plus 81822?,150068
What is 36 plus 59?,95
What is 63610 plus 50944?,114554
What is 1338 plus 8204?,9542
What is 315 plus 282?,597
What is 547 plus 928?,1475
What is 5085 plus 4782?,9867
What is 95119 plus 28873?,123992
What is 63597 plus 50365?,113962
What is 396 plus 709?,1105
What is 1680 plus 5730?,7410
What is 1945 plus 7193?,9138
What is 60745 plus 47186?,107931
What is 684 plus 963?,1647
What is 693 plus 261?,954
What is 324 plus 910?,1234
What is 89771 plus 99931?,189702
What is 49 plus 24?,73
What is 867 plus 888?,1755
What is 54648 plus 94652?,149300
What is 2514 plus 5938?,8452
What is 2687 plus 6075?,8762
What is 35058 plus 77249?,112307
What is 4129 plus 7563?,11692
What is 33836 plus 48558?,82394
What is 9894 plus 4466?,14360
What is 2145 plus 3432?,5577
What is 90458 plus 11482?,101940
What is 283 plus 792?,1075
What is 8897 plus 2902?,11799
What is 4906 plus 7558?,12464
What is 91504 plus 19528?,111032
What is 2636 plus 9628?,12264
What is 32853 plus 69572?,102425
What is 62 plus 69?,131
What is 12 plus 63?,75
What is 61 plus 90?,151
What is 45 plus 63?,108
What is 17378 plus 93920?,111298
What is 24855 plus 59040?,83895
What is 10 plus 23?,33
What is 4403 plus 9331?,13734
What is 596 plus 181?,777
What is 26 plus 69?,95
What is 51 plus 57?,108
What is 9611 plus 2788?,12399
What is 297 plus 236?,533
What is 92023 plus 28240?,120263
What is 971 plus 425?,1396
What is 545 plus 692?,1237
What is 1091 plus 8977?,10068
What is 23570 plus 94252?,117822
What is 4894 plus 3121?,8015
What is 36900 plus 99017?,135917
What is 608 plus 777?,1385
What is 3924 plus 5283?,9207
What is 2020 plus 2861?,4881
What is 32 plus 56?,88
What is 69000 plus 48615?,117615
What is 55 plus 43?,98
What is 453 plus 463?,916
What is 99767 plus 74310?,174077
What is 5868 plus 8457?,14325
What is 23 plus 94?,117
What is 7267 plus 4451?,11718
What is 64 plus 70?,134
What is 92 plus 38?,130
What is 20754 plus 52531?,73285
What is 5245 plus 8233?,13478
What is 42 plus 20?,62
What is 2215 plus 9628?,11843
What is 60 plus 48?,108
What is 12 plus 39?,51
What is 308 plus 563?,871
What is 819 plus 110?,929
What is 28569 plus 48699?,77268
What is 2188 plus 3833?,6021
What is 950 plus 355?,1305
What is 21353 plus 93745?,115098
What is 4330 plus 7868?,12198
What is 37172 plus 78728?,115900
What is 4316 plus 7694?,12010
What is 29 plus 65?,94
What is 55 plus 68?,123
What is 6214 plus 5206?,11420
What is 88240 plus 25899?,114139
What is 831 plus 732?,1563
What is 89 plus 58?,147
What is 8326 plus 6105?,14431
What is 29243 plus 11657?,40900
What is 90 plus 97?,187
What is 22482 plus 63340?,85822
What is 204 plus 968?,1172
What is 49089 plus 38354?,87443
What is 352 plus 733?,1085
What is 58 plus 43?,101
What is 1174 plus 5257?,6431
What is 829 plus 108?,937
What is 520 plus 626?,1146
What is 71901 plus 20840?,92741
What is 15652 plus 21500?,37152
What is 33 plus 17?,50
What is 83674 plus 28166?,111840
What is 72498 plus 30058?,102556
What is 40 plus 40?,80
What is 60693 plus 83927?,144620
What is 3328 plus 5317?,8645
What is 25882 plus 26973?,52855
What is 4800 plus 1556?,6356
What is 365 plus 136?,501
What is 50 plus 43?,93
What is 55271 plus 48774?,104045
What is 986 plus 300?,1286
What is 21 plus 31?,52
What is 247 plus 744?,991
What is 42 plus 18?,60
What is 71624 plus 75454?,147078
What is 62812 plus 83052?,145864
What is 87 plus 83?,170
What is 345 plus 931?,1276
What is 29030 plus 14204?,43234
What is 63430 plus 79462?,142892
What is 97356 plus 22845?,120201
What is 6359 plus 3371?,9730
What is 62 plus 26?,88
What is 354 plus 931?,1285
What is 71 plus 78?,149
What is 377 plus 547?,924
What is 52 plus 60?,112
What is 73 plus 23?,96
What is 6997 plus 4635?,11632
What is 443 plus 975?,1418
What is 39 plus 39?,78
What is 900 plus 992?,1892
What is 34516 plus 15743?,50259
What is 6572 plus 1029?,7601
What is 1904 plus 5106?,7010
What is 70872 plus 20154?,91026
What is 99 plus 21?,120
What is 58499 plus 49571?,108070
What is 372 plus 868?,1240
What is 94680 plus 36820?,131500
What is 95922 plus 55484?,151406
What is 6103 plus 9878?,15981
What is 51731 plus 90924?,142655
What is 19 plus 11?,30
What is 28 plus 21?,49
What is 1843 plus 5323?,7166
What is 10 plus 59?,69
What is 256 plus 703?,959
What is 368 plus 826?,1194
What is 46284 plus 60808?,107092
What is 154 plus 609?,763
What is 92 plus 80?,172
What is 40 plus 75?,115
What is 5260 plus 2308?,7568
What is 4502 plus 7604?,12106
What is 70116 plus 33840?,103956
What is 2968 plus 1439?,4407
What is 46972 plus 19766?,66738
What is 54 plus 55?,109
What is 88 plus 63?,151
What is 46285 plus 82499?,128784
What is 558 plus 237?,795
What is 669 plus 559?,1228
What is 52 plus 27?,79
What is 303 plus 569?,872
What is 28 plus 95?,123
What is 13 plus 70?,83
What is 114 plus 579?,693
What is 673 plus 139?,812
What is 9385 plus 6275?,15660
What is 67636 plus 21422?,89058
What is 86622 plus 28566?,115188
What is 66 plus 61?,127
What is 5667 plus 4906?,10573
What is 9876 plus 2942?,12818
What is 300 plus 563?,863
What is 791 plus 499?,1290
What is 7301 plus 5913?,13214
What is 7228 plus 1756?,8984
What is 72 plus 10?,82
What is 8128 plus 1701?,9829
What is 4035 plus 2931?,6966
What is 32 plus 28?,60
What is 74 plus 79?,153
What is 596 plus 961?,1557
What is 28 plus 50?,78
What is 7520 plus 7459?,14979
What is 41 plus 47?,88
What is 72 plus 11?,83
What is 39 plus 68?,107
What is 1588 plus 6317?,7905
What is 8080 plus 9197?,17277
What is 5386 plus 5073?,10459
What is 986 plus 763?,1749
What is 908 plus 100?,1008
What is 71774 plus 15649?,87423
What is 597 plus 776?,1373
What is 32883 plus 16624?,49507
What is 20245 plus 34521?,54766
What is 600 plus 851?,1451
What is 646 plus 434?,1080
What is 21 plus 28?,49
What is 6576 plus 5178?,11754
What is 90 plus 34?,124
What is 2692 plus 6205?,8897
What is 11983 plus 13912?,25895
What is 2133 plus 3136?,5269
What is 88762 plus 13529?,102291
What is 32 plus 31?,63
What is 93123 plus 42119?,135242
What is 669 plus 751?,1420
What is 45 plus 16?,61
What is 648 plus 711?,1359
What is 65 plus 23?,88
What is 12294 plus 74120?,86414
What is 34 plus 53?,87
What is 25 plus 33?,58
What is 15982 plus 15836?,31818
What is 997 plus 514?,1511
What is 9248 plus 6617?,15865
What is 288 plus 912?,1200
What is 791 plus 726?,1517
What is 788 plus 551?,1339
What is 84 plus 66?,150
What is 5606 plus 7510?,13116
What is 82 plus 92?,174
What is 359 plus 689?,1048
What is 869 plus 497?,1366
What is 9936 plus 8844?,18780
What is 80202 plus 21229?,101431
What is 7872 plus 2379?,10251
What is 4819 plus 7730?,12549
What is 39 plus 14?,53
What is 8536 plus 7327?,15863
What is 2443 plus 1866?,4309
What is 78 plus 27?,105
What is 578 plus 354?,932
What is 340 plus 744?,1084
What is 65 plus 59?,124
What is 4835 plus 1752?,6587
What is 91462 plus 96885?,188347
What is 8095 plus 1212?,9307
What is 40 plus 30?,70
What is 40625 plus 96927?,137552
What is 6952 plus 1756?,8708
What is 14154 plus 13718?,27872
What is 37505 plus 82028?,119533
What is 5809 plus 6563?,12372
What is 8175 plus 1498?,9673
What is 95594 plus 47127?,142721
What is 33584 plus 59244?,92828
What is 71 plus 77?,148
What is 744 plus 174?,918
What is 91 plus 69?,160
What is 2995 plus 2467?,5462
What is 280 plus 681?,961
What is 67035 plus 60700?,127735
What is 58 plus 86?,144
What is 68 plus 42?,110
What is 479 plus 972?,1451
What is 78109 plus 17858?,95967
What is 87 plus 89?,176
What is 71688 plus 65608?,137296
What is 76 plus 69?,145
What is 8808 plus 6927?,15735
What is 6710 plus 3362?,10072
What is 45415 plus 34246?,79661
What is 72 plus 41?,113
What is 43815 plus 50417?,94232
What is 99077 plus 43636?,142713
What is 9959 plus 1139?,11098
What is 42121 plus 37443?,79564
What is 7424 plus 3062?,10486
What is 78354 plus 70812?,149166
What is 6123 plus 7381?,13504
What is 902 plus 887?,1789
What is 944 plus 864?,1808
What is 879 plus 505?,1384
What is 71 plus 24?,95
What is 32 plus 79?,111
What is 16037 plus 40649?,56686
What is 10 plus 49?,59
What is 3932 plus 4549?,8481
What is 8224 plus 5933?,14157
What is 69120 plus 80062?,149182
What is 899 plus 623?,1522
What is 2282 plus 1653?,3935
What is 8714 plus 1564?,10278
What is 9273 plus 9916?,19189
What is 8674 plus 6080?,14754
What is 400 plus 587?,987
What is 55 plus 52?,107
What is 92788 plus 92891?,185679
What is 26 plus 70?,96
What is 649 plus 139?,788
What is 30 plus 31?,61
What is 570 plus 551?,1121
What is 89008 plus 43773?,132781
What is 20520 plus 43851?,64371
What is 1496 plus 5015?,6511
What is 34 plus 24?,58
What is 945 plus 652?,1597
What is 32747 plus 54032?,86779
What is 33793 plus 18704?,52497
What is 38 plus 31?,69
What is 15558 plus 36156?,51714
What is 13 plus 98?,111
What is 124 plus 529?,653
What is 32668 plus 80845?,113513
What is 64 plus 84?,148
What is 48 plus 48?,96
What is 28344 plus 21333?,49677
What is 3618 plus 5370?,8988
What is 9642 plus 5173?,14815
What is 56105 plus 14412?,70517
What is 8590 plus 3707?,12297
What is 9558 plus 4143?,13701
What is 10836 plus 87282?,98118
What is 865 plus 403?,1268
What is 12148 plus 88356?,100504
What is 5446 plus 7463?,12909
What is 47636 plus 40579?,88215
What is 66 plus 22?,88
What is 54 plus 26?,80
What is 94774 plus 23700?,118474
What is 8974 plus 1501?,10475
What is 24 plus 89?,113
What is 29767 plus 30834?,60601
What is 1629 plus 7561?,9190
What is 2166 plus 1346?,3512
What is 33308 plus 16301?,49609
What is 884 plus 904?,1788
What is 21 plus 48?,69
What is 5193 plus 7529?,12722
What is 558 plus 174?,732
What is 27751 plus 84946?,112697
What is 9851 plus 1376?,11227
What is 266 plus 547?,813
What is 54 plus 22?,76
What is 60714 plus 22635?,83349
What is 3425 plus 7241?,10666
What is 33 plus 63?,96
What is 229 plus 550?,779
What is 88453 plus 49334?,137787
What is 90 plus 73?,163
What is 781 plus 155?,936
What is 90808 plus 39251?,130059
What is 61956 plus 12541?,74497
What is 2303 plus 8431?,10734
What is 645 plus 670?,1315
What is 91337 plus 84489?,175826
What is 9159 plus 2632?,11791
What is 40 plus 15?,55
What is 51066 plus 31489?,82555
What is 64644 plus 25665?,90309
What is 197 plus 913?,1110
What is 475 plus 942?,1417
What is 633 plus 906?,1539
What is 32533 plus 10086?,42619
What is 200 plus 885?,1085
What is 122 plus 304?,426
What is 79 plus 95?,174
What is 257 plus 337?,594
What is 4315 plus 6086?,10401
What is 46991 plus 25128?,72119
What is 394 plus 481?,875
What is 16 plus 88?,104
What is 417 plus 563?,980
What is 5440 plus 2693?,8133
What is 17 plus 35?,52
What is 8928 plus 7487?,16415
What is 54938 plus 51959?,106897
What is 77 plus 38?,115
What is 6319 plus 3131?,9450
What is 745 plus 414?,1159
What is 71032 plus 97678?,168710
What is 53502 plus 95741?,149243
What is 76 plus 19?,95
What is 5276 plus 3868?,9144
What is 98 plus 31?,129
What is 36 plus 32?,68
What is 99598 plus 56114?,155712
What is 78 plus 87?,165
What is 48 plus 33?,81
What is 8453 plus 8315?,16768
What is 33283 plus 29537?,62820
What is 44791 plus 77982?,122773
What is 14 plus 42?,56
What is 160 plus 571?,731
What is 95524 plus 61229?,156753
What is 98645 plus 54633?,153278
What is 30 plus 32?,62
What is 26 plus 52?,78
What is 19074 plus 76071?,95145
What is 721 plus 471?,1192
What is 6321 plus 1135?,7456
What is 83 plus 58?,141
What is 72 plus 34?,106
What is 158 plus 615?,773
What is 6790 plus 2438?,9228
What is 38 plus 95?,133
What is 3815 plus 4014?,7829
What is 444 plus 800?,1244
What is 86 plus 63?,149
What is 9830 plus 8975?,18805
What is 2691 plus 9186?,11877
What is 3886 plus 8379?,12265
What is 2973 plus 4755?,7728
What is 26 plus 68?,94
What is 68 plus 84?,152
What is 35 plus 33?,68
What is 1978 plus 5201?,7179
What is 350 plus 834?,1184
What is 14805 plus 56984?,71789
What is 379 plus 891?,1270
What is 1741 plus 9825?,11566
What is 112 plus 937?,1049
What is 45529 plus 30462?,75991
What is 1980 plus 6985?,8965
What is 6269 plus 6745?,13014
What is 973 plus 357?,1330
What is 10 plus 79?,89
What is 771 plus 294?,1065
What is 96 plus 98?,194
What is 12027 plus 23759?,35786
What is 951 plus 838?,1789
What is 23525 plus 73768?,97293
What is 176 plus 334?,510
What is 86 plus 11?,97
What is 51 plus 33?,84
What is 4690 plus 5795?,10485
What is 85 plus 34?,119
What is 3603 plus 6715?,10318
What is 72775 plus 44011?,116786
What is 490 plus 220?,710
What is 8847 plus 5209?,14056
What is 84 plus 57?,141
What is 24254 plus 87056?,111310
What is 9617 plus 3730?,13347
What is 69 plus 55?,124
What is 69 plus 42?,111
What is 12 plus 13?,25
What is 2714 plus 4066?,6780
What is 378 plus 440?,818
What is 28 plus 69?,97
What is 3625 plus 8959?,12584
What is 66 plus 50?,116
What is 50 plus 94?,144
What is 6034 plus 9928?,15962
What is 5752 plus 1324?,7076
What is 24089 plus 53979?,78068
What is 61632 plus 24159?,85791
What is 5056 plus 2994?,8050
What is 49 plus 98?,147
What is 347 plus 503?,850
What is 9214 plus 8304?,17518
What is 7950 plus 1624?,9574
What is 61 plus 41?,102
What is 5337 plus 3959?,9296
What is 2690 plus 2534?,5224
What is 443 plus 878?,1321
What is 75 plus 59?,134
What is 8357 plus 4138?,12495
What is 42 plus 98?,140
What is 158 plus 491?,649
What is 9221 plus 3345?,12566
What is 85 plus 15?,100
What is 7200 plus 2586?,9786
What is 945 plus 543?,1488
What is 77 plus 23?,100
What is 35 plus 26?,61
What is 7877 plus 6561?,14438
What is 19079 plus 70571?,89650
What is 9173 plus 1258?,10431
What is 7405 plus 5140?,12545
What is 7907 plus 6788?,14695
What is 13688 plus 53814?,67502
What is 69909 plus 11456?,81365
What is 625 plus 544?,1169
What is 45 plus 92?,137
What is 853 plus 943?,1796
What is 97 plus 96?,193
What is 826 plus 919?,1745
What is 8356 plus 3779?,12135
What is 301 plus 475?,776
What is 80 plus 52?,132
What is 9110 plus 1785?,10895
What is 43671 plus 46354?,90025
What is 8900 plus 9305?,18205
What is 76 plus 17?,93
What is 1749 plus 3254?,5003
What is 9593 plus 9819?,19412
What is 58005 plus 65586?,123591
What is 25580 plus 31063?,56643
What is 46075 plus 66690?,112765
What is 63327 plus 83680?,147007
What is 674 plus 306?,980
What is 665 plus 502?,1167
What is 288 plus 196?,484
What is 2586 plus 2382?,4968
What is 57 plus 46?,103
What is 1467 plus 9300?,10767
What is 29928 plus 99125?,129053
What is 28124 plus 44879?,73003
What is 6025 plus 6979?,13004
What is 59 plus 49?,108
What is 6192 plus 5604?,11796
What is 314 plus 245?,559
What is 26 plus 94?,120
What is 50 plus 27?,77
What is 80785 plus 41312?,122097
What is 2335 plus 5784?,8119
What is 53079 plus 25393?,78472
What is 686 plus 712?,1398
What is 76927 plus 60662?,137589
What is 914 plus 115?,1029
What is 96971 plus 94640?,191611
What is 7921 plus 7997?,15918
What is 55682 plus 10900?,66582
What is 69102 plus 74712?,143814
What is 1853 plus 6241?,8094
What is 3522 plus 2628?,6150
What is 4172 plus 2518?,6690
What is 86 plus 15?,101
What is 680 plus 913?,1593
What is 29 plus 69?,98
What is 979 plus 550?,1529
What is 92 plus 29?,121
What is 3360 plus 7462?,10822
What is 295 plus 859?,1154
What is 18 plus 77?,95
What is 9712 plus 2742?,12454
What is 566 plus 647?,1213
What is 61258 plus 63611?,124869
What is 45532 plus 39458?,84990
What is 2586 plus 4315?,6901
What is 1801 plus 3245?,5046
What is 57 plus 55?,112
What is 84973 plus 57922?,142895
What is 70167 plus 77453?,147620
What is 5696 plus 3202?,8898
What is 44400 plus 65372?,109772
What is 30 plus 68?,98
What is 52738 plus 54990?,107728
What is 91 plus 57?,148
What is 85001 plus 43447?,128448
What is 48534 plus 53105?,101639
What is 6323 plus 2529?,8852
What is 781 plus 328?,1109
What is 70 plus 37?,107
What is 8981 plus 6278?,15259
What is 79622 plus 29620?,109242
What is 92 plus 35?,127
What is 32836 plus 50827?,83663
What is 5563 plus 5487?,11050
What is 62863 plus 21386?,84249
What is 6820 plus 3725?,10545
What is 17914 plus 63315?,81229
What is 180 plus 417?,597
What is 11400 plus 23657?,35057
What is 44862 plus 88315?,133177
What is 2001 plus 2414?,4415
What is 98513 plus 10230?,108743
What is 83810 plus 13665?,97475
What is 94 plus 62?,156
What is 62914 plus 31308?,94222
What is 56 plus 86?,142
What is 135 plus 668?,803
What is 3395 plus 9164?,12559
What is 53 plus 72?,125
What is 5642 plus 5295?,10937
What is 9045 plus 1429?,10474
What is 10 plus 54?,64
What is 48 plus 79?,127
What is 1564 plus 3111?,4675
What is 1634 plus 3024?,4658
What is 979 plus 895?,1874
What is 828 plus 227?,1055
What is 108 plus 351?,459
What is 19 plus 20?,39
What is 6057 plus 4739?,10796
What is 96 plus 33?,129
What is 95901 plus 94137?,190038
What is 21356 plus 62757?,84113
What is 184 plus 886?,1070
What is 50 plus 89?,139
What is 296 plus 777?,1073
What is 182 plus 768?,950
What is 77 plus 36?,113
What is 2590 plus 7574?,10164
What is 605 plus 254?,859
What is 83507 plus 57778?,141285
What is 17 plus 99?,116
What is 6733 plus 9916?,16649
What is 68 plus 67?,135
What is 84308 plus 70744?,155052
What is 36616 plus 22807?,59423
What is 689 plus 436?,1125
What is 387 plus 872?,1259
What is 514 plus 232?,746
What is 14 plus 28?,42
What is 93565 plus 73510?,167075
What is 56 plus 28?,84
What is 5765 plus 2294?,8059
What is 6094 plus 6760?,12854
What is 40 plus 19?,59
What is 71 plus 99?,170
What is 66273 plus 61226?,127499
What is 46573 plus 60532?,107105
What is 11725 plus 88125?,99850
What is 64 plus 86?,150
What is 85 plus 64?,149
What is 10409 plus 45107?,55516
What is 72197 plus 25093?,97290
What is 30 plus 31?,61
What is 8173 plus 5006?,13179
What is 66 plus 69?,135
What is 5000 plus 1529?,6529
What is 99 plus 80?,179
What is 33130 plus 37751?,70881
What is 29 plus 54?,83
What is 7333 plus 8998?,16331
What is 80536 plus 47129?,127665
What is 237 plus 672?,909
What is 30040 plus 29019?,59059
What is 71 plus 73?,144
What is 9564 plus 6044?,15608
What is 14 plus 52?,66
What is 6381 plus 6786?,13167
What is 3740 plus 4889?,8629
What is 2602 plus 1976?,4578
What is 965 plus 557?,1522
What is 64894 plus 43462?,108356
What is 67 plus 56?,123
What is 46977 plus 32162?,79139
What is 91590 plus 37309?,128899
What is 643 plus 146?,789
What is 90118 plus 93205?,183323
What is 246 plus 231?,477
What is 63 plus 72?,135
What is 430 plus 897?,1327
What is 1008 plus 1020?,2028
What is 78 plus 93?,171
What is 95 plus 90?,185
What is 601 plus 711?,1312
What is 6694 plus 2938?,9632
What is 10 plus 71?,81
What is 68852 plus 50361?,119213
What is 10487 plus 17859?,28346
What is 10095 plus 40376?,50471
What is 81163 plus 92782?,173945
What is 94 plus 26?,120
What is 50894 plus 75136?,126030
What is 909 plus 367?,1276
What is 93099 plus 85305?,178404
What is 987 plus 906?,1893
What is 87 plus 87?,174
What is 7322 plus 5720?,13042
What is 88055 plus 79866?,167921
What is 766 plus 659?,1425
What is 58 plus 39?,97
What is 856 plus 481?,1337
What is 1361 plus 3140?,4501
What is 53 plus 82?,135
What is 36961 plus 71382?,108343
What is 62208 plus 26445?,88653
What is 95 plus 54?,149
What is 887 plus 907?,1794
What is 613 plus 244?,857
What is 339 plus 189?,528
What is 4152 plus 1376?,5528
What is 392 plus 351?,743
What is 7720 plus 9346?,17066
What is 75 plus 71?,146
What is 4271 plus 7231?,11502
What is 84652 plus 66042?,150694
What is 177 plus 773?,950
What is 991 plus 174?,1165
What is 8605 plus 6540?,15145
What is 87293 plus 41617?,128910
What is 27 plus 83?,110
What is 42 plus 28?,70
What is 272 plus 435?,707
What is 69729 plus 59400?,129129
What is 55605 plus 56459?,112064
What is 98 plus 41?,139
What is 4063 plus 1810?,5873
What is 2390 plus 5081?,7471
What is 49 plus 35?,84
What is 546 plus 932?,1478
What is 169 plus 696?,865
What is 77 plus 41?,118
What is 41012 plus 51496?,92508
What is 53988 plus 44535?,98523
What is 8576 plus 7015?,15591
What is 47 plus 82?,129
What is 43 plus 83?,126
What is 25 plus 58?,83
What is 9068 plus 1269?,10337
What is 30338 plus 32200?,62538
What is 1117 plus 2320?,3437
What is 90055 plus 83771?,173826
What is 629 plus 559?,1188
What is 356 plus 338?,694
What is 10381 plus 61070?,71451
What is 44 plus 59?,103
What is 207 plus 627?,834
What is 87743 plus 64385?,152128
What is 67 plus 96?,163
What is 263 plus 641?,904
What is 9691 plus 4805?,14496
What is 30669 plus 48398?,79067
What is 4077 plus 6103?,10180
What is 7160 plus 9478?,16638
What is 12889 plus 20158?,33047
What is 22 plus 79?,101
What is 8702 plus 7365?,16067
What is 743 plus 968?,1711
What is 90803 plus 70602?,161405
What is 78 plus 80?,158
What is 6450 plus 5733?,12183
What is 46 plus 77?,123
What is 50 plus 26?,76
What is 6511 plus 7430?,13941
What is 68479 plus 46692?,115171
What is 27 plus 47?,74
What is 79 plus 32?,111
What is 70 plus 25?,95
What is 78864 plus 96319?,175183
What is 74044 plus 53562?,127606
What is 524 plus 293?,817
What is 19 plus 38?,57
What is 6284 plus 2164?,8448
What is 61 plus 89?,150
What is 90 plus 58?,148
What is 62267 plus 43608?,105875
What is 575 plus 393?,968
What is 81 plus 81?,162
What is 7125 plus 4305?,11430
What is 913 plus 150?,1063
What is 83 plus 41?,124
What is 23607 plus 97115?,120722
What is 1100 plus 4818?,5918
What is 29 plus 28?,57
What is 39 plus 18?,57
What is 2230 plus 4435?,6665
What is 399 plus 402?,801
What is 84 plus 84?,168
What is 84 plus 57?,141
What is 2656 plus 1920?,4576
What is 3995 plus 9076?,13071
What is 81 plus 40?,121
What is 83736 plus 27382?,111118
What is 5244 plus 1236?,6480
What is 387 plus 165?,552
What is 33869 plus 60157?,94026
What is 60 plus 91?,151
What is 32848 plus 65550?,98398
What is 14257 plus 40737?,54994
What is 875 plus 914?,1789
What is 88830 plus 77698?,166528
What is 71102 plus 70766?,141868
What is 44 plus 83?,127
What is 68041 plus 84703?,152744
What is 72 plus 37?,109
What is 68 plus 21?,89
What is 7114 plus 7411?,14525
What is 67 plus 33?,100
What is 961 plus 785?,1746
What is 15718 plus 37973?,53691
What is 4012 plus 5085?,9097
What is 862 plus 352?,1214
What is 69 plus 17?,86
What is 1115 plus 3243?,4358
What is 726 plus 256?,982
What is 83 plus 26?,109
What is 457 plus 209?,666
What is 95 plus 22?,117
What is 66 plus 34?,100
What is 44 plus 21?,65
What is 5180 plus 7994?,13174
What is 81 plus 45?,126
What is 257 plus 577?,834
What is 2549 plus 2227?,4776
What is 78 plus 92?,170
What is 4293 plus 4861?,9154
What is 175 plus 715?,890
What is 29031 plus 19389?,48420
What is 62590 plus 84692?,147282
What is 434 plus 421?,855
What is 67884 plus 14948?,82832
What is 7951 plus 9818?,17769
What is 4175 plus 5107?,9282
What is 991 plus 782?,1773
What is 63 plus 11?,74
What is 828 plus 555?,1383
What is 38 plus 36?,74
What is 8085 plus 3210?,11295
What is 8901 plus 9037?,17938
What is 951 plus 235?,1186
What is 84762 plus 17331?,102093
What is 861 plus 305?,1166
What is 3736 plus 5239?,8975
What is 3327 plus 7383?,10710
What is 927 plus 794?,1721
What is 175 plus 400?,575
What is 455 plus 663?,1118
What is 66 plus 51?,117
What is 67 plus 54?,121
What is 487 plus 668?,1155
What is 855 plus 418?,1273
What is 16983 plus 84980?,101963
What is 619 plus 449?,1068
What is 5611 plus 8484?,14095
What is 583 plus 342?,925
What is 57 plus 25?,82
What is 81 plus 49?,130
What is 39 plus 40?,79
What is 39 plus 68?,107
What is 83 plus 36?,119
What is 4793 plus 8613?,13406
What is 1043 plus 1701?,2744
What is 6501 plus 7319?,13820
What is 89 plus 96?,185
What is 71 plus 30?,101
What is 6584 plus 4454?,11038
What is 5913 plus 5249?,11162
What is 15 plus 10?,25
What is 81363 plus 99102?,180465
What is 7559 plus 4425?,11984
What is 5632 plus 3078?,8710
What is 1540 plus 7222?,8762
What is 8611 plus 4854?,13465
What is 36 plus 48?,84
What is 98451 plus 46466?,144917
What is 47 plus 38?,85
What is 559 plus 897?,1456
What is 6008 plus 4071?,10079
What is 5381 plus 1570?,6951
What is 34276 plus 79019?,113295
What is 92031 plus 14091?,106122
What is 25428 plus 64685?,90113
What is 8212 plus 7918?,16130
What is 79031 plus 13479?,92510
What is 89 plus 11?,100
What is 180 plus 453?,633
What is 453 plus 238?,691
What is 9516 plus 6073?,15589
What is 195 plus 316?,511
What is 20633 plus 65770?,86403
What is 75313 plus 81125?,156438
What is 786 plus 861?,1647
What is 36 plus 66?,102
What is 13810 plus 34644?,48454
What is 5655 plus 8362?,14017
What is 8447 plus 5706?,14153
What is 393 plus 523?,916
What is 41668 plus 17321?,58989
What is 47 plus 68?,115
What is 5604 plus 8800?,14404
What is 2988 plus 4704?,7692
What is 8707 plus 9462?,18169
What is 7321 plus 4251?,11572
What is 702 plus 202?,904
What is 86312 plus 10804?,97116
What is 29076 plus 66155?,95231
What is 1611 plus 5033?,6644
What is 26 plus 76?,102
What is 340 plus 256?,596
What is 16 plus 28?,44
What is 449 plus 486?,935
What is 51232 plus 19160?,70392
What is 6016 plus 1168?,7184
What is 7597 plus 8702?,16299
What is 710 plus 755?,1465
What is 2262 plus 7104?,9366
What is 525 plus 246?,771
What is 964 plus 734?,1698
What is 92 plus 34?,126
What is 39716 plus 51987?,91703
What is 66060 plus 84641?,150701
What is 5083 plus 8121?,13204
What is 21 plus 75?,96
What is 81286 plus 47682?,128968
What is 280 plus 634?,914
What is 97478 plus 14881?,112359
What is 999 plus 608?,1607
What is 31619 plus 12949?,44568
What is 71 plus 87?,158
What is 867 plus 560?,1427
What is 66467 plus 88887?,155354
What is 7281 plus 9463?,16744
What is 27390 plus 22159?,49549
What is 29 plus 25?,54
What is 1839 plus 6962?,8801
What is 65 plus 47?,112
What is 59 plus 92?,151
What is 31 plus 93?,124
What is 56 plus 45?,101
What is 923 plus 576?,1499
What is 339 plus 778?,1117
What is 89 plus 29?,118
What is 955 plus 554?,1509
What is 43 plus 67?,110
What is 7499 plus 4513?,12012
What is 53869 plus 81850?,135719
What is 74 plus 57?,131
What is 22559 plus 74162?,96721
What is 27 plus 93?,120
What is 47348 plus 31099?,78447
What is 87361 plus 94622?,181983
What is 629 plus 627?,1256
What is 8825 plus 4214?,13039
What is 763 plus 598?,1361
What is 6626 plus 1660?,8286
What is 56738 plus 68387?,125125
What is 467 plus 863?,1330
What is 702 plus 227?,929
What is 410 plus 935?,1345
What is 83 plus 59?,142
What is 33 plus 73?,106
What is 22518 plus 41071?,63589
What is 2191 plus 9319?,11510
What is 63 plus 38?,101
What is 80797 plus 21986?,102783
What is 934 plus 316?,1250
What is 1842 plus 5584?,7426
What is 94279 plus 70346?,164625
What is 21828 plus 33111?,54939
What is 50366 plus 23858?,74224
What is 356 plus 283?,639
What is 23390 plus 69732?,93122
What is 33 plus 70?,103
What is 74 plus 13?,87
What is 7064 plus 9317?,16381
What is 46093 plus 54508?,100601
What is 87350 plus 48075?,135425
What is 9728 plus 7772?,17500
What is 881 plus 979?,1860
What is 95 plus 32?,127
What is 2195 plus 3935?,6130
What is 1187 plus 6579?,7766
What is 497 plus 798?,1295
What is 69032 plus 15536?,84568
What is 63377 plus 38208?,101585
What is 12243 plus 20240?,32483
What is 474 plus 501?,975
What is 9144 plus 9673?,18817
What is 474 plus 817?,1291
What is 56 plus 44?,100
What is 7840 plus 4571?,12411
What is 47 plus 75?,122
What is 454 plus 931?,1385
What is 78934 plus 66264?,145198
What is 48699 plus 42765?,91464
What is 888 plus 329?,1217
What is 81076 plus 32626?,113702
What is 27462 plus 82842?,110304
What is 22760 plus 34344?,57104
What is 72202 plus 57192?,129394
What is 1664 plus 5903?,7567
What is 76 plus 51?,127
What is 56958 plus 73864?,130822
What is 7600 plus 6327?,13927
What is 7663 plus 2560?,10223
What is 870 plus 730?,1600
What is 61 plus 60?,121
What is 8397 plus 2690?,11087
What is 2687 plus 1110?,3797
What is 96810 plus 37354?,134164
What is 9790 plus 6181?,15971
What is 62569 plus 72376?,134945
What is 39169 plus 51830?,90999
What is 262 plus 140?,402
What is 29 plus 13?,42
What is 2327 plus 4283?,6610
What is 37353 plus 57984?,95337
What is 255 plus 666?,921
What is 740 plus 201?,941
What is 529 plus 161?,690
What is 89793 plus 40535?,130328
What is 92 plus 97?,189
What is 37 plus 56?,93
What is 13 plus 53?,66
What is 22629 plus 36572?,59201
What is 18 plus 45?,63
What is 1743 plus 3719?,5462
What is 688 plus 566?,1254
What is 18376 plus 14318?,32694
What is 1336 plus 4837?,6173
What is 3807 plus 7562?,11369
What is 7866 plus 2008?,9874
What is 747 plus 742?,1489
What is 3724 plus 9776?,13500
What is 42437 plus 74439?,116876
What is 158 plus 428?,586
What is 477 plus 424?,901
What is 91 plus 72?,163
What is 5943 plus 7343?,13286
What is 8723 plus 7273?,15996
What is 57983 plus 22111?,80094
What is 3408 plus 9733?,13141
What is 97 plus 83?,180
What is 53 plus 10?,63
What is 86484 plus 10512?,96996
What is 5369 plus 4446?,9815
What is 224 plus 813?,1037
What is 36422 plus 39626?,76048
What is 6711 plus 1072?,7783
What is 2846 plus 2377?,5223
What is 858 plus 272?,1130
What is 99387 plus 62251?,161638
What is 46 plus 36?,82
What is 20 plus 30?,50
What is 8208 plus 4174?,12382
What is 29980 plus 60635?,90615
What is 39796 plus 69053?,108849
What is 73598 plus 75776?,149374
What is 75664 plus 60486?,136150
What is 54058 plus 40671?,94729
What is 205 plus 303?,508
What is 409 plus 965?,1374
What is 56 plus 39?,95
What is 70 plus 45?,115
What is 49409 plus 69808?,119217
What is 836 plus 744?,1580
What is 60695 plus 76465?,137160
What is 8462 plus 3401?,11863
What is 898 plus 283?,1181
What is 165 plus 903?,1068
What is 942 plus 899?,1841
What is 9383 plus 2362?,11745
What is 20 plus 51?,71
What is 835 plus 833?,1668
What is 8697 plus 1949?,10646
What is 718 plus 647?,1365
What is 34259 plus 14161?,48420
What is 916 plus 590?,1506
What is 2554 plus 3233?,5787
What is 2289 plus 7152?,9441
What is 15914 plus 93332?,109246
What is 8123 plus 8837?,16960
What is 3914 plus 5876?,9790
What is 23 plus 81?,104
What is 391 plus 693?,1084
What is 38 plus 18?,56
What is 94 plus 18?,112
What is 43779 plus 85109?,128888
What is 4152 plus 6232?,10384
What is 3742 plus 6152?,9894
What is 10 plus 38?,48
What is 489 plus 926?,1415
What is 37176 plus 54797?,91973
What is 36 plus 53?,89
What is 497 plus 163?,660
What is 55 plus 69?,124
What is 6438 plus 6885?,13323
What is 206 plus 138?,344
What is 80698 plus 62659?,143357
What is 4494 plus 4236?,8730
What is 53888 plus 21645?,75533
What is 522 plus 217?,739
What is 85 plus 89?,174
What is 3716 plus 3932?,7648
What is 584 plus 393?,977
What is 26658 plus 53033?,79691
What is 557 plus 119?,676
What is 1781 plus 3849?,5630
What is 48 plus 44?,92
What is 923 plus 599?,1522
What is 992 plus 392?,1384
What is 5730 plus 2460?,8190
What is 75620 plus 73835?,149455
What is 5944 plus 1464?,7408
What is 797 plus 907?,1704
What is 59809 plus 70060?,129869
What is 436 plus 868?,1304
What is 881 plus 518?,1399
What is 677 plus 538?,1215
What is 314 plus 985?,1299
What is 1991 plus 5627?,7618
What is 3867 plus 3817?,7684
What is 65 plus 31?,96
What is 123 plus 716?,839
What is 759 plus 800?,1559
What is 34 plus 15?,49
What is 35 plus 41?,76
What is 559 plus 535?,1094
What is 44 plus 91?,135
What is 44979 plus 74806?,119785
What is 7422 plus 5079?,12501
What is 5472 plus 1041?,6513
What is 65 plus 95?,160
What is 6041 plus 6827?,12868
What is 7432 plus 1670?,9102
What is 694 plus 152?,846
What is 5995 plus 8451?,14446
What is 901 plus 435?,1336
What is 1259 plus 5026?,6285
What is 15352 plus 56726?,72078
What is 84103 plus 46714?,130817
What is 79378 plus 35877?,115255
What is 3426 plus 7289?,10715
What is 10 plus 26?,36
What is 5570 plus 3243?,8813
What is 40 plus 63?,103
What is 2854 plus 4595?,7449
What is 87841 plus 50174?,138015
What is 6789 plus 2322?,9111
What is 64352 plus 78522?,142874
What is 127 plus 292?,419
What is 825 plus 691?,1516
What is 476 plus 153?,629
What is 342 plus 469?,811
What is 15208 plus 68626?,83834
What is 99 plus 46?,145
What is 227 plus 903?,1130
What is 423 plus 282?,705
What is 72976 plus 49681?,122657
What is 5021 plus 7795?,12816
What is 67687 plus 76892?,144579
What is 652 plus 144?,796
What is 9923 plus 5889?,15812
What is 1762 plus 7579?,9341
What is 781 plus 196?,977
What is 228 plus 820?,1048
What is 189 plus 896?,1085
What is 54 plus 81?,135
What is 90836 plus 18060?,108896
What is 441 plus 894?,1335
What is 74 plus 29?,103
What is 862 plus 771?,1633
What is 6584 plus 2630?,9214
What is 46 plus 81?,127
What is 8446 plus 3791?,12237
What is 87672 plus 47142?,134814
What is 9979 plus 4194?,14173
What is 86696 plus 75997?,162693
What is 558 plus 438?,996
What is 56143 plus 61945?,118088
What is 6394 plus 6648?,13042
What is 6187 plus 1009?,7196
What is 32323 plus 58477?,90800
What is 45 plus 68?,113
What is 98206 plus 55122?,153328
What is 29823 plus 52671?,82494
What is 2206 plus 1550?,3756
What is 60058 plus 56657?,116715
What is 83 plus 63?,146
What is 1550 plus 5499?,7049
What is 42 plus 16?,58
What is 56 plus 86?,142
What is 86 plus 23?,109
What is 806 plus 528?,1334
What is 71 plus 45?,116
What is 907 plus 522?,1429
What is 877 plus 356?,1233
What is 165 plus 290?,455
What is 98 plus 62?,160
What is 38 plus 27?,65
What is 48 plus 75?,123
What is 186 plus 202?,388
What is 1627 plus 1137?,2764
What is 47 plus 68?,115
What is 2339 plus 7839?,10178
What is 60 plus 20?,80
What is 65 plus 23?,88
What is 36228 plus 85875?,122103
What is 490 plus 184?,674
What is 327 plus 990?,1317
What is 1169 plus 7416?,8585
What is 1697 plus 1172?,2869
What is 83172 plus 62967?,146139
What is 95682 plus 65757?,161439
What is 44 plus 11?,55
What is 80 plus 44?,124
What is 33 plus 54?,87
What is 71722 plus 79593?,151315
What is 58668 plus 47321?,105989
What is 333 plus 125?,458
What is 2843 plus 7338?,10181
What is 797 plus 967?,1764
What is 426 plus 856?,1282
What is 14 plus 59?,73
What is 490 plus 213?,703
What is 45851 plus 60169?,106020
What is 370 plus 839?,1209
What is 687 plus 936?,1623
What is 9297 plus 7028?,16325
What is 80316 plus 35771?,116087
What is 9221 plus 6014?,15235
What is 334 plus 980?,1314
What is 621 plus 736?,1357
What is 35 plus 87?,122
What is 50351 plus 41096?,91447
What is 21214 plus 14965?,36179
What is 74 plus 19?,93
What is 143 plus 940?,1083
What is 476 plus 186?,662
What is 7545 plus 2808?,10353
What is 75 plus 96?,171
What is 768 plus 758?,1526
What is 653 plus 394?,1047
What is 9341 plus 3224?,12565
What is 85 plus 88?,173
What is 2118 plus 2058?,4176
What is 94 plus 33?,127
What is 171 plus 253?,424
What is 16 plus 53?,69
What is 81451 plus 23365?,104816
What is 74 plus 13?,87
What is 98723 plus 47657?,146380
What is 92 plus 37?,129
What is 42 plus 53?,95
What is 913 plus 723?,1636
What is 7326 plus 4751?,12077
What is 2245 plus 5616?,7861
What is 544 plus 298?,842
What is 798 plus 102?,900
What is 33205 plus 53051?,86256
What is 91 plus 88?,179
What is 19601 plus 83499?,103100
What is 67103 plus 40415?,107518
What is 35800 plus 25935?,61735
What is 8784 plus 6883?,15667
What is 6498 plus 5900?,12398
What is 783 plus 237?,1020
What is 299 plus 628?,927
What is 660 plus 549?,1209
What is 45 plus 40?,85
What is 90 plus 79?,169
What is 98246 plus 72750?,170996
What is 32 plus 28?,60
What is 46907 plus 21993?,68900
What is 75 plus 27?,102
What is 229 plus 810?,1039
What is 1741 plus 9110?,10851
What is 332 plus 982?,1314
What is 584 plus 958?,1542
What is 37 plus 33?,70
What is 37425 plus 76469?,113894
What is 13535 plus 21528?,35063
What is 457 plus 515?,972
What is 473 plus 231?,704
What is 423 plus 326?,749
What is 42 plus 21?,63
What is 62941 plus 92123?,155064
What is 55452 plus 33201?,88653
What is 72406 plus 31898?,104304
What is 593 plus 183?,776
What is 19 plus 54?,73
What is 72250 plus 68464?,140714
What is 973 plus 370?,1343
What is 143 plus 455?,598
What is 5505 plus 1704?,7209
What is 32331 plus 86823?,119154
What is 121 plus 221?,342
What is 7983 plus 3335?,11318
What is 178 plus 881?,1059
What is 98 plus 88?,186
What is 544 plus 868?,1412
What is 9777 plus 6881?,16658
What is 25774 plus 41248?,67022
What is 65 plus 59?,124
What is 89740 plus 26317?,116057
What is 95 plus 34?,129
What is 1813 plus 8383?,10196
What is 24 plus 86?,110
What is 81496 plus 70249?,151745
What is 9287 plus 5452?,14739
What is 9887 plus 5676?,15563
What is 72 plus 37?,109
What is 7073 plus 5661?,12734
What is 939 plus 906?,1845
What is 629 plus 629?,1258
What is 68984 plus 47972?,116956
What is 81835 plus 67680?,149515
What is 380 plus 283?,663
What is 720 plus 760?,1480
What is 13131 plus 67908?,81039
What is 19561 plus 94034?,113595
What is 2702 plus 9995?,12697
What is 83897 plus 48707?,132604
What is 4024 plus 8345?,12369
What is 15 plus 34?,49
What is 97225 plus 46618?,143843
What is 445 plus 979?,1424
What is 783 plus 613?,1396
What is 557 plus 303?,860
What is 626 plus 851?,1477
What is 72 plus 12?,84
What is 93 plus 38?,131
What is 76 plus 19?,95
What is 822 plus 972?,1794
What is 909 plus 949?,1858
What is 361 plus 423?,784
What is 90 plus 99?,189
What is 233 plus 192?,425
What is 55 plus 16?,71
What is 49 plus 87?,136
What is 6800 plus 1394?,8194
What is 280 plus 746?,1026
What is 15 plus 55?,70
What is 2705 plus 4597?,7302
What is 83615 plus 32212?,115827
What is 292 plus 571?,863
What is 42 plus 75?,117
What is 91679 plus 52588?,144267
What is 20289 plus 78102?,98391
What is 386 plus 724?,1110
What is 435 plus 591?,1026
What is 64 plus 35?,99
What is 5668 plus 4362?,10030
What is 626 plus 639?,1265
What is 316 plus 112?,428
What is 1899 plus 2540?,4439
What is 34362 plus 29959?,64321
What is 72808 plus 52687?,125495
What is 39 plus 53?,92
What is 767 plus 818?,1585
What is 522 plus 198?,720
What is 2311 plus 4089?,6400
What is 24 plus 75?,99
What is 59 plus 65?,124
What is 1004 plus 7250?,8254
What is 98 plus 78?,176
What is 77 plus 22?,99
What is 53068 plus 58130?,111198
What is 9457 plus 4100?,13557
What is 3973 plus 9597?,13570
What is 90 plus 31?,121
What is 42 plus 80?,122
What is 606 plus 773?,1379
What is 893 plus 381?,1274
What is 330 plus 691?,1021
What is 8206 plus 5765?,13971
What is 96 plus 20?,116
What is 9242 plus 1518?,10760
What is 3618 plus 5526?,9144
What is 944 plus 369?,1313
What is 7472 plus 9867?,17339
What is 2672 plus 8886?,11558
What is 58 plus 48?,106
What is 45 plus 50?,95
What is 248 plus 321?,569
What is 1399 plus 2458?,3857
What is 945 plus 601?,1546
What is 26118 plus 23170?,49288
What is 8603 plus 4233?,12836
What is 1040 plus 1572?,2612
What is 2500 plus 5338?,7838
What is 1525 plus 5082?,6607
What is 33389 plus 29542?,62931
What is 25 plus 50?,75
What is 807 plus 803?,1610
What is 41094 plus 65042?,106136
What is 62 plus 93?,155
What is 680 plus 737?,1417
What is 72374 plus 46799?,119173
What is 65459 plus 70864?,136323
What is 549 plus 976?,1525
What is 22 plus 86?,108
What is 33838 plus 86085?,119923
What is 11 plus 96?,107
What is 2198 plus 8835?,11033
What is 496 plus 422?,918
What is 3670 plus 2555?,6225
What is 22248 plus 28539?,50787
What is 90094 plus 64388?,154482
What is 965 plus 966?,1931
What is 1285 plus 9626?,10911
What is 113 plus 379?,492
What is 43199 plus 21371?,64570
What is 10 plus 80?,90
What is 2349 plus 2916?,5265
What is 92 plus 60?,152
What is 891 plus 954?,1845
What is 959 plus 363?,1322
What is 36364 plus 66792?,103156
What is 6813 plus 5384?,12197
What is 70 plus 28?,98
What is 8796 plus 7572?,16368
What is 6685 plus 2468?,9153
What is 299 plus 325?,624
What is 922 plus 239?,1161
What is 893 plus 647?,1540
What is 42334 plus 44415?,86749
What is 59445 plus 14486?,73931
What is 59318 plus 34758?,94076
What is 895 plus 305?,1200
What is 3055 plus 2093?,5148
What is 53 plus 40?,93
What is 870 plus 172?,1042
What is 50939 plus 19442?,70381
What is 81666 plus 42462?,124128
What is 931 plus 822?,1753
What is 89 plus 82?,171
What is 92298 plus 57403?,149701
What is 367 plus 164?,531
What is 50063 plus 49425?,99488
What is 81194 plus 96241?,177435
What is 424 plus 102?,526
What is 4722 plus 9108?,13830
What is 80 plus 18?,98
What is 53722 plus 82286?,136008
What is 2567 plus 7306?,9873
What is 12 plus 45?,57
What is 413 plus 489?,902
What is 78135 plus 54122?,132257
What is 15 plus 40?,55
What is 920 plus 499?,1419
What is 494 plus 845?,1339
What is 98 plus 99?,197
What is 168 plus 823?,991
What is 41 plus 61?,102
What is 14268 plus 57896?,72164
What is 35 plus 85?,120
What is 67806 plus 12924?,80730
What is 4736 plus 7348?,12084
What is 642 plus 840?,1482
What is 21793 plus 12664?,34457
What is 22362 plus 17899?,40261
What is 37 plus 30?,67
What is 365 plus 935?,1300
What is 19557 plus 84758?,104315
What is 1429 plus 3727?,5156
What is 278 plus 891?,1169
What is 2379 plus 5083?,7462
What is 73 plus 17?,90
What is 8914 plus 4751?,13665
What is 46101 plus 85746?,131847
What is 88 plus 70?,158
What is 1283 plus 9524?,10807
What is 63 plus 66?,129
What is 365 plus 598?,963
What is 197 plus 888?,1085
What is 88 plus 58?,146
What is 48366 plus 29729?,78095
What is 5323 plus 1053?,6376
What is 601 plus 695?,1296
What is 53 plus 69?,122
What is 13 plus 33?,46
What is 4593 plus 2258?,6851
What is 409 plus 383?,792
What is 79266 plus 54106?,133372
What is 4464 plus 4788?,9252
What is 57 plus 65?,122
What is 75605 plus 56156?,131761
What is 4145 plus 3707?,7852
What is 24878 plus 36446?,61324
What is 7492 plus 9824?,17316
What is 2267 plus 2989?,5256
What is 71487 plus 23499?,94986
What is 5940 plus 7202?,13142
What is 11 plus 92?,103
What is 54 plus 84?,138
What is 67 plus 77?,144
What is 843 plus 461?,1304
What is 43181 plus 92094?,135275
What is 24396 plus 89263?,113659
What is 97172 plus 78778?,175950
What is 49 plus 93?,142
What is 29 plus 36?,65
What is 95 plus 64?,159
What is 199 plus 403?,602
What is 79646 plus 35693?,115339
What is 5191 plus 6642?,11833
What is 63081 plus 80148?,143229
What is 782 plus 543?,1325
What is 6233 plus 7488?,13721
What is 4635 plus 6053?,10688
What is 95827 plus 23216?,119043
What is 93998 plus 15940?,109938
What is 38514 plus 51802?,90316
What is 787 plus 698?,1485
What is 97730 plus 28000?,125730
What is 550 plus 223?,773
What is 61291 plus 46649?,107940
What is 955 plus 686?,1641
What is 676 plus 757?,1433
What is 106 plus 309?,415
What is 57551 plus 28502?,86053
What is 11873 plus 30805?,42678
What is 868 plus 278?,1146
What is 232 plus 859?,1091
What is 4085 plus 1492?,5577
What is 38064 plus 19967?,58031
What is 53943 plus 55390?,109333
What is 393 plus 933?,1326
What is 4664 plus 3193?,7857
What is 81022 plus 97613?,178635
What is 716 plus 726?,1442
What is 81 plus 14?,95
What is 96825 plus 41851?,138676
What is 88 plus 40?,128
What is 89 plus 45?,134
What is 23714 plus 20092?,43806
What is 2082 plus 9972?,12054
What is 95627 plus 79479?,175106
What is 95889 plus 47103?,142992
What is 510 plus 793?,1303
What is 770 plus 823?,1593
What is 2671 plus 4437?,7108
What is 4663 plus 8136?,12799
What is 63912 plus 14362?,78274
What is 19 plus 37?,56
What is 91665 plus 16630?,108295
What is 56 plus 15?,71
What is 5884 plus 1205?,7089
What is 71 plus 88?,159
What is 827 plus 239?,1066
What is 21324 plus 95973?,117297
What is 810 plus 678?,1488
What is 61 plus 68?,129
What is 70521 plus 94090?,164611
What is 39 plus 97?,136
What is 31368 plus 12223?,43591
What is 40 plus 50?,90
What is 72022 plus 30065?,102087
What is 21 plus 27?,48
What is 24085 plus 69918?,94003
What is 54088 plus 36324?,90412
What is 86710 plus 69697?,156407
What is 641 plus 903?,1544
What is 43 plus 63?,106
What is 72020 plus 12846?,84866
What is 994 plus 153?,1147
What is 21595 plus 26419?,48014
What is 48 plus 71?,119
What is 764 plus 907?,1671
What is 69889 plus 47117?,117006
What is 37179 plus 41707?,78886
What is 735 plus 675?,1410
What is 69 plus 75?,144
What is 12942 plus 14520?,27462
What is 582 plus 130?,712
What is 662 plus 846?,1508
What is 7907 plus 9137?,17044
What is 80 plus 20?,100
What is 11047 plus 87613?,98660
What is 57871 plus 33576?,91447
What is 868 plus 986?,1854
What is 6661 plus 8172?,14833
What is 1753 plus 8229?,9982
What is 795 plus 974?,1769
What is 215 plus 215?,430
What is 43 plus 72?,115
What is 21 plus 71?,92
What is 493 plus 962?,1455
What is 28 plus 60?,88
What is 36 plus 96?,132
What is 876 plus 585?,1461
What is 29802 plus 78230?,108032
What is 76587 plus 76344?,152931
What is 40953 plus 93174?,134127
What is 99522 plus 98047?,197569
What is 8278 plus 2976?,11254
What is 527 plus 274?,801
What is 33171 plus 40227?,73398
What is 133 plus 595?,728
What is 53 plus 11?,64
What is 5187 plus 2087?,7274
What is 46 plus 51?,97
What is 28 plus 20?,48
What is 94 plus 45?,139
What is 879 plus 454?,1333
What is 72679 plus 87627?,160306
What is 656 plus 177?,833
What is 86 plus 95?,181
What is 41 plus 90?,131
What is 481 plus 619?,1100
What is 2906 plus 8177?,11083
What is 44825 plus 64869?,109694
What is 56 plus 28?,84
What is 41048 plus 52525?,93573
What is 8637 plus 6416?,15053
What is 69 plus 25?,94
What is 98 plus 48?,146
What is 272 plus 965?,1237
What is 27 plus 19?,46
What is 5312 plus 6077?,11389
What is 6057 plus 7739?,13796
What is 24439 plus 63545?,87984
What is 3922 plus 9938?,13860
What is 127 plus 827?,954
What is 385 plus 189?,574
What is 761 plus 677?,1438
What is 180 plus 752?,932
What is 167 plus 720?,887
What is 74778 plus 28995?,103773
What is 58271 plus 24469?,82740
What is 478 plus 763?,1241
What is 99124 plus 87763?,186887
What is 918 plus 356?,1274
What is 537 plus 910?,1447
What is 90 plus 73?,163
What is 72488 plus 51950?,124438
What is 7491 plus 8370?,15861
What is 91 plus 41?,132
What is 17727 plus 81978?,99705
What is 45103 plus 13319?,58422
What is 81876 plus 52512?,134388
What is 642 plus 193?,835
What is 82256 plus 96128?,178384
What is 38855 plus 37780?,76635
What is 82 plus 48?,130
What is 556 plus 412?,968
What is 74096 plus 90028?,164124
What is 860 plus 859?,1719
What is 8126 plus 3803?,11929
What is 49 plus 92?,141
What is 47570 plus 52602?,100172
What is 642 plus 302?,944
What is 202 plus 731?,933
What is 190 plus 880?,1070
What is 95 plus 59?,154
What is 721 plus 852?,1573
What is 38793 plus 28814?,67607
What is 2918 plus 9258?,12176
What is 892 plus 324?,1216
What is 89995 plus 67751?,157746
What is 64 plus 44?,108
What is 28 plus 60?,88
What is 76 plus 15?,91
What is 17231 plus 17103?,34334
What is 9940 plus 9003?,18943
What is 4729 plus 3040?,7769
What is 19 plus 32?,51
What is 50245 plus 99771?,150016
What is 67 plus 66?,133
What is 771 plus 499?,1270
What is 64683 plus 96688?,161371
What is 75859 plus 48961?,124820
What is 80078 plus 49553?,129631
What is 32483 plus 29006?,61489
What is 42 plus 34?,76
What is 940 plus 597?,1537
What is 61022 plus 50408?,111430
What is 66 plus 15?,81
What is 163 plus 686?,849
What is 54769 plus 59928?,114697
What is 7295 plus 4435?,11730
What is 347 plus 946?,1293
What is 53023 plus 50494?,103517
What is 78 plus 39?,117
What is 265 plus 821?,1086
What is 87615 plus 60187?,147802
What is 62262 plus 97741?,160003
What is 61997 plus 55379?,117376
What is 971 plus 720?,1691
What is 6707 plus 9944?,16651
What is 50475 plus 98875?,149350
What is 35938 plus 68329?,104267
What is 71539 plus 91656?,163195
What is 7187 plus 8556?,15743
What is 64869 plus 95217?,160086
What is 52 plus 49?,101
What is 81 plus 62?,143
What is 5974 plus 4184?,10158
What is 415 plus 613?,1028
What is 66 plus 72?,138
What is 77109 plus 11424?,88533
What is 535 plus 363?,898
What is 94807 plus 88370?,183177
What is 509 plus 897?,1406
What is 3942 plus 3895?,7837
What is 1621 plus 4574?,6195
What is 56 plus 71?,127
What is 756 plus 113?,869
What is 76079 plus 43970?,120049
What is 522 plus 299?,821
What is 8136 plus 8171?,16307
What is 4548 plus 9617?,14165
What is 3064 plus 3676?,6740
What is 6235 plus 8807?,15042
What is 45 plus 16?,61
What is 35 plus 11?,46
What is 82 plus 56?,138
What is 9158 plus 3999?,13157
What is 8843 plus 7218?,16061
What is 78801 plus 73799?,152600
What is 99 plus 66?,165
What is 87482 plus 43641?,131123
What is 8352 plus 7646?,15998
What is 9780 plus 1830?,11610
What is 9861 plus 2393?,12254
What is 716 plus 322?,1038
What is 885 plus 330?,1215
What is 41 plus 62?,103
What is 51465 plus 65564?,117029
What is 28052 plus 36445?,64497
What is 7502 plus 9776?,17278
What is 41 plus 42?,83
What is 11546 plus 53089?,64635
What is 91233 plus 57772?,149005
What is 29797 plus 60582?,90379
What is 54655 plus 95212?,149867
What is 20 plus 25?,45
What is 61411 plus 56633?,118044
What is 62 plus 18?,80
What is 7046 plus 8099?,15145
What is 49 plus 44?,93
What is 6834 plus 7214?,14048
What is 35519 plus 72852?,108371
What is 85887 plus 56571?,142458
What is 4683 plus 9249?,13932
What is 521 plus 912?,1433
What is 317 plus 815?,1132
What is 3935 plus 2876?,6811
What is 139 plus 162?,301
What is 7880 plus 6954?,14834
What is 6185 plus 2925?,9110
What is 71749 plus 11082?,82831
What is 5219 plus 9460?,14679
What is 97026 plus 55842?,152868
What is 48730 plus 78360?,127090
What is 957 plus 135?,1092
What is 95261 plus 90879?,186140
What is 60418 plus 16435?,76853
What is 45314 plus 24596?,69910
What is 27135 plus 98334?,125469
What is 63 plus 64?,127
What is 32 plus 97?,129
What is 147 plus 949?,1096
What is 12 plus 86?,98
What is 80028 plus 61151?,141179
What is 97 plus 91?,188
What is 8419 plus 3070?,11489
What is 795 plus 222?,1017
What is 39389 plus 13087?,52476
What is 2888 plus 4848?,7736
What is 5113 plus 4132?,9245
What is 2050 plus 5510?,7560
What is 81 plus 47?,128
What is 7681 plus 6312?,13993
What is 81 plus 10?,91
What is 81806 plus 87165?,168971
What is 74 plus 29?,103
What is 11454 plus 73213?,84667
What is 37717 plus 58121?,95838
What is 952 plus 691?,1643
What is 24341 plus 34864?,59205
What is 82 plus 70?,152
What is 65107 plus 47001?,112108
What is 17 plus 44?,61
What is 53979 plus 75331?,129310
What is 8166 plus 3821?,11987
What is 94 plus 46?,140
What is 924 plus 139?,1063
What is 93 plus 66?,159
What is 85 plus 46?,131
What is 821 plus 546?,1367
What is 86 plus 52?,138
What is 75055 plus 13395?,88450
What is 915 plus 503?,1418
What is 924 plus 939?,1863
What is 1262 plus 8268?,9530
What is 1621 plus 1573?,3194
What is 405 plus 252?,657
What is 930 plus 654?,1584
What is 98087 plus 16982?,115069
What is 26293 plus 24342?,50635
What is 3336 plus 5701?,9037
What is 14926 plus 55468?,70394
What is 3203 plus 2390?,5593
What is 65447 plus 98253?,163700
What is 51332 plus 67418?,118750
What is 9755 plus 2791?,12546
What is 6990 plus 5929?,12919
What is 373 plus 988?,1361
What is 2732 plus 3125?,5857
What is 1558 plus 7802?,9360
What is 75 plus 55?,130
What is 67 plus 69?,136
What is 64939 plus 66147?,131086
What is 673 plus 491?,1164
What is 770 plus 310?,1080
What is 842 plus 661?,1503
What is 80936 plus 80735?,161671
What is 15 plus 47?,62
What is 3978 plus 2960?,6938
What is 3824 plus 1492?,5316
What is 35 plus 64?,99
What is 56 plus 28?,84
What is 80 plus 54?,134
What is 102 plus 282?,384
What is 2078 plus 3184?,5262
What is 30 plus 21?,51
What is 26 plus 70?,96
What is 49 plus 24?,73
What is 54035 plus 40881?,94916
What is 8377 plus 2345?,10722
What is 10873 plus 84108?,94981
What is 27 plus 34?,61
What is 63 plus 69?,132
What is 38 plus 67?,105
What is 5526 plus 5798?,11324
What is 87134 plus 13250?,100384
What is 61 plus 24?,85
What is 8483 plus 6402?,14885
What is 403 plus 712?,1115
What is 9072 plus 4552?,13624
What is 76 plus 92?,168
What is 74 plus 19?,93
What is 300 plus 348?,648
What is 43559 plus 97814?,141373
What is 85023 plus 74518?,159541
What is 5070 plus 7774?,12844
What is 4248 plus 8167?,12415
What is 233 plus 248?,481
What is 5045 plus 2996?,8041
What is 748 plus 570?,1318
What is 54061 plus 29092?,83153
What is 1392 plus 3251?,4643
What is 536 plus 123?,659
What is 97 plus 90?,187
What is 88 plus 98?,186
What is 81 plus 62?,143
What is 97692 plus 36375?,134067
What is 79 plus 32?,111
What is 448 plus 929?,1377
What is 49 plus 29?,78
What is 7067 plus 8404?,15471
What is 31402 plus 71116?,102518
What is 4825 plus 3060?,7885
What is 643 plus 870?,1513
What is 3605 plus 4067?,7672
What is 188 plus 126?,314
What is 740 plus 181?,921
What is 558 plus 325?,883
What is 860 plus 161?,1021
What is 9425 plus 4526?,13951
What is 47 plus 79?,126
What is 6719 plus 4843?,11562
What is 11440 plus 96141?,107581
What is 651 plus 442?,1093
What is 62 plus 24?,86
What is 69 plus 95?,164
What is 8381 plus 2603?,10984
What is 81 plus 62?,143
What is 267 plus 990?,1257
What is 909 plus 355?,1264
What is 15 plus 75?,90
What is 24 plus 26?,50
What is 77 plus 83?,160
What is 825 plus 245?,1070
What is 59 plus 34?,93
What is 51 plus 28?,79
What is 69 plus 61?,130
What is 80 plus 15?,95
What is 67966 plus 77085?,145051
What is 9874 plus 1629?,11503
What is 534 plus 804?,1338
What is 75869 plus 57445?,133314
What is 98135 plus 13270?,111405
What is 1539 plus 4804?,6343
What is 1477 plus 1754?,3231
What is 305 plus 847?,1152
What is 852 plus 135?,987
What is 920 plus 718?,1638
What is 58839 plus 58566?,117405
What is 3791 plus 6512?,10303
What is 1297 plus 7889?,9186
What is 77981 plus 78858?,156839
What is 225 plus 758?,983
What is 8064 plus 2240?,10304
What is 681 plus 955?,1636
What is 67 plus 32?,99
What is 53771 plus 34384?,88155
What is 60 plus 44?,104
What is 7539 plus 5421?,12960
What is 83 plus 69?,152
What is 852 plus 264?,1116
What is 95137 plus 92551?,187688
What is 757 plus 597?,1354
What is 8986 plus 9794?,18780
What is 54813 plus 61388?,116201
What is 88331 plus 91065?,179396
What is 6590 plus 9844?,16434
What is 47970 plus 20247?,68217
What is 59 plus 66?,125
What is 89 plus 10?,99
What is 279 plus 365?,644
What is 4802 plus 2258?,7060
What is 160 plus 712?,872
What is 91871 plus 26547?,118418
What is 72120 plus 92390?,164510
What is 5763 plus 4450?,10213
What is 52601 plus 69726?,122327
What is 82602 plus 93218?,175820
What is 40690 plus 99427?,140117
What is 74733 plus 95968?,170701
What is 2936 plus 6932?,9868
What is 317 plus 533?,850
What is 70135 plus 17237?,87372
What is 30603 plus 92850?,123453
What is 9387 plus 9202?,18589
What is 90907 plus 18667?,109574
What is 63583 plus 53754?,117337
What is 22 plus 12?,34
What is 83 plus 61?,144
What is 64737 plus 49068?,113805
What is 1490 plus 2779?,4269
What is 4850 plus 6606?,11456
What is 84 plus 20?,104
What is 59758 plus 39957?,99715
What is 32644 plus 98524?,131168
What is 91163 plus 42538?,133701
What is 849 plus 229?,1078
What is 9090 plus 5135?,14225
What is 96126 plus 43040?,139166
What is 33 plus 43?,76
What is 79357 plus 34101?,113458
What is 692 plus 500?,1192
What is 34244 plus 97538?,131782
What is 7988 plus 3162?,11150
What is 88 plus 86?,174
What is 9343 plus 7679?,17022
What is 8389 plus 3362?,11751
What is 14848 plus 99967?,114815
What is 87 plus 98?,185
What is 1122 plus 1121?,2243
What is 964 plus 431?,1395
What is 77110 plus 23838?,100948
What is 3659 plus 7702?,11361
What is 51 plus 58?,109
What is 45471 plus 13712?,59183
What is 679 plus 582?,1261
What is 570 plus 108?,678
What is 230 plus 827?,1057
What is 73 plus 73?,146
What is 85265 plus 44721?,129986
What is 12800 plus 36826?,49626
What is 72368 plus 43249?,115617
What is 139 plus 856?,995
What is 5714 plus 4883?,10597
What is 33 plus 58?,91
What is 12 plus 38?,50
What is 3102 plus 5957?,9059
What is 95254 plus 56580?,151834
What is 57487 plus 37715?,95202
What is 206 plus 707?,913
What is 74878 plus 81859?,156737
What is 62 plus 95?,157
What is 79 plus 11?,90
What is 24338 plus 54303?,78641
What is 9455 plus 2190?,11645
What is 16 plus 99?,115
What is 88 plus 16?,104
What is 62 plus 21?,83
What is 50308 plus 41685?,91993
What is 84617 plus 60601?,145218
What is 478 plus 385?,863
What is 3711 plus 1275?,4986
What is 23 plus 65?,88
What is 646 plus 799?,1445
What is 30 plus 79?,109
What is 8858 plus 8216?,17074
What is 4658 plus 9730?,14388
What is 5868 plus 2191?,8059
What is 3702 plus 9929?,13631
What is 1686 plus 3088?,4774
What is 48 plus 84?,132
What is 594 plus 189?,783
What is 4319 plus 7875?,12194
What is 64 plus 14?,78
What is 907 plus 968?,1875
What is 45 plus 46?,91
What is 4244 plus 3178?,7422
What is 768 plus 542?,1310
What is 11956 plus 68628?,80584
What is 5319 plus 5732?,11051
What is 6085 plus 4383?,10468
What is 9964 plus 8648?,18612
What is 279 plus 526?,805
What is 88546 plus 90306?,178852
What is 12135 plus 33748?,45883
What is 38 plus 48?,86
What is 29 plus 43?,72
What is 20 plus 44?,64
What is 463 plus 598?,1061
What is 9731 plus 8112?,17843
What is 21613 plus 27241?,48854
What is 1501 plus 1808?,3309
What is 44807 plus 27180?,71987
What is 777 plus 959?,1736
What is 30 plus 51?,81
What is 9777 plus 1592?,11369
What is 820 plus 903?,1723
What is 6430 plus 5614?,12044
What is 3637 plus 7443?,11080
What is 90187 plus 61830?,152017
What is 55 plus 54?,109
What is 60 plus 16?,76
What is 86232 plus 83485?,169717
What is 5942 plus 8216?,14158
What is 9769 plus 5412?,15181
What is 107 plus 874?,981
What is 99887 plus 86722?,186609
What is 3682 plus 7597?,11279
What is 3746 plus 6535?,10281
What is 1909 plus 5776?,7685
What is 256 plus 676?,932
What is 23493 plus 91994?,115487
What is 1455 plus 6056?,7511
What is 40 plus 65?,105
What is 928 plus 499?,1427
What is 15 plus 41?,56
What is 62 plus 79?,141
What is 70 plus 80?,150
What is 50864 plus 74142?,125006
What is 4567 plus 4409?,8976
What is 94608 plus 60484?,155092
What is 359 plus 472?,831
What is 57699 plus 51034?,108733
What is 8445 plus 3537?,11982
What is 5982 plus 2124?,8106
What is 71 plus 15?,86
What is 225 plus 998?,1223
What is 8818 plus 3017?,11835
What is 24 plus 59?,83
What is 13 plus 11?,24
What is 192 plus 351?,543
What is 930 plus 352?,1282
What is 207 plus 988?,1195
What is 727 plus 312?,1039
What is 683 plus 596?,1279
What is 869 plus 273?,1142
What is 805 plus 753?,1558
What is 6096 plus 5825?,11921
What is 8033 plus 7307?,15340
What is 543 plus 604?,1147
What is 15 plus 49?,64
What is 14 plus 82?,96
What is 87 plus 25?,112
What is 243 plus 901?,1144
What is 21 plus 57?,78
What is 473 plus 272?,745
What is 57 plus 89?,146
What is 885 plus 633?,1518
What is 632 plus 465?,1097
What is 19 plus 51?,70
What is 70060 plus 80943?,151003
What is 11 plus 61?,72
What is 6162 plus 3527?,9689
What is 1819 plus 4198?,6017
What is 2299 plus 7152?,9451
What is 229 plus 189?,418
What is 337 plus 184?,521
What is 235 plus 255?,490
What is 78 plus 98?,176
What is 1431 plus 7035?,8466
What is 2452 plus 9016?,11468
What is 4410 plus 7107?,11517
What is 57931 plus 90795?,148726
What is 150 plus 195?,345
What is 47041 plus 65798?,112839
What is 56257 plus 38537?,94794
What is 69 plus 59?,128
What is 197 plus 598?,795
What is 25293 plus 54005?,79298
What is 641 plus 622?,1263
What is 7974 plus 3602?,11576
What is 6328 plus 2562?,8890
What is 64678 plus 48300?,112978
What is 753 plus 580?,1333
What is 967 plus 591?,1558
What is 911 plus 311?,1222
What is 50803 plus 63954?,114757
What is 1899 plus 1319?,3218
What is 232 plus 529?,761
What is 275 plus 259?,534
What is 22 plus 20?,42
What is 579 plus 805?,1384
What is 16710 plus 54806?,71516
What is 7552 plus 7454?,15006
What is 24 plus 97?,121
What is 15 plus 38?,53
What is 1596 plus 7117?,8713
What is 81 plus 80?,161
What is 56 plus 14?,70
What is 570 plus 179?,749
What is 8965 plus 9142?,18107
What is 59 plus 63?,122
What is 3400 plus 7156?,10556
What is 74453 plus 95496?,169949
What is 35 plus 59?,94
What is 84474 plus 17266?,101740
What is 21884 plus 71199?,93083
What is 51892 plus 28573?,80465
What is 234 plus 280?,514
What is 983 plus 579?,1562
What is 7305 plus 4837?,12142
What is 11639 plus 55849?,67488
What is 37 plus 58?,95
What is 63 plus 59?,122
What is 5167 plus 8484?,13651
What is 64358 plus 94522?,158880
What is 14 plus 13?,27
What is 911 plus 805?,1716
What is 3272 plus 7790?,11062
What is 666 plus 208?,874
What is 52 plus 94?,146
What is 73690 plus 33437?,107127
What is 7761 plus 6254?,14015
What is 5505 plus 8377?,13882
What is 183 plus 942?,1125
What is 5480 plus 3705?,9185
What is 4002 plus 1511?,5513
What is 737 plus 987?,1724
What is 106 plus 634?,740
What is 373 plus 857?,1230
What is 381 plus 976?,1357
What is 37784 plus 47637?,85421
What is 673 plus 311?,984
What is 58862 plus 31980?,90842
What is 41668 plus 33222?,74890
What is 948 plus 431?,1379
What is 8369 plus 7130?,15499
What is 10 plus 38?,48
What is 41284 plus 67314?,108598
What is 19 plus 86?,105
What is 76 plus 42?,118
What is 4788 plus 1585?,6373
What is 83633 plus 72684?,156317
What is 40 plus 53?,93
What is 261 plus 851?,1112
What is 48 plus 62?,110
What is 4920 plus 8334?,13254
What is 75 plus 57?,132
What is 1487 plus 8914?,10401
What is 32191 plus 21528?,53719
What is 10 plus 71?,81
What is 13442 plus 44939?,58381
What is 7624 plus 9922?,17546
What is 17 plus 79?,96
What is 592 plus 610?,1202
What is 3775 plus 7481?,11256
What is 986 plus 284?,1270
What is 9114 plus 1436?,10550
What is 4231 plus 7070?,11301
What is 14356 plus 68136?,82492
What is 12 plus 65?,77
What is 8261 plus 1931?,10192
What is 41 plus 83?,124
What is 59 plus 68?,127
What is 455 plus 663?,1118
What is 33 plus 19?,52
What is 612 plus 592?,1204
What is 80291 plus 31066?,111357
What is 782 plus 421?,1203
What is 7300 plus 4535?,11835
What is 854 plus 738?,1592
What is 42461 plus 89250?,131711
What is 2110 plus 7285?,9395
What is 63082 plus 19872?,82954
What is 941 plus 790?,1731
What is 9808 plus 1248?,11056
What is 498 plus 567?,1065
What is 38028 plus 69169?,107197
What is 7454 plus 2056?,9510
What is 95427 plus 44263?,139690
What is 919 plus 609?,1528
What is 49621 plus 92833?,142454
What is 29 plus 68?,97
What is 47 plus 20?,67
What is 50035 plus 40941?,90976
What is 68 plus 89?,157
What is 93527 plus 94396?,187923
What is 9136 plus 6119?,15255
What is 24 plus 99?,123
What is 44122 plus 16408?,60530
What is 89 plus 21?,110
What is 5194 plus 9222?,14416
What is 6038 plus 1949?,7987
What is 78096 plus 42296?,120392
What is 711 plus 908?,1619
What is 57 plus 21?,78
What is 17 plus 59?,76
What is 69886 plus 33794?,103680
What is 323 plus 186?,509
What is 34 plus 37?,71
What is 33 plus 24?,57
What is 47250 plus 74617?,121867
What is 386 plus 182?,568
What is 97105 plus 69891?,166996
What is 470 plus 321?,791
What is 2973 plus 3385?,6358
What is 137 plus 388?,525
What is 6025 plus 3730?,9755
What is 661 plus 223?,884
What is 169 plus 513?,682
What is 9478 plus 9759?,19237
What is 978 plus 298?,1276
What is 909 plus 450?,1359
What is 5227 plus 3399?,8626
What is 68 plus 51?,119
What is 481 plus 414?,895
What is 80 plus 88?,168
What is 4683 plus 7364?,12047
What is 91 plus 75?,166
What is 7749 plus 5773?,13522
What is 993 plus 523?,1516
What is 24546 plus 57157?,81703
What is 478 plus 107?,585
What is 95661 plus 56950?,152611
What is 9576 plus 2543?,12119
What is 66849 plus 83600?,150449
What is 2675 plus 5595?,8270
What is 60 plus 77?,137
What is 549 plus 570?,1119
What is 8970 plus 9448?,18418
What is 9842 plus 2174?,12016
What is 77 plus 16?,93
What is 3683 plus 7289?,10972
What is 7640 plus 1876?,9516
What is 8580 plus 4358?,12938
What is 8207 plus 5484?,13691
What is 5877 plus 7451?,13328
What is 384 plus 875?,1259
What is 6141 plus 3535?,9676
What is 86601 plus 31605?,118206
What is 859 plus 389?,1248
What is 10 plus 14?,24
What is 24266 plus 64935?,89201
What is 9959 plus 4873?,14832
What is 97 plus 58?,155
What is 5340 plus 3582?,8922
What is 61436 plus 76830?,138266
What is 65 plus 30?,95
What is 91 plus 65?,156
What is 926 plus 664?,1590
What is 95921 plus 47527?,143448
What is 1548 plus 8967?,10515
What is 49 plus 95?,144
What is 9335 plus 4258?,13593
What is 89 plus 44?,133
What is 14 plus 45?,59
What is 35390 plus 87035?,122425
What is 97 plus 85?,182
What is 2472 plus 6924?,9396
What is 957 plus 362?,1319
What is 347 plus 908?,1255
What is 74647 plus 37669?,112316
What is 79800 plus 14613?,94413
What is 223 plus 842?,1065
What is 18315 plus 91546?,109861
What is 23755 plus 86614?,110369
What is 507 plus 819?,1326
What is 1301 plus 7896?,9197
What is 22 plus 25?,47
What is 81048 plus 80522?,161570
What is 17587 plus 84625?,102212
What is 333 plus 843?,1176
What is 695 plus 295?,990
What is 50 plus 81?,131
What is 8838 plus 7151?,15989
What is 34650 plus 50089?,84739
What is 44105 plus 63750?,107855
What is 975 plus 623?,1598
What is 70 plus 55?,125
What is 847 plus 813?,1660
What is 53 plus 32?,85
What is 93594 plus 19906?,113500
What is 7748 plus 5787?,13535
What is 88 plus 21?,109
What is 95 plus 57?,152
What is 23151 plus 60508?,83659
What is 93 plus 57?,150
What is 739 plus 586?,1325
What is 767 plus 872?,1639
What is 74 plus 66?,140
What is 46 plus 56?,102
What is 18127 plus 38461?,56588
What is 57572 plus 64791?,122363
What is 5464 plus 4261?,9725
What is 215 plus 869?,1084
What is 5088 plus 9695?,14783
What is 357 plus 529?,886
What is 4513 plus 3459?,7972
What is 56 plus 40?,96
What is 72 plus 69?,141
What is 1745 plus 9082?,10827
What is 70422 plus 97894?,168316
What is 8741 plus 7814?,16555
What is 55 plus 13?,68
What is 39292 plus 52385?,91677
What is 96 plus 65?,161
What is 9084 plus 4239?,13323
What is 82 plus 34?,116
What is 747 plus 185?,932
What is 40 plus 56?,96
What is 28 plus 34?,62
What is 6468 plus 1957?,8425
What is 96 plus 60?,156
What is 6439 plus 4061?,10500
What is 79073 plus 87750?,166823
What is 8241 plus 2109?,10350
What is 73 plus 49?,122
What is 81100 plus 27867?,108967
What is 3935 plus 3572?,7507
What is 83936 plus 24570?,108506
What is 10386 plus 29173?,39559
What is 5913 plus 7361?,13274
What is 28227 plus 56223?,84450
What is 4214 plus 4330?,8544
What is 429 plus 802?,1231
What is 41883 plus 35178?,77061
What is 92 plus 65?,157
What is 752 plus 567?,1319
What is 926 plus 818?,1744
What is 577 plus 143?,720
What is 789 plus 582?,1371
What is 480 plus 471?,951
What is 707 plus 765?,1472
What is 6157 plus 7418?,13575
What is 5461 plus 9064?,14525
What is 4537 plus 9378?,13915
What is 385 plus 532?,917
What is 84 plus 62?,146
What is 4897 plus 4506?,9403
What is 47 plus 58?,105
What is 14 plus 29?,43
What is 27023 plus 48891?,75914
What is 15112 plus 54354?,69466
What is 4462 plus 3420?,7882
What is 85431 plus 99994?,185425
What is 51 plus 28?,79
What is 8579 plus 9196?,17775
What is 80 plus 21?,101
What is 26119 plus 26541?,52660
What is 55224 plus 68137?,123361
What is 816 plus 837?,1653
What is 84 plus 55?,139
What is 9212 plus 3597?,12809
What is 12176 plus 21101?,33277
What is 60549 plus 18337?,78886
What is 72886 plus 28047?,100933
What is 256 plus 670?,926
What is 34 plus 75?,109
What is 658 plus 947?,1605
What is 25 plus 80?,105
What is 7296 plus 5236?,12532
What is 3517 plus 8723?,12240
What is 54 plus 60?,114
What is 78 plus 99?,177
What is 19660 plus 85978?,105638
What is 679 plus 444?,1123
What is 83 plus 65?,148
What is 62 plus 61?,123
What is 32673 plus 78133?,110806
What is 96 plus 73?,169
What is 42600 plus 27627?,70227
What is 48872 plus 50984?,99856
What is 64 plus 73?,137
What is 68954 plus 70581?,139535
What is 4988 plus 5888?,10876
What is 7632 plus 7066?,14698
What is 460 plus 431?,891
What is 767 plus 852?,1619
What is 92046 plus 39681?,131727
What is 19137 plus 95738?,114875
What is 26198 plus 40870?,67068
What is 3295 plus 2041?,5336
What is 1123 plus 3666?,4789
What is 42587 plus 92291?,134878
What is 7897 plus 5044?,12941
What is 62 plus 31?,93
What is 1419 plus 4577?,5996
What is 35067 plus 58264?,93331
What is 54 plus 21?,75
What is 36 plus 93?,129
What is 98923 plus 38408?,137331
What is 6072 plus 6631?,12703
What is 781 plus 551?,1332
What is 20070 plus 23783?,43853
What is 960 plus 743?,1703
What is 1204 plus 5662?,6866
What is 2435 plus 1461?,3896
What is 140 plus 693?,833
What is 642 plus 281?,923
What is 18357 plus 43858?,62215
What is 2373 plus 7339?,9712
What is 699 plus 593?,1292
What is 79036 plus 49205?,128241
What is 96 plus 51?,147
What is 50 plus 13?,63
What is 170 plus 247?,417
What is 50072 plus 45039?,95111
What is 463 plus 414?,877
What is 7314 plus 6529?,13843
What is 25449 plus 60839?,86288
What is 453 plus 745?,1198
What is 283 plus 198?,481
What is 96 plus 23?,119
What is 89032 plus 45448?,134480
What is 916 plus 684?,1600
What is 87911 plus 21282?,109193
What is 6739 plus 6901?,13640
What is 6104 plus 7670?,13774
What is 6502 plus 8184?,14686
What is 789 plus 865?,1654
What is 51152 plus 93317?,144469
What is 48 plus 25?,73
What is 19435 plus 46765?,66200
What is 18 plus 99?,117
What is 2197 plus 5589?,7786
What is 26109 plus 56784?,82893
What is 93700 plus 42185?,135885
What is 17464 plus 60634?,78098
What is 696 plus 268?,964
What is 75 plus 21?,96
What is 9987 plus 1119?,11106
What is 90415 plus 41284?,131699
What is 903 plus 469?,1372
What is 99 plus 73?,172
What is 4465 plus 4124?,8589
What is 6942 plus 1717?,8659
What is 4819 plus 9334?,14153
What is 62 plus 57?,119
What is 71988 plus 11756?,83744
What is 51 plus 35?,86
What is 98050 plus 97955?,196005
What is 93007 plus 39533?,132540
What is 19 plus 79?,98
What is 3061 plus 4533?,7594
What is 96602 plus 31080?,127682
What is 79 plus 87?,166
What is 60 plus 50?,110
What is 905 plus 920?,1825
What is 212 plus 118?,330
What is 5656 plus 7749?,13405
What is 34 plus 85?,119
What is 984 plus 929?,1913
What is 919 plus 703?,1622
What is 90 plus 20?,110
What is 37358 plus 68355?,105713
What is 37 plus 23?,60
What is 65063 plus 89623?,154686
What is 66478 plus 85954?,152432
What is 817 plus 827?,1644
What is 28768 plus 68556?,97324
What is 96226 plus 76151?,172377
What is 31824 plus 10048?,41872
What is 8542 plus 9926?,18468
What is 456 plus 266?,722
What is 828 plus 262?,1090
What is 29260 plus 88874?,118134
What is 973 plus 137?,1110
What is 4521 plus 9859?,14380
What is 540 plus 150?,690
What is 5076 plus 8495?,13571
What is 33235 plus 22967?,56202
What is 66 plus 39?,105
What is 38 plus 56?,94
What is 4103 plus 4842?,8945
What is 64 plus 19?,83
What is 8863 plus 5804?,14667
What is 932 plus 961?,1893
What is 41502 plus 59011?,100513
What is 5051 plus 4005?,9056
What is 45 plus 92?,137
What is 109 plus 204?,313
What is 91153 plus 83527?,174680
What is 6810 plus 9513?,16323
What is 1002 plus 4889?,5891
What is 91 plus 45?,136
What is 54 plus 83?,137
What is 4832 plus 4422?,9254
What is 6726 plus 8890?,15616
What is 49 plus 57?,106
What is 763 plus 319?,1082
What is 26 plus 53?,79
What is 42 plus 74?,116
What is 553 plus 287?,840
What is 50018 plus 80325?,130343
What is 34105 plus 85779?,119884
What is 10 plus 26?,36
What is 58 plus 58?,116
What is 17751 plus 84748?,102499
What is 78 plus 87?,165
What is 9718 plus 1179?,10897
What is 534 plus 315?,849
What is 9960 plus 6561?,16521
What is 87592 plus 95300?,182892
What is 638 plus 912?,1550
What is 8764 plus 4398?,13162
What is 79897 plus 85054?,164951
What is 14981 plus 58012?,72993
What is 30 plus 48?,78
What is 657 plus 507?,1164
What is 42504 plus 28587?,71091
What is 20828 plus 35304?,56132
What is 6607 plus 2047?,8654
What is 95 plus 54?,149
What is 90296 plus 59791?,150087
What is 4114 plus 2430?,6544
What is 37 plus 93?,130
What is 462 plus 200?,662
What is 29377 plus 16295?,45672
What is 13 plus 47?,60
What is 233 plus 456?,689
What is 45054 plus 45721?,90775
What is 94488 plus 13528?,108016
What is 405 plus 689?,1094
What is 65701 plus 26054?,91755
What is 84 plus 54?,138
What is 32 plus 21?,53
What is 644 plus 996?,1640
What is 92721 plus 32092?,124813
What is 61 plus 16?,77
What is 92 plus 77?,169
What is 17032 plus 21698?,38730
What is 801 plus 227?,1028
What is 9449 plus 1960?,11409
What is 83 plus 74?,157
What is 67 plus 87?,154
What is 23510 plus 25894?,49404
What is 9395 plus 6226?,15621
What is 35507 plus 98377?,133884
What is 5596 plus 1289?,6885
What is 894 plus 980?,1874
What is 7381 plus 1921?,9302
What is 248 plus 347?,595
What is 60622 plus 61347?,121969
What is 5330 plus 5485?,10815
What is 409 plus 415?,824
What is 2885 plus 3298?,6183
What is 67 plus 13?,80
What is 2638 plus 1172?,3810
What is 696 plus 481?,1177
What is 27 plus 68?,95
What is 260 plus 926?,1186
What is 950 plus 265?,1215
What is 30 plus 72?,102
What is 64762 plus 11530?,76292
What is 278 plus 458?,736
What is 32 plus 32?,64
What is 927 plus 770?,1697
What is 9390 plus 8802?,18192
What is 698 plus 404?,1102
What is 30 plus 30?,60
What is 300 plus 755?,1055
What is 1369 plus 8138?,9507
What is 60 plus 60?,120
What is 64 plus 64?,128
What is 40 plus 32?,72
What is 4903 plus 2539?,7442
What is 474 plus 372?,846
What is 238 plus 547?,785
What is 24815 plus 99149?,123964
What is 6498 plus 3748?,10246
What is 55061 plus 72861?,127922
What is 755 plus 371?,1126
What is 389 plus 873?,1262
What is 22278 plus 75641?,97919
What is 8357 plus 2066?,10423
What is 98 plus 89?,187
What is 43 plus 37?,80
What is 7877 plus 7116?,14993
What is 45804 plus 61609?,107413
What is 23 plus 29?,52
What is 97 plus 15?,112
What is 649 plus 520?,1169
What is 82 plus 54?,136
What is 1100 plus 1331?,2431
What is 68 plus 51?,119
What is 34 plus 47?,81
What is 38555 plus 10664?,49219
What is 9929 plus 7177?,17106
What is 1879 plus 8996?,10875
What is 6768 plus 5032?,11800
What is 7008 plus 8627?,15635
What is 590 plus 826?,1416
What is 48 plus 67?,115
What is 322 plus 767?,1089
What is 965 plus 481?,1446
What is 80 plus 83?,163
What is 468 plus 712?,1180
What is 32 plus 59?,91
What is 1063 plus 2983?,4046
What is 34886 plus 74369?,109255
What is 559 plus 317?,876
What is 156 plus 449?,605
What is 84 plus 72?,156
What is 6787 plus 1192?,7979
What is 51916 plus 32364?,84280
What is 44139 plus 12182?,56321
What is 913 plus 203?,1116
What is 4123 plus 2432?,6555
What is 7295 plus 8605?,15900
What is 6514 plus 1680?,8194
What is 8493 plus 8800?,17293
What is 8854 plus 7082?,15936
What is 33 plus 85?,118
What is 15 plus 38?,53
What is 43192 plus 60623?,103815
What is 874 plus 844?,1718
What is 904 plus 668?,1572
What is 5552 plus 3590?,9142
What is 90304 plus 73107?,163411
What is 949 plus 644?,1593
What is 77720 plus 93726?,171446
What is 26 plus 82?,108
What is 4711 plus 5306?,10017
What is 242 plus 978?,1220
What is 9583 plus 3769?,13352
What is 919 plus 128?,1047
What is 1676 plus 8520?,10196
What is 5034 plus 6918?,11952
What is 52705 plus 79440?,132145
What is 9043 plus 6865?,15908
What is 90 plus 99?,189
What is 5535 plus 9921?,15456
What is 29 plus 71?,100
What is 935 plus 559?,1494
What is 70 plus 40?,110
What is 22700 plus 31470?,54170
What is 47478 plus 32116?,79594
What is 848 plus 399?,1247
What is 79632 plus 61904?,141536
What is 95901 plus 90240?,186141
What is 36882 plus 55497?,92379
What is 84140 plus 29429?,113569
What is 1378 plus 4085?,5463
What is 72790 plus 56862?,129652
What is 95 plus 87?,182
What is 67592 plus 46269?,113861
What is 72432 plus 24961?,97393
What is 69547 plus 86624?,156171
What is 8680 plus 9758?,18438
What is 11 plus 24?,35
What is 23190 plus 91548?,114738
What is 7895 plus 6989?,14884
What is 72679 plus 10024?,82703
What is 32420 plus 96038?,128458
What is 70 plus 26?,96
What is 84 plus 53?,137
What is 8481 plus 5256?,13737
What is 471 plus 802?,1273
What is 83289 plus 49699?,132988
What is 340 plus 985?,1325
What is 80518 plus 91341?,171859
What is 13 plus 70?,83
What is 4544 plus 7932?,12476
What is 33813 plus 77473?,111286
What is 8778 plus 8499?,17277
What is 68 plus 45?,113
What is 4919 plus 2173?,7092
What is 148 plus 115?,263
What is 2425 plus 5784?,8209
What is 43064 plus 32611?,75675
What is 1935 plus 5893?,7828
What is 76 plus 14?,90
What is 145 plus 606?,751
What is 159 plus 834?,993
What is 69843 plus 84681?,154524
What is 80206 plus 61082?,141288
What is 690 plus 283?,973
What is 7344 plus 2668?,10012
What is 39 plus 18?,57
What is 44 plus 20?,64
What is 16 plus 18?,34
What is 72953 plus 95411?,168364
What is 6292 plus 3875?,10167
What is 228 plus 484?,712
What is 17143 plus 72577?,89720
What is 556 plus 127?,683
What is 88998 plus 63029?,152027
What is 229 plus 471?,700
What is 80 plus 87?,167
What is 10 plus 55?,65
What is 29542 plus 32849?,62391
What is 511 plus 876?,1387
What is 31234 plus 87189?,118423
What is 583 plus 105?,688
What is 74 plus 24?,98
What is 80 plus 41?,121
What is 30763 plus 63639?,94402
What is 15842 plus 57186?,73028
What is 68987 plus 78219?,147206
What is 37 plus 73?,110
What is 38 plus 36?,74
What is 9558 plus 6079?,15637
What is 72 plus 45?,117
What is 5036 plus 1893?,6929
What is 5333 plus 6125?,11458
What is 985 plus 808?,1793
What is 385 plus 246?,631
What is 884 plus 205?,1089
What is 58156 plus 41509?,99665
What is 76015 plus 21410?,97425
What is 3312 plus 2420?,5732
What is 64098 plus 90401?,154499
What is 74281 plus 19883?,94164
What is 84717 plus 46635?,131352
What is 96 plus 27?,123
What is 894 plus 245?,1139
What is 7614 plus 3804?,11418
What is 806 plus 305?,1111
What is 43 plus 16?,59
What is 11 plus 42?,53
What is 87 plus 68?,155
What is 69438 plus 71235?,140673
What is 2643 plus 9515?,12158
What is 4566 plus 9343?,13909
What is 521 plus 522?,1043
What is 5885 plus 3394?,9279
What is 746 plus 805?,1551
What is 2371 plus 9164?,11535
What is 3011 plus 4669?,7680
What is 98589 plus 42133?,140722
What is 67762 plus 15026?,82788
What is 53 plus 37?,90
What is 3905 plus 3598?,7503
What is 81 plus 31?,112
What is 25422 plus 10821?,36243
What is 33 plus 69?,102
What is 39802 plus 45594?,85396
What is 57 plus 89?,146
What is 24438 plus 38886?,63324
What is 45578 plus 47818?,93396
What is 55 plus 54?,109
What is 27 plus 35?,62
What is 1387 plus 8945?,10332
What is 18679 plus 56565?,75244
What is 64 plus 59?,123
What is 54231 plus 10380?,64611
What is 139 plus 447?,586
What is 68 plus 48?,116
What is 8418 plus 9169?,17587
What is 8687 plus 5854?,14541
What is 81406 plus 86660?,168066
What is 87353 plus 30566?,117919
What is 1661 plus 2505?,4166
What is 4151 plus 6164?,10315
What is 7823 plus 8552?,16375
What is 8292 plus 1111?,9403
What is 5195 plus 1839?,7034
What is 68978 plus 91031?,160009
What is 4191 plus 6611?,10802
What is 682 plus 384?,1066
What is 1975 plus 4413?,6388
What is 70 plus 43?,113
What is 72234 plus 85161?,157395
What is 9395 plus 9334?,18729
What is 854 plus 169?,1023
What is 267 plus 604?,871
What is 830 plus 758?,1588
What is 42095 plus 54673?,96768
What is 67528 plus 54226?,121754
What is 606 plus 368?,974
What is 10511 plus 61751?,72262
What is 12553 plus 54305?,66858
What is 62428 plus 45043?,107471
What is 13 plus 49?,62
What is 78 plus 11?,89
What is 9145 plus 6133?,15278
What is 3586 plus 3688?,7274
What is 332 plus 760?,1092
What is 9040 plus 9345?,18385
What is 28 plus 85?,113
What is 48958 plus 28247?,77205
What is 93 plus 95?,188
What is 9051 plus 4976?,14027
What is 57657 plus 99923?,157580
What is 94 plus 66?,160
What is 6458 plus 2832?,9290
What is 3504 plus 8226?,11730
What is 556 plus 375?,931
What is 74715 plus 82145?,156860
What is 3815 plus 1763?,5578
What is 4957 plus 5470?,10427
What is 702 plus 907?,1609
What is 51 plus 33?,84
What is 10880 plus 87576?,98456
What is 6074 plus 1537?,7611
What is 25577 plus 79502?,105079
What is 8983 plus 1982?,10965
What is 31526 plus 29871?,61397
What is 85338 plus 11226?,96564
What is 202 plus 389?,591
What is 23 plus 27?,50
What is 239 plus 743?,982
What is 7259 plus 8791?,16050
What is 440 plus 551?,991
What is 49 plus 27?,76
What is 7779 plus 8272?,16051
What is 56780 plus 35341?,92121
What is 281 plus 636?,917
What is 905 plus 575?,1480
What is 869 plus 128?,997
What is 563 plus 953?,1516
What is 1737 plus 3701?,5438
What is 24 plus 11?,35
What is 2606 plus 8256?,10862
What is 620 plus 388?,1008
What is 52777 plus 91219?,143996
What is 1020 plus 7762?,8782
What is 5395 plus 8509?,13904
What is 7174 plus 3689?,10863
What is 2213 plus 7211?,9424
What is 5434 plus 3866?,9300
What is 39964 plus 12002?,51966
What is 84025 plus 95484?,179509
What is 9868 plus 5190?,15058
What is 973 plus 520?,1493
What is 25276 plus 27121?,52397
What is 9521 plus 9720?,19241
What is 769 plus 345?,1114
What is 98 plus 34?,132
What is 88 plus 37?,125
What is 97 plus 85?,182
What is 12 plus 70?,82
What is 2902 plus 2889?,5791
What is 5742 plus 7205?,12947
What is 31 plus 79?,110
What is 27 plus 26?,53
What is 77981 plus 57547?,135528
What is 439 plus 289?,728
What is 127 plus 440?,567
What is 58 plus 30?,88
What is 85 plus 30?,115
What is 920 plus 323?,1243
What is 38 plus 77?,115
What is 2238 plus 9145?,11383
What is 224 plus 955?,1179
What is 90 plus 11?,101
What is 72726 plus 37904?,110630
What is 7829 plus 8096?,15925
What is 169 plus 537?,706
What is 960 plus 455?,1415
What is 2342 plus 2389?,4731
What is 59140 plus 96778?,155918
What is 2263 plus 1792?,4055
What is 630 plus 479?,1109
What is 67 plus 91?,158
What is 1545 plus 4946?,6491
What is 90 plus 75?,165
What is 34365 plus 79537?,113902
What is 6054 plus 2367?,8421
What is 48 plus 39?,87
What is 41973 plus 80737?,122710
What is 48604 plus 14428?,63032
What is 3918 plus 7666?,11584
What is 17582 plus 95165?,112747
What is 640 plus 392?,1032
What is 8642 plus 6223?,14865
What is 66045 plus 40052?,106097
What is 122 plus 624?,746
What is 251 plus 832?,1083
What is 55364 plus 82657?,138021
What is 2790 plus 5856?,8646
What is 91 plus 95?,186
What is 3189 plus 9858?,13047
What is 70 plus 49?,119
What is 46229 plus 60341?,106570
What is 6606 plus 8413?,15019
What is 62 plus 90?,152
What is 4261 plus 7505?,11766
What is 675 plus 818?,1493
What is 58 plus 65?,123
What is 28105 plus 32646?,60751
What is 3450 plus 9125?,12575
What is 756 plus 360?,1116
What is 4165 plus 3183?,7348
What is 8789 plus 8023?,16812
What is 39736 plus 21475?,61211
What is 66 plus 72?,138
What is 3170 plus 1400?,4570
What is 8269 plus 2626?,10895
What is 96549 plus 69257?,165806
What is 38543 plus 53363?,91906
What is 49678 plus 13066?,62744
What is 20033 plus 70142?,90175
What is 74 plus 27?,101
What is 66 plus 26?,92
What is 83 plus 78?,161
What is 6140 plus 5386?,11526
What is 75 plus 53?,128
What is 5055 plus 7285?,12340
What is 714 plus 287?,1001
What is 7757 plus 2022?,9779
What is 9735 plus 9631?,19366
What is 4691 plus 9876?,14567
What is 45809 plus 28937?,74746
What is 19 plus 76?,95
What is 667 plus 443?,1110
What is 152 plus 183?,335
What is 43819 plus 87963?,131782
What is 950 plus 951?,1901
What is 47 plus 38?,85
What is 85 plus 81?,166
What is 2379 plus 8643?,11022
What is 572 plus 122?,694
What is 11104 plus 74535?,85639
What is 605 plus 119?,724
What is 74 plus 68?,142
What is 39350 plus 91530?,130880
What is 845 plus 803?,1648
What is 7644 plus 2851?,10495
What is 17973 plus 35199?,53172
What is 2241 plus 1336?,3577
What is 5393 plus 4267?,9660
What is 48934 plus 95365?,144299
What is 6977 plus 6295?,13272
What is 33 plus 44?,77
What is 888 plus 129?,1017
What is 459 plus 296?,755
What is 4271 plus 5090?,9361
What is 5018 plus 9680?,14698
What is 21 plus 97?,118
What is 866 plus 558?,1424
What is 668 plus 773?,1441
What is 948 plus 269?,1217
What is 45351 plus 39720?,85071
What is 8325 plus 8028?,16353
What is 76363 plus 44659?,121022
What is 84504 plus 10814?,95318
What is 48 plus 88?,136
What is 269 plus 377?,646
What is 4974 plus 9763?,14737
What is 33506 plus 58020?,91526
What is 1914 plus 5853?,7767
What is 3750 plus 5299?,9049
What is 12 plus 17?,29
What is 802 plus 681?,1483
What is 1514 plus 3846?,5360
What is 419 plus 469?,888
What is 78 plus 41?,119
What is 420 plus 679?,1099
What is 4307 plus 8088?,12395
What is 86 plus 67?,153
What is 624 plus 319?,943
What is 67 plus 63?,130
What is 53649 plus 19048?,72697
What is 247 plus 970?,1217
What is 610 plus 961?,1571
What is 1910 plus 1116?,3026
What is 84311 plus 12551?,96862
What is 284 plus 706?,990
What is 77680 plus 51580?,129260
What is 9897 plus 7218?,17115
What is 67 plus 17?,84
What is 96 plus 48?,144
What is 27 plus 92?,119
What is 9569 plus 2693?,12262
What is 30 plus 26?,56
What is 92868 plus 10832?,103700
What is 28121 plus 30616?,58737
What is 27920 plus 94804?,122724
What is 702 plus 152?,854
What is 84 plus 33?,117
What is 81659 plus 17696?,99355
What is 221 plus 316?,537
What is 8499 plus 5785?,14284
What is 57282 plus 43171?,100453
What is 22 plus 72?,94
What is 60296 plus 19415?,79711
What is 709 plus 828?,1537
What is 36 plus 36?,72
What is 99 plus 31?,130
What is 5127 plus 8585?,13712
What is 84391 plus 39941?,124332
What is 70 plus 43?,113
What is 76 plus 15?,91
What is 7468 plus 9772?,17240
What is 1231 plus 1544?,2775
What is 1196 plus 6903?,8099
What is 95969 plus 52888?,148857
What is 70838 plus 31089?,101927
What is 448 plus 695?,1143
What is 203 plus 624?,827
What is 226 plus 218?,444
What is 42011 plus 21633?,63644
What is 90654 plus 48118?,138772
What is 819 plus 603?,1422
What is 20 plus 78?,98
What is 5201 plus 1372?,6573
What is 85231 plus 38732?,123963
What is 1755 plus 9389?,11144
What is 1356 plus 9409?,10765
What is 84140 plus 92730?,176870
What is 92029 plus 12170?,104199
What is 14 plus 63?,77
What is 1374 plus 4481?,5855
What is 129 plus 292?,421
What is 5331 plus 7760?,13091
What is 64656 plus 31383?,96039
What is 207 plus 509?,716
What is 973 plus 597?,1570
What is 2952 plus 5676?,8628
What is 52 plus 62?,114
What is 83199 plus 26487?,109686
What is 6127 plus 8982?,15109
What is 9420 plus 7592?,17012
What is 98649 plus 78895?,177544
What is 75 plus 74?,149
What is 16673 plus 34014?,50687
What is 93255 plus 70122?,163377
What is 38574 plus 89195?,127769
What is 988 plus 329?,1317
What is 64616 plus 25290?,89906
What is 19000 plus 54059?,73059
What is 203 plus 318?,521
What is 7880 plus 1092?,8972
What is 64 plus 17?,81
What is 5861 plus 1485?,7346
What is 95482 plus 49730?,145212
What is 550 plus 927?,1477
What is 5895 plus 4270?,10165
What is 55 plus 22?,77
What is 87242 plus 24050?,111292
What is 2072 plus 6621?,8693
What is 935 plus 661?,1596
What is 62 plus 59?,121
What is 8144 plus 1350?,9494
What is 69 plus 93?,162
What is 136 plus 525?,661
What is 945 plus 927?,1872
What is 3821 plus 4451?,8272
What is 6299 plus 2495?,8794
What is 19 plus 34?,53
What is 48434 plus 26971?,75405
What is 522 plus 563?,1085
What is 8162 plus 7508?,15670
What is 26 plus 38?,64
What is 14 plus 44?,58
What is 33509 plus 28267?,61776
What is 96 plus 57?,153
What is 6931 plus 9213?,16144
What is 720 plus 499?,1219
What is 239 plus 704?,943
What is 73959 plus 82951?,156910
What is 49 plus 51?,100
What is 5247 plus 5427?,10674
What is 43551 plus 66951?,110502
What is 42 plus 44?,86
What is 62 plus 55?,117
What is 156 plus 366?,522
What is 49 plus 71?,120
What is 467 plus 684?,1151
What is 7187 plus 5879?,13066
What is 372 plus 239?,611
What is 11035 plus 65417?,76452
What is 21 plus 30?,51
What is 56 plus 71?,127
What is 84 plus 24?,108
What is 77 plus 63?,140
What is 64 plus 46?,110
What is 70 plus 51?,121
What is 5541 plus 2058?,7599
What is 555 plus 820?,1375
What is 76 plus 13?,89
What is 5135 plus 3615?,8750
What is 751 plus 243?,994
What is 34 plus 22?,56
What is 951 plus 117?,1068
What is 4896 plus 4394?,9290
What is 87 plus 47?,134
What is 77483 plus 97178?,174661
What is 60 plus 58?,118
What is 7916 plus 9169?,17085
What is 2537 plus 4860?,7397
What is 580 plus 888?,1468
What is 96020 plus 46461?,142481
What is 52 plus 58?,110
What is 48 plus 35?,83
What is 958 plus 435?,1393
What is 37 plus 45?,82
What is 32 plus 60?,92
What is 47 plus 14?,61
What is 76 plus 87?,163
What is 42736 plus 57087?,99823
What is 452 plus 841?,1293
What is 99322 plus 83458?,182780
What is 28 plus 54?,82
What is 74 plus 95?,169
What is 997 plus 294?,1291
What is 68 plus 81?,149
What is 99 plus 38?,137
What is 8656 plus 7864?,16520
What is 50839 plus 10361?,61200
What is 6348 plus 1836?,8184
What is 3256 plus 7999?,11255
What is 82 plus 84?,166
What is 28 plus 35?,63
What is 1117 plus 7077?,8194
What is 58652 plus 84832?,143484
What is 17 plus 49?,66
What is 3155 plus 2210?,5365
What is 69085 plus 86491?,155576
What is 44 plus 34?,78
What is 33769 plus 63474?,97243
What is 90505 plus 36196?,126701
What is 886 plus 241?,1127
What is 89772 plus 74730?,164502
What is 40692 plus 11679?,52371
What is 31082 plus 62498?,93580
What is 748 plus 280?,1028
What is 6135 plus 5925?,12060
What is 66 plus 77?,143
What is 603 plus 883?,1486
What is 43025 plus 38522?,81547
What is 8151 plus 4482?,12633
What is 509 plus 579?,1088
What is 81 plus 46?,127
What is 29 plus 84?,113
What is 62 plus 61?,123
What is 64 plus 22?,86
What is 46 plus 50?,96
What is 97 plus 13?,110
What is 159 plus 815?,974
What is 930 plus 991?,1921
What is 63 plus 73?,136
What is 60 plus 49?,109
What is 33784 plus 98473?,132257
What is 10817 plus 80632?,91449
What is 657 plus 139?,796
What is 38 plus 74?,112
What is 31 plus 96?,127
What is 613 plus 286?,899
What is 34 plus 57?,91
What is 98383 plus 24791?,123174
What is 65 plus 11?,76
What is 88 plus 23?,111
What is 841 plus 327?,1168
What is 9255 plus 1521?,10776
What is 89 plus 47?,136
What is 1317 plus 5488?,6805
What is 220 plus 264?,484
What is 6006 plus 6275?,12281
What is 35 plus 71?,106
What is 1291 plus 9531?,10822
What is 9253 plus 5868?,15121
What is 137 plus 646?,783
What is 70 plus 73?,143
What is 6741 plus 3983?,10724
What is 45 plus 37?,82
What is 342 plus 376?,718
What is 54 plus 91?,145
What is 97 plus 40?,137
What is 96 plus 57?,153
What is 39022 plus 49372?,88394
What is 40287 plus 64500?,104787
What is 2010 plus 1152?,3162
What is 3341 plus 8996?,12337
What is 33755 plus 24316?,58071
What is 790 plus 944?,1734
What is 48 plus 22?,70
What is 56893 plus 22166?,79059
What is 38 plus 86?,124
What is 124 plus 800?,924
What is 1828 plus 8494?,10322
What is 101 plus 714?,815
What is 83943 plus 83386?,167329
What is 20132 plus 66275?,86407
What is 7212 plus 9797?,17009
What is 665 plus 617?,1282
What is 50 plus 23?,73
What is 383 plus 287?,670
What is 99 plus 16?,115
What is 609 plus 231?,840
What is 7851 plus 6808?,14659
What is 78104 plus 12984?,91088
What is 28001 plus 94019?,122020
What is 76196 plus 77020?,153216
What is 2095 plus 2849?,4944
What is 808 plus 597?,1405
What is 87679 plus 10386?,98065
What is 165 plus 486?,651
What is 7685 plus 3438?,11123
What is 116 plus 158?,274
What is 9277 plus 6164?,15441
What is 84 plus 10?,94
What is 89 plus 30?,119
What is 18 plus 19?,37
What is 60 plus 86?,146
What is 6109 plus 7903?,14012
What is 4779 plus 2118?,6897
What is 56 plus 57?,113
What is 256 plus 851?,1107
What is 43699 plus 11569?,55268
What is 306 plus 291?,597
What is 95723 plus 53313?,149036
What is 54 plus 37?,91
What is 93817 plus 33633?,127450
What is 920 plus 722?,1642
What is 89 plus 18?,107
What is 785 plus 928?,1713
What is 4036 plus 3431?,7467
What is 36772 plus 30974?,67746
What is 1399 plus 5081?,6480
What is 841 plus 655?,1496
What is 51 plus 85?,136
What is 61473 plus 62627?,124100
What is 96 plus 27?,123
What is 56817 plus 53804?,110621
What is 506 plus 649?,1155
What is 12 plus 71?,83
What is 9763 plus 2234?,11997
What is 1363 plus 3737?,5100
What is 4528 plus 8902?,13430
What is 6473 plus 6029?,12502
What is 22 plus 76?,98
What is 6179 plus 2329?,8508
What is 5786 plus 1110?,6896
What is 719 plus 127?,846
What is 742 plus 102?,844
What is 885 plus 874?,1759
What is 43523 plus 52471?,95994
What is 46626 plus 61374?,108000
What is 3104 plus 8403?,11507
What is 590 plus 393?,983
What is 740 plus 552?,1292
What is 63293 plus 38796?,102089
What is 9817 plus 4534?,14351
What is 3182 plus 6541?,9723
What is 99 plus 43?,142
What is 8769 plus 7907?,16676
What is 4604 plus 1823?,6427
What is 502 plus 963?,1465
What is 8774 plus 3435?,12209
What is 8435 plus 7156?,15591
What is 66144 plus 10463?,76607
What is 15355 plus 47111?,62466
What is 884 plus 215?,1099
What is 44 plus 82?,126
What is 942 plus 359?,1301
What is 62 plus 15?,77
What is 472 plus 133?,605
What is 66268 plus 19698?,85966
What is 22 plus 59?,81
What is 8343 plus 4974?,13317
What is 36 plus 27?,63
What is 93083 plus 60874?,153957
What is 9258 plus 3556?,12814
What is 181 plus 346?,527
What is 60871 plus 81514?,142385
What is 965 plus 872?,1837
What is 688 plus 364?,1052
What is 87 plus 67?,154
What is 554 plus 509?,1063
What is 1076 plus 4976?,6052
What is 63098 plus 82582?,145680
What is 9302 plus 4151?,13453
What is 45 plus 25?,70
What is 117 plus 611?,728
What is 79 plus 98?,177
What is 5189 plus 9367?,14556
What is 14 plus 26?,40
What is 549 plus 202?,751
What is 6781 plus 8482?,15263
What is 4308 plus 1443?,5751
What is 55129 plus 53134?,108263
What is 880 plus 441?,1321
What is 89308 plus 38738?,128046
What is 1988 plus 4172?,6160
What is 4848 plus 9238?,14086
What is 69242 plus 37682?,106924
What is 58708 plus 58511?,117219
What is 92 plus 96?,188
What is 32218 plus 64362?,96580
What is 87 plus 97?,184
What is 325 plus 997?,1322
What is 871 plus 134?,1005
What is 1320 plus 2075?,3395
What is 54365 plus 52180?,106545
What is 83934 plus 82982?,166916
What is 89532 plus 63136?,152668
What is 577 plus 646?,1223
What is 1804 plus 8408?,10212
What is 9692 plus 7590?,17282
What is 33 plus 34?,67
What is 56400 plus 10077?,66477
What is 51774 plus 13679?,65453
What is 13690 plus 25324?,39014
What is 599 plus 234?,833
What is 990 plus 564?,1554
What is 95 plus 98?,193
What is 876 plus 673?,1549
What is 85954 plus 11175?,97129
What is 340 plus 926?,1266
What is 6413 plus 9171?,15584
What is 99 plus 12?,111
What is 8556 plus 5172?,13728
What is 32930 plus 33939?,66869
What is 38 plus 43?,81
What is 7530 plus 3127?,10657
What is 7488 plus 3134?,10622
What is 12 plus 55?,67
What is 7561 plus 9840?,17401
What is 8850 plus 7790?,16640
What is 3349 plus 6154?,9503
What is 599 plus 809?,1408
What is 561 plus 189?,750
What is 52418 plus 49340?,101758
What is 24 plus 71?,95
What is 7506 plus 3115?,10621
What is 22034 plus 22219?,44253
What is 51685 plus 32137?,83822
What is 83604 plus 64198?,147802
What is 79 plus 21?,100
What is 86840 plus 93201?,180041
What is 606 plus 503?,1109
What is 806 plus 503?,1309
What is 99313 plus 48437?,147750
What is 23737 plus 14439?,38176
What is 2157 plus 5344?,7501
What is 7872 plus 8684?,16556
What is 91 plus 42?,133
What is 18 plus 94?,112
What is 2265 plus 6840?,9105
What is 6606 plus 6168?,12774
What is 243 plus 427?,670
What is 633 plus 240?,873
What is 85 plus 95?,180
What is 27 plus 63?,90
What is 852 plus 303?,1155
What is 289 plus 155?,444
What is 7184 plus 3061?,10245
What is 625 plus 256?,881
What is 63 plus 31?,94
What is 95334 plus 80864?,176198
What is 2611 plus 8484?,11095
What is 713 plus 588?,1301
What is 577 plus 684?,1261
What is 24334 plus 62389?,86723
What is 845 plus 620?,1465
What is 953 plus 726?,1679
What is 942 plus 766?,1708
What is 509 plus 706?,1215
What is 90059 plus 40807?,130866
What is 4606 plus 5791?,10397
What is 86 plus 67?,153
What is 913 plus 635?,1548
What is 4498 plus 6796?,11294
What is 2653 plus 9682?,12335
What is 5717 plus 9274?,14991
What is 7110 plus 3514?,10624
What is 68598 plus 76019?,144617
What is 1140 plus 3304?,4444
What is 9417 plus 8096?,17513
What is 74831 plus 62534?,137365
What is 13087 plus 78050?,91137
What is 944 plus 361?,1305
What is 70 plus 13?,83
What is 7797 plus 4121?,11918
What is 60 plus 68?,128
What is 8924 plus 4426?,13350
What is 64 plus 33?,97
What is 51 plus 13?,64
What is 548 plus 632?,1180
What is 222 plus 501?,723
What is 97276 plus 93980?,191256
What is 890 plus 226?,1116
What is 67431 plus 38038?,105469
What is 26 plus 25?,51
What is 1666 plus 2674?,4340
What is 29 plus 83?,112
What is 48 plus 68?,116
What is 863 plus 483?,1346
What is 423 plus 663?,1086
What is 25488 plus 28535?,54023
What is 97 plus 13?,110
What is 17719 plus 67056?,84775
What is 248 plus 632?,880
What is 6160 plus 6461?,12621
What is 1259 plus 7095?,8354
What is 72 plus 82?,154
What is 373 plus 434?,807
What is 7571 plus 7365?,14936
What is 27892 plus 81789?,109681
What is 19 plus 22?,41
What is 98870 plus 69711?,168581
What is 38 plus 29?,67
What is 3531 plus 9433?,12964
What is 36465 plus 44316?,80781
What is 528 plus 500?,1028
What is 413 plus 798?,1211
What is 23149 plus 50413?,73562
What is 24 plus 16?,40
What is 4362 plus 3052?,7414
What is 80899 plus 78253?,159152
What is 48 plus 14?,62
What is 1724 plus 7647?,9371
What is 4358 plus 8591?,12949
What is 23 plus 97?,120
What is 4435 plus 7905?,12340
What is 3669 plus 2332?,6001
What is 385 plus 204?,589
What is 97234 plus 86548?,183782
What is 4674 plus 3114?,7788
What is 11879 plus 66752?,78631
What is 21 plus 33?,54
What is 39855 plus 10084?,49939
What is 92 plus 64?,156
What is 7276 plus 9284?,16560
What is 6214 plus 3313?,9527
What is 15 plus 46?,61
What is 2013 plus 4362?,6375
What is 30 plus 12?,42
What is 88 plus 69?,157
What is 44 plus 42?,86
What is 67 plus 92?,159
What is 134 plus 679?,813
What is 8285 plus 2595?,10880
What is 716 plus 555?,1271
What is 33211 plus 59474?,92685
What is 31009 plus 15655?,46664
What is 4291 plus 9002?,13293
What is 23 plus 85?,108
What is 4555 plus 1866?,6421
What is 63730 plus 30476?,94206
What is 109 plus 496?,605
What is 120 plus 998?,1118
What is 790 plus 120?,910
What is 2058 plus 8295?,10353
What is 12 plus 57?,69
What is 80364 plus 38817?,119181
What is 409 plus 522?,931
What is 1548 plus 2014?,3562
What is 479 plus 655?,1134
What is 119 plus 173?,292
What is 719 plus 702?,1421
What is 8581 plus 4019?,12600
What is 15381 plus 55073?,70454
What is 919 plus 467?,1386
What is 9321 plus 6922?,16243
What is 746 plus 390?,1136
What is 3904 plus 2656?,6560
What is 62 plus 94?,156
What is 39 plus 76?,115
What is 18 plus 15?,33
What is 56713 plus 36531?,93244
What is 46157 plus 14708?,60865
What is 18070 plus 56923?,74993
What is 4697 plus 9464?,14161
What is 21 plus 47?,68
What is 59 plus 95?,154
What is 21 plus 64?,85
What is 845 plus 824?,1669
What is 69186 plus 47532?,116718
What is 700 plus 625?,1325
What is 75 plus 65?,140
What is 9680 plus 7014?,16694
What is 23 plus 36?,59
What is 58 plus 35?,93
What is 268 plus 402?,670
What is 40172 plus 29618?,69790
What is 3320 plus 5672?,8992
What is 6150 plus 9602?,15752
What is 409 plus 275?,684
What is 7041 plus 6155?,13196
What is 44998 plus 65579?,110577
What is 96351 plus 15965?,112316
What is 52753 plus 63825?,116578
What is 52052 plus 69621?,121673
What is 416 plus 873?,1289
What is 382 plus 625?,1007
What is 567 plus 454?,1021
What is 8267 plus 5317?,13584
What is 96657 plus 15178?,111835
What is 236 plus 985?,1221
What is 45594 plus 64835?,110429
What is 66888 plus 77566?,144454
What is 24 plus 21?,45
What is 20 plus 60?,80
What is 31168 plus 45991?,77159
What is 553 plus 178?,731
What is 435 plus 260?,695
What is 38 plus 80?,118
What is 5358 plus 1688?,7046
What is 47 plus 45?,92
What is 27 plus 89?,116
What is 342 plus 226?,568
What is 6048 plus 4861?,10909
What is 20237 plus 18978?,39215
What is 89 plus 66?,155
What is 8931 plus 6283?,15214
What is 756 plus 552?,1308
What is 33705 plus 39186?,72891
What is 73608 plus 71574?,145182
What is 341 plus 862?,1203
What is 25317 plus 70305?,95622
What is 97345 plus 70900?,168245
What is 132 plus 546?,678
What is 830 plus 575?,1405
What is 24 plus 84?,108
What is 72430 plus 56873?,129303
What is 43258 plus 86109?,129367
What is 29537 plus 67877?,97414
What is 46 plus 89?,135
What is 33 plus 55?,88
What is 3826 plus 8881?,12707
What is 8641 plus 3424?,12065
What is 85 plus 64?,149
What is 44890 plus 94707?,139597
What is 62353 plus 88556?,150909
What is 25 plus 44?,69
What is 3646 plus 5419?,9065
What is 10709 plus 37564?,48273
What is 6737 plus 1528?,8265
What is 22475 plus 54631?,77106
What is 5624 plus 3158?,8782
What is 5710 plus 2688?,8398
What is 38969 plus 12370?,51339
What is 21054 plus 30231?,51285
What is 4554 plus 6504?,11058
What is 24737 plus 22803?,47540
What is 52 plus 23?,75
What is 35 plus 62?,97
What is 182 plus 174?,356
What is 4759 plus 7606?,12365
What is 8342 plus 1679?,10021
What is 30957 plus 84440?,115397
What is 57 plus 52?,109
What is 91413 plus 73201?,164614
What is 29820 plus 77453?,107273
What is 1887 plus 7201?,9088
What is 750 plus 715?,1465
What is 163 plus 122?,285
What is 578 plus 302?,880
What is 15 plus 20?,35
What is 1284 plus 1323?,2607
What is 367 plus 507?,874
What is 80838 plus 40983?,121821
What is 16 plus 37?,53
What is 8439 plus 5729?,14168
What is 79 plus 14?,93
What is 87 plus 22?,109
What is 3722 plus 5926?,9648
What is 814 plus 411?,1225
What is 44460 plus 94111?,138571
What is 29 plus 26?,55
What is 1974 plus 6240?,8214
What is 366 plus 783?,1149
What is 327 plus 782?,1109
What is 98 plus 35?,133
What is 693 plus 850?,1543
What is 742 plus 682?,1424
What is 30535 plus 59870?,90405
What is 713 plus 339?,1052
What is 23393 plus 13666?,37059
What is 99 plus 82?,181
What is 102 plus 991?,1093
What is 1251 plus 6415?,7666
What is 61803 plus 39087?,100890
What is 89632 plus 63336?,152968
What is 156 plus 163?,319
What is 45 plus 46?,91
What is 56058 plus 69342?,125400
What is 4730 plus 4016?,8746
What is 24 plus 52?,76
What is 998 plus 283?,1281
What is 8590 plus 7328?,15918
What is 1982 plus 4672?,6654
What is 21 plus 78?,99
What is 51874 plus 23085?,74959
What is 47 plus 38?,85
What is 7656 plus 1681?,9337
What is 98 plus 89?,187
What is 123 plus 154?,277
What is 1326 plus 5196?,6522
What is 521 plus 891?,1412
What is 65 plus 53?,118
What is 170 plus 799?,969
What is 31003 plus 56359?,87362
What is 27 plus 58?,85
What is 63 plus 57?,120
What is 23 plus 16?,39
What is 4705 plus 8744?,13449
What is 88793 plus 10445?,99238
What is 6371 plus 9226?,15597
What is 48 plus 21?,69
What is 49431 plus 14410?,63841
What is 19513 plus 69288?,88801
What is 35213 plus 72191?,107404
What is 919 plus 233?,1152
What is 32505 plus 58004?,90509
What is 889 plus 381?,1270
What is 200 plus 661?,861
What is 47712 plus 10249?,57961
What is 8332 plus 7720?,16052
What is 322 plus 575?,897
What is 69461 plus 14453?,83914
What is 4140 plus 1975?,6115
What is 9960 plus 1162?,11122
What is 578 plus 656?,1234
What is 62325 plus 97254?,159579
What is 37 plus 99?,136
What is 46009 plus 73292?,119301
What is 7469 plus 8127?,15596
What is 2064 plus 8821?,10885
What is 144 plus 136?,280
What is 23 plus 55?,78
What is 81 plus 99?,180
What is 18427 plus 56619?,75046
What is 751 plus 826?,1577
What is 57716 plus 67995?,125711
What is 77 plus 47?,124
What is 895 plus 229?,1124
What is 6507 plus 4702?,11209
What is 70 plus 34?,104
What is 8879 plus 3576?,12455
What is 99725 plus 38697?,138422
What is 542 plus 908?,1450
What is 44007 plus 34127?,78134
What is 912 plus 548?,1460
What is 9336 plus 4855?,14191
What is 4684 plus 3925?,8609
What is 57124 plus 15607?,72731
What is 9855 plus 1139?,10994
What is 70822 plus 82304?,153126
What is 3796 plus 5264?,9060
What is 69 plus 65?,134
What is 45 plus 64?,109
What is 7544 plus 2006?,9550
What is 4422 plus 2927?,7349
What is 6241 plus 8052?,14293
What is 2747 plus 7088?,9835
What is 92 plus 42?,134
What is 15 plus 90?,105
What is 10460 plus 45638?,56098
What is 959 plus 139?,1098
What is 64 plus 73?,137
What is 550 plus 227?,777
What is 878 plus 162?,1040
What is 16079 plus 24280?,40359
What is 94685 plus 22433?,117118
What is 18131 plus 37251?,55382
What is 68 plus 96?,164
What is 54450 plus 31983?,86433
What is 42 plus 51?,93
What is 428 plus 711?,1139
What is 14 plus 39?,53
What is 14054 plus 32245?,46299
What is 8585 plus 1846?,10431
What is 908 plus 558?,1466
What is 8439 plus 8461?,16900
What is 503 plus 660?,1163
What is 4644 plus 6226?,10870
What is 884 plus 884?,1768
What is 19037 plus 25510?,44547
What is 96 plus 90?,186
What is 11 plus 87?,98
What is 293 plus 559?,852
What is 2107 plus 3980?,6087
What is 948 plus 373?,1321
What is 53654 plus 23044?,76698
What is 8394 plus 1803?,10197
What is 10 plus 97?,107
What is 1029 plus 3246?,4275
What is 3543 plus 4624?,8167
What is 30829 plus 66238?,97067
What is 4502 plus 8285?,12787
What is 878 plus 337?,1215
What is 6673 plus 1676?,8349
What is 59 plus 33?,92
What is 77385 plus 57165?,134550
What is 9440 plus 6719?,16159
What is 24058 plus 28461?,52519
What is 1959 plus 1327?,3286
What is 32336 plus 92416?,124752
What is 75 plus 67?,142
What is 43 plus 11?,54
What is 71405 plus 72813?,144218
What is 54675 plus 16445?,71120
What is 5393 plus 7038?,12431
What is 5487 plus 1095?,6582
What is 343 plus 740?,1083
What is 11 plus 40?,51
What is 23 plus 27?,50
What is 4459 plus 2777?,7236
What is 743 plus 789?,1532
What is 574 plus 276?,850
What is 81 plus 36?,117
What is 932 plus 243?,1175
What is 9343 plus 2633?,11976
What is 847 plus 457?,1304
What is 3925 plus 6443?,10368
What is 12203 plus 39801?,52004
What is 709 plus 170?,879
What is 35 plus 17?,52
What is 9507 plus 3831?,13338
What is 8174 plus 8257?,16431
What is 62 plus 18?,80
What is 23094 plus 28724?,51818
What is 41 plus 14?,55
What is 4824 plus 9444?,14268
What is 6772 plus 6251?,13023
What is 663 plus 457?,1120
What is 753 plus 902?,1655
What is 23934 plus 97407?,121341
What is 546 plus 354?,900
What is 21142 plus 11537?,32679
What is 201 plus 193?,394
What is 9276 plus 2729?,12005
What is 57898 plus 23341?,81239
What is 214 plus 172?,386
What is 1769 plus 1166?,2935
What is 3779 plus 9085?,12864
What is 94 plus 24?,118
What is 8052 plus 9585?,17637
What is 171 plus 921?,1092
What is 4343 plus 2841?,7184
What is 9849 plus 8455?,18304
What is 90633 plus 26842?,117475
What is 715 plus 742?,1457
What is 17 plus 19?,36
What is 50 plus 49?,99
What is 87 plus 18?,105
What is 1577 plus 4101?,5678
What is 654 plus 969?,1623
What is 86372 plus 63044?,149416
What is 7467 plus 3460?,10927
What is 82919 plus 97921?,180840
What is 807 plus 300?,1107
What is 62 plus 79?,141
What is 75739 plus 96744?,172483
What is 8610 plus 1460?,10070
What is 82 plus 63?,145
What is 73 plus 93?,166
What is 376 plus 449?,825
What is 23611 plus 64276?,87887
What is 443 plus 527?,970
What is 80097 plus 51649?,131746
What is 741 plus 754?,1495
What is 82503 plus 45408?,127911
What is 89 plus 74?,163
What is 41 plus 82?,123
What is 30 plus 85?,115
What is 890 plus 951?,1841
What is 993 plus 691?,1684
What is 27 plus 95?,122
What is 41610 plus 80567?,122177
What is 689 plus 692?,1381
What is 25 plus 76?,101
What is 19003 plus 30271?,49274
What is 360 plus 863?,1223
What is 81 plus 48?,129
What is 264 plus 159?,423
What is 53 plus 11?,64
What is 88281 plus 43168?,131449
What is 29973 plus 76707?,106680
What is 75400 plus 90429?,165829
What is 61157 plus 70519?,131676
What is 10 plus 59?,69
What is 70 plus 59?,129
What is 9717 plus 2088?,11805
What is 3749 plus 5947?,9696
What is 10834 plus 33715?,44549
What is 55 plus 28?,83
What is 3668 plus 2401?,6069
What is 27217 plus 40297?,67514
What is 82 plus 31?,113
What is 5044 plus 6756?,11800
What is 64315 plus 40269?,104584
What is 80202 plus 86265?,166467
What is 244 plus 524?,768
What is 48579 plus 94059?,142638
What is 476 plus 145?,621
What is 68 plus 20?,88
What is 5833 plus 8467?,14300
What is 7086 plus 8577?,15663
What is 286 plus 836?,1122
What is 6988 plus 4508?,11496
What is 10687 plus 20334?,31021
What is 8687 plus 2381?,11068
What is 841 plus 253?,1094
What is 838 plus 995?,1833
What is 2686 plus 1817?,4503
What is 303 plus 582?,885
What is 342 plus 232?,574
What is 21 plus 51?,72
What is 9923 plus 6389?,16312
What is 3023 plus 9235?,12258
What is 96604 plus 32263?,128867
What is 1116 plus 4117?,5233
What is 167 plus 753?,920
What is 41968 plus 97430?,139398
What is 35095 plus 84086?,119181
What is 91474 plus 54622?,146096
What is 10 plus 69?,79
What is 3652 plus 2003?,5655
What is 90816 plus 85030?,175846
What is 41 plus 23?,64
What is 5314 plus 2394?,7708
What is 2559 plus 6953?,9512
What is 20134 plus 53400?,73534
What is 8545 plus 8118?,16663
What is 26774 plus 79180?,105954
What is 88 plus 34?,122
What is 51698 plus 55702?,107400
What is 485 plus 884?,1369
What is 1386 plus 7516?,8902
What is 12120 plus 64265?,76385
What is 608 plus 516?,1124
What is 25 plus 85?,110
What is 3018 plus 9573?,12591
What is 6436 plus 4597?,11033
What is 6957 plus 6326?,13283
What is 30321 plus 31909?,62230
What is 4840 plus 7609?,12449
What is 22527 plus 48460?,70987
What is 5182 plus 7975?,13157
What is 30 plus 77?,107
What is 49 plus 49?,98
What is 61 plus 85?,146
What is 38565 plus 36869?,75434
What is 46548 plus 46018?,92566
What is 4068 plus 4899?,8967
What is 54285 plus 33951?,88236
What is 655 plus 631?,1286
What is 537 plus 148?,685
What is 310 plus 139?,449
What is 51 plus 96?,147
What is 84 plus 98?,182
What is 76633 plus 61421?,138054
What is 36249 plus 66279?,102528
What is 184 plus 568?,752
What is 55068 plus 61654?,116722
What is 23 plus 76?,99
What is 31 plus 23?,54
What is 85012 plus 30127?,115139
What is 1350 plus 9443?,10793
What is 36299 plus 14156?,50455
What is 4320 plus 9928?,14248
What is 325 plus 564?,889
What is 700 plus 269?,969
What is 625 plus 780?,1405
What is 81 plus 92?,173
What is 10021 plus 58982?,69003
What is 6211 plus 1022?,7233
What is 8494 plus 5643?,14137
What is 4201 plus 4138?,8339
What is 26 plus 47?,73
What is 316 plus 167?,483
What is 2135 plus 3064?,5199
What is 59 plus 45?,104
What is 249 plus 232?,481
What is 800 plus 365?,1165
What is 521 plus 584?,1105
What is 6686 plus 1230?,7916
What is 3252 plus 3103?,6355
What is 2943 plus 1123?,4066
What is 90188 plus 34282?,124470
What is 26118 plus 23259?,49377
What is 95183 plus 87083?,182266
What is 95380 plus 99436?,194816
What is 2071 plus 5104?,7175
What is 32316 plus 21456?,53772
What is 7716 plus 2123?,9839
What is 9712 plus 8149?,17861
What is 1141 plus 8741?,9882
What is 303 plus 290?,593
What is 952 plus 787?,1739
What is 64 plus 81?,145
What is 96 plus 87?,183
What is 5497 plus 1803?,7300
What is 2052 plus 6157?,8209
What is 2838 plus 7389?,10227
What is 46 plus 96?,142
What is 736 plus 298?,1034
What is 58986 plus 46207?,105193
What is 3709 plus 8734?,12443
What is 21 plus 16?,37
What is 12953 plus 39026?,51979
What is 89 plus 68?,157
What is 80 plus 81?,161
What is 647 plus 513?,1160
What is 939 plus 340?,1279
What is 1623 plus 2719?,4342
What is 40542 plus 96009?,136551
What is 87712 plus 93323?,181035
What is 11488 plus 88557?,100045
What is 13401 plus 14815?,28216
What is 62 plus 51?,113
What is 8827 plus 1411?,10238
What is 9391 plus 4326?,13717
What is 6884 plus 4609?,11493
What is 7989 plus 2880?,10869
What is 72092 plus 27215?,99307
What is 8223 plus 4897?,13120
What is 58670 plus 29125?,87795
What is 36297 plus 81457?,117754
What is 49 plus 15?,64
What is 637 plus 598?,1235
What is 83 plus 90?,173
What is 396 plus 623?,1019
What is 97 plus 45?,142
What is 74 plus 51?,125
What is 68436 plus 90072?,158508
What is 792 plus 671?,1463
What is 31 plus 48?,79
What is 8900 plus 4230?,13130
What is 110 plus 418?,528
What is 983 plus 919?,1902
What is 8700 plus 9900?,18600
What is 22371 plus 81278?,103649
What is 20762 plus 98625?,119387
What is 309 plus 706?,1015
What is 2750 plus 7522?,10272
What is 32 plus 57?,89
What is 296 plus 419?,715
What is 60 plus 73?,133
What is 59 plus 33?,92
What is 14475 plus 83336?,97811
What is 337 plus 935?,1272
What is 9700 plus 8218?,17918
What is 577 plus 266?,843
What is 362 plus 682?,1044
What is 208 plus 538?,746
What is 1915 plus 6190?,8105
What is 8041 plus 3996?,12037
What is 7004 plus 8941?,15945
What is 48940 plus 63040?,111980
What is 40 plus 48?,88
What is 97 plus 31?,128
What is 851 plus 267?,1118
What is 2423 plus 4812?,7235
What is 967 plus 642?,1609
What is 307 plus 124?,431
What is 21010 plus 74191?,95201
What is 204 plus 722?,926
What is 73 plus 80?,153
What is 13372 plus 51179?,64551
What is 70 plus 25?,95
What is 951 plus 560?,1511
What is 91 plus 32?,123
What is 2479 plus 6182?,8661
What is 106 plus 737?,843
What is 227 plus 972?,1199
What is 590 plus 260?,850
What is 88988 plus 89969?,178957
What is 586 plus 557?,1143
What is 5267 plus 7111?,12378
What is 43 plus 34?,77
What is 6444 plus 8905?,15349
What is 4923 plus 6214?,11137
What is 25 plus 99?,124
What is 377 plus 842?,1219
What is 87242 plus 48185?,135427
What is 132 plus 891?,1023
What is 5902 plus 8116?,14018
What is 76 plus 66?,142
What is 994 plus 834?,1828
What is 48421 plus 24848?,73269
What is 48 plus 40?,88
What is 520 plus 367?,887
What is 76 plus 44?,120
What is 96584 plus 47841?,144425
What is 47441 plus 24135?,71576
What is 533 plus 902?,1435
What is 81 plus 83?,164
What is 965 plus 830?,1795
What is 704 plus 741?,1445
What is 4720 plus 8469?,13189
What is 432 plus 573?,1005
What is 483 plus 836?,1319
What is 3791 plus 2093?,5884
What is 42908 plus 31713?,74621
What is 8251 plus 1857?,10108
What is 954 plus 530?,1484
What is 42572 plus 80418?,122990
What is 96 plus 83?,179
What is 2854 plus 7249?,10103
What is 159 plus 375?,534
What is 6458 plus 7125?,13583
What is 67079 plus 52220?,119299
What is 28 plus 38?,66
What is 4428 plus 2230?,6658
What is 91938 plus 64612?,156550
What is 7058 plus 3844?,10902
What is 18206 plus 57933?,76139
What is 25 plus 82?,107
What is 92 plus 50?,142
What is 95029 plus 49571?,144600
What is 30 plus 36?,66
What is 7341 plus 2490?,9831
What is 6841 plus 8662?,15503
What is 5414 plus 5714?,11128
What is 9449 plus 3374?,12823
What is 786 plus 413?,1199
What is 65655 plus 77602?,143257
What is 11 plus 27?,38
What is 23 plus 63?,86
What is 9960 plus 8808?,18768
What is 98 plus 62?,160
What is 65 plus 89?,154
What is 18 plus 69?,87
What is 86 plus 73?,159
What is 89 plus 30?,119
What is 8164 plus 1485?,9649
What is 2587 plus 2304?,4891
What is 5535 plus 2462?,7997
What is 61774 plus 63248?,125022
What is 7153 plus 3778?,10931
What is 85 plus 44?,129
What is 14740 plus 91055?,105795
What is 82 plus 73?,155
What is 2189 plus 2781?,4970
What is 67 plus 19?,86
What is 8695 plus 1387?,10082
What is 29 plus 98?,127
What is 1743 plus 3193?,4936
What is 4420 plus 1777?,6197
What is 466 plus 108?,574
What is 5994 plus 9740?,15734
What is 2149 plus 9844?,11993
What is 52 plus 53?,105
What is 497 plus 797?,1294
What is 93 plus 31?,124
What is 7934 plus 2444?,10378
What is 72752 plus 30101?,102853
What is 25951 plus 26127?,52078
What is 210 plus 920?,1130
What is 773 plus 151?,924
What is 853 plus 797?,1650
What is 590 plus 602?,1192
What is 2098 plus 1653?,3751
What is 14 plus 18?,32
What is 84 plus 19?,103
What is 67 plus 57?,124
What is 9577 plus 9695?,19272
What is 9314 plus 8738?,18052
What is 684 plus 732?,1416
What is 5130 plus 5607?,10737
What is 1533 plus 5241?,6774
What is 643 plus 543?,1186
What is 492 plus 638?,1130
What is 87876 plus 12863?,100739
What is 9832 plus 1293?,11125
What is 26031 plus 10624?,36655
What is 80 plus 19?,99
What is 83474 plus 56709?,140183
What is 685 plus 596?,1281
What is 70 plus 42?,112
What is 75 plus 93?,168
What is 6905 plus 8441?,15346
What is 36 plus 87?,123
What is 9147 plus 9436?,18583
What is 28841 plus 55312?,84153
What is 7703 plus 2229?,9932
What is 191 plus 858?,1049
What is 800 plus 239?,1039
What is 2823 plus 9575?,12398
What is 536 plus 452?,988
What is 91409 plus 87394?,178803
What is 493 plus 562?,1055
What is 2878 plus 1300?,4178
What is 43 plus 46?,89
What is 1470 plus 2405?,3875
What is 40631 plus 48409?,89040
What is 4380 plus 9785?,14165
What is 6545 plus 7533?,14078
What is 1071 plus 6621?,7692
What is 7021 plus 7544?,14565
What is 56044 plus 13951?,69995
What is 94 plus 37?,131
What is 40848 plus 24747?,65595
What is 22801 plus 63132?,85933
What is 73724 plus 26780?,100504
What is 6582 plus 5012?,11594
What is 17982 plus 75764?,93746
What is 7234 plus 9657?,16891
What is 3135 plus 9086?,12221
What is 32384 plus 62375?,94759
What is 88859 plus 41188?,130047
What is 328 plus 945?,1273
What is 178 plus 537?,715
What is 17656 plus 97328?,114984
What is 3132 plus 6949?,10081
What is 5257 plus 3473?,8730
What is 603 plus 158?,761
What is 9767 plus 9462?,19229
What is 60531 plus 73658?,134189
What is 42955 plus 51743?,94698
What is 49 plus 10?,59
What is 61497 plus 26086?,87583
What is 90610 plus 82036?,172646
What is 45 plus 67?,112
What is 42051 plus 25717?,67768
What is 626 plus 847?,1473
What is 202 plus 131?,333
What is 4481 plus 2499?,6980
What is 1953 plus 4381?,6334
What is 310 plus 528?,838
What is 6568 plus 3295?,9863
What is 98 plus 26?,124
What is 62 plus 18?,80
What is 5757 plus 2881?,8638
What is 64708 plus 74121?,138829
What is 82 plus 48?,130
What is 43 plus 85?,128
What is 99 plus 64?,163
What is 88718 plus 23294?,112012
What is 89143 plus 19242?,108385
What is 9958 plus 7593?,17551
What is 34 plus 25?,59
What is 9850 plus 3911?,13761
What is 977 plus 598?,1575
What is 74561 plus 25467?,100028
What is 62 plus 55?,117
What is 200 plus 984?,1184
What is 46 plus 23?,69
What is 96412 plus 13472?,109884
What is 13899 plus 19689?,33588
What is 31118 plus 67006?,98124
What is 83416 plus 66651?,150067
What is 22 plus 90?,112
What is 98975 plus 59071?,158046
What is 342 plus 205?,547
What is 20344 plus 19351?,39695
What is 12 plus 81?,93
What is 12264 plus 48237?,60501
What is 1240 plus 1222?,2462
What is 63 plus 20?,83
What is 852 plus 851?,1703
What is 7738 plus 3407?,11145
What is 787 plus 484?,1271
What is 56591 plus 86987?,143578
What is 5976 plus 9066?,15042
What is 2200 plus 7034?,9234
What is 866 plus 236?,1102
What is 6488 plus 2792?,9280
What is 78265 plus 93176?,171441
What is 50464 plus 50452?,100916
What is 35725 plus 71071?,106796
What is 7405 plus 9575?,16980
What is 48591 plus 81275?,129866
What is 17159 plus 15106?,32265
What is 579 plus 820?,1399
What is 930 plus 732?,1662
What is 1571 plus 6124?,7695
What is 24533 plus 71520?,96053
What is 6770 plus 6965?,13735
What is 64058 plus 19059?,83117
What is 936 plus 830?,1766
What is 60304 plus 75733?,136037
What is 39 plus 67?,106
What is 785 plus 364?,1149
What is 984 plus 957?,1941
What is 5007 plus 5565?,10572
What is 9173 plus 3567?,12740
What is 394 plus 780?,1174
What is 60 plus 51?,111
What is 96 plus 33?,129
What is 932 plus 719?,1651
What is 66 plus 94?,160
What is 7190 plus 2247?,9437
What is 66 plus 84?,150
What is 28630 plus 93270?,121900
What is 91 plus 89?,180
What is 571 plus 188?,759
What is 684 plus 331?,1015
What is 53 plus 51?,104
What is 22565 plus 92538?,115103
What is 89 plus 65?,154
What is 83988 plus 60065?,144053
What is 1274 plus 9748?,11022
What is 751 plus 624?,1375
What is 7646 plus 4599?,12245
What is 31 plus 46?,77
What is 56816 plus 41407?,98223
What is 187 plus 894?,1081
What is 57 plus 23?,80
What is 82245 plus 80675?,162920
What is 87 plus 76?,163
What is 21868 plus 62406?,84274
What is 95088 plus 39009?,134097
What is 76145 plus 77138?,153283
What is 3469 plus 3028?,6497
What is 683 plus 855?,1538
What is 257 plus 509?,766
What is 56300 plus 58070?,114370
What is 184 plus 650?,834
What is 94 plus 20?,114
What is 3039 plus 5508?,8547
What is 63279 plus 51008?,114287
What is 932 plus 953?,1885
What is 6675 plus 5582?,12257
What is 14 plus 39?,53
What is 59028 plus 54597?,113625
What is 852 plus 301?,1153
What is 8487 plus 4697?,13184
What is 31 plus 31?,62
What is 8469 plus 2595?,11064
What is 369 plus 221?,590
What is 8178 plus 2269?,10447
What is 28786 plus 32620?,61406
What is 91 plus 76?,167
What is 958 plus 821?,1779
What is 3966 plus 6536?,10502
What is 42 plus 99?,141
What is 5684 plus 2782?,8466
What is 31008 plus 58689?,89697
What is 575 plus 359?,934
What is 1177 plus 9221?,10398
What is 3022 plus 2140?,5162
What is 31109 plus 12522?,43631
What is 43483 plus 93774?,137257
What is 79 plus 88?,167
What is 24 plus 61?,85
What is 799 plus 447?,1246
What is 26740 plus 48176?,74916
What is 46 plus 45?,91
What is 1396 plus 1350?,2746
What is 13145 plus 32382?,45527
What is 5196 plus 9629?,14825
What is 423 plus 122?,545
What is 406 plus 157?,563
What is 17190 plus 72202?,89392
What is 86510 plus 13572?,100082
What is 38661 plus 91209?,129870
What is 110 plus 211?,321
What is 173 plus 721?,894
What is 98586 plus 12791?,111377
What is 7986 plus 7005?,14991
What is 19 plus 12?,31
What is 1120 plus 4180?,5300
What is 27044 plus 73727?,100771
What is 945 plus 681?,1626
What is 2944 plus 9013?,11957
What is 34 plus 32?,66
What is 962 plus 836?,1798
What is 60138 plus 16587?,76725
What is 21 plus 89?,110
What is 40 plus 97?,137
What is 89860 plus 96281?,186141
What is 78724 plus 42212?,120936
What is 3343 plus 2470?,5813
What is 8702 plus 2914?,11616
What is 43387 plus 66786?,110173
What is 82 plus 57?,139
What is 92815 plus 89468?,182283
What is 1794 plus 1045?,2839
What is 8926 plus 5897?,14823
What is 43667 plus 79462?,123129
What is 87 plus 12?,99
What is 6421 plus 2032?,8453
What is 32132 plus 21759?,53891
What is 88714 plus 16521?,105235
What is 332 plus 882?,1214
What is 170 plus 797?,967
What is 76498 plus 35361?,111859
What is 20 plus 24?,44
What is 7796 plus 8714?,16510
What is 899 plus 288?,1187
What is 654 plus 553?,1207
What is 90 plus 90?,180
What is 3711 plus 7528?,11239
What is 2119 plus 7580?,9699
What is 2472 plus 7509?,9981
What is 98192 plus 76230?,174422
What is 20 plus 95?,115
What is 546 plus 644?,1190
What is 8737 plus 7361?,16098
What is 1720 plus 4172?,5892
What is 34 plus 26?,60
What is 9210 plus 1507?,10717
What is 797 plus 757?,1554
What is 38202 plus 26516?,64718
What is 448 plus 960?,1408
What is 372 plus 193?,565
What is 42589 plus 79306?,121895
What is 26 plus 65?,91
What is 7344 plus 7022?,14366
What is 8355 plus 5879?,14234
What is 61090 plus 72413?,133503
What is 13645 plus 19429?,33074
What is 95423 plus 35817?,131240
What is 33 plus 62?,95
What is 62 plus 66?,128
What is 77438 plus 18889?,96327
What is 1402 plus 7829?,9231
What is 18 plus 71?,89
What is 9189 plus 2971?,12160
What is 953 plus 686?,1639
What is 80334 plus 66402?,146736
What is 6067 plus 4820?,10887
What is 7211 plus 3933?,11144
What is 733 plus 872?,1605
What is 25232 plus 13436?,38668
What is 64537 plus 25425?,89962
What is 74 plus 34?,108
What is 9253 plus 8439?,17692
What is 97 plus 80?,177
What is 3239 plus 7282?,10521
What is 531 plus 599?,1130
What is 46 plus 69?,115
What is 16 plus 36?,52
What is 88 plus 96?,184
What is 47 plus 76?,123
What is 855 plus 729?,1584
What is 72690 plus 53197?,125887
What is 58 plus 21?,79
What is 20396 plus 29974?,50370
What is 27508 plus 56505?,84013
What is 490 plus 414?,904
What is 33 plus 74?,107
What is 116 plus 454?,570
What is 7915 plus 3756?,11671
What is 918 plus 342?,1260
What is 726 plus 683?,1409
What is 1147 plus 1428?,2575
What is 61126 plus 35510?,96636
What is 16 plus 95?,111
What is 3028 plus 5765?,8793
What is 455 plus 426?,881
What is 90303 plus 55220?,145523
What is 511 plus 996?,1507
What is 133 plus 948?,1081
What is 24 plus 41?,65
What is 22075 plus 15784?,37859
What is 775 plus 723?,1498
What is 41 plus 84?,125
What is 4889 plus 5121?,10010
What is 86259 plus 37528?,123787
What is 174 plus 242?,416
What is 437 plus 283?,720
What is 92 plus 51?,143
What is 7088 plus 5985?,13073
What is 70 plus 41?,111
What is 92 plus 71?,163
What is 68545 plus 31483?,100028
What is 35 plus 67?,102
What is 20 plus 51?,71
What is 138 plus 369?,507
What is 874 plus 867?,1741
What is 27428 plus 71024?,98452
What is 768 plus 270?,1038
What is 606 plus 801?,1407
What is 404 plus 917?,1321
What is 3787 plus 4854?,8641
What is 256 plus 774?,1030
What is 625 plus 560?,1185
What is 1091 plus 2626?,3717
What is 92 plus 73?,165
What is 333 plus 831?,1164
What is 58 plus 39?,97
What is 11485 plus 43124?,54609
What is 57 plus 17?,74
What is 75 plus 65?,140
What is 176 plus 664?,840
What is 605 plus 656?,1261
What is 39 plus 14?,53
What is 343 plus 568?,911
What is 7037 plus 6253?,13290
What is 61 plus 30?,91
What is 8854 plus 7806?,16660
What is 5679 plus 7645?,13324
What is 32879 plus 28653?,61532
What is 29618 plus 33851?,63469
What is 46 plus 43?,89
What is 6649 plus 9651?,16300
What is 93 plus 11?,104
What is 5308 plus 5221?,10529
What is 21395 plus 63682?,85077
What is 41 plus 27?,68
What is 511 plus 800?,1311
What is 77 plus 53?,130
What is 17391 plus 83432?,100823
What is 31 plus 13?,44
What is 15 plus 83?,98
What is 2168 plus 9269?,11437
What is 7910 plus 7650?,15560
What is 54 plus 73?,127
What is 1978 plus 7652?,9630
What is 998 plus 376?,1374
What is 152 plus 500?,652
What is 3487 plus 9549?,13036
What is 40 plus 73?,113
What is 73892 plus 57120?,131012
What is 58640 plus 34156?,92796
What is 220 plus 177?,397
What is 28644 plus 49847?,78491
What is 64 plus 74?,138
What is 23391 plus 29733?,53124
What is 44542 plus 49208?,93750
What is 81890 plus 83313?,165203
What is 88434 plus 84515?,172949
What is 8970 plus 8432?,17402
What is 75 plus 50?,125
What is 62003 plus 47688?,109691
What is 33 plus 90?,123
What is 93 plus 84?,177
What is 93404 plus 33894?,127298
What is 55918 plus 21243?,77161
What is 844 plus 819?,1663
What is 6600 plus 2210?,8810
What is 30731 plus 30155?,60886
What is 31193 plus 76367?,107560
What is 89 plus 58?,147
What is 178 plus 920?,1098
What is 6562 plus 9109?,15671
What is 938 plus 742?,1680
What is 43189 plus 70460?,113649
What is 6802 plus 1946?,8748
What is 8261 plus 8516?,16777
What is 71 plus 14?,85
What is 90 plus 59?,149
What is 95 plus 94?,189
What is 2613 plus 2381?,4994
What is 53739 plus 92926?,146665
What is 6145 plus 7542?,13687
What is 59 plus 68?,127
What is 7318 plus 1429?,8747
What is 95446 plus 12486?,107932
What is 624 plus 513?,1137
What is 21993 plus 13806?,35799
What is 149 plus 723?,872
What is 83 plus 10?,93
What is 2013 plus 3159?,5172
What is 50 plus 96?,146
What is 19104 plus 87436?,106540
What is 933 plus 978?,1911
What is 4437 plus 8111?,12548
What is 625 plus 461?,1086
What is 95066 plus 68053?,163119
What is 42 plus 15?,57
What is 9001 plus 3492?,12493
What is 343 plus 932?,1275
What is 62774 plus 13693?,76467
What is 99407 plus 78488?,177895
What is 779 plus 853?,1632
What is 76 plus 99?,175
What is 9603 plus 9159?,18762
What is 3640 plus 2399?,6039
What is 2844 plus 7829?,10673
What is 4148 plus 1392?,5540
What is 872 plus 747?,1619
What is 3483 plus 2263?,5746
What is 274 plus 684?,958
What is 2598 plus 7187?,9785
What is 17 plus 23?,40
What is 47 plus 28?,75
What is 31 plus 44?,75
What is 18 plus 87?,105
What is 893 plus 764?,1657
What is 22 plus 15?,37
What is 8614 plus 7003?,15617
What is 29 plus 32?,61
What is 646 plus 123?,769
What is 4911 plus 8726?,13637
What is 72628 plus 98433?,171061
What is 2341 plus 5646?,7987
What is 8175 plus 7227?,15402
What is 28750 plus 45669?,74419
What is 2206 plus 3151?,5357
What is 61809 plus 19589?,81398
What is 2676 plus 4628?,7304
What is 19972 plus 32870?,52842
What is 56 plus 72?,128
What is 64 plus 59?,123
What is 10296 plus 29495?,39791
What is 3496 plus 6375?,9871
What is 63985 plus 18057?,82042
What is 31 plus 23?,54
What is 854 plus 604?,1458
What is 35897 plus 17912?,53809
What is 1279 plus 5178?,6457
What is 23126 plus 53062?,76188
What is 5842 plus 3942?,9784
What is 819 plus 474?,1293
What is 61 plus 33?,94
What is 2494 plus 8065?,10559
What is 3459 plus 9660?,13119
What is 38306 plus 40768?,79074
What is 562 plus 493?,1055
What is 13 plus 64?,77
What is 93 plus 46?,139
What is 392 plus 380?,772
What is 69133 plus 13880?,83013
What is 8974 plus 6216?,15190
What is 34 plus 41?,75
What is 23 plus 32?,55
What is 803 plus 296?,1099
What is 48974 plus 62924?,111898
What is 6933 plus 5930?,12863
What is 18 plus 11?,29
What is 40 plus 32?,72
What is 17 plus 88?,105
What is 33 plus 16?,49
What is 941 plus 627?,1568
What is 90078 plus 91885?,181963
What is 646 plus 377?,1023
What is 9695 plus 4246?,13941
What is 15610 plus 26297?,41907
What is 3085 plus 5836?,8921
What is 8877 plus 7805?,16682
What is 87 plus 10?,97
What is 55 plus 52?,107
What is 4883 plus 5688?,10571
What is 655 plus 136?,791
What is 47 plus 30?,77
What is 12896 plus 50613?,63509
What is 32 plus 75?,107
What is 37476 plus 12169?,49645
What is 19291 plus 97382?,116673
What is 87 plus 33?,120
What is 6932 plus 2077?,9009
What is 6583 plus 4580?,11163
What is 77026 plus 83044?,160070
What is 37351 plus 71761?,109112
What is 93843 plus 22847?,116690
What is 934 plus 443?,1377
What is 65272 plus 16943?,82215
What is 89 plus 73?,162
What is 5891 plus 9118?,15009
What is 16 plus 35?,51
What is 73501 plus 72589?,146090
What is 971 plus 309?,1280
What is 93832 plus 59878?,153710
What is 85837 plus 59212?,145049
What is 28 plus 36?,64
What is 31281 plus 37905?,69186
What is 7063 plus 3294?,10357
What is 42 plus 64?,106
What is 99552 plus 80323?,179875
What is 1975 plus 5012?,6987
What is 44 plus 22?,66
What is 914 plus 936?,1850
What is 8793 plus 1100?,9893
What is 23692 plus 74589?,98281
What is 4666 plus 4268?,8934
What is 9523 plus 2530?,12053
What is 32 plus 18?,50
What is 8256 plus 6772?,15028
What is 714 plus 394?,1108
What is 738 plus 767?,1505
What is 71 plus 13?,84
What is 369 plus 792?,1161
What is 28347 plus 35336?,63683
What is 45 plus 50?,95
What is 9404 plus 9102?,18506
What is 253 plus 144?,397
What is 119 plus 832?,951
What is 612 plus 436?,1048
What is 3920 plus 1352?,5272
What is 1337 plus 3894?,5231
What is 8207 plus 8314?,16521
What is 55 plus 69?,124
What is 546 plus 790?,1336
What is 895 plus 486?,1381
What is 37073 plus 12671?,49744
What is 366 plus 968?,1334
What is 2623 plus 3612?,6235
What is 774 plus 420?,1194
What is 906 plus 755?,1661
What is 507 plus 141?,648
What is 47 plus 11?,58
What is 97975 plus 84578?,182553
What is 34014 plus 34488?,68502
What is 86233 plus 90557?,176790
What is 52 plus 54?,106
What is 71167 plus 33545?,104712
What is 8351 plus 3243?,11594
What is 4289 plus 5269?,9558
What is 25 plus 30?,55
What is 8560 plus 2731?,11291
What is 74728 plus 14898?,89626
What is 30 plus 25?,55
What is 1470 plus 4383?,5853
What is 54 plus 66?,120
What is 25 plus 75?,100
What is 439 plus 983?,1422
What is 765 plus 402?,1167
What is 888 plus 902?,1790
What is 965 plus 371?,1336
What is 1778 plus 1059?,2837
What is 43823 plus 81057?,124880
What is 2475 plus 4144?,6619
What is 741 plus 764?,1505
What is 1452 plus 4963?,6415
What is 3830 plus 5681?,9511
What is 7679 plus 2201?,9880
What is 26 plus 75?,101
What is 32737 plus 95451?,128188
What is 9028 plus 2206?,11234
What is 7953 plus 6215?,14168
What is 702 plus 306?,1008
What is 86 plus 52?,138
What is 20250 plus 84504?,104754
What is 75957 plus 28996?,104953
What is 900 plus 546?,1446
What is 81 plus 14?,95
What is 56208 plus 27482?,83690
What is 2298 plus 7730?,10028
What is 109 plus 203?,312
What is 23 plus 73?,96
What is 3389 plus 5702?,9091
What is 50085 plus 16929?,67014
What is 84 plus 81?,165
What is 16 plus 57?,73
What is 885 plus 809?,1694
What is 52 plus 32?,84
What is 1636 plus 2636?,4272
What is 989 plus 132?,1121
What is 14055 plus 74126?,88181
What is 49297 plus 77852?,127149
What is 659 plus 210?,869
What is 39 plus 94?,133
What is 2449 plus 2285?,4734
What is 24919 plus 60931?,85850
What is 94716 plus 47027?,141743
What is 50 plus 39?,89
What is 3345 plus 8575?,11920
What is 6735 plus 8381?,15116
What is 2836 plus 4089?,6925
What is 485 plus 430?,915
What is 820 plus 794?,1614
What is 22048 plus 91964?,114012
What is 4066 plus 3359?,7425
What is 54 plus 31?,85
What is 7066 plus 4037?,11103
What is 853 plus 135?,988
What is 462 plus 642?,1104
What is 31124 plus 32064?,63188
What is 501 plus 197?,698
What is 345 plus 545?,890
What is 1350 plus 5089?,6439
What is 4372 plus 9061?,13433
What is 484 plus 225?,709
What is 6217 plus 4946?,11163
What is 940 plus 757?,1697
What is 84093 plus 26549?,110642
What is 597 plus 843?,1440
What is 51848 plus 79269?,131117
What is 67020 plus 90156?,157176
What is 90 plus 14?,104
What is 341 plus 656?,997
What is 9793 plus 7975?,17768
What is 27213 plus 63202?,90415
What is 78357 plus 35004?,113361
What is 9265 plus 9786?,19051
What is 2671 plus 9012?,11683
What is 96143 plus 69210?,165353
What is 10 plus 78?,88
What is 92 plus 59?,151
What is 11 plus 69?,80
What is 799 plus 247?,1046
What is 761 plus 741?,1502
What is 9733 plus 6767?,16500
What is 40712 plus 95308?,136020
What is 975 plus 184?,1159
What is 77350 plus 30182?,107532
What is 27 plus 31?,58
What is 57052 plus 82598?,139650
What is 39568 plus 41550?,81118
What is 835 plus 383?,1218
What is 27612 plus 95220?,122832
What is 71197 plus 66989?,138186
What is 25 plus 37?,62
What is 636 plus 885?,1521
What is 78 plus 65?,143
What is 63344 plus 83365?,146709
What is 40117 plus 87999?,128116
What is 89327 plus 87090?,176417
What is 127 plus 142?,269
What is 76008 plus 20751?,96759
What is 963 plus 346?,1309
What is 46 plus 74?,120
What is 4271 plus 7945?,12216
What is 95 plus 80?,175
What is 7087 plus 4413?,11500
What is 327 plus 591?,918
What is 7054 plus 5983?,13037
What is 56908 plus 59962?,116870
What is 715 plus 876?,1591
What is 18 plus 98?,116
What is 651 plus 843?,1494
What is 58030 plus 78615?,136645
What is 74 plus 41?,115
What is 47323 plus 86848?,134171
What is 529 plus 837?,1366
What is 91 plus 71?,162
What is 83316 plus 50866?,134182
What is 36 plus 39?,75
What is 75301 plus 50259?,125560
What is 45268 plus 75458?,120726
What is 61080 plus 78110?,139190
What is 85390 plus 40672?,126062
What is 87 plus 37?,124
What is 95 plus 57?,152
What is 50133 plus 56068?,106201
What is 4272 plus 1837?,6109
What is 13 plus 98?,111
What is 2173 plus 6171?,8344
What is 336 plus 538?,874
What is 41 plus 59?,100
What is 43 plus 41?,84
What is 327 plus 821?,1148
What is 44 plus 94?,138
What is 58 plus 76?,134
What is 26602 plus 79856?,106458
What is 9168 plus 7972?,17140
What is 35 plus 18?,53
What is 71 plus 71?,142
What is 3552 plus 3147?,6699
What is 59477 plus 74080?,133557
What is 69387 plus 14861?,84248
What is 82956 plus 56864?,139820
What is 40069 plus 60995?,101064
What is 89642 plus 46871?,136513
What is 34 plus 47?,81
What is 232 plus 290?,522
What is 11937 plus 24400?,36337
What is 8011 plus 7772?,15783
What is 35576 plus 69175?,104751
What is 14149 plus 76454?,90603
What is 8101 plus 2027?,10128
What is 9370 plus 4935?,14305
What is 6471 plus 9849?,16320
What is 2140 plus 6444?,8584
What is 450 plus 840?,1290
What is 17586 plus 34790?,52376
What is 41 plus 81?,122
What is 81157 plus 96085?,177242
What is 6114 plus 2099?,8213
What is 8029 plus 7250?,15279
What is 44 plus 93?,137
What is 77 plus 72?,149
What is 481 plus 825?,1306
What is 30 plus 87?,117
What is 217 plus 676?,893
What is 2755 plus 7976?,10731
What is 33 plus 42?,75
What is 76321 plus 59952?,136273
What is 53215 plus 87247?,140462
What is 396 plus 703?,1099
What is 36911 plus 94764?,131675
What is 53910 plus 41871?,95781
What is 40486 plus 69147?,109633
What is 57853 plus 39045?,96898
What is 85146 plus 62064?,147210
What is 13 plus 33?,46
What is 941 plus 459?,1400
What is 68 plus 18?,86
What is 75023 plus 61683?,136706
What is 6472 plus 9161?,15633
What is 52 plus 50?,102
What is 49 plus 40?,89
What is 2081 plus 5706?,7787
What is 996 plus 220?,1216
What is 35 plus 15?,50
What is 49 plus 81?,130
What is 14 plus 76?,90
What is 60714 plus 82517?,143231
What is 23 plus 94?,117
What is 2574 plus 7302?,9876
What is 363 plus 116?,479
What is 50 plus 46?,96
What is 84 plus 92?,176
What is 9336 plus 1431?,10767
What is 51898 plus 42963?,94861
What is 13210 plus 52520?,65730
What is 940 plus 675?,1615
What is 175 plus 348?,523
What is 903 plus 213?,1116
What is 60150 plus 71877?,132027
What is 389 plus 417?,806
What is 972 plus 946?,1918
What is 9628 plus 7879?,17507
What is 5937 plus 5808?,11745
What is 51696 plus 88277?,139973
What is 98 plus 39?,137
What is 212 plus 192?,404
What is 75 plus 33?,108
What is 419 plus 975?,1394
What is 759 plus 524?,1283
What is 15805 plus 26289?,42094
What is 266 plus 537?,803
What is 32 plus 41?,73
What is 59083 plus 22574?,81657
What is 38660 plus 43137?,81797
What is 47 plus 23?,70
What is 838 plus 395?,1233
What is 17617 plus 87742?,105359
What is 719 plus 602?,1321
What is 921 plus 498?,1419
What is 57 plus 82?,139
What is 68348 plus 15743?,84091
What is 82 plus 37?,119
What is 828 plus 651?,1479
What is 48661 plus 68035?,116696
What is 30761 plus 86918?,117679
What is 958 plus 168?,1126
What is 846 plus 147?,993
What is 68 plus 57?,125
What is 55575 plus 79088?,134663
What is 86279 plus 39211?,125490
What is 3586 plus 2738?,6324
What is 410 plus 984?,1394
What is 222 plus 629?,851
What is 79 plus 78?,157
What is 4059 plus 7260?,11319
What is 41 plus 87?,128
What is 360 plus 193?,553
What is 22 plus 13?,35
What is 491 plus 681?,1172
What is 770 plus 718?,1488
What is 9894 plus 1040?,10934
What is 71857 plus 51650?,123507
What is 17 plus 34?,51
What is 6930 plus 9643?,16573
What is 3214 plus 7958?,11172
What is 1827 plus 3039?,4866
What is 3750 plus 2434?,6184
What is 5997 plus 7023?,13020
What is 20631 plus 51946?,72577
What is 94264 plus 19766?,114030
What is 95932 plus 20690?,116622
What is 411 plus 484?,895
What is 2968 plus 9762?,12730
What is 64 plus 77?,141
What is 268 plus 277?,545
What is 14321 plus 25240?,39561
What is 9077 plus 3219?,12296
What is 338 plus 294?,632
What is 43425 plus 14834?,58259
What is 6626 plus 1489?,8115
What is 75268 plus 57736?,133004
What is 48 plus 68?,116
What is 22650 plus 20826?,43476
What is 81884 plus 36883?,118767
What is 16163 plus 49006?,65169
What is 6577 plus 8778?,15355
What is 1796 plus 5017?,6813
What is 88 plus 49?,137
What is 678 plus 649?,1327
What is 145 plus 574?,719
What is 993 plus 383?,1376
What is 51154 plus 40612?,91766
What is 49 plus 59?,108
What is 21 plus 48?,69
What is 4592 plus 1399?,5991
What is 6848 plus 8257?,15105
What is 21 plus 78?,99
What is 7242 plus 8322?,15564
What is 8727 plus 8786?,17513
What is 87 plus 94?,181
What is 9042 plus 6600?,15642
What is 87986 plus 45999?,133985
What is 83978 plus 69745?,153723
What is 991 plus 539?,1530
What is 36601 plus 23979?,60580
What is 9810 plus 8695?,18505
What is 23 plus 60?,83
What is 60 plus 43?,103
What is 8988 plus 3163?,12151
What is 36340 plus 76322?,112662
What is 549 plus 291?,840
What is 42523 plus 61133?,103656
What is 673 plus 103?,776
What is 6358 plus 5973?,12331
What is 65925 plus 40491?,106416
What is 55797 plus 94536?,150333
What is 12997 plus 81668?,94665
What is 38 plus 95?,133
What is 48 plus 13?,61
What is 70163 plus 69841?,140004
What is 56 plus 15?,71
What is 4513 plus 8668?,13181
What is 93780 plus 81198?,174978
What is 177 plus 312?,489
What is 59 plus 72?,131
What is 82605 plus 61429?,144034
What is 16 plus 45?,61
What is 75082 plus 40143?,115225
What is 63001 plus 16001?,79002
What is 402 plus 745?,1147
What is 392 plus 170?,562
What is 970 plus 105?,1075
What is 316 plus 701?,1017
What is 97 plus 15?,112
What is 90997 plus 47034?,138031
What is 990 plus 346?,1336
What is 8299 plus 7932?,16231
What is 67 plus 93?,160
What is 52203 plus 83508?,135711
What is 175 plus 856?,1031
What is 5518 plus 3203?,8721
What is 38504 plus 35560?,74064
What is 99 plus 90?,189
What is 22291 plus 54323?,76614
What is 73 plus 88?,161
What is 11 plus 46?,57
What is 16151 plus 97417?,113568
What is 73 plus 46?,119
What is 7164 plus 8156?,15320
What is 73437 plus 54127?,127564
What is 3902 plus 6175?,10077
What is 71 plus 48?,119
What is 30498 plus 66271?,96769
What is 4278 plus 3206?,7484
What is 1122 plus 2728?,3850
What is 532 plus 277?,809
